user,start_date,itemlv
01년생엠지퍼,2024-06-08,500
01세진,2022-10-04,1302
0apa,2022-07-18,91.67
0Rina0,2021-07-29,1358.33
0제일배마0,2020-11-04,1316.17
1212호옆집주민,2022-07-07,1460
12423243534,2022-02-27,1370
13시36분,2022-11-12,51.67
149141,2023-01-12,90.83
14세꿈나무모험가송현민,2022-10-19,1385
173mm,2021-04-16,1325
18살군필여고생,2021-03-07,915
1976년생,2023-08-02,1490
19세문춘복,2022-07-11,52.5
1버블인데용맹을어떻게줘,2022-08-12,1470
1에이스1,2023-12-21,1575
1인강자,2022-01-21,1302
2020ss,2020-09-14,915
203207,2022-01-07,1302
207203,2021-12-14,1370
2210,2023-02-03,1340
2228,2022-12-07,302
24시간훈제나루니바베큐,2021-10-26,966.67
27노트,2021-01-21,1340.83
2rainx,2023-01-18,1490
2번치유토템,2023-12-23,1533.33
2월엔딸기죠,2023-02-04,1340
302702,2022-11-11,1595
3llo,2020-09-11,915
3대핑덤,2021-04-24,990
3버블바들레,2023-08-01,108.33
3번째인파,2021-12-24,1302
442,2022-11-17,1587.5
49ers,2022-06-30,51.67
4계절모기,2021-05-16,1350.83
4악,2022-07-26,1490
4점짜리4람,2023-08-15,1610.83
5드아이,2023-06-23,302
5번홐홐이,2021-07-08,1415
68세박춘배의마지막불꽃,2023-07-19,1467.5
6월02,2023-06-02,1477.5
707메딕,2021-05-23,571
78세박길수의마지막펀치,2024-02-03,1513.33
7l애앵,2021-03-27,1355
7월19일생일,2023-07-20,1497.5
86레나아,2022-08-01,71.67
86세김춘배의최후의발악,2024-01-22,500
890507,2024-06-26,1601.67
8letscent,2022-03-28,302
90년생박홍규,2021-07-11,1430
96년생건슬링어,2021-11-09,1333.33
97세김복남의일격필살,2022-03-23,1340.83
9건,2021-01-28,1325
9월드콘,2023-09-18,1528.33
Absentia,2021-04-11,1370
ADCarry2B,2020-08-22,1308.5
ADMETUS,2022-06-11,1590
AeRiy,2023-10-06,1556.67
AGNES67,2024-03-02,1520
AhnJeJe,2024-07-13,1640
alado,2021-08-16,1415
amoisoo,2021-08-13,1415
AMORDT,2022-03-02,1325
anrghk,2021-10-04,1415
ArchBreaker,2023-12-21,1460
ArkMeteor,2021-08-15,1302
artmage,2021-09-23,1100
AshCornelian,2024-01-02,1553.33
Astz,2022-07-21,220.83
AvaLitia,2023-07-19,1490
BackShot,2023-10-19,1563.33
bambamw,2021-08-12,1302
basehead,2021-07-05,94.17
BIffrons,2021-07-09,1345
Bigdicuss,2021-07-15,1417.5
Big아가,2022-01-12,1370
BIOVITA,2023-07-26,1490
BladeMK,2021-12-23,1354.17
Bleed,2022-01-29,1587.5
Bluemold,2021-08-14,1394.17
borovoro,2021-10-18,1326.67
BTS손흥민황재연,2024-07-12,1640
BUBAB6,2021-03-21,61.67
Buckingham,2023-12-27,1640
BurstingBuds,2021-12-28,264.17
Byunharu,2024-02-10,185
By삐삐,2023-06-05,1525
By유니,2022-07-01,246.67
by한썰,2022-11-28,546.67
B오나,2022-07-14,1465
CALIFORNIA,2021-05-09,1351.67
cas7979,2021-07-10,1336.67
Cauneus,2023-06-22,51.67
CCCAK,2021-07-31,1302
CD겜,2023-05-02,1581.67
CD탑,2021-12-02,1445
ChizuCake,2021-12-23,1302
CHlCAGO,2022-07-16,1430
ciielGS,2022-12-22,1460
Clausia,2023-07-01,91.67
Claviola,2022-12-21,1472.5
CLipRT,2022-07-15,1465
CloudLo,2024-07-12,1630
CNU1,2020-08-22,1007.5
COCOM0M,2021-11-06,973.33
CoffeHouse,2021-11-09,1390
ColdplayMs,2021-03-30,1355
comnamu119,2021-08-16,1302
Cornplex,2021-03-14,1352.5
CreamARD,2023-01-23,1455
C부레,2023-12-21,1580
C브레,2023-12-23,1580
D00LY,2022-01-27,1430
Dalmadooo,2022-06-10,560
DarkCyrillic,2021-02-10,1365.83
DarkSSson,2023-12-20,1553.33
DDD,2021-08-11,1302
DDooRuDDooRu,2023-01-28,1447.5
De3o,2022-05-06,1530
Deform,2021-09-09,1420
Dempester,2021-05-12,534.17
DevHoly,2021-08-16,1340
digobick,2023-09-22,1455
Dr콜롬바스,2021-05-02,551.67
Ds창술,2021-05-09,1336.67
DulceViento,2023-01-19,1540
DuskStory,2022-07-15,1460
Ealize,2023-11-20,1546.67
EIEL,2020-08-22,955
EjanP,2022-01-12,1500.83
ENFJ소울이터,2023-07-20,1530
Ensliea,2023-12-23,1565
Entia,2021-08-06,1302
EnYool,2023-02-28,1340
EO25,2021-01-17,1340
EpilogueOPEN,2022-06-06,1415
EtherStrike,2021-08-05,1385
eunhye,2022-10-06,327.33
evenAnima,2023-07-19,1490
evien,2023-12-21,1528.33
F1verBD,2021-03-30,1335
Fantaru,2022-02-14,1370
Fe연,2022-05-22,600
FFEEFE,2022-04-13,1415
FIN9ER,2022-01-22,1531.67
FLY브레이커,2024-01-09,1520
FortRosalie,2023-09-17,1500
Gamaliel,2023-12-21,1540
gencanyon,2023-12-02,1503.33
GGG강룡신,2020-09-17,870
Gladiatrix,2023-12-21,1540
GLOVETY,2021-11-28,1370
GodklIller,2022-01-21,1370
Godori99,2022-02-13,1400
GoJoBEAR,2024-03-24,1460
goldtorn,2022-03-08,130
GreenTopaz,2022-01-26,1445
GrunerSee,2020-12-30,915
Guun,2020-09-03,400
Guyol,2020-08-29,915
Gwen,2023-12-20,1560
H2O는산소닷,2024-07-13,1640
Harbourarena,2022-10-10,560
HIBI디붕,2021-11-16,460
hoble,2023-12-23,1590
hofo6,2024-01-16,1510
Hot뜨거워,2020-08-22,910.83
HTPF,2022-07-19,1326.67
HunJi,2022-05-10,600
hwawol5,2023-01-19,1340
HYNN종이,2022-09-11,1409.17
HYNN피부,2022-09-20,1370
HyunSu,2021-08-15,1370
iam디트에오,2023-12-21,1477.5
Ice4mericano,2021-08-29,1440
Iezy,2023-07-19,1603.33
InMir,2021-12-28,1302
inochi,2022-01-30,1457.5
insung05,2022-05-01,1445
intothepray,2023-12-21,1580
Iovely,2020-08-28,1345
isnae,2022-08-28,1460
IVEIDeal,2023-11-20,1415
IVE아가,2022-10-01,960
I네스티I,2022-01-12,1500
I무원I,2020-12-28,605
I신녀I,2021-04-21,1340
J0TARO,2024-02-03,500
J2nan,2021-09-30,1415
JJKW,2021-03-04,1355
Jlyoon,2023-07-25,1493.33
KakALu,2023-12-25,1580
Kaladesh,2023-03-09,90
KHIKEEN,2021-03-18,1340
KHIKENN,2020-09-29,600
Kiddo,2023-12-21,1565
Kiets,2022-09-14,1370
KJGeun4,2023-12-24,1545
KoanSound,2022-05-12,576.67
Kradsla,2023-01-18,1500
Krovvvv,2023-06-30,1490
Kyla,2021-09-09,1340
K쿄이치,2021-04-21,1370
Laiskus,2022-01-26,1462.5
Lakelet,2021-07-12,1350
Laruv,2021-07-29,1100
Lastorder137,2022-07-19,1460
Lauvb,2022-01-22,1370
Lavandeflos,2023-01-31,1340
LecyKim,2024-07-15,1640
leehun,2021-09-16,1427.5
LenaSL,2023-01-18,1475
LePapillon,2021-02-13,917.5
Lepx,2022-11-28,1370
lIeleIl,2020-08-22,965
LightBlossom,2022-05-08,1417.5
LitStory,2024-07-13,1640
Losdina,2020-09-29,915
Lotto제1094회,2023-12-27,1475
Lpppy,2022-06-07,973.33
LSoulJ,2023-11-05,1531.67
Luantza,2023-07-02,500
Lucete,2022-04-26,1561.67
LucyDevil,2023-06-29,1490
LUNAR솔라,2021-09-30,1415
Lv1기린,2021-08-15,1340.83
lzasd12l,2021-07-28,1370
L다금,2020-08-22,910.83
l도플l,2021-07-09,1310
l라스트디트l,2023-07-28,1498.33
l스히l,2021-03-21,1310.83
l오늘부턴우리는l,2020-08-23,870
l찐막디트l,2023-09-13,1457.5
M0NU,2022-07-07,177.5
M1102,2022-03-13,1445
MagicDog,2021-05-13,1380
Mang령,2023-12-21,1541.67
Markmanship,2021-08-12,1302
Matsumotomei,2021-08-12,1317.83
Maxxie,2021-01-09,1325
Mayans,2022-02-11,1442.5
MC망치부인,2024-07-11,1630
MokokoLife,2022-06-20,1535.83
Muelboa,2023-04-24,1343.33
muyaahoo,2021-03-20,1390.83
NehShaddoll,2023-06-29,1490
Nerin,2021-09-07,1415
Neronia,2023-12-22,1531.67
NightcoreQ,2023-10-28,1620
NightcoreR,2022-07-07,1460
NightisHere,2021-02-05,960
night리퍼,2022-04-18,600
Nlnited,2022-03-24,1415
Nos,2023-12-20,1520
NO도발NO넬라,2020-08-22,977.5
nupee,2023-08-12,1511.67
oCanAo,2023-05-16,1391.67
ol0w0io,2021-07-09,275
ONflower,2021-10-04,1364.17
Oozi죤oO,2022-07-06,1482.5
ORatsO,2021-09-28,1447.5
OriPoni,2020-09-16,872.5
OrteE,2021-11-19,1435
ovio,2023-12-20,1520
O내가신이다O,2020-08-22,1325.83
Paeryes,2022-11-17,51.67
PAKA와꼴랑이,2023-07-19,1500
PAKA와얍얍,2022-07-06,1500
Paracelsus,2021-03-27,80
ParkH16,2023-09-14,1490
Pawn8,2024-02-16,1594.17
PEP77,2021-08-14,1367.5
PhryGiaXD,2021-09-08,960
PIayBoy,2023-07-05,1590.83
Potolo,2023-03-10,1582.5
Proteois,2021-07-14,1375
PSiesta,2021-09-04,1345.83
Pupilsize,2023-12-23,1563.33
PyCasso,2024-01-14,1620
P마루사마,2022-07-06,1490
Qunros,2021-08-06,142.5
R3lN,2020-12-03,1020
ranyrany,2021-09-23,302
REAPERBAD,2022-05-26,460
Redmare,2022-06-04,1573.33
Redtwo,2020-08-22,918.33
Regina1st,2023-01-25,1340
RelmArrowny,2022-01-13,1308.83
reonaldo,2021-01-30,1340
REPLEBK,2023-12-20,1566.67
REPLEJ,2020-11-23,915
REPLEV,2023-01-18,1520
Re어카,2023-12-21,1487.5
Re퍄,2023-09-28,1520
riimi,2021-03-26,1325
rlo하,2020-09-29,400
Rosebecca,2022-10-27,500
Rukls,2021-09-13,460
Rylana,2021-12-24,1370
S2워니미대S2,2021-03-02,1370
SAPJOKBOB,2023-12-22,1586.67
SARO,2021-12-26,130
Sa넬,2023-01-20,1490
SClane,2024-01-18,1610
Scythe고라니,2023-07-23,1415
Sean100,2023-01-19,1520
Seo파이터,2021-08-01,1387.5
seworrs,2021-11-30,1370
SharkGura,2021-08-16,1422.5
ShinyTopaz,2022-01-26,1445
Sinnese,2021-10-29,52.5
sionlemir,2021-07-22,1370
SJ블레이드,2021-04-24,184.33
SkyGraffiti,2021-12-21,1370
sk하이닉스양기,2021-04-23,1325
SMD135,2021-08-01,1415
Sokyl,2021-01-21,925
SorcerK,2021-08-13,1349.17
SOULV,2023-07-19,1415
SSOQL,2022-01-22,1370
Ssoty,2021-06-21,627.5
SSS급소울이터의귀환,2023-07-20,1490
SS무야호롤롤롤로SS,2021-09-12,1370
sS에이스퀸Ss,2021-01-04,1045
ST830,2021-10-10,62.5
St아가타,2023-12-22,1580
SundaySeoul,2020-08-23,1308
Sweetbox,2022-01-25,1325
Sweet나비,2021-03-06,1005
Szi존홀나xz2,2021-05-24,190
S쿄이치,2021-06-22,149.17
s효은z,2023-05-04,1460
Tacha,2020-09-25,400
TAD016,2023-01-06,1415
TAD020,2023-12-21,1571.67
taemin252,2021-10-18,556.67
TaesangE,2021-09-07,1302
TheAzureDiva,2021-12-23,1302
ThePeace,2023-07-05,1490
TIDY,2024-07-13,1640
Tini,2023-12-24,1526.67
Ti없OI맑은OrO1,2020-10-06,915
TOPKING0,2023-12-20,1566.67
torsemide,2023-11-12,1462.5
ToTBlack,2021-12-01,1445
Trirusy,2021-07-06,1325
TY,2021-07-03,61.67
UGROON,2024-07-14,1640
uo교머너,2020-09-02,900
urimi,2020-10-06,915
v2B,2021-03-07,1050
VAGOS,2022-02-11,1345.83
VALRHONA,2021-01-09,1325
Varuni,2022-03-19,1325
VAYRAN,2022-08-03,60.83
VVtz,2022-04-09,73.33
v탱탱함,2020-12-01,915
WAR붕이,2020-11-03,960
wdko,2021-08-31,1415
WERMUDA,2023-12-26,1520
Whee크아이,2022-07-20,1475
WillBeBliss,2020-12-22,915
WillBeQueen,2021-07-09,1370
Woooony,2023-02-06,105.83
woori브레끼,2023-12-20,1545
wosowo,2021-08-06,1357.5
XOXOXOXOXO,2024-05-23,1640
xx샴블,2022-04-17,51.67
xx지존스커xx,2021-03-21,1328.33
X민,2024-01-12,1640
x신은죽었다2,2021-11-07,1460
yarus,2021-04-23,185.83
Yattaaa2,2022-07-11,1452.5
YEJINN,2023-07-07,203.33
yeonibaby,2023-07-22,1513.33
yoonight,2022-09-23,90.83
yoonism,2022-07-07,1340
youngoist,2021-03-27,1050
YsVI,2022-08-02,1392.5
YuNoArrow,2022-01-27,1371.67
YuNoDrone,2023-07-05,1500
ZELNY,2021-08-23,1460
zeny48,2022-02-21,1325
ZeroToHer0,2020-10-02,1325
ZizonHeal,2021-03-19,1015
ZizonSitdown,2023-12-20,1580
zI존탱구,2021-09-27,93.33
zl존환등짱6,2023-12-21,1556.67
zl죤망치임건,2023-07-22,1500
z쿠우z4,2020-08-22,915.83
Z키키Z,2022-07-14,1460
가가드,2022-02-07,88.33
가경동달콤주먹,2022-04-19,302
가녀린오렌지,2023-12-23,1585
가닌아스,2020-10-31,960
가루야산책가자,2021-08-14,573.33
가르마카드긁기,2021-08-25,1408.33
가뿌요,2024-01-03,1568.33
가뿐한기분,2023-02-17,1385
가슴을울리는슬레이어,2023-01-25,1498.33
가시퍼,2023-11-15,725
가아으,2021-04-15,900
가양동개병,2023-07-24,1415
가언명제,2021-04-12,1340.83
가오리컴퍼니,2023-12-23,1480
가을안개솜털,2020-12-11,915
가을에는아이스아메리카노,2023-12-22,1582.5
가을향기숲,2024-07-11,1626.67
가지가지하는이서영,2022-12-22,122.5
가짜창질,2021-01-17,1325
각시딸,2023-12-20,1620
간단하게찍먹만해보려구해,2023-07-19,1520
간사한르나르,2022-01-13,1445
간지꿈,2022-01-06,1447.5
간지철망치,2022-01-21,1370
간코펀치,2023-12-26,1521.67
갈망소녀,2023-03-06,1340
갈증복치,2024-06-10,500
갈증이다시시작되혐,2023-12-21,1460
감귤팥빵,2023-07-21,1415
감기엔화e투벤,2021-07-15,1370
감동디트,2021-08-02,149.17
감딕씨,2022-01-29,1334.17
감몰랑,2021-03-06,1340
갑돌투어,2023-03-21,1601.67
갑질논란아이린,2023-07-20,1490
갓겜충사냥꾼,2023-06-30,1493.33
갓냥이상추,2024-06-20,1520
갓늅,2024-07-14,1640
갓련아,2023-01-19,1340
갓섬,2023-12-20,1550
갓성비,2023-12-21,1548.33
강계필,2024-07-13,1640
강남구강철이쑤시개,2021-05-02,61.67
강낭콩양갱,2021-10-03,1325
강냉아리13호,2023-01-19,1490
강딱밤,2023-12-22,1540
강력한호크아이,2021-04-06,634
강마린,2021-03-30,1370
강선랜드섹시바니걸알바,2022-11-12,1593.33
강숭늉,2023-11-07,500
강아지수달,2023-12-22,1460
강원기나강선이나똑같아,2020-09-30,550
강주강주야,2023-03-07,1460
강지응,2022-04-20,1377.5
강철총,2023-09-12,1470
강팅이요,2022-02-16,1417.5
강포길,2023-07-24,130
강해린악성개인팬,2024-03-04,1590
강해지고싶을땐닭가슴살,2023-01-21,1417.5
같은창이지만내창은쎄,2020-08-22,829.5
개강하는이창우,2021-08-22,1302
개고기소믈리에강형욱,2023-01-20,1340
개구리꽃밥,2022-01-21,360.83
개노답가족첫째아들홀붕이,2022-02-14,1540
개도장,2020-10-19,915
개들칫,2022-07-07,1447.5
개밥건슬,2024-07-11,1604.17
개불와사비,2023-04-19,1580.83
개뿔소서리스,2021-09-06,1370
개쨍쨍,2023-06-28,1415
개화EIIII,2023-02-14,1340
갤노트20,2020-08-23,960
갤럭시S21,2020-08-31,967.5
갤럭틱아이,2022-02-15,1370
걍중단하죠,2022-06-04,1520
거검,2022-01-06,1480
거무광,2024-01-11,1520
거절뺴고다가능합니다,2022-02-07,353.67
걱정말라고요,2023-07-20,1490
건구루미,2021-12-23,1351.67
건들면스킬안씀,2021-09-04,1422.5
건들면와구와구,2021-06-29,1325
건들면지옥행,2023-07-25,1490
건라잇,2021-01-28,915
건물사이에피어난모코코,2023-12-21,1590
건밸,2023-05-31,1560
건브릴,2022-01-31,141.67
건빵토끼,2021-01-27,955
건빵햄,2020-08-22,1015
건빵햄2,2020-10-08,1005
건슬궁당장토토의작은비행,2023-05-24,1580.83
건슬님열심히쏘시잖아,2023-09-23,1518.33
건슬링O7,2021-01-30,1343.33
건슬링어넘어려워,2021-01-28,915
건슬젤멋쟁이,2022-09-25,1400
건슬커요미,2021-01-30,1042.5
건입동뚜뚜,2022-03-10,1432.5
건츄꾸미,2021-08-31,1327.5
건캐스트,2023-02-02,1490
건태커,2022-03-15,1370
걸어다니는섬광에테르,2021-03-17,370
걸어서볼다이크까지,2023-03-26,1460
검새싹몬,2022-04-21,302
검은도아가,2022-01-12,90
검의소리4,2020-08-23,970
검정십자가2,2021-06-06,145
검정츄르,2022-03-15,1302
겁없는탕순이,2021-01-28,915
겉절이무침장인,2022-07-19,1361.67
게임을종료합니다W0x9,2020-10-18,962.5
겐노스케,2021-03-19,1408.33
겨쁘,2021-12-11,1415
겨울시작,2022-01-20,1370
겨울이내린날,2024-03-01,1520
겨울허그,2021-12-24,77.5
겨자소쓰,2021-10-06,586.67
격극,2021-12-23,1302
격투신동,2021-06-01,520
견문록,2023-12-26,1580
견살,2020-12-28,325
결세구,2022-01-26,1490
겸데런,2023-12-20,1475
겸이양식,2021-11-01,52.5
경기북부병무청,2021-02-12,61.67
경술국치,2021-08-26,57.5
경아얌,2022-05-13,1445
경현권,2024-01-17,1580
경호쿤,2020-09-09,1355.83
계란맛소녀,2024-07-12,1640
계란상하면계란안줄래요,2022-09-26,1040
계란식고문,2023-08-19,1500
계란안먹네,2022-12-24,1490
계란주는사람,2023-01-24,1490
계란줄겡,2022-12-22,1460
계룡대근무지원단,2024-01-07,500
고고학대마왕,2022-07-06,1352.5
고귀한밤,2023-12-23,1600
고급기마무사,2022-07-18,1460
고급물티슈,2021-08-27,1302
고급신상배럭,2021-01-30,970
고기굽는훈이,2023-01-20,1460
고기도껴주라,2022-07-23,191.67
고기물회밥,2021-06-07,607.5
고기잘써는여자,2022-02-09,1302
고대의마법서를주웠습니다,2021-08-11,91.83
고대의소서리스,2021-08-14,1430
고도리05,2022-11-21,1401.67
고독한냥이,2021-01-05,1326.67
고독한너의그곳,2021-01-29,1325
고독한방밀전사,2023-06-30,1510
고독한일상,2022-07-19,1460
고독해,2023-12-23,1600.83
고무고무JET바주카,2022-02-11,1508.33
고블중수,2023-01-25,1460
고빙owo,2022-05-30,600
고사리두부조림,2023-11-02,156.67
고소한감동란,2023-12-21,1540
고수버프,2021-07-24,1302
고스파,2021-07-15,1346.67
고신속인파이터,2022-07-12,1340
고야,2023-12-22,1590.83
고양이안키워요,2021-01-11,1327.5
고유08,2024-01-30,1472.5
고이양,2023-07-25,1415
고점박살,2023-12-22,1586.67
고정김,2022-11-16,1553.33
고츄바샤샥,2022-03-09,526.67
고치미루,2023-01-30,1340
고태의,2023-01-04,1477.5
곤고,2023-12-20,1515
곤뇽의힘,2024-07-14,1640
곤만,2024-02-16,635
곤잘레스김,2024-07-14,1640
곧미남버서커,2021-02-20,1350
곧휴가철인형님,2023-07-19,1490
골드D붕어,2020-08-22,992.5
골드벌이12,2021-07-15,1302
골드여포,2021-04-18,507.5
골드캐는다람쥐,2021-03-26,1319.17
골목길일방통행역주행빌런,2021-09-14,1302
골병씨,2023-12-20,1460
골팝,2021-03-07,1335
골프장갑,2023-01-21,1517.5
곰캐스커,2022-01-06,98.33
곰쾌,2024-03-30,1611.67
공길,2024-07-14,1640
공다해,2021-07-06,74.17
공덕동꿀주먹,2023-12-20,1580
공무투,2024-07-12,1640
공쓱5,2023-01-08,1340
공우경,2023-12-20,1460
공종,2022-02-08,1302
공주님말에는말대꾸하지마,2022-12-23,1422.5
공화가,2022-01-13,51.67
과구진종팔,2021-06-04,1005
과니과니과니과니당근당근,2022-10-30,1397.5
과속중,2023-10-26,1447.5
곽덕쳘,2022-12-31,1541.67
곽쥔주먹,2023-12-20,1563.33
광교산파우루,2021-01-08,955
광교산회장님,2022-02-15,1585
광기룩체스,2022-04-11,1370
광기에사로잡힌누님,2023-01-20,1427.5
광명블레OSH,2022-02-15,1302
광선건,2021-05-22,1356.67
광수양,2023-12-20,1545
광슈o,2022-01-21,460
광슈호크o,2022-02-22,1465
광안리칼잡이마원춘,2022-06-03,1480
광장동호랑이,2023-08-26,1587.5
광전사희동,2023-12-24,1580
광제온,2021-05-09,1325
광진구낫쟁이,2023-07-25,1510
괜찬아요어디다친데없어요,2020-12-25,875
교룡,2023-12-25,1583.33
교보문고눈팅범,2023-12-21,1603.33
교통범죄,2022-12-28,1600
구경하는역할,2021-07-09,53.33
구닷구,2023-02-10,1520
구대문파,2023-04-10,1540
구로동활쟁이,2021-05-15,61.67
구로팸,2021-05-16,437.5
구리낫,2023-07-20,1415
구리띠,2021-03-07,1050
구미동짱공사,2024-07-14,1640
구미호는아직도너를좋아해,2023-12-24,1510
구슬안먹으면딜버프X,2023-07-03,1496.67
구운크로플,2022-07-16,1340
구원의손길여섯,2023-12-23,1520
구이낭,2021-11-30,1447.5
구호자,2022-09-29,1565.83
국군대전병원,2021-03-21,915
국립중앙방구속,2023-01-19,1490
국물땡기는고운고춧가루,2023-01-12,1460
국물또없을줄알아,2023-07-20,1490
국소,2022-12-26,1462.5
국힙을제패한자민희진,2024-04-27,1600
군단장척추브레이커,2023-12-22,1553.33
군당,2023-12-21,1590
군필남바드,2021-05-06,1340
굴러댕김,2023-12-23,1558.33
굼쓰리터,2023-07-26,1500
궁께,2021-09-13,1415
궁뚱,2024-01-08,1545
궁상각치우,2020-10-16,1325
궁토,2021-12-23,1407.5
권묵,2023-12-20,1460
권사의길임,2023-12-22,1460
권신혀니,2024-07-12,1633.33
권왕곰도리,2023-12-26,1510
권왕날로먹냐,2023-12-22,1580
권왕러커,2024-07-14,1640
궝자,2023-02-04,95
귀닐름,2022-02-10,1302
귀여운29살,2022-12-28,51.67
귀여운햄세구,2022-01-21,1470
귀염뽀짝멍멍이,2021-09-05,1370
귀염뽀짝이잉,2023-07-02,160.83
귀염뽀짝큐티섹시바드,2022-02-02,1437.5
귀염뽀짝한,2022-01-23,1302
귀엽고깜찍하게죽는캐릭터,2023-07-19,1415
귀욤뽀작,2020-08-23,940.83
귀족게임사이퍼즈,2022-01-22,1550
귀찮아짜증나,2022-02-10,1420
규우으,2021-08-24,1302
규종팔,2023-12-25,1580
귤립,2023-07-31,1600
귤조준,2024-07-11,1636.67
그건왜바드세요,2023-03-08,70.83
그게어렵나,2023-01-18,1410
그게왜죽어,2021-07-21,1415
그게죽어,2023-01-22,1493.33
그냥내가바드함,2021-08-12,1370
그냥태리온,2022-02-02,960
그넘상,2022-07-06,1465
그녀도내맘을알카,2023-12-20,1558.33
그대마음에스며드는여우비,2022-07-07,88.33
그런감각,2021-04-23,550
그런브레이커아닙니다,2023-12-20,1580
그레이페리,2021-12-15,1370
그려도,2022-01-14,1302
그려두디,2022-01-21,1460
그린그린즈,2021-08-12,1302
그린스크린X,2022-01-15,1349.17
그린터치대리,2022-12-22,1460
그림그리는망나니,2022-01-12,1460
그말로는오직죽음뿐,2023-07-19,1490
그믐,2023-12-20,1622.5
그믐만월소울,2024-06-12,1580
그믐에뜬달,2023-07-31,1465
그앗파파,2022-01-25,1325
그웬의싹둑싹둑,2023-07-29,1500
그읏참,2021-04-18,900
그저바드니까,2021-12-09,1415
그치o,2021-02-27,920
그해여름시에나,2023-06-29,63.33
그해중수는,2023-10-16,1540
극달자,2024-05-12,1610.83
극딜특화주머니슬레,2023-08-05,1460
근라소니,2023-12-21,1520
근원접속,2022-05-29,1415
근효,2024-02-07,1608.33
글맥이,2022-01-31,1370
금강다루,2021-07-09,1377.5
금강불괴동휭녕,2023-09-23,1587.5
금강체,2023-12-23,1580
금권혁강빈선,2022-11-23,1580
금나아,2021-02-14,1437.5
금발캐릭터,2023-07-23,1415
금발태닝갸루소서눈나,2022-07-13,177.5
금발태닝제이스,2020-10-01,915
금빛선화,2023-12-20,1571.67
금사아,2022-07-11,114.17
금새록,2023-07-20,1500
금손쭌이,2020-09-29,1050
금아경,2024-04-09,1610
금옥경할머니의황천길주먹,2024-01-15,1580
금요일만할게요,2022-12-28,1399.17
금적EIIII,2022-01-25,1445
금쪽몽,2024-06-02,1355
금채머리,2021-12-31,1422.5
금테량,2022-07-24,1395
금힘찬,2022-12-29,1506.67
급할땐타대의힘,2023-07-21,1490
급해서유산의힘씀,2022-03-02,1447.5
긑강선,2023-01-04,1563.33
긔뉴창,2021-07-20,1445
기공끼상,2023-07-19,1415
기공사가인생인사람,2023-07-06,1480
기니우나,2023-12-22,1580
기다란성기삽니다,2022-03-21,302
기다려내가먼저맞을꺼야,2023-11-20,192.5
기다리고있었어요,2021-06-03,61.67
기둥이커,2023-12-20,1510
기만권,2021-03-21,1370
기묘츠,2021-05-01,150.83
기무세원,2024-06-15,1520
기믕서,2023-01-19,1566.67
기부니고기앞,2022-07-11,1460
기분좋은소울이터,2023-07-19,1490
기쁌,2021-01-21,1037.5
기사단뚱이,2021-06-24,526.67
기사콤,2024-07-12,1640
기상김,2022-07-06,1507.5
기상딸래미,2022-07-11,72.5
기상술사떡상기원,2022-01-30,1302
기상술사혜정,2022-07-19,1490
기상융s,2022-08-23,57.5
기상이돈돈,2022-09-29,600
기상이랑우산쓸래,2022-07-18,1500
기상입니까,2022-07-06,1460
기상주의보발효,2022-07-12,1492.5
기상청을싫어하는청해아가,2022-07-07,1415
기상카블,2023-10-12,1608.33
기상캐스더콩,2023-06-28,1467.5
기상캐스터로리잔나,2024-01-25,1546.67
기상캐스터제이,2024-07-14,1640
기상캐스터코비,2022-07-07,1487.5
기상했더니주말순삭된코코,2022-11-13,1460
기에나의바다,2023-11-22,1613.33
기여워요,2022-01-26,1415
기요욧,2020-09-15,960
기쪄쪄먹는만두,2021-01-05,915
기쮸쮸였던,2022-08-03,1592.5
기차타고전국일주,2023-09-20,1422.5
기혜정,2021-08-27,51.67
기휘바,2021-10-15,960
긴급자동차란다,2021-07-09,1392.5
긴활,2023-12-25,1460
길로띤,2023-01-18,1490
길빵충척살대원1,2021-03-29,1005
길에서빵먹기,2023-12-20,1601.67
길잃은승객,2023-11-06,1460
길지은,2023-01-19,1415
김가불슨상님,2021-03-21,960
김건영,2023-12-20,1460
김김바바다,2022-06-14,600
김날듬,2021-08-12,1374.17
김넬라씨,2022-07-15,1445
김뉴랑,2020-08-22,985
김대균,2021-08-12,1370
김도원,2023-12-20,1460
김독비,2022-01-08,1302
김따푼,2022-10-23,51.67
김무적,2024-06-04,1520
김백율,2023-12-22,1540
김버찌6,2023-12-20,1510
김볼,2022-11-11,460
김봉티,2022-09-19,1585
김뿌앙,2021-01-03,1325
김선비와이몽룡해장국드실,2022-08-21,1050
김선인,2023-09-21,1490
김소,2020-09-01,975
김솔타,2021-05-29,677
김씩크,2023-01-21,1544.17
김오름,2023-12-20,1580
김욱희,2022-07-09,1465
김으닛,2021-04-17,1340
김츤츤,2024-07-13,1630
김코뭉,2022-09-25,1375.83
김하해,2021-12-23,94.17
깊은낮잠,2021-05-28,915
깊은산속옹달새,2023-11-16,1460
까꿍보라,2020-10-07,930
까년,2021-02-01,1340
까리하장,2022-02-19,1302
까만나비별,2022-12-10,299.67
까만도아가,2022-09-30,1540
까망문어,2022-05-05,1563.33
까망베르티버,2023-12-21,1580
까망은몽몽이,2024-07-13,1640
까먹는까마귀,2023-12-22,1472.5
까삐까,2022-12-21,1445
까칠은우,2022-01-25,1560
까쿠바드,2022-07-07,1415
까쿠브레이커,2023-12-21,1587.5
깜디는까매서깜디,2022-09-17,1415
깜르소나,2020-10-03,915
깜빵,2023-07-03,1627.5
깜앙치킨,2022-06-24,503.33
깜찍한핑크공주,2022-07-11,1548.33
깡춘,2023-12-21,1568.33
깡통로봇김나노,2021-10-26,1415
깨끗한눈빛,2022-04-12,1345
깨오빠,2024-04-20,50.83
깽깽이발로갈까요v,2022-12-31,127.5
꼬깃,2023-05-12,1560
꼬꼬마쯔미,2021-07-16,1415
꼬꼬마초코,2024-01-08,1583.33
꼬꼬마타짜,2022-07-25,1445
꼬꼬뺙뺙낫,2023-07-19,1415
꼬마나이안2,2021-07-12,1361.67
꼬마눈꽃,2022-07-09,1480
꼬마똔가스,2022-03-15,1302
꼬마로세,2022-07-08,1490
꼬마마도학자,2022-07-11,1340
꼬마버스트요,2023-06-07,302
꼬마별아,2022-11-24,70
꼬마사장님,2021-01-02,930
꼬마섬동,2022-08-10,1415
꼬몽부쓰,2022-09-18,1417.5
꼬양잉닝당,2022-01-27,1370.83
꼭내가먼저죽으면깨더라,2021-03-27,1341.67
꽁무니모닥힐,2021-07-20,1302
꽁쁨,2023-10-14,1563.33
꽁지담,2022-01-15,1336.67
꽃깨루,2023-11-03,1620
꽃눈결,2023-07-20,1504.17
꽃댕이,2024-01-25,1528.33
꽃쑨힝,2024-07-12,1620
꽃아띠,2021-09-04,1415
꽃알퀸냥,2021-12-15,1370
꽃애긔,2020-08-23,1007.5
꽃추브레이커,2023-12-20,1580
꽃화초,2023-04-25,101.67
꽝돌뱅이,2023-12-23,1580
꾸왁숨,2023-09-28,1415
꾸왓,2022-06-27,1420
꾹꾹이하는뮤리,2021-08-31,190.83
꿀굴,2023-12-23,1580
꿀라크,2022-08-21,1340
꿀모찌o,2021-08-13,1302
꿀밍소울,2023-07-30,1477.5
꿀밤마왕,2023-12-21,1580
꿀뿌,2020-10-18,915
꿀성대인파,2022-07-24,1467.5
꿀아갓,2023-07-07,1490
꿀이뜹,2023-05-27,1462.5
꿀잠흑곰,2023-12-21,1540
꿈꾸는여왕,2021-10-21,1370
꿍두니,2020-08-23,915
꿍모리소울,2023-07-20,1442.5
꿍봄,2023-10-04,960
뀨름6,2024-04-22,1520
뀨링랜드,2022-06-09,51.67
뀨백구,2020-11-12,927.5
끄도화,2022-01-18,1462.5
끄억냥,2023-12-21,1540
끈으로하는건뭐든지잘해,2022-09-21,1415
끌연,2020-08-23,960
끓어오르는히트불타는하트,2021-02-20,1330.83
끝나고아덴모아요,2023-01-20,1445
끝나고카드주워요,2022-02-10,560
끼루바드,2021-10-08,960
끼룩등골브레이커썬웅,2023-12-21,1541.67
끼먜누,2022-02-14,1325
끼묘누,2021-10-23,460
낀브,2023-12-21,1541.67
낌다요,2021-03-15,1341.67
낑쌤,2023-01-24,1344.17
나강선인데개추눌렀다,2023-12-21,1610.83
나계순,2022-07-16,1511.67
나김콩,2022-12-02,98.33
나나바흰,2021-12-26,1445
나네트,2024-05-10,1604.17
나노붕,2023-06-17,302
나눈기상술사,2022-07-07,1422.5
나는고먐미로소이다,2021-08-20,150.83
나는늦은새벽,2022-01-23,1325.83
나는블래스터고수가될꺼야,2024-07-14,1640
나는야로니콜먼다리,2023-11-27,184.17
나는야인이되겟어,2021-09-11,249.17
나는팍스로소이다,2023-09-15,1540
나늬여름,2023-06-29,1490
나도귀여운거안다냥,2024-01-26,1550
나도날먹할란다,2021-09-24,960
나도데헌시켜줘,2021-11-15,460
나랑드e,2021-08-17,1415
나롱이도화가나,2022-01-26,1370
나루한밥통,2021-08-29,380
나르세르크,2021-06-16,1472.5
나르이엘,2021-04-20,1415
나른하죠,2022-01-21,1477.5
나른한벚꽃냥이,2022-01-08,1415
나만운이없네,2021-03-10,1333.33
나무에꽃하나,2022-07-11,1505.83
나무타,2021-12-30,1440
나민트초코를좋아함,2022-12-24,254.17
나비국밥,2023-01-19,1490
나비족펀치,2022-04-26,513.33
나쁜왕자님,2023-12-24,1510
나생문인파,2023-12-21,1558.33
나에게슬레는살인이다,2023-01-18,1493.33
나우해피,2023-12-28,1581.67
나의두번째홀리나이트,2022-12-24,152.5
나의피스톨은멈추지않는다,2023-12-21,1487.5
나의홀리데이,2023-02-11,340.67
나조링,2023-05-02,302
나천축,2021-09-21,1502.5
나크꾹,2023-06-08,302
나푸린아니다,2020-11-12,915
나한주인디,2022-10-02,1509.17
나히루다,2022-12-22,1457.5
낙엽지던그길,2023-12-20,1465
난그랬어,2024-03-05,1531.67
난도나,2022-03-15,1302
난말로안해뿌려죽여,2022-01-13,1420
난못봤슈,2022-07-29,1445
난밤새잠못들고,2022-01-21,1362.5
난봉꾼타로,2022-08-07,122.5
난소서리스,2021-08-12,1345
난소술사,2021-08-11,1370
난죽어도한놈만패,2023-12-21,1580
난찌니,2020-08-22,962.5
난파박홍규,2023-12-26,1520
날개666,2020-08-23,1343.33
날꺼냥,2022-01-24,1356.67
날라댕기는것이여,2023-08-08,1395
날먹련,2022-01-29,1546.67
날먹빌,2021-04-22,1050
날슬,2022-12-21,1490
날쌘전사용우,2023-07-21,1422.5
날씨의감정,2022-07-09,1460
날씨이슬비,2022-07-27,1477.5
날씨좋나용,2022-07-11,1480
날씨품조아요,2022-07-07,1340
날아라G죤투,2022-12-23,1460
날지히,2022-07-07,55
남겨진바람의도아가,2022-01-15,1420
남궁뽁치,2023-12-20,1553.33
남기석,2024-01-13,1585
남남수수학학원원장남남수,2024-04-12,1610
남법사는언제쯤나오려나,2022-07-08,1470
남브금술사,2021-10-17,1445
남산매콤왕돈까스주먹,2023-12-25,1555
남의얼굴흩뿌리기먹칠전문,2023-07-24,1415
남탓하는디트,2021-11-06,1312
낫갱이,2023-07-20,1542.5
낫길,2024-07-11,1630
낫끝에서풍겨오는피냄새,2023-12-20,1553.33
낫나낫나나낫나나나낫나나,2023-07-22,1415
낫냥,2023-12-20,1600
낫놓고기역자도모른낫,2023-07-19,1415
낫놓고밀자도모른다,2023-07-25,1415
낫더문,2023-07-19,1540
낫들고가만히못있는사람,2023-07-19,1490
낫들고기역자도몰라여,2023-07-21,1510
낫뜬,2023-07-21,1508.33
낫띵이즈배럭,2023-07-25,1490
낫뱅수,2023-12-27,1550
낫베이,2023-07-23,1506.67
낫뽐,2023-11-22,1415
낫슈가제로,2023-07-19,1415
낫이무기인속성,2023-07-24,1515
낫휘,2023-07-19,1500
낫휘두르는도라지,2023-07-20,1490
낭낭연두부,2020-10-02,915
낭만가잼드거너,2022-09-15,75.83
낭만감동근성기적,2021-09-12,1310
낭만같은직업,2022-07-28,1340
낭만닥터홀사범,2022-10-01,1601.67
낭만반장,2022-02-13,1420
낭만사랑,2021-12-26,1344.17
낭만슬레호랑,2023-07-03,1508.33
낭만이뭔데,2022-07-08,1417.5
낭만이철철,2023-12-28,1602.5
낭만쪼꼬,2022-01-23,1457.5
낭만페신,2021-12-26,1403.33
낰하,2023-11-15,1611.67
낳이아니라낫이라고,2023-07-25,1415
내가거기까진생각안해봤어,2021-08-29,1430
내가그대들의방패라네ss,2020-08-23,1302
내가그린기린상드,2022-01-12,1455
내게한번만더별을따다가줘,2023-01-18,1490
내고삐,2023-06-08,600
내고향토트리치,2021-10-01,384
내구슬토끼똥,2024-03-07,1558.33
내다버린닭강정,2021-03-14,1350
내대검은남들과다르시,2023-01-19,1490
내딜무시하니,2021-11-05,1460
내딸은아이유,2024-07-10,1626.67
내라면받침성전,2021-09-22,1362.5
내려다본다라이나를,2024-03-01,1518.33
내려달라못해서종점까지감,2024-07-13,1640
내려찍는붓,2023-12-21,1580
내리힐,2022-02-04,1445
내멋대로내맘대로,2022-01-03,1415
내모창,2022-07-06,1465
내방패는쿠쿠다스,2022-04-05,1410.83
내버닭,2021-03-14,1336.67
내뷰,2021-12-23,1370
내성격까먹었나보넹,2023-12-20,1460
내심장을뛰게하는건너야,2022-12-28,1510
내앞에미쯔,2024-07-13,1520
내연녀의내공연소,2021-09-27,1370
내연팡,2022-07-06,1407.5
내오른손엔흑염룡이살아,2022-10-21,420
내우산좀맞아주라,2022-07-06,72.5
내위치봐,2023-11-18,1457.5
내일도집에서논다,2022-01-26,1302
내일만하는배마,2022-05-07,1370
내일쉬어요,2024-02-22,1520
내주먹은하늘을뚫을주먹임,2023-12-21,1540
내질풍엔낭만이있다,2022-09-01,1415
내총땅야땅야,2020-12-10,1379.17
내템포따라와요,2021-03-21,1325
낼쪽이,2024-03-25,1573.33
냄저,2021-08-17,1519.17
냄찍홀나,2021-09-15,1386.67
냉공사,2020-09-20,940
냉동참치튀김,2022-12-26,1503.33
냉정한잔상공격,2023-06-29,1490
냠냠채린,2021-12-23,1475
냠토토,2023-11-10,1594.17
냥군의도아가,2022-01-22,1445
냥난이,2021-03-19,925
냥냥꾸리,2023-12-25,1580
냥냥둥이,2023-12-20,1460
냥냥먕양펀치,2021-02-19,1325
냥냥모까,2024-03-22,1560
냥냥이꼬리,2022-01-29,1325
냥냥이는커엽다,2022-07-14,1465
냥냥이커엽다,2021-03-25,65.83
냥냥칼질아리,2024-07-11,1630
냥냥코르,2023-12-28,1582.5
냥냥펀치띠버,2021-04-05,1355
냥모냐이트,2021-01-30,1037.5
냥바타알카,2022-12-31,215.83
냥뿅뺭뿅,2023-07-27,1506.67
냥일냥,2021-01-01,1012.5
냥젤리l홀나,2023-10-22,1513.33
냥쥐팥쥐,2023-08-20,1415
냥퍄쑤,2022-07-14,1380
너는장기백의희망이야,2022-06-08,1526.67
너라는,2023-12-22,1584.17
너라서좋았어,2024-05-29,1600
너만살리는작은바드,2021-08-13,1415
너만의휠체어,2022-06-18,576.67
너무나귀여운나,2023-12-23,1580
너무맛있엉,2023-01-23,1416.67
너임마청년이지,2023-01-18,1490
너작담,2022-08-07,460
너프시간,2022-04-11,1540
너화가,2023-07-04,1496.67
넌그럴수없다고생각해,2022-07-07,76.67
넌나만의블루,2024-07-14,1630
넌나의우산,2023-07-26,1587.5
널기억할게,2023-12-28,1561.67
널슈멧,2021-07-21,1370
넘버쓰리홀나,2023-01-19,1340
넘버투홀나,2022-12-25,1490
넙홀,2021-08-28,1306
넛맨,2021-05-02,1315
네가보고싶은하늘,2024-02-10,1525
네로시엔,2024-07-11,1640
네번만맛봐본다,2021-05-13,534.17
네번째워붕,2023-07-07,1550
네코공주,2022-02-18,1370
넬라는사드세요제발,2023-11-03,1415
넬라배운홀나,2021-07-05,61.67
넬라정화일까아닐까맞춰봐,2021-01-25,61.67
넬라품조아요,2022-04-04,1521.67
넬슨강유역,2023-07-08,1490
녕구얍,2021-10-30,1415
녜민하네,2021-07-16,1325
노랑노랑샵,2022-01-25,1415
노래듣고싶으세요,2023-04-12,302
노래를불러봐요,2021-09-18,1302
노모공,2023-08-02,1610
노바배럭2,2021-02-22,1370
노바배럭4,2021-03-18,920
노브랜드푸앵카레,2021-09-09,184.17
노소양,2023-07-21,1505
노예소환장인,2021-09-10,259.17
노원구섹시남,2022-03-28,1415
노윤재의하입보이,2023-11-06,1580
노채팅노핑예스예민,2023-01-18,1460
노키아,2021-04-05,345
녹방중,2022-01-12,1500.83
녹색은좋아,2022-04-09,1050
녹차소프트콘,2023-07-19,1455
녹차퐁듀,2023-07-09,1415
농사이야기,2023-07-22,1490
농사짓는아이,2023-07-22,1543.33
뇌구기,2023-12-24,1465
뇌절온스카,2021-08-10,1417.5
뇨추,2021-07-18,1360
뇸뇸맛잇어,2021-08-21,1415
뇽님의이름으로,2021-01-02,1045
누가내머리에응가싸써,2023-12-21,1543.33
누가버서커시켰냐,2020-08-23,915
누가봐도배럭이다,2022-04-02,340
누가워로드또시켰냐,2022-06-30,302
누구보다빠른퇴근,2021-08-30,214.17
누나쏠게,2021-10-02,1415
누누슬레,2023-01-19,1462.5
눈꽃가열로,2023-01-18,1467.5
눈꽃쿵쾅,2023-01-21,1340
눈꽃파스타,2022-01-13,1452.5
눈나나죽어진짜,2021-03-14,161
눈또히,2024-01-16,1460
눌러버린,2022-01-29,1325
눕클장인김뇸뇸,2021-05-15,975
뉴S뉴,2023-01-19,1460
뉴부부붕붕붕,2022-03-18,1327.5
뉴비카,2023-06-29,1503.33
뉴비히어로,2023-12-24,1531.67
뉴클리어맛절구,2022-07-06,1340
늅슬,2023-01-18,1490
늉윱,2021-12-25,115.83
느멩,2022-01-16,1460
느엉F,2023-01-18,1460
는새,2022-02-08,1502.5
는슈샤이어,2021-06-30,54.17
늘빛시안,2023-08-25,1505
늘하입니다,2023-12-26,1520
늣장,2020-08-22,890
능능,2023-01-15,1523.33
늬여,2020-08-23,908.33
늬잉기리ST,2023-11-14,1595
니나브교수님,2022-03-24,960
니나브는이쁘다,2022-06-20,1496.67
니나브와함께하는특별한밤,2021-10-02,600
니나브의불순한손놀림,2022-07-07,1455
니나브커나브,2023-12-24,1580
니나실딱,2021-03-21,1050
니똥병아리똥,2022-09-20,340
니로5,2020-08-22,934.17
니르펠하임,2024-07-13,1640
니머리에먹칠,2022-01-24,1415
니머리에흑채,2022-12-21,1427.5
니모35,2021-01-30,1050
니벗,2022-12-22,1340
니아노,2021-03-19,900
니아도화가랍니다,2024-07-13,1640
닉네임생각하는것도사치,2023-12-22,1568.33
닉네임아크2,2022-07-20,60.83
닉네임이길면읽기힘들겠지,2023-12-18,1490
닉생성랜덤기원,2021-12-23,1445
닉할거없는데추천점요,2022-01-22,1370
닌짜,2022-07-20,1415
닐타아,2021-07-12,1302
닚킶탒붒얎놊픖,2024-04-29,500
닛키쟝,2022-01-26,1302.83
다겜곰,2022-03-06,1310
다랑어먹고싶어요,2022-12-21,1520
다벗,2022-02-02,1445
다브루치즈바가,2022-12-04,1550
다비오,2024-01-28,1520
다섯번째명왕결,2021-08-23,1329.17
다시시작하는기상술사,2022-07-06,1340
다시시작하는도화가,2022-01-21,1302
다용도붕대,2024-07-12,1640
다유탓,2024-07-13,1636.67
다음은워로드,2023-02-09,1455
다음주캐릭,2024-01-07,1540
다정히내이름을부르먼,2021-11-21,1370
다찔러죽일게2,2021-06-11,1310
다코타연아,2021-07-09,51.67
다크솔마스터,2023-09-23,1417.5
다키텐,2022-08-28,1414.17
다하루건슬,2021-01-30,1050
닥불곤듀,2023-07-15,1490
닥터와이,2021-07-12,51.67
단가란,2023-03-27,1465
단검송송,2024-01-21,1610.83
단단한빡빡이루디,2021-01-21,1351.67
단미로,2023-08-06,1482.5
단백질미녀S,2021-08-12,1349.17
단비가부슬부슬레이어,2023-01-25,1340
단성이,2022-03-08,1541.67
단아솜,2024-06-07,1620
단채령,2024-07-02,1580
단풍무,2024-01-01,1465
달걀안줘,2023-08-19,1415
달고나춘식,2023-01-18,1370
달나라도우,2022-02-10,1385
달달한구원,2021-09-21,1430
달리달리니,2022-07-01,302
달면삼키고쓰면뱉음,2022-07-20,1462.5
달밤눈,2024-04-24,1633.5
달밤의건슬링어,2021-03-14,64.17
달블라,2020-12-28,915
달빗님,2020-10-01,915
달빛물든검,2023-01-18,1375
달빛풍선,2022-07-19,1508.33
달뽀분신,2021-05-03,372.5
달쁑,2021-02-27,1325
달실린,2020-10-10,960
달에서온수호자,2023-12-23,1024.17
달을겨누다,2021-04-12,229.17
달의기로,2023-12-24,1566.67
달의샤리네,2021-03-10,1475
달쿨꿀줌,2023-08-15,73.33
닭DDI,2021-11-16,1370
닭나라형,2022-02-13,1304.17
닭발퀸,2021-10-17,1345
담장옆에국화꽃,2021-09-23,1348.33
담화소울,2023-07-19,1501.67
당근낙지,2021-09-01,114.17
당근슈가,2021-08-12,1370
당근자식,2023-12-21,1460
당근키위케익,2023-11-26,1100
당근형님,2021-03-27,1037.5
당넹영체권위자,2022-05-06,1566.67
당신겜겜봐하시지,2023-02-18,1343.33
당채원,2023-01-18,1490
당콩,2023-12-20,1460
닻똥이,2021-08-15,1355
대검대검쿵,2023-12-21,1580
대검든푸우,2020-10-03,915
대검속에흙염소,2023-10-17,663.33
대검쓰는요로드,2022-02-20,302
대검쓰는육덕누나,2023-01-19,1490
대검으로슝슝슝,2023-09-14,1550
대검이나보다더큰거같은데,2023-01-19,1505
대구삼송빵집보약옥수수빵,2023-12-21,1520
대니퍼,2021-07-13,1340
대동보석,2021-08-07,1417.5
대따큰대검,2021-08-29,1325
대머리가말대꾸도하네,2023-12-20,1475
대머시아,2021-07-09,1302
대미녀핑뚝,2023-01-21,1490
대암산군,2023-12-20,1580
대야동쇠주먹,2023-03-13,1370
대윾진,2024-02-24,1460
대의바시,2022-09-26,302
대장장이룩체스,2022-12-28,1415
대전의딸박잔디,2020-09-22,1022.5
대천사김도화,2024-07-14,1640
대출은역시노바론,2022-09-25,1580.83
대충이쁘고개쌤,2023-01-18,1417.5
대충햄,2023-12-24,1580
대파양파내머리카락갓파,2021-08-13,1305.5
대포동다훈,2023-11-20,1415
대포쏘는앤디,2022-12-23,1470
대학생아가,2023-09-12,193.33
대한건아,2023-12-20,1460
대해치,2023-08-04,1485
댄디나이트,2021-07-12,1302
댕귤댕귤,2023-12-31,1460
댕냥욤,2023-03-16,86.67
댕댕댕댕멍멍,2020-09-12,915
댕댕순보,2023-08-27,82.5
댕도화,2022-01-12,1302
댕멍충이,2022-07-10,1415
덍낫,2023-07-19,1490
더비오,2024-01-29,1520
더예뿐,2022-01-24,1302
더이상은못참는다,2022-12-13,302
더힐,2021-08-12,1370
덕빵의유산,2021-07-24,1460
덕수할배,2023-12-27,192.5
덕신초,2023-12-26,1560
던질수있어,2021-07-12,1370.83
덜단홍시,2021-04-02,1325
덜드릴게요,2020-08-23,901.67
덩0I,2024-01-11,1520
데런떠상,2023-06-28,1477.5
데런혐오멈춰,2021-04-17,400
데이비드매직카트리지,2022-08-12,115.83
데이슬레,2023-01-18,1340
데카의향기,2020-08-22,945
데크핏,2022-10-01,503.33
데햏햏,2024-01-07,1460
데헌무침,2023-01-22,1340
데헌주세이,2023-11-18,1340
덴드코,2022-01-14,1325
델리만쥬를사랑한유미,2020-08-22,935.83
델피소,2023-07-19,1500
뎀딜이터,2023-07-20,1515
뎁뭉,2024-01-15,1460
도강석,2023-12-21,1583.33
도견이짱,2022-11-18,460
도구외길인생,2021-08-15,900
도구하는야식,2023-03-29,1610
도나현,2022-01-23,1460
도내최고S급미소년,2022-09-25,1340
도내최상위쿨뷰티슬레이어,2023-01-18,1490
도다리요,2020-10-16,1325
도닥도닥호다다닥,2022-01-27,71.67
도도한괭이씨,2022-01-25,1397.5
도라에몽의데나무핸리콥터,2023-09-30,1602.5
도례미파솔,2023-04-19,1381.67
도로또2,2020-12-30,980
도로카나,2023-12-23,1550
도르네즈,2020-09-17,1000
도메라니안,2023-10-12,1558.33
도발각,2021-01-06,980
도발센세,2022-11-02,346.67
도방망,2022-01-25,1302
도봉구김바드,2022-07-08,1467.5
도봉산브레이커,2023-12-20,1460
도산힐선생,2021-01-11,1341.67
도설백,2022-09-02,1427.5
도설비,2022-01-08,72.5
도소을,2022-02-21,1440
도심매니아,2022-07-06,1340
도아89,2023-12-20,1580
도아가는응애응애,2023-06-08,1523.33
도아가는잘시간이야,2022-01-24,1445
도아가뚱이,2022-01-25,1445
도아가매니아,2022-01-23,1445
도아선배,2022-01-13,1445
도아쮸,2022-01-13,1460
도아쾅,2022-02-01,130
도아통통,2023-08-25,1605.83
도연화0,2022-07-03,1307.17
도와가구슬도둑,2022-07-10,89.17
도은양,2022-05-26,1500.83
도쳄,2022-01-28,1415
도컁,2022-02-02,1305.83
도태다노,2023-07-31,1506.67
도태한녀,2022-09-28,460
도토리마을고시원408호,2023-06-28,1442.5
도토리쌀,2021-01-07,1050
도토리욤,2021-01-02,1037.5
도톨냥냥,2021-10-06,600
도파민최대로,2024-01-20,1510
도포니,2023-12-20,1580
도핡아,2022-01-12,1487.5
도화가내아를나아도,2023-10-16,1415
도화가박보영,2022-01-12,1472.5
도화가보다좋음,2021-12-27,1370
도화가영비,2022-03-05,1343.33
도화가의기묘한격정,2022-01-16,1447.5
도화가치코,2022-01-12,1325
도화가케인,2023-01-04,1465
도화가파더,2022-01-22,1460
도화가할꼬얌,2022-01-21,1445
도화니모,2022-01-22,1460
도화아거,2022-09-28,1528.33
도화우엉,2022-01-12,1475
도화윈드라이더,2024-01-22,1560
도화혜연,2022-01-15,1415
도희담,2022-01-23,1505
도히려,2021-04-23,1350.83
돈까스요정,2020-11-10,505
돈나롬마,2022-01-29,1308.5
돈내놔도화가,2022-07-17,1460
돈단,2021-01-31,980
돌너,2021-09-21,1415
돌아온여포,2021-07-09,400
돌월,2023-12-23,1460
돔케,2022-01-02,71.67
동글먹물방울,2023-12-21,1540
동내별팔라딘,2023-12-23,1520
동네미친여자,2023-12-20,1540
동대문엽기떡뽀끼,2022-12-22,1390
동도래곤,2024-05-14,1611.67
동물원에서버는돈은주머니,2023-08-20,1415
동물인형탈알바,2024-07-12,1640
동서남북,2021-03-04,321.67
동심,2021-08-02,1482.5
동양고전미술,2024-07-13,1610
동탄명사수,2023-09-15,1445
동토의푸른바람,2022-08-31,1302
동헤라데,2023-12-23,1520
돼애지,2024-01-12,1520
됴띠,2020-08-31,550
됴아밍,2024-07-11,1630
됴확아,2022-01-12,1477.5
두개골분쇄의주먹,2023-12-22,1548.33
두그이,2023-07-03,1505
두나두나둠둠,2023-08-04,55
두니영,2022-02-02,1302
두덕,2021-03-14,1467.5
두덩과,2023-04-14,1581.67
두두타,2021-09-25,57.5
두루미같은정력,2022-09-09,1386.67
두리번두리번주섬주섬,2023-12-20,1556.67
두리안스테이크,2021-08-13,1302
두리안존맛,2021-04-12,133.33
두부킹마스터,2021-08-27,960
두부파괴펀치,2023-12-20,1580
두빛쓰,2023-07-19,1496.67
두쉭,2021-12-19,1415
두이,2022-01-20,1490
둘이콩콩,2023-12-23,1546.67
둥글둥글호야,2024-02-16,1460
둥둥잌,2021-07-05,105.83
둥이귀여워,2021-01-04,925
둥지혹,2023-12-24,1540
뒤로뛰는사나이,2023-08-16,1432.5
뒤를잡는다그생각뿐이다,2022-01-29,1370
뒤통수후려차기,2022-07-04,1100
뒷빵충,2021-12-31,1302
뒷점프하면바보,2021-12-08,600
듀라백,2021-01-30,1353.33
듀맘수장,2020-08-23,915
듀얼거너,2023-12-20,1580
듀얼폰,2023-01-23,1388.33
듐듐듐,2022-07-04,1340
드니꼬꼬,2024-07-15,1640
드드워로드,2023-11-03,1588.33
드라화가,2022-12-21,1465
드론날리는갈매기,2022-09-23,1589.17
드론화스,2022-02-15,105.83
득렐,2023-07-21,1500
들느,2023-04-10,1450
들어가이써,2021-08-11,1360
듬직한독고다이,2023-01-21,1340
듬직한멍멍이,2023-11-04,1620
듬직한철휘,2022-02-22,1523.33
등골브레이커길잡이,2023-12-21,1477.5
등록금,2021-01-21,373.33
등짝브래이커,2023-12-21,1561.67
딍싕틩룅읭엉,2022-11-25,960
디귿갱,2021-11-01,302
디나야,2022-03-22,1370
디난민빵이,2023-10-03,1560
디다큐3판가실분,2020-08-23,1305.5
디렉터가반말해서박제,2021-12-25,1302
디바인게이트,2024-07-14,1640
디바인레이크,2024-07-14,1640
디별이때린다,2021-08-22,124.17
디분쓰,2022-07-09,1417.5
디붕매니아,2021-12-24,1415
디붕이네닭가슴살,2022-12-26,1504.17
디붕이뱃살,2023-12-21,1510
디붕줘팸,2021-04-15,831.67
디붕쿤다메욧,2021-10-11,600
디붕퓨처,2021-07-09,51.67
디붕피쉬,2021-09-18,72.5
디스트로도,2022-02-06,1302
디아의다섯번째바드,2023-09-04,1490
디율트,2021-04-04,1375
디지고입꾹닫보면중단,2023-01-18,1490
디지몬엔젤우몬,2024-06-03,1615
디트에진심입니다,2021-07-16,1302
디퍼띠,2023-02-03,97.5
디페리,2020-10-11,922.5
딕곡닥닥,2023-09-28,1450
딘ol2,2023-02-02,1361.67
딘ol5,2023-02-12,1475
딜링머신기공,2022-01-03,1415
딜은비둘기,2022-12-26,1340
딩가H,2021-07-12,1430
따끔한칼찌펀치,2022-07-13,1450
따끙,2021-05-16,811.33
따따태,2021-08-31,1321.17
따땃따,2024-07-04,1615
따땄해요,2023-08-13,1427.5
따뜻한녹두밥,2023-07-01,1415
따뜻한뜻,2021-04-15,1370
따뜻한자몽,2021-07-09,1415
따뜻함이가득,2022-03-17,1302
따람쥐6호,2021-07-09,1302
딱따구리알,2023-12-26,1520
딱때수벌,2020-10-11,967.5
딱락부락,2022-12-23,1460
딱밤딱대라,2021-07-20,1302
딱복영채,2022-10-23,1415
딱총3개,2020-08-22,1329.17
딱콩파,2023-01-10,1613.33
딴딴,2022-01-23,1570
딴딴껍질,2021-07-09,170
딴딴꼬망,2022-02-18,302
딸가스,2021-12-24,1302
딸기바나나맛,2020-12-21,915
딸기우유초코맛,2020-08-23,1034.17
딸기콩이,2023-12-22,1545
딸기홍삼에이드,2021-05-19,534.17
딸깍잔혈나도할랭,2023-10-21,500
딸배디트,2022-07-13,1460
땃쥐부기,2021-08-22,1435
땅땅이의망치깡,2023-12-21,1580
땅불바람물마음캡틴플레닛,2021-09-04,1462.5
땅콩카라멜,2021-04-25,900
때때,2021-07-07,1302
땜플블래,2023-06-29,1490
땡화백,2022-09-05,1096.67
떠가,2023-01-20,1460
떠오르지않는달,2022-03-29,1482.5
떠희공주,2023-07-01,1445
떡븍이오는중,2023-06-29,51.67
떡순보,2024-07-11,1620
떡순튀떡튀순,2021-12-27,130
떡잎방범대수지,2024-07-15,1640
떡잎은행,2023-12-20,1510
떡하나주면안잡아묵지,2022-07-07,1415
떼마시노란글씨제발,2022-11-21,1591.67
떼마시불럼아,2021-10-02,1415
뗴됴뗴흐바,2023-12-19,1610
또곤사,2022-07-21,93.33
또곰사냥꾼,2023-12-22,1580
또나얍,2024-04-10,1620
또눕네소울이,2023-07-20,1415
또딘꽁,2023-06-29,1415
또라인가싶네,2020-10-08,915
또루얌,2020-10-02,935
또루우,2023-01-22,1490
또름지기,2021-07-10,1302
또삐율,2022-01-15,1445
또이동소서,2021-08-19,960
또이동스카,2021-08-12,1302
또잉뽀잉꼬잉,2022-08-15,75
또총,2024-03-29,1540
또하언니,2022-11-10,302
또해졍,2021-08-29,1325
또혈,2023-12-27,1586.67
또화가나셨군요,2022-01-17,1445
똑똑이이나꼬,2023-12-24,635
똘망똘망삡삡이,2022-07-06,1395
똥몽창이,2020-08-23,840
똥민왕자,2023-01-25,220.83
똥슬레기,2023-07-27,1508.33
뚀뚀츄,2022-07-06,1500
뚜글,2024-06-19,1620
뚜다당펑,2021-09-20,1415
뚜뚜태,2023-11-14,1541.67
뚜루띠다,2021-01-27,1325
뚜뿌요,2024-01-26,1581.67
뚜제자,2023-11-23,1417.5
뚜진우,2023-12-21,1580
뚝딱뚝딱뚜루루딱딱,2021-04-14,1341.67
뚝딱신,2024-01-24,1600.83
뚝배기등골브레이커,2023-12-20,1460
뚠뚠샷,2020-08-23,875
뚠뚠포,2023-06-29,1500
뚠뚠한유저,2023-10-22,1460
뚠스펀치,2023-12-21,1581.67
뚥빼기,2020-08-29,328.33
뚱기붕이,2021-07-20,130
뚱보노,2021-10-04,600
뚱짱네들,2022-12-04,1026.67
뜍이,2021-02-05,915
뜐커,2022-05-14,460
뜨거운오미자차,2023-10-04,1496.67
뜨거웠던청춘,2024-03-18,1543.33
뜨룩,2023-12-22,1541.67
뜯어발기기,2021-07-17,79.17
뜸혜,2023-12-28,1591.67
띍띍,2023-07-20,1415
띠낑,2022-07-10,1560
띠뜨뜨띠뜨뜨,2024-01-12,1521.67
띠모이커,2023-12-22,1482.5
띨무루,2024-06-26,1620
띴띴,2022-01-14,1345.83
띵땡구리,2021-08-30,1340.83
라1쪼,2023-02-26,1583.33
라교수,2022-12-23,1505
라그나버스트,2024-06-25,500
라기뚜기,2022-01-13,1385
라꾸나꾸,2021-09-01,1302
라르티샤,2022-03-23,600
라면땅해줘,2022-09-12,1370
라비네막내딸,2022-12-21,1490
라서는못말려,2022-01-23,73.33
라이키상,2023-04-17,1526.67
라이트닝볼트,2023-12-23,1590
라이트레프트어퍼컷,2023-12-25,1570
라일락추출물,2022-01-21,1302
라조프,2021-11-27,1370
라포니충모닉,2021-12-26,1302
라프이,2022-01-12,1480
라하르트서연이,2023-11-07,1490
란도그,2020-09-12,922.5
란라봉,2020-08-22,1015
란라희,2020-12-09,1356.67
란리린,2020-12-02,151.67
란붕어,2020-08-22,927.5
란빌,2021-11-23,1437.5
란아더,2020-08-22,915
란여울,2020-09-29,915
란이스,2020-08-22,1307.17
란지네기상청,2022-08-13,1370
란트프리트,2022-12-26,128.33
란파티,2020-08-22,934.17
란히뽀,2022-01-14,1430
람무스구른다,2022-07-14,226.67
람무스윙퍼펙트,2023-01-12,1340
람미이,2021-09-19,1415
람쥐방울,2024-02-27,1581.67
랏자리서폿,2022-01-24,1380
랑흐,2023-12-21,1585
래경래,2023-12-31,1470
래미오로,2023-06-14,302
래서팬더와나의바다,2021-05-05,1375.83
랜브레,2023-12-31,1583.33
랫서팬더프로토타입,2021-05-24,930
랴퍼,2020-09-29,915
러블리나리,2023-03-08,1526.67
러블아가,2023-12-22,1526.67
러블지,2022-02-25,1430
러쉬힐,2021-09-12,60.83
럭뚜,2022-01-24,1551.67
럭셔리경광봉,2021-12-25,1415
런댁,2021-03-19,1370
런디니움,2024-05-15,1620
레기오로스의바드,2022-01-07,1392.5
레나타글라스크,2022-04-06,543.33
레또,2022-01-13,1460
레라잇,2023-01-27,1415
레모나존맛탱,2023-10-12,1490
레몬네거티브,2022-01-15,1447.5
레몬버터귀니,2022-07-06,1475
레몬에이드2L,2023-07-01,1513.33
레아스토리,2024-01-09,1596.67
레오lI,2023-01-30,1490
레이드잘못해요미안해요,2023-01-20,1340
레이디스카드,2022-06-29,600
레이즈비네거,2023-07-27,1490
레이지문,2021-09-18,1437.5
레인볼,2022-07-07,1493.33
레인사홀,2021-03-29,915
레일리야,2020-08-23,900
레코니,2023-08-06,1475
렌키요,2022-02-08,1435
려해너,2023-12-05,1582.5
려황곤듀,2022-12-23,1340
력임,2020-10-15,965
로꺄,2024-06-11,1620
로니서린,2022-01-23,1460
로드피쉬,2021-09-09,157.5
로랄룽,2022-04-04,460
로룽입니다,2023-01-20,1505
로쉐의넬라를받아라멍,2022-01-17,1575
로아고객간담회,2021-06-20,1341.67
로아글워로드,2021-07-20,1420
로아대충단학과,2024-07-13,1630
로아북두신권,2023-12-26,1541.67
로아섭종기원1557일차,2023-07-02,1467.5
로아스카우터,2020-10-09,960
로아쓔슈,2022-07-22,1340
로아온소서리스,2021-08-16,1325
로아카츠,2023-08-13,1445
로악귀의마지막냥냥펀치,2023-12-22,1531.67
로오탱,2021-01-30,1022.5
로요일의홀나,2021-12-26,1335
로용해,2022-03-09,1345
로이만델,2021-05-23,105
로저원,2022-12-02,1605
로참잘,2022-01-01,1302
로카스티,2022-02-22,75
로콜이,2021-08-06,1355
로팡소녀디디,2022-07-07,1415
로헨델의축복을주소서,2021-08-12,1302
론드양,2023-09-21,1490
롤노바,2023-07-20,1415
롤링이누삐,2022-12-16,55
루나카라,2023-07-19,1460
루난엘,2021-06-04,1340
루루도화,2022-01-26,1370
루루젠,2021-03-19,1050
루룽지왕족발보쌈,2023-12-21,1533.33
루민아,2020-09-11,915
루비바치,2023-07-19,1490
루삥빤치,2022-10-04,1430
루시페레이,2023-12-25,1580
루아나이트,2023-09-12,1460
루아레린,2023-07-04,874.17
루아수프,2021-03-22,195
루아에용,2022-12-22,1490
루앤델피나,2021-08-12,1370
루얌미,2022-01-24,1490
루이듀이펀치,2022-01-24,1302
루이라봉,2021-04-27,1325
루프퉁,2022-03-31,1417.5
루하데,2021-06-28,537.5
루후브,2021-03-04,1315.83
룩딸용건슬123,2021-07-20,1370.83
룰루건,2021-11-07,1420
룰루잔나a,2021-03-24,1340.83
룽모지리,2021-11-08,1407.5
륀라이,2021-11-06,1000
륀리아칸,2022-08-24,466.67
류도리,2023-12-26,1460
류비오,2021-12-25,1475
류샤깅,2024-02-15,1543.33
류섭규쿤,2022-01-26,1365.83
류우가키스케,2024-05-02,1602.5
류화예린,2024-02-09,1541.67
르에멍,2022-11-06,1493.33
르엥,2023-07-19,1415
르젖트,2023-09-29,1415
르코코코,2021-08-19,1400
릐퍼,2023-12-20,1472.5
리구도화가,2023-11-23,1543.33
리똥범,2023-01-21,1613.33
리라루우,2023-08-07,1447.5
리르렌샤나,2022-01-25,1370
리리미아,2022-01-21,1549.17
리모우매,2021-07-06,1340
리버쓰,2022-01-31,1500
리부트워로드3,2023-07-29,1496.67
리브소울이터,2024-01-20,1340
리빌드I,2022-01-22,1370
리샤나츠,2022-04-02,1340
리소림,2022-01-12,1302
리수굼,2023-12-21,1575
리아리아루,2022-11-27,109.17
리어카개박살,2023-12-28,1540
리얼피넛스무디,2023-12-21,1585.83
리오넬존모,2022-04-05,1415
리이스9,2024-07-12,1623.33
리즈다스,2021-09-30,1307
리치왕부자킹,2020-09-18,915
리태밍,2023-11-06,1620
리트소서,2021-08-12,1370
리퍼특성뭐해요,2021-09-05,1370
린가드의피리춤,2020-10-30,1340
린유미,2022-07-07,1340
린히히,2022-12-18,1575.83
림자도화가,2024-07-13,1640
림화백,2022-01-13,1460
링월,2024-06-30,1620
링줌,2023-09-22,151.67
링토님,2021-09-10,302
마가레트허니통통,2020-08-23,915
마계의그림자,2021-08-16,1302
마나갯섬,2022-07-06,1472.5
마나상점,2020-08-31,922.5
마눌냥,2023-12-24,1573.33
마니뽀,2021-05-03,375
마따따비지팡이,2021-10-24,1515
마라탕에고량주먹는로널드,2022-02-13,1302
마라탕후루딸기라떼,2024-01-06,1475
마르디싫어욤,2023-10-09,1415
마르지않는마부,2023-07-20,1490
마른하늘천둥이쾅벼락이쿵,2022-07-07,1462.5
마리린외할머니,2022-07-08,1490
마리아의아들,2023-12-20,1490
마리앙드레안느,2021-07-12,802
마리의날씨,2022-07-18,1391.67
마법소녀눈나,2021-09-09,1302
마법소녀레몽,2021-08-12,1415
마법소녀세리레뷔드,2023-12-20,1540
마법소녀우당탕,2022-07-06,1475
마법시리,2021-08-15,1442.5
마법쓰는개발자,2021-08-19,260
마산폭주기관차,2023-01-19,1445
마술고기,2022-05-31,960
마신덕복희,2023-12-04,1550
마신로리정,2021-08-12,1315.83
마에폰제라스,2022-01-21,1415
마요추가,2022-01-12,1445
마운틴크래쉬,2021-08-25,1472.5
마음이시킨다구,2023-08-14,1460
마이무다고마해라,2020-08-23,927.5
마이야르고기방패,2021-05-31,1370
마이폴,2024-01-13,1460
마이해,2022-03-04,1100
마이혜,2022-03-04,460
마주리,2023-12-21,1560
마즐카나,2023-07-26,1415
마지막까지살아남아라,2021-09-27,302
마지막전사,2024-02-09,1584.17
마지막캐스팅,2021-09-10,1370
마춤뻡팍왜좌,2023-12-18,1610
마카우르,2021-07-12,1356.67
마커,2020-09-14,915
마탄잉,2022-05-28,1415
마티스크래크링,2021-12-23,1432.5
마틸다와함께,2022-05-31,173.33
마희소울,2023-07-20,1490
막갈기고,2020-08-30,1325
막대기나가신다,2022-02-18,1442.5
막무비머,2023-08-15,1601.67
막장사이고,2023-07-20,1490
막편,2022-01-22,1370
만99살도화가누나입니다,2022-01-21,1302
만개회귀도아가,2022-01-12,1500
만나게될지도,2023-03-01,1371.67
만나면반갑다고바지벗어요,2021-10-18,1420
만나면반갑다고팬티내려요,2022-12-27,75.83
만년책,2022-07-08,1415
만두s,2024-05-24,1629.17
만두호빵계란,2023-12-21,1510
만월반월절단중력화염,2023-07-20,1490
만월아구,2023-07-21,1505.83
만찌잉,2022-03-03,1325.83
만타a,2021-06-01,61.67
만화가아다치,2022-01-02,1351.67
말걸지말라고했어안했어,2021-07-09,130
말근,2023-12-20,1535
말대꾸하다살해당할뻔,2021-10-28,1415
말뚝아가,2022-01-02,1415
말라깽이난쟁이,2023-12-21,1540
말랑말랑여나,2021-12-23,1302
말랑모띠,2023-06-28,1511.67
말랑모모찌,2023-08-31,109.17
말랑에몽,2021-05-05,900
말랑한고래밥,2024-07-14,1633.33
말세의영웅,2023-02-12,1480
말수보이,2021-09-10,1006.67
맑고비옴,2022-07-07,1500
맑리린,2022-12-16,302
맑음의천후모양,2022-07-06,1417.5
맑찡,2022-10-22,1531.67
맘마뫄뫄,2021-10-21,302
맘약해서살살때림,2022-12-12,302
맙한우,2021-04-09,860
맛나는맛초킹,2021-01-01,1050
맛만함볼까,2021-09-27,353.33
맛좋은로제,2021-03-20,1345.83
맛집이터,2021-05-20,206.67
맛쪼닉,2021-03-18,1325
맛탕신보,2022-03-18,1340
망가진마네킹,2024-07-14,1640
망고는강아지,2022-12-24,1490
망고는날씬해,2022-11-07,52.5
망고는파괴왕,2023-12-23,1578.33
망고딸기복숭아,2022-07-04,51.67
망끼얏호,2023-07-01,1420
망망리퍼망망,2022-07-08,130
망샬,2023-07-03,1467.5
망원그라가스,2021-05-19,370
망치든뚠이,2022-11-18,1545
망치든삼촌,2023-02-14,1435
망치든야광오렌지,2022-03-19,600
망치로인생역전,2021-08-06,260
망치로한다이,2024-07-15,1640
망치파동,2021-11-14,1415
망코두,2022-02-17,158.33
맞노,2023-01-19,1513.33
맞아나태욱사진곤란,2022-01-07,63.33
맞춰서,2023-09-14,1500
매는좋은단백질,2021-07-09,1375
매렁이죠,2021-11-30,1370
매실이좋은댕댕이,2022-07-11,105
매우느린사람,2022-02-12,1302
매우닝,2020-09-03,840
매우못생김,2021-01-25,1340
매우취향저격눈나,2023-07-21,1490
매운창귤,2023-07-03,1430
매조련사너굴,2024-01-17,1610
매콤주먹박두광,2022-03-12,1462.5
매형재도리,2022-12-28,1490
매화다랑어,2023-12-24,1580
맥카페초코쉐이크,2022-04-17,1385
맥크리14세,2022-01-28,1370
맬론빵,2024-01-20,1582.5
맵당당,2024-07-13,1640
맹레이커,2023-12-22,1566.67
맹룡열퍄,2023-07-03,1490
먀먀낑,2024-01-04,1580
먐먐먐먚,2020-08-23,960
먕됴,2021-05-13,1330
먝스,2024-03-21,1620
머가리딱대이녀석아,2021-09-18,1415
머가리죽빵,2023-12-20,1580
머기창,2023-07-07,1510
머램지,2022-11-20,302
머랭낫,2024-04-08,1595
머랭휘핑기,2023-12-21,1575
머리를심어줘,2021-05-02,86.67
머리머리딱밤,2024-01-09,1580
머리반으로쪼개기,2023-12-20,1530
머머리일병,2022-09-29,1583.33
머용이다,2020-08-23,900
머프다,2024-07-11,1616.67
먹고놀고싶다,2021-08-24,1325
먹구름이따라와요,2022-07-16,1506.67
먹물녀제비,2022-01-12,1351.67
먹물자국,2022-01-22,1460
먹물홀나,2022-01-22,1370
먹슥하네,2024-01-01,1580.83
먼늘밤,2022-07-29,145
먼멍o,2021-08-12,1457.5
먼지뾰이,2023-12-20,1460
멈추세영,2021-11-18,1370
멋찐주니,2020-08-23,1326.67
멍멍비,2021-02-12,1340
멍청하고생각없고게으르고,2023-01-19,1490
멍청한이니,2023-01-19,1370.83
메다공,2021-10-22,1385
메다슴,2023-11-22,1415
메딕소서,2021-08-12,1302
메로나맛있당당,2023-09-09,52.5
메리제인슈즈,2022-07-06,1490
메밋,2021-08-28,925
메스가키,2022-07-06,1475
메오홀나,2021-10-30,102.5
메이플은망겜이라고깨달음,2021-07-25,1415
메짤라햄토리,2023-10-09,500
메코,2021-02-28,722.33
메크,2021-07-06,1325.83
멕움잉,2024-04-14,500
멘랑,2023-12-21,1462.5
멘탈부재중15,2024-04-19,1533.33
멜런냥,2022-05-02,1417.5
멜런쨩,2022-02-02,1357.5
멜로베이지,2023-06-03,1425
멜로화이트,2022-01-13,1306
멜론맛펭귄,2022-02-04,1415
멜우산,2022-12-28,1528.33
멜티유,2022-11-15,1560
면훈,2021-08-22,1302
명결자,2024-01-02,1460
명구창술사,2021-03-27,1325
몇대쳐맞을래요,2021-03-22,1310
몇번째인지모르는나틴,2021-08-03,1308.33
모가디슈택시운전사,2021-08-27,1385
모가미이,2021-08-07,1370
모그이,2021-04-04,1050
모글린,2021-01-21,1346.67
모기중에제일큰모기,2021-07-10,1302
모닥불군단장,2021-05-17,61.67
모닥불아조띠,2021-12-23,1370
모데쿵,2022-07-02,1445
모리리리,2020-08-23,1010
모망리퍼,2021-10-11,600
모모마이어,2021-08-12,1495
모몽이네요,2021-03-11,195.83
모스워리어,2023-12-21,1460
모슬킨,2022-12-22,60.83
모찌하프,2021-09-30,460
모찌한피죤투,2023-07-04,1496.67
모카맘모스번,2022-01-01,1370
모코베어,2020-08-23,906.67
모코코가어딨지,2021-04-12,556.67
모코코낚지볶음,2021-05-02,1325
모코코당,2022-08-29,460
모코코딘딘,2024-04-18,1580
모코코리밍,2022-06-10,1435
모코코먹고냠냠,2022-03-14,960
모코코생활지도사,2021-07-31,1420
모코코심는미국인알렉스,2021-07-08,1415
모코코의악몽,2021-12-30,1330.83
모코코할짝이기,2023-12-22,1510
목아파,2024-01-09,1530
목요일엔그냥내가왠지싫어,2022-07-06,1340
목캔디믹스,2021-04-05,900
몬몬이다,2021-08-26,1415
몰리의회오리떵싸기,2023-11-07,1415
몸화가,2022-01-23,1370
못내린다,2023-02-14,1349.17
못다이룬꿈,2023-12-23,1583.33
못말리는신짱9,2020-12-28,960
못먹어봄,2023-07-23,1415
못현,2021-01-30,1035
몽땅해,2021-11-10,1447.5
몽살,2023-12-20,1580
몽실몽실하얀냥이,2021-05-22,1325
몽이애옹,2023-01-19,1520
몽이용,2023-11-10,108.33
묘샘이,2020-08-23,1341.67
무기들지말고맨손으로붙자,2021-04-01,302
무능한주먹질,2023-12-21,1580
무니핑,2022-05-28,51.67
무다무다비모,2023-12-24,1520
무다무닫무다무다,2023-12-21,1460
무다무닷,2023-12-21,1516.67
무력뚱보,2024-03-01,1600
무력화가뭔가요,2020-10-24,960
무례하다비켜라인간,2020-08-23,917.5
무로타,2023-12-22,1584.17
무료로사신영접시켜드려요,2023-07-24,1490
무리웅,2021-03-19,965
무무짖지마,2021-02-12,1340
무민살래,2023-12-27,1533.33
무쇠카드,2023-05-20,1460
무시무시무시한스트라이커,2023-08-19,1415
무신냥냥,2021-07-11,1340
무신신짱아,2023-01-20,1490
무심한육연발,2021-03-31,920
무우쟁,2023-08-13,1415
무좀각질범벅손건영,2022-10-18,600
무지개케이크,2020-09-01,400
무지갯,2022-07-09,1415
무지성마법충,2021-09-04,1402.5
무지성윤수빙,2021-04-24,84.17
무찌밤,2021-12-26,1302
무호흡윤수빙,2021-08-04,1417.5
무화과백설기,2022-01-21,1460
묵묵한청년,2024-01-22,1540
묵이터,2023-07-29,1485
묵직한고래,2020-09-11,710
문도파이어,2021-04-04,1050
문스날,2023-05-22,1060
문스타드,2023-12-24,260.83
문어빵먹으러가죠,2021-09-15,1302
문정원,2023-11-08,1600.83
문학판검,2022-01-22,1381.67
물두꺼비,2023-12-23,1460
물뜨기,2021-01-28,980
물병의초심,2021-12-12,302
물아울,2023-07-20,1487.5
물약먹는거북이,2023-07-23,1500
물약팡팡,2022-01-13,1475
뭄무뭄밈,2021-08-29,1335.83
뭉걔,2024-05-04,1610
뭉실안경,2021-03-27,1050
뭐연,2020-09-29,633.67
뭐주냐안주냐,2023-01-24,1455
뭐해야할까나야,2022-09-01,1370
뭔말,2024-01-05,1603.33
뮬거품,2023-09-10,1415
뮬별,2021-05-23,1335.83
므으으므으,2023-01-19,1420
므흣리퍼,2021-07-09,130
미글2,2020-08-22,1355
미나토자키사나,2024-01-06,1100
미남소룡,2021-03-18,1050
미노디붕,2022-07-07,1340
미니티즈,2021-12-13,151.67
미니하프,2023-12-20,1616.67
미라니라니,2021-04-05,1370
미레어,2023-11-15,1427.5
미련따위는없어,2021-07-06,61.67
미로주노,2022-03-08,426.67
미루루코,2022-12-29,70.83
미르두지,2022-01-27,1510
미모무슨일이야,2023-10-18,1490
미비바쿠,2022-10-03,1510.83
미소빌,2021-07-08,1370
미소의샤리네,2020-08-22,1355
미소주의,2021-04-28,1419.17
미소후드,2023-07-28,1415
미술시간도화가,2022-01-15,1346.67
미아넹,2020-08-23,1357.5
미아핑찍지마세요,2023-07-19,1415
미야타77,2023-12-21,1580
미움의꽃,2023-12-20,1520
미키버섴,2021-02-05,1005
믹넛,2023-12-23,1630
민국이랑방관만함,2023-04-11,1370
민니나이트,2023-09-25,1540
민동댕,2020-08-22,1384.17
민들레물주는병장님,2024-01-21,1580
민락동기상캐스터,2022-07-06,1370
민락동미시,2023-01-25,1340
민박이,2024-05-19,1520
민어사세요고등어도있어요,2022-05-14,460
민영은,2023-06-30,1498.33
민이네막내,2022-06-29,302
민이아가,2022-01-13,1302
민이였나,2023-10-11,1599.17
민지해,2021-06-28,137.5
민첩해용,2023-02-15,1372.5
민초맛블레이커,2023-12-21,1477.5
민초크앙,2023-02-17,1460
민트로츠,2022-03-05,190.83
민트의배쉬,2023-03-22,1370
민트의유산슬,2023-07-07,1490
민트의주인,2023-12-23,1580
민트초코마이프로틴,2021-03-12,1370.83
민트초코비트라떼,2024-06-08,635
민트초코연금술사,2022-01-24,1462.5
민현,2021-08-16,1520
믿앙,2021-09-27,1310.67
밀크블라우스,2021-07-04,1422.5
밀크소다라떼,2023-07-19,1500
밀키래빗,2021-12-25,107.5
밈향이,2021-07-09,1302
밋년s,2021-06-21,1472.5
밍밍공쥬님,2021-02-15,1353.33
밍설링,2022-02-25,1325
밍쓸애기,2023-12-25,1568.33
밍아은,2022-07-06,1462.5
밍초릉,2021-12-23,1330
밍크숍,2024-03-02,1588.33
밍크시치,2023-09-24,1455
밍키상,2023-02-11,493.33
밍홐홐,2021-01-31,92.5
밑장빼다죽는다,2023-06-28,1490
바나나라떼에이드,2024-02-16,91.67
바나도화가,2022-01-27,1445
바닐라맛라뗴,2022-03-19,1302
바닐라아이슈,2022-02-07,1302
바닐라플랫치노,2022-01-24,1370
바닐라화이트카페모카,2023-01-07,1490
바다아래흐르는강,2022-08-04,1563.33
바다향박하,2022-07-19,1460
바두열렙,2023-09-04,1500
바둑섭문동은,2023-12-27,1531.67
바드가좋다냥,2021-06-29,830
바드강맨,2023-06-23,302
바드나키울까,2021-04-05,975
바드는그런거몰러,2024-03-14,1520
바드님공증좀요,2020-09-13,1335
바드라하우,2023-01-01,1385
바드러나갈게,2021-12-27,1302
바드로스토리밀다큰코다침,2021-08-03,960
바드맞는대요,2021-10-11,1370
바드빵대,2020-08-28,910.83
바드사랑사탄,2021-08-19,1302
바드옷은팔랑팔랑,2021-04-17,670.67
바드왕꼬마,2023-03-25,1460
바드원해요,2021-07-09,1302
바드졈성,2021-09-18,1302
바드지훈,2024-07-13,1640
바드캐인,2023-05-01,302
바드콤,2024-07-12,1616.67
바드힙돌이,2021-08-26,1325.83
바라마아,2021-09-06,1400
바람길빗방울,2024-01-08,1460
바람을휙,2022-07-09,1465
바루미군,2022-01-16,1415
바밤바이인분,2023-06-30,1415
바샤민,2021-07-09,1302
바셔트,2024-07-15,1640
바유주세요,2020-10-26,915
바이낸스청산기계,2022-07-15,1460
바이운,2021-09-18,1465
바질스레드,2021-01-01,1035
바쩌,2021-01-04,1050
바흐의빛,2020-09-08,905
박덕춘9,2023-09-11,1505
박덕춘씨,2021-08-24,1430
박배베,2023-06-10,1630.83
박새돌,2023-09-08,1560
박승빈,2022-12-04,1589.17
박원홍,2024-06-16,1620
박종로,2021-04-27,1325
박째알,2022-07-10,1452.5
박팥쥐,2022-09-13,1302
박하맛하프,2022-01-31,1563.33
반격딜은미리블송합니다,2021-08-12,1370
반고혜,2022-10-04,1375.83
반반이의영혼먹방티비구독,2023-07-21,217.5
반짝이면다냐,2023-11-07,1584.17
받으으으으,2022-05-07,302
발꾸랏,2021-05-15,114.17
발도술솨,2022-07-12,105.83
발라당개구리,2023-08-08,1508.33
발렌시화가,2022-01-12,1302
발차끠,2022-07-09,1340
발컨질럿,2021-08-12,1370
밤두슬레,2023-12-20,1556.67
밤본,2021-05-09,104.17
밤유과,2024-01-01,1580
밤의미리내,2023-01-18,1460
밤포롱,2022-11-17,1580
밤하늘단장,2021-12-28,163.33
밤하늘은차분해,2023-08-06,1495
밤향내,2023-02-02,1604.17
밥먹으면잠이와,2021-08-23,1355.83
밥상언,2021-09-18,86.67
방구석격투왕,2021-08-09,1366.67
방구석둠옥,2023-12-21,1541.67
방녹,2021-01-07,915
방방,2021-12-26,1520
방방소울,2023-07-24,1531.67
방어증가,2021-05-24,1341.67
방어회랑사케,2022-12-22,1490
방탄소년단정수기,2022-01-26,1302
방패든노바,2022-12-21,1490
방패로뚜시뚜시,2021-05-20,1325
방패속작은귤,2023-07-02,1415
밭아가,2022-01-16,1477.5
배고픈껌냥,2020-12-07,402.5
배능박,2023-11-09,1611.67
배덤보,2021-11-01,600
배럭231231,2023-12-31,1460
배럭No3,2020-10-24,915
배럭에서생성된짐레이더,2021-05-31,1035
배려의나라,2021-04-05,1042.5
배마또너프해보시지,2022-01-24,170.83
배마라린,2022-01-05,1302
배마류지닝,2021-01-03,1324.17
배마메이브,2022-07-19,1415
배마소금,2021-07-09,1302
배마써비,2020-10-29,1405.83
배마에미친사람,2021-12-23,1364.17
배마제발상향좀요,2024-07-15,1640
배마지우,2020-11-22,1415
배배에엥,2024-07-14,1640
배뱀베베,2024-07-14,1640
배봇,2023-01-11,145
배붕이에요,2021-03-22,925
배쉬개짧네,2022-07-04,302
배승렬,2021-09-12,1445
배신자김석호,2024-07-11,1611.67
배챗,2021-07-09,1325
배초원,2024-02-06,1603.33
백가디,2021-10-07,1370
백골디트,2020-08-23,1325
백금귤,2023-12-23,1580
백독수리,2021-03-25,1035
백석동대마왕,2021-10-06,714.17
백설창월,2023-03-22,802
백수학,2021-04-24,1365.83
백운안경,2022-01-21,1415
백차니,2022-04-17,1093.33
백포도,2021-06-25,935
백한번째글자,2022-02-06,1370
백화야,2022-05-17,1580.83
밴셔,2024-07-13,1640
뱀따따꽁,2023-05-18,1470
뱀절,2020-08-23,1325
뱀캐스터,2022-07-08,1475
뱁새는짹,2021-07-11,1415
뱁새황새,2021-03-30,900
뱅어포고추장볶음,2021-07-18,1302
뱅훔,2023-12-27,1560
뱜토끼,2020-12-07,1326.67
버거킹자르,2023-07-22,1460
버꿈,2024-03-13,1520
버담쏘리,2023-07-01,1452.5
버린여자,2024-07-13,1640
버블SYS,2020-09-25,83.33
버블리코코,2022-01-03,83.33
버서커가나요,2021-09-09,1417.5
버서커는나만큼하는거다,2020-12-06,370
버서커다버서커,2020-12-28,1328.33
버서커다한,2020-10-02,917.5
버서커찍먹2,2023-01-18,95.83
버서커홀린,2020-08-22,1306.33
버섯돌이Vs쿠이,2023-03-01,1520
버섯머리이주민,2024-01-27,1521.67
버스트NO크리스피버거,2022-12-21,1460
버스트맞아라,2023-12-17,500
버스트쓰면내가사라짐,2022-03-17,1370
버스트임,2022-01-26,1302
버츄얼,2023-12-24,1600
버캐차스로세계일주,2023-12-20,1460
버티면부러진다구요,2021-11-05,51.67
버프가있나요,2021-07-05,1340
버프넣는곰,2021-10-07,1417.5
버프힐장판,2023-09-06,1587.5
번개의귀살대,2023-12-20,1460
번게블믈,2022-02-22,111.67
번쩍하는달빛,2022-07-22,460
벌거벗은유망주,2022-12-25,1465
벌거벗은춘식이,2023-07-21,1490
벌꿀오소리의불주먹,2020-10-19,915
범랑빼꼼,2023-12-21,1526.67
범레이어,2023-01-18,1490
벗슷틋,2023-06-29,1447.5
벗토리,2023-01-18,1460
베럭스2,2021-08-26,1370
베른구울,2020-08-22,921.67
베리소다,2023-12-20,1510
베베둥둥,2021-10-05,130
베샤니,2023-07-20,1503.33
베아트리스의클럽친구,2020-12-09,917.5
베이컨에그치즈,2021-12-30,1302
베털,2024-07-13,1620
벡샷,2022-05-30,1100
벨뚜,2020-08-22,900
벼닛,2020-08-22,1010
벼루와먹물,2022-01-12,1302
벼서켜,2023-12-23,1600.83
벽극,2020-11-03,920
벽자비,2021-12-25,1445
변다현,2024-04-25,1600
변신구식이,2021-09-02,1325
별거없는사람,2023-01-21,1340
별건슬링어,2022-02-25,1370
별꼼아가,2023-10-31,1590.83
별난디트,2020-11-18,1345
별난로드,2021-01-30,915
별데모닉,2023-01-21,1370
별랑비,2021-11-18,1340
별리터,2023-07-22,1500
별빛e랑,2022-01-23,1477.5
별숙,2023-02-23,1460
별을땅,2022-07-08,1354.17
별의펀치,2024-04-07,1600
별이가네,2022-12-27,52.5
별이엽,2021-08-18,1375
별이큐브,2020-08-22,925
별잇뽀,2023-12-23,1460
별한,2021-12-27,90
별해비,2022-07-08,1490
병구,2020-09-03,325
병아린삐약,2023-12-21,1580
병약한중년의펀치,2023-12-21,1580
보노보노투덜이,2022-12-25,1340
보늬바밤바드세오,2022-10-20,1415
보라낫토,2023-07-21,1490
보로콜리,2021-08-13,1432.5
보리s브레차,2021-08-23,55
보리보리쌀개틀링건,2023-12-22,1543.33
보배짬뽕,2023-01-19,1500.83
보보는흑염룡,2021-04-24,375
보보치킨,2021-04-12,1325
보석거래소,2021-08-16,1302
보석보고받아줭,2022-05-23,1432.5
보석을봐주세요,2021-12-25,1415
보정전문,2021-06-17,613.67
보키얼,2023-03-16,1520
복근밥,2024-04-27,1520
복끼리호크,2022-11-19,302
복댕이y,2021-03-21,1325
복맨이,2024-07-07,1611.67
복서러,2021-08-13,1315
복숭아소다,2021-05-15,1050
복싱이아파,2023-12-22,1580
복학말고휴학하기,2023-08-24,1427.5
복합우루사,2021-09-03,1385
볼빵빵만두,2021-03-24,900
볼오모,2021-09-16,1370
볼튬,2023-07-25,1490
봄o아이,2022-12-13,302
봄강,2024-01-09,1566.67
봄날z,2024-07-12,1630
봄냄시,2021-10-25,513.33
봄비가내린날,2022-01-27,53.33
봄춘득,2023-01-19,1490
봄태양,2023-01-18,1490
봉OI술사,2021-10-11,302
봉구토리,2021-12-20,61.67
봉나밍밍,2023-06-28,1490
봉날아차뿔라,2023-01-20,1475
봉화백,2024-02-02,1612.5
봉황의포식자,2023-07-14,119.17
부김,2020-08-23,915.83
부뉴이커,2023-12-22,1580
부들콩,2022-12-23,1352.5
부래익끼,2024-06-02,1543.33
부레민채,2023-12-21,1510
부망인치,2021-09-28,1370
부스티드기어,2023-12-20,1545
부시해머,2021-07-15,110
부앙규찌,2024-02-22,1602.5
부왁부왁,2021-07-18,1325
부우우아,2021-07-06,1350
부우우웅바아아앙,2021-07-09,1355
부추계란빵,2023-12-29,1580
부탁하기,2022-07-06,1422.5
부탁해여름아,2023-07-19,1477.5
부파공작단,2023-02-28,1340
북극곰을살려준데요,2023-12-21,1551.67
북극성을찾는밤,2021-09-14,1432.5
북극쫑,2020-09-10,400
북라,2023-01-19,1493.33
북부대공녀,2022-12-22,302
북산고강백호,2023-12-22,1580
분no,2024-07-12,1626.67
분꽃데몬,2023-09-21,1506.67
분노너굴,2023-01-18,1340
분노드럼통송욱재,2023-12-21,1470
분노조절소울,2023-07-20,1525
분노팡팡,2023-01-18,1490
분리버섯,2022-02-10,1447.5
분망한날,2024-01-28,1600.83
분홍의데런,2023-07-19,1540.83
분홍펭긘,2021-06-16,231.67
불교기독교힌두교이슬람교,2023-01-27,1100
불금엔홀리나이트,2020-09-13,902.5
불꽃의불꽃머리불꽃전학생,2021-07-28,1385
불꽃주먹아라,2022-02-09,1492.5
불닭에막걸리,2022-01-08,1370
불러마엘스트로,2023-04-30,1447.5
불심,2023-12-20,1630.83
불안하고불안해서불안하다,2023-06-28,1340
불주먹정춘심,2024-07-11,1626.67
불타는후추칼국수,2023-01-07,90.83
불협화음K465,2020-09-01,150
불효자유용호,2023-12-23,1540
붉은머리황녀님,2023-01-18,1490
붓과수첩필수,2023-06-30,1493.33
붓꽃길,2023-07-20,1460
붓딩아,2022-01-21,1445
붓미도리,2022-01-26,1370
붓베이,2022-01-13,1445
붓쓰는라임,2024-01-09,1546.67
붓쟁잉,2022-06-27,1566.67
붓줄,2023-08-15,1475
붓쯔,2022-01-12,1490
붓하영,2022-12-28,1370
붓한,2022-01-27,1445
붕싸콘,2022-12-24,1490
붕쯔붕쯔모코코,2023-12-23,1520
붜뚜,2022-11-01,302
뷰어야,2021-03-14,915
뷰포인트,2024-07-11,1620
브각이,2023-12-20,1566.67
브단기,2023-12-26,1580.83
브담이,2023-12-20,1555
브라타타,2022-04-12,51.67
브람스안마의자,2023-07-21,1503.33
브래들리청계점,2021-04-06,1340
브런치먹으러가죠,2022-03-16,302
브런치박스,2022-12-22,1500.83
브레곤잉,2023-12-20,1580
브레이커는주먹이커,2023-12-28,1606.67
브레이커다한,2023-12-21,1571.67
브레이커못하는사람,2023-12-24,500
브레이커민스,2023-12-21,1460
브레이커왕김브레이커,2023-12-20,1541.67
브레이커원이,2023-12-21,1580
브레이커입니다아,2023-12-21,1485
브레이커잘하는사람,2023-12-22,1460
브레이크가고장난브레이커,2023-12-28,1565
브레이크가고장난브붕이,2023-12-26,1581.67
브루니츠,2022-02-13,1415
브루용,2023-12-20,1570
브세비,2023-12-21,1580
브참이,2021-12-24,1415
브커노보,2023-12-23,1555
브커진갱,2023-12-20,1575
브커파는상인,2024-02-08,1600.83
브홍비,2023-12-22,1520
블넘강,2024-02-03,1600
블랑아가,2022-01-24,1302
블래디홍,2021-12-31,1462.5
블래재키,2024-06-06,500
블래커스,2022-03-05,1370
블래피쉬,2022-01-21,1415
블랙데빌,2023-11-06,1620
블랙디트3,2023-12-22,1460
블랙펄샤인,2024-07-13,1640
블러드켈리,2020-12-13,1005
블러디아워로드,2021-03-29,1340
블러디퀸즈,2020-10-12,915
블레미르,2020-12-29,822.5
블레볼레블,2022-01-29,1452.5
블레이추추,2022-07-19,1460
블레익뀨,2022-03-15,107.5
블레히수,2023-12-22,1551.67
블루베리티버,2022-05-30,1415
블루브라운,2021-07-25,1387.5
블리서빈,2022-09-21,1340
블리허,2023-07-21,1519.17
블링크184,2023-08-13,1445
블뼌,2023-10-02,1611.67
블소레이드,2022-01-25,1445
블잉스터,2021-08-12,1302
블자딸,2021-08-17,1370
븜기옥,2023-06-30,1442.5
비가오나눈이오나너의이누,2022-07-06,1490
비가티,2023-11-09,1611.67
비그럭,2022-07-08,1470
비둘기가왜거기서나와,2023-07-08,1427.5
비룡신권,2024-07-11,1630
비밀이지렁,2022-07-06,1475
비버액젓맛,2023-12-20,1546.67
비버청포도,2023-12-20,1580
비봉탐방지원센터,2020-08-23,915
비비빅b,2020-08-23,676.33
비산동매콤주먹,2022-01-21,1302
비산동불나방,2021-12-26,1325
비스틴,2024-07-11,1630
비슬로우퍼플라벨,2021-04-13,1325
비악비,2021-08-22,1455
비에고상향기원,2023-04-13,1302
비에스트,2021-11-14,1355
비오는압구정,2021-09-03,1370
비올때우산빙빙돌려버리기,2022-07-07,1340
비적월,2023-12-20,1581.67
비전식스,2024-03-14,1590.83
비정규직기상,2022-07-07,1462.5
비정규직질풍,2023-07-28,1415
비징뉴,2022-07-06,1445
비천국밥,2020-10-02,1355
비타700,2020-08-23,1020
비타고래,2023-01-10,1460
비하동주민,2024-05-17,1340
비하이로,2021-04-12,67.5
비해야,2021-07-10,1420
빅드론맘,2021-01-04,1325
빅랜,2024-01-19,1541.67
빈유도아가,2023-09-25,1460
빈주은,2022-05-28,1472.5
빌리듀,2021-03-11,1331.67
빗방울향기,2022-07-10,1500
빗화백,2022-07-12,302
빙고소서,2022-07-24,1340
빙글빙글돌았다,2021-10-07,1370
빙땅땅,2023-02-02,1575
빚팔라딘,2022-07-13,600
빛나는만월,2022-05-15,302
빛살자,2020-09-11,672.5
빛은질서이니의심치말지다,2022-01-12,1445
빛해루,2021-08-07,1422.5
빠끄스타,2021-03-25,1366.67
빠드으으,2023-12-19,1610.83
빠쉐,2020-08-23,925
빠스조타빠스조아빠스가자,2021-05-03,370
빠스트쁠레,2022-07-10,1415
빠앙나,2022-04-08,1370
빠인드아그,2022-10-09,460
빡띠리,2020-09-14,915
빡숙건슬입니다,2021-07-13,79.17
빤스팔아요,2022-07-06,1460
빤퍼,2020-11-27,915
빨간망또라이같은사람,2022-01-21,1415
빨간색색연필,2024-07-13,1626.67
빨리집가고싶어요,2023-10-24,51.67
빨리하란말이야,2022-06-21,563.33
빨호,2024-01-08,1560
빱아가,2022-01-21,1302
빵규필,2022-05-05,302
빵대공주,2020-08-28,910.83
빵대주먹,2021-07-09,106.83
빵배달전문,2023-07-01,1415
빵빵야얍,2021-12-22,1302
빵뾰,2024-06-29,1620
빵순년,2022-07-02,1540
빵야빵야빠바바방,2022-05-07,1445
빵영,2023-12-22,1520
빵영스커,2022-07-14,1475
빵하고쏠거야,2021-03-20,1340.83
빻기,2023-12-21,1460
빽어택은나의삶,2024-07-14,1640
뺚뺚이머머리,2021-08-01,163.33
뺨피,2024-07-11,1607.5
뺴츠,2022-07-06,1460
뻉글뺑글,2023-07-02,1490
뻐밀,2022-11-13,1510
뻐서킄,2021-07-09,1302
뻔한잔소리,2021-04-02,1370
뻬에리,2021-12-12,1000
뼈락,2024-07-13,1640
뽀꾸꾹,2023-08-09,1498.33
뽀놋,2021-10-24,1302
뽀또치즈빵,2022-02-05,1422.5
뽀로콩,2023-05-01,302
뽀쉴,2021-05-02,526.67
뽀슬검,2023-01-19,1490
뽀얀바다,2020-09-24,933.33
뽀얀젤리,2020-09-24,995
뽀왑o,2022-07-07,1480
뽀켓몬팡,2023-10-04,1610
뽀히나,2023-01-29,1340
뽂돌,2021-12-24,95.83
뽐만사제,2021-06-09,1325
뽑사신,2023-07-19,1475
뿌링클체고,2021-04-03,255
뿌먹현,2023-12-21,1540
뿌와로드,2021-08-21,1302
쀠아가,2022-01-12,1490
쀼민정,2023-12-23,1540
쁘대,2022-07-08,1475
쁘뤼이이익,2021-08-07,1370
쁡꺼,2023-12-21,1568.33
쁭삉,2023-12-21,1541.67
삐삔,2021-06-19,990
삐약봄,2022-01-14,1467.5
삐약삐넛,2023-01-07,1340
삐유삐,2021-08-18,186.67
삐자빵,2022-12-24,1477.5
삑팽,2021-07-10,1370
삑헤드,2021-09-03,1340
삣쮸,2020-08-29,985
사계절의겨울,2022-03-03,1370
사기당한공인중개사,2023-04-23,1375
사나이김탑돌,2024-07-14,1617.5
사나이묵직한무력,2023-12-28,1553.33
사니몽,2023-12-27,1620
사도제키엘,2023-12-20,1580
사또가체질,2024-06-30,1620
사랑기억하고있습니까,2021-08-11,1302
사랑니생명보험,2021-09-27,583.33
사랑사자,2021-02-20,61.67
사랑에빠진자두,2023-06-17,1415
사려어어어엉,2023-07-22,1498.33
사멸4캐릭도발감수성풍부,2023-12-20,1561.67
사멸기쁨조,2023-09-13,877.5
사멸도구,2022-03-08,209.17
사멸수저디붕이,2022-02-17,1370
사멸전용모코코,2022-11-06,1377.5
사모님국밥주세여,2021-09-10,1370
사바싸,2021-08-28,1520.83
사삼락,2020-08-23,1035
사샤새언니,2022-07-17,1455
사소락,2021-08-12,1302
사슴방패,2021-09-04,1302
사신과거북이,2023-07-21,1500
사신님은오늘휴무,2023-07-21,1531.67
사신마치,2023-07-23,1460
사와나이트,2021-08-21,460
사유쨩,2021-05-05,1505
사이버앙마,2021-04-27,1329.17
사자는카옹,2023-01-19,1490
사짱,2023-12-24,1590
사커킥전문가,2023-12-22,1540
사탄비,2023-05-17,1589.17
사탄이들린,2023-01-20,1503.33
사형에처한다,2023-09-12,1490
사회자,2021-08-11,1445
삭브레이커,2024-07-11,1630
산본십구,2021-10-17,460
산소같은이유,2021-03-29,1330
산애리,2021-03-18,925
산애링,2023-02-03,1415
산엘이,2022-01-14,1447.5
산책학과수석졸업자,2022-07-07,1437.5
산타슬,2023-11-13,1490
살구볼,2021-03-18,1310
살귀현,2023-07-22,1490
살려주세융,2021-12-24,1357.5
살려주지않겠니,2023-09-30,52.5
살려줘이놈들아,2021-04-25,900
살롱도르,2023-03-07,1635
살리에스,2022-04-03,1370
살아움직이는모닥불,2021-03-07,400
살인적,2023-01-03,94.17
살짝모자란사이,2023-01-18,1490
삵냥,2021-11-12,446.67
삼다도전복죽,2023-12-28,1545
삼대악인,2021-08-25,1417.5
삼도류도장,2022-11-09,1587.5
삼례q,2023-03-06,960
삼색아깽,2021-01-30,1005
삼순이일곱,2021-03-18,900
삼애옹,2023-05-13,1460
삼헹,2020-12-21,1345
삽단단,2021-02-12,1524.17
삿쮜,2021-08-29,1422.5
상남자,2024-07-11,1619.17
상록수역주민,2024-07-15,1640
상병대포,2020-08-23,915
상소둘리,2024-07-12,1630
상순임다,2022-05-20,302
상승소울,2024-07-14,1640
상시전태유지,2024-07-12,1620
상어슬리퍼,2024-07-13,1636.67
상이연,2021-08-12,1302
상큼달콤모짜렐라,2023-07-20,1490
상큼한열매,2022-12-24,1467.5
상한가만원,2022-03-16,1343.33
상황판단능력,2021-01-02,1324.17
상효규,2023-08-23,1460
새겨울,2023-12-22,847.5
새디우,2023-09-14,1477.5
새로운출발,2023-12-22,1510
새리줍새리,2022-10-20,1415
새마을모닥불,2023-09-02,1415
새벽맛쿠키,2021-03-01,370
새벽안개오함마,2022-12-27,1460
새벽에만들어서세맥,2023-12-21,1510
새벽에여우비,2022-07-08,1415
새벽하늘만월,2023-01-18,1490
새콤달콤한귤,2022-05-12,1370
색바드,2024-07-12,1640
샐링,2020-10-02,875
생계형힐러,2022-03-10,1415
생기백,2023-10-28,1506.67
생산과장서머너,2020-08-23,915.83
생산조원서머너,2020-08-23,915.83
생오렌지,2023-12-20,1467.5
생크림조금,2022-04-05,1316.67
생활용니퍼,2022-07-03,93.33
샤구니,2020-08-23,900
샤니엘,2020-08-23,1368.33
샤레프,2023-10-07,1561.67
샤뭔,2021-04-20,920
샤이닐라,2022-07-30,1470
샤이닝세이버1004,2020-11-19,915
샤잽,2023-12-25,1460
샤코버섯,2020-10-14,915
샤토르펭,2023-01-08,1515
샥미르,2023-01-19,205.83
샷건올라프,2020-11-24,1425
샷대리얼아저씨,2022-12-28,90.83
샸샸,2020-08-22,1334.17
샹비,2021-08-11,1516.67
샹하가,2022-07-19,1445
서꽁치,2020-08-23,855
서누서니,2020-10-03,1365.83
서다혜,2023-05-01,1597.5
서둔동몽타뉴,2021-07-17,1410
서로존중,2021-01-21,1325
서루빔,2021-04-11,1325
서릥딩동,2021-09-18,1341.67
서리울,2024-03-03,1533.33
서리의사,2023-11-05,1582.5
서리피쉬,2021-09-09,1340
서머너다서머너,2020-12-28,1336.67
서머너반시,2021-03-21,1005
서머한나비,2022-04-07,57.5
서민수라,2023-12-22,1580
서세리,2024-06-06,500
서여은,2021-10-17,1325.83
서여인,2023-03-11,1490
서예2급,2022-01-12,1386.67
서예연습하는도아가,2023-01-07,1100
서예일급,2022-01-25,1472.5
서와,2023-12-23,1580
서울눕들,2023-07-21,1415
서유야,2022-12-25,161.67
서준혁친구,2021-08-26,1345
서지수f,2021-07-15,1415
서쪼꼬미,2021-09-11,1445
서청주우체국9급주무관,2024-07-11,1626.67
서포터뚱이,2021-04-29,1370
서폿l,2022-01-02,1302
서폿님힐부탁드려요,2021-08-13,1361.67
서폿안녕,2022-01-24,1460
서폿전용도화가,2022-03-11,1412.5
서폿최적화,2022-01-22,1460
서폿할때가편했지,2021-09-22,1417.5
석양보는중,2023-12-20,1580
석적읍칼잡이,2022-12-29,73.33
선넘는바드,2021-07-09,51.67
선동,2021-08-20,1535
선무빙후스킬,2022-04-14,1318.33
선생님저붓을안가져왔어요,2022-01-18,1415
선셋토스카나,2024-01-22,1600
선클이얌,2023-06-26,302
선택이,2024-03-15,1600.83
설꼬리,2022-07-06,1490
설난나,2023-02-07,1540
설레임뿐야니가바랬던건,2024-06-16,1610
설레임은슬레이어에게,2023-02-01,1445
설리나스,2021-06-23,1325
설마로드,2023-12-20,1460
설탕퐁당,2022-07-18,1100
설홍려,2022-07-19,1422.5
섬크,2021-08-20,1425
섭검,2024-07-12,1640
섭섭한브레이컥,2024-01-07,1503.33
성가족,2023-10-22,1550
성공력,2021-05-16,1346.67
성기사규보,2021-08-14,1302
성기사레딘,2021-06-07,1325
성기사밍구,2022-07-19,1356.67
성능좋은의료기기,2022-03-09,1430
성북구핵빤치,2022-10-01,802
성여현,2021-03-24,1325
성직자1위,2021-09-02,1302
성코디,2023-10-29,1460
성프로,2023-12-24,1540
섴붕,2020-08-22,928.33
세계로달리다,2024-01-28,1460
세구우,2022-07-08,1465
세렌배마,2024-01-01,1580
세렌비숑,2024-03-30,1225
세번째워붕,2023-07-07,1550
세상아내가우나봐라,2023-12-22,1460
세상에나쁜슈샤는없다,2023-01-19,1445
세상에서가장느린사람,2023-04-15,1370
세상을구하는도화가에요,2022-01-24,1370
세상을절멸시키는탄환주환,2023-06-28,1490
세센세센,2022-07-09,1531.67
세수비,2022-07-08,1427.5
세워줄게,2020-08-22,1340.83
세이릴린,2022-03-17,1302
세이크루엘,2021-12-18,915
세잉누나,2023-12-20,1530
세체루,2023-07-19,1490
세희는건슬링어,2021-01-30,1325
섹시단검녀,2023-12-22,1556.67
섹시양갱,2022-01-11,257.5
섹시유,2020-08-23,1358.33
센불에익혀,2023-12-26,1580
센센센세,2021-12-26,59.17
셀서장,2023-09-23,1516.67
셀아네,2023-01-18,1490
셀커크랙스,2023-10-04,1447.5
셄오,2021-12-03,833.33
셋바람,2022-07-06,1467.5
셍프,2021-08-15,1370
셜인이,2023-01-20,1340
셰츠니,2023-12-26,1611.67
소강당,2024-07-14,1625
소곡,2022-07-22,802
소금나무,2022-07-13,1460
소금연주,2023-12-25,1587.5
소냥이추,2021-12-24,1302
소닉아이,2022-02-04,75.83
소닉이뮤,2023-05-01,1560
소담c,2021-09-21,1375.83
소드선생,2024-07-12,1620
소라카보다힐잘줌,2021-04-12,1340
소루봉,2021-07-24,1390.83
소리지르면힐들어감,2021-04-13,74.17
소망성,2024-02-24,1580
소서러냥,2021-08-13,1370
소서루리s,2022-12-23,1340
소서리스고수,2021-08-13,1370
소서리스김동천,2024-01-23,1590
소서몽스,2023-06-29,1480
소서삼행,2021-08-15,130
소서씨,2022-02-14,1445
소서일루,2021-09-14,1302
소서있섬,2021-08-13,1302
소소한무공,2021-12-25,1302
소심한화가,2022-01-21,1445
소없운,2021-01-15,1310
소우리아빠,2023-12-21,1460
소울곤잉,2023-07-23,1535.83
소울맛룰루,2023-07-21,1490
소울모자,2023-07-21,1490
소울우유1리터,2023-07-21,1516.67
소울이띵,2023-10-25,1415
소울이터가될뻔한리퍼,2023-08-02,1422.5
소울이터대신리퍼하는사람,2023-09-12,1540
소울이터배럭3호점,2023-07-20,1490
소울이터소림,2024-07-12,1640
소울이터수이,2023-07-22,1500
소울이터와함께라면,2023-07-23,1480
소울이터좋은가요,2023-08-18,1520
소울이터총수,2023-12-21,1548.33
소울이터케인,2023-07-21,1495
소울인마,2023-07-22,1498.33
소울잇다,2023-08-04,1475
소울지뚜,2023-12-20,1460
소울행벅,2023-07-20,1520.83
소이메,2020-08-22,1351.67
소콩이당,2021-08-20,103.33
소피티나,2021-08-25,1415
소환람쥐,2021-03-20,900
소환쩐당,2022-08-21,1370
소환하는거북이,2021-04-12,95.17
소휴엔,2021-03-11,1370
속삭이는작은시온,2023-05-15,1100
속소소속속전속결,2021-08-13,1302
손건제,2022-02-19,600
손구락왕15,2022-07-07,1500
손님의이름은손,2023-07-23,1490
손등펀치,2022-12-01,1360.83
손톱맛,2021-09-02,80.83
손핑,2020-09-22,915
솔람버,2021-07-12,1302
솔린이애오,2023-12-21,1540
솔테멍,2023-12-22,1563.33
솔형울,2023-12-06,1415
솜리브,2022-03-25,1365
솜망칫,2022-07-07,1460
솜사탕맛솜사탕,2024-01-02,1523.33
솜수라,2023-12-22,1460
솜힛,2021-08-12,1302
송뱁,2022-05-22,1563.33
송양스메,2023-07-09,1482.5
송파훈남,2024-01-28,1460
송희냥,2024-07-12,1640
쇄감,2023-12-23,1535
쇠구땅,2022-11-07,600
쇼트홀리,2020-08-23,915
쇽딱,2023-12-21,1561.67
수그,2023-08-04,1417.5
수달달다럳랃라,2024-02-26,1610.83
수달브레이커,2023-12-24,1582.5
수달좋아하는바드,2021-04-24,920
수드라몬,2021-07-05,66.67
수라긍,2024-01-11,1462.5
수라룩체스,2023-12-25,1580
수라맘눅,2023-12-20,1580
수리볼,2020-12-31,1311.67
수많은내마음고이담아,2021-08-21,1073.33
수민이의절구박스,2022-09-13,1590.83
수박밭참외도둑,2023-06-29,1490
수삼루,2022-07-28,600
수상한야생도화가,2022-10-01,593.33
수새임,2020-08-22,904.17
수수콩양갱,2021-12-24,68.33
수애끼,2022-01-08,1442.5
수영어푸헤엄,2022-03-01,1563.33
수제비칼국수왕만두,2024-03-16,167.5
수지타산호위법사,2020-08-23,915.83
수직군당장,2023-12-20,1515
수틀리면멈춤,2024-01-21,1540
수파크는소서리스를싫어해,2021-08-12,1302
수플릿,2023-07-31,1490
수호와천상,2020-08-23,1357.5
수확하는자,2023-07-25,1540
숙코는하프로때려영,2023-06-28,1415
숙코두목,2021-09-06,1335
숙코맞습니다,2021-12-27,1490
숙희아가곤듀,2022-01-23,1445
순복순,2022-07-06,1520.83
순새로이,2024-07-11,1620
순우등골뽑기,2023-09-28,1523.33
숟가락들기힘든나이,2021-09-03,543.33
술두잔해,2021-06-14,1365
술레바키,2023-01-21,1372.5
술먹고방구뽕,2024-01-26,1568.33
숨겨둔우산,2022-07-07,1430
숨숨,2023-12-22,1580
숨어라소서,2022-03-05,1460
숨죽인가장,2021-03-07,1330
숨참고딜할게요,2022-09-10,1368.33
숭개숭개숭개,2020-08-23,915
숭개숭개숭개숭개,2020-08-23,915
숭숭개개,2021-01-27,900
숭아는하프해,2022-07-18,1414.17
숲빛나비,2023-12-25,1540
숴소뤼수,2022-07-08,1460
쉐도우피날레,2021-04-12,149.17
쉬크한아가,2022-12-25,600
쉴드핑거,2020-10-04,930
쉴슬링어,2023-05-05,540
슈가로로제로,2022-02-20,1415
슈가진블레,2024-04-17,1158.33
슈라량,2022-01-12,1467.5
슈뢰딩거의업어치기한판승,2021-07-28,1302
슈샤는슈우샤아슈우슈우욱,2022-06-02,1370
슈샤요미,2023-01-21,1348.33
슈샤이어담당일진,2023-01-19,1482.5
슈샤이어섬의마음,2021-07-05,61.67
슈왜이,2021-11-01,1415
슈카유터,2022-02-06,1375
슈팔,2023-12-21,1510
슈퍼모코코도화가,2023-09-07,1417.5
슈퍼스타지우,2020-10-16,1521.67
슈퍼스타태태,2021-03-21,1315
슈퍼시금치스무디,2022-12-26,1340
슈퍼익스플로전,2023-03-05,1340
슉슉띵띵,2023-01-21,1340
슐채화,2023-03-06,1475
슘레이어,2023-01-18,1482.5
슘미니트리안,2022-07-07,1400
스그리,2023-12-20,1460
스노우하레,2022-07-06,1475
스루델,2022-05-22,1417.5
스르륵고양이,2021-04-27,460
스리낫,2023-07-26,107.5
스마게씨밥세끼잘챙겨먹어,2020-08-23,905.83
스마트웨어러블,2023-12-21,1580
스먀트,2023-07-01,1508.33
스물센,2021-12-21,1440
스오솔,2023-12-25,1475
스왓,2022-02-05,1415
스위티린,2020-10-01,915
스윙한방에날려버리기,2023-01-21,1340
스카놈,2024-07-15,1640
스카비니,2021-06-13,1330
스카우터허민,2021-04-11,1327.5
스카좡새,2021-09-19,600
스카진영,2021-07-08,1420
스카푸어,2022-07-06,1540
스카홉니,2022-10-10,60.83
스칸트,2023-12-20,1573.33
스칼렛라이트,2021-09-12,1447.5
스커는이렇게하는거다,2021-03-26,61.67
스커라구요,2021-03-18,1336.67
스커상향좀해주세요,2021-12-12,1325
스커원챔,2021-03-21,900
스컨뎅,2022-07-09,1415
스쿨존금빛섬광폭주샘이로,2023-12-23,1588.33
스타와붕,2020-08-23,450
스타짱조타,2022-02-20,1341.67
스타킹도살자,2021-08-30,206.67
스톰블링거,2023-12-22,1460
스트리트푸드망치,2022-07-08,1389.17
스파이나르,2023-11-05,1610
스페쿨2초녀,2024-05-28,1610
스펙트리스,2024-01-19,1520
스폰지크런치,2021-04-24,1325
스피디스,2022-06-06,1100
스피링,2023-12-29,1587.5
스핀커터와마엘스톰,2022-07-08,1460
슥빡중독자,2023-12-24,1460
슥슥삭삭리퍼,2021-01-30,1042.5
슥쥐슥쥐,2021-03-22,191.67
슨네,2023-01-19,1415
슬기로운강화생활,2022-12-31,1490
슬기로운조련생활,2022-07-06,1432.5
슬깃,2022-07-07,1520
슬라랏타,2024-07-12,1636.67
슬라임중독자,2022-02-05,1417.5
슬레개멍,2023-12-27,1543.33
슬레개발자,2023-12-17,500
슬레깨오,2023-01-19,1506.67
슬레리트,2023-01-20,1540
슬레마랑,2023-01-27,1465
슬레어디감,2023-12-24,1540
슬레이어별,2023-01-21,1340
슬레이어병욱,2023-04-05,460
슬레이어사랑단,2023-12-26,1580
슬레이어이로소이다,2023-01-21,1490
슬레이어키워야겠지,2023-01-21,1460
슬레이어해조,2023-01-19,1422.5
슬레캡틴,2023-09-27,1460
슬레타머큐리,2022-07-07,192.5
슬레하는때영,2023-07-30,1415
슬루이,2021-07-12,51.67
슬릭스프,2022-02-17,52.5
슬모반,2023-09-24,1447.5
슬미이,2021-07-09,1302
슬복슬복치,2023-08-03,1462.5
슬빛가람,2021-12-26,1422.5
슬뿌잉,2023-01-19,1506.67
슬셰,2022-11-26,55
슬에멍,2023-01-18,1490
슬에에,2023-01-18,1500.83
슬우깅,2023-07-01,1508.33
슴베냐,2023-12-22,1541.67
슴알,2020-08-23,1311.17
승훈이의추수교실,2023-08-07,1445
슾흐,2021-10-21,95.83
시간약속은잘지켜야합니다,2024-02-06,1511.67
시간할아버지,2023-06-30,1490
시골감성,2020-12-31,1340
시골마을경운기강탈자,2021-11-11,1370
시군,2022-01-09,1550
시군머,2021-03-21,1050
시금치맛쥬스,2023-03-07,1467.5
시너지로바꾸라면바꿀게요,2022-03-08,600
시너지안줄거임,2022-07-06,1472.5
시네즈,2023-02-15,1627.5
시드난,2021-06-04,1339.17
시러요용맹바드세요,2021-08-12,63.33
시르리엔,2020-10-21,915
시무무기습숭배,2023-11-15,168.33
시브레커,2023-12-20,1580
시아세린,2021-08-29,1415
시온의새벽,2022-01-07,120
시이바드,2021-03-27,915
시크릿바캉스,2021-08-12,1302
시크한집돌이,2022-02-16,1308.83
시프주니어,2022-12-24,1405
시혜윰,2023-09-25,1490
식국,2021-06-07,960
식빵물고등교중,2022-01-13,1302
신당동황제,2021-12-14,1093.33
신데렐라걸즈웅우예띠엔,2023-12-20,1546.67
신도렐라,2022-01-19,1390
신라히,2023-07-19,1490
신레이v,2021-07-09,1302
신뢰풍렬,2023-12-24,1600.83
신림동거세왕,2023-07-19,1415
신맛스타,2020-08-22,950
신발금이,2024-07-14,1640
신사임당리즈,2022-01-14,1460
신생유천,2022-01-12,1302
신성검달인,2021-01-27,1042.5
신성초포,2023-01-08,1370
신성태윤,2022-01-16,400
신의랄라,2020-11-22,1000
신자늼,2022-03-30,1360
신중복,2023-08-06,1493.33
신창동잡초베기,2023-07-19,1415
신캐만들러왔숩니돠,2021-08-12,1302
신화엘더,2021-03-21,935
실드받고싶으면모여,2024-07-13,1620
실드배터리,2021-03-23,1340
실드안배움,2021-09-06,960
실린실륑,2022-05-01,600
실링은,2021-06-08,692
실망적,2023-09-05,1600.83
실물빨이야,2020-08-22,1336.67
실버타운마법사,2023-07-21,1602.5
실시간SNS에서난리난,2024-01-07,1592.5
실앤11,2020-08-23,920
실앤7,2020-08-23,926.67
실장인,2023-12-21,1550
실크로드트레이더스,2021-07-05,61.67
싫끄,2024-04-03,1620
심바뚱땡이,2023-12-21,1536.67
심심풀이피칸,2022-02-02,600
심심하면심술,2020-08-31,903.33
심심힘,2020-09-17,1327.5
심연을찾는여행,2023-09-14,500
심정례,2024-02-21,1460
심춘,2022-03-07,1462.5
심판하고다님,2023-07-02,1508.33
심팬지,2021-03-27,1310
심플라이프,2024-01-12,1540
심하솜,2023-03-07,1340
심하희,2022-10-06,1500.83
싱송송싱송,2023-04-10,346.67
싱싱우럭,2023-12-21,1580
싱짜호,2021-07-19,1427.5
싸움꾼휴이,2023-12-21,1580
싸움말리기장인,2022-12-21,1500.83
싹독,2022-12-21,1340
싼다윤,2024-03-17,1602.5
쌀띡,2024-07-13,1626.67
쌀먹의고수,2023-05-12,460
쌀밥집막내딸,2023-01-19,1490
쌈겹살에쏘주,2021-12-25,1302
쌍권총낭만헌터,2023-01-09,600
쌍문동소울이터,2023-07-20,1495
쌍뿔풍뎅이,2020-09-11,985.83
쌔랭,2023-01-23,92.5
쌘언니왔어요뿌우우,2021-01-29,925
쌤통걸,2023-07-20,1490
쌩얼,2024-07-11,1619.17
써져C,2021-12-07,1415
써쥐치,2020-10-05,915
썬더스도화,2023-12-24,635
썬셴,2022-07-07,1462.5
썰리나농,2023-01-25,1340
쏘쑤쩜,2021-05-27,64.17
쏘오우르이터,2024-07-13,1640
쏘울좌,2023-07-20,1540
쏘울콘,2023-12-14,1506.67
쏘원투,2021-04-14,1343.33
쏘주빠는도아가,2022-01-21,1370
쏘죽빵야,2021-01-29,1050
쏘짤,2021-08-14,1370
쏙독,2023-12-26,1551.67
쏠수이쏘오,2022-07-09,1415
쏨데렐라,2023-07-22,1500
쏫슈,2020-08-23,1022.5
쏴울이터,2023-07-19,1508.33
쑤바녀,2024-07-11,1610.83
쑤앵리,2022-08-01,1415
쑹뿔래기,2023-01-29,1340
쓰겐,2021-11-20,1370
쓰뇨옹,2023-12-21,1477.5
쓰밍s,2021-07-16,1302
쓰임,2023-01-20,1490
쓱쓱재원,2023-09-02,1415
쓸기몬,2022-08-25,526.67
쓺렒읾얾,2023-01-19,1490
씅또롱11,2024-06-02,1540
씈쿤,2022-07-07,1389.17
씌니피메,2021-05-19,1050
씨락갓,2021-04-05,1325
씨에스홀리냥,2022-07-18,91.67
씩씩한순돌이,2023-12-09,1580
씹소울이터,2024-01-26,1460
씻어먹는탕후루,2024-02-03,1460
씽씽숑숑,2022-08-16,1556.67
아가곰킹이,2022-01-21,1370
아가기관차,2023-01-28,1340
아가날파리,2022-01-14,1447.5
아가다옹,2022-01-15,1460
아가만용,2022-01-29,1302
아가뭬옹,2024-07-12,1630
아가세한탕탕,2021-03-29,1326.67
아가시렁,2022-01-13,1455
아가양야,2021-11-22,1505
아가유니님,2023-10-11,1601.67
아가재우고자두돼,2022-01-23,1326.17
아가중섭,2022-01-28,1302
아가혜진,2022-01-22,1447.5
아그니쿤드,2021-11-16,1415
아기과자베,2021-04-24,1341.67
아기샛별,2022-01-13,1460
아기재이,2024-01-03,1620
아기제니,2023-12-20,1610
아기환무,2023-12-21,1580
아나요,2020-09-04,915
아날로그감지기,2022-12-21,1470
아늬다래,2024-07-14,1640
아니방금죽은거개억까당함,2022-03-23,600
아니뼈맞았다고,2020-09-29,1015
아니서폿님,2021-07-06,915
아니왜그렇게쳐다보세요,2022-01-12,1452.5
아니이게치명이안뜨네,2023-11-07,1480
아더탱,2021-11-03,130
아랑부,2024-07-11,1602.5
아르띠엣지c,2020-08-23,915
아름답지않으냐,2023-01-19,1394.17
아리나헤임달,2023-07-07,1415
아리냉,2021-08-06,145
아리앨아미,2021-02-12,1325
아멜희칸익스프레스,2023-12-20,1550
아모홀리잉,2022-01-25,1370
아몬데아몬드후레이크,2022-12-24,1490
아몬드방방,2024-02-16,1490
아뵤키,2021-09-12,1430
아브렐슈드동생,2021-11-08,960
아샤젤,2021-04-21,925
아수라의길을걷다,2023-12-23,1563.33
아싸버섯커,2022-03-24,1480
아이Ooo,2023-01-31,1465
아이고이런된장,2023-07-06,1500
아이고이런제엔장,2023-12-26,1590
아이도루기행종,2024-07-15,1640
아이도루이도비,2022-07-19,1465
아이름뭘로해야할까,2021-07-05,61.67
아이린,2022-07-19,1500.83
아이스돌체쿠키라떼,2022-10-07,600
아이스아인슈페너라떼,2023-07-04,1508.33
아이언맨입니다,2021-01-02,945
아이언은아니고아연맨,2021-08-16,117.5
아이의잭과모코콩나무그림,2024-02-10,1620
아이티틴,2020-08-22,967.5
아이퓨처,2021-05-09,1370
아인루사드,2021-12-25,1415
아인스티드,2021-07-08,1415
아임뚜부,2021-04-02,1358.33
아자1,2021-01-06,1415
아재임여,2022-01-23,1477.5
아치네당근,2022-01-21,132.5
아침사랑,2020-08-22,802
아칸파괴자,2023-01-24,1490
아코르테,2020-08-22,1306
아크라시아워로드,2021-05-13,1340
아키스톤,2021-06-11,1505
아키주,2022-03-05,1460
아키한,2022-01-27,1415
아튜치적싸개,2022-11-19,1493.33
아푸니카노인이다,2020-09-09,325
악귀의길,2023-12-20,1460
악당코인,2021-08-12,1302
악동하랑,2024-07-11,1630
악마곰킹이,2022-07-19,1420
악마피,2023-12-27,1520
악백,2022-03-11,1560
악세파밍하는캐릭터,2023-01-18,1349.17
악의망치,2022-07-06,302
악의소울,2023-07-21,1512.5
악조,2021-08-12,1370
악질순이,2022-02-14,1318.33
안내면슬레짱가위바위보,2023-01-18,105
안녕난따앙구,2023-02-28,1503.33
안녕춘배와나비,2023-06-10,1385
안녕콩콩,2022-01-14,1302
안녕하녜뇨,2023-09-19,1482.5
안뇽nOvOn,2020-10-23,915
안달루사이트,2020-08-22,967.5
안될년,2020-10-01,970
안드리우,2023-11-18,500
안먹으면다음은없어요,2024-07-14,1640
안바주냬,2021-01-30,1340
안바주네,2020-08-23,950
안봐주내,2020-08-23,997.5
안봐주냬,2020-10-09,915
안스카리오,2023-12-22,1583.33
안시윤,2023-12-29,1590
안아민,2021-03-28,1382.5
안양소울,2023-10-19,545
안해디,2022-12-29,460
알감자버터구이,2021-08-13,1415
알격필살,2021-03-22,1050
알고보니,2023-12-24,1510
알까기8단,2022-07-10,600
알려주세오,2021-08-07,1302.33
알력수련,2022-06-11,302
알로틴,2023-01-23,1500
알발비,2021-12-02,1100
알수없니,2022-04-24,254.17
알윤,2022-07-04,1510
알의소리,2021-01-06,915
알잘딱,2023-12-20,1477.5
알카치코,2023-10-05,500
알카콘,2021-05-04,520.33
알콜분해효소없는주정뱅이,2022-03-21,1445
알콜중독도아가,2022-01-30,1325
알테루아II,2023-10-08,1460
알템포,2020-09-13,883.33
암살못해연,2022-07-25,71.67
암살은어려워,2022-11-02,1571.67
암살카,2021-03-04,1339.17
암용맹암용맹그대여,2024-01-13,1600
암흑등대,2023-07-21,1490
암흑살귀사신,2023-07-20,1415
암흑칼퀴,2021-02-05,1325
압구정힙합라쿤,2022-08-08,1460
앗녕핫새우,2021-08-14,1370
앗몰랑,2022-03-18,1337.5
앗사라무알라이쿰,2022-08-04,1447.5
앗원기옥이빗나갔네,2021-12-20,1490
앗체리,2021-03-14,721.83
앙나브,2021-07-08,1370
앙떡순,2021-08-11,1393.33
앙마대소서,2021-08-21,1302
앙마바바,2021-05-20,1340
앙마의키쑤,2020-08-23,1325
앙씩커띠,2023-07-19,1415
앙앙민지,2022-12-11,1370
앙앙뽀짝,2021-06-07,955
앙큼냥이창술,2024-01-02,1585
앙큼한호랭이,2021-08-12,1377.5
앙폴커띠,2022-07-07,1460
앙피커띠,2023-01-19,1490
앜령,2023-07-19,1500
앜영,2023-12-25,1582.5
앞x8,2023-12-23,1573.33
앞만쨩,2023-12-20,1545
앞에서축오싸개,2022-11-13,1550
앞플,2020-09-29,1340.83
애기동인,2024-07-11,1640
애기서비,2022-01-12,1500
애기시골도아가,2022-01-26,1460
애기알콩,2023-03-09,1477.5
애니마스터,2022-08-14,1580
애니츠의샛별,2023-01-08,1340.83
애니츠토박이박민주,2021-07-06,61.67
애벌레형,2023-12-21,1540
애옹은지,2021-10-06,1455
애원슈,2023-01-26,1475
애정츄츄,2023-11-18,1610
애찬,2021-08-29,1415
앤트로비,2022-07-20,105.83
앤해운,2022-07-06,1445
앨리제이,2021-09-14,1370
앵두쥐,2021-08-12,1302
앵또죽,2022-10-29,600
앵벌1245,2022-02-25,1370
앵윤,2022-01-21,1351.67
야니가창아라,2021-07-09,1365
야록뾰이,2022-07-01,302
야무진묘시기,2024-05-24,1607.5
야생루비,2020-10-01,1032.5
야야할래,2022-07-07,1475
야옹아어흥해바,2021-04-05,1360
야타마루,2023-07-20,1490
약은약사한테힐은바드한테,2022-01-11,1370
약주국,2023-03-11,1340
약초씨,2021-02-12,1385
얀하푸,2022-01-04,1367.5
양궁장아들내미,2023-01-26,1340
양념소스,2023-11-16,1583.33
양손노씨,2023-08-20,1490
양우재,2023-12-20,1568.33
양택균,2023-10-12,1422.5
얘키언제자람,2022-01-23,1475
어금모코코망치퍽퍽퍽,2023-08-27,1583.33
어금황혼의대주교,2023-08-27,1620
어둠냥아치,2021-10-30,460
어둠의방패전사,2021-07-17,234.33
어둠칼날비,2023-01-24,1490
어디에도없고언제나있다,2023-07-20,1490
어름땡어름땡,2022-07-06,1460
어린사과나무,2024-07-11,1623.33
어린이산책코스,2023-01-12,1375
어머니의장조림,2023-07-22,1425
어머튼실하네,2023-05-05,135.83
어솜,2021-03-08,1343.33
어티,2021-08-12,1302
어퍼첨,2023-12-22,1571.67
어피치는복숭아얌,2021-08-16,1408.33
어항임다,2022-02-28,426.67
어허응,2021-01-21,1325
어허이아줌마가진짜,2023-01-18,1492.5
어흐응,2022-07-11,1475
어흥떡하나주면안잡아먹방,2020-08-22,910
어흥하는호떡이,2023-12-21,1580
억너,2023-03-19,1500
억어,2023-10-23,258.33
언니벨,2023-12-10,1605.83
언니시도,2021-01-21,1340
언빌리버블티차,2021-09-21,1370
언제나걸크러쉬,2023-01-20,1100
언제나먹고자,2021-04-01,1325
언헤일즈,2021-07-01,64.17
얼음물주세욤,2023-01-19,1445
얼음붓,2022-01-12,1399.17
얼죽아얼죽코회원,2020-10-13,915
얼짱기룡,2024-01-14,1477.5
얼큰한소고기육개장,2023-12-20,1602.5
엄딘딩,2021-05-11,930
엄마나는도심언제나와요,2022-07-07,1480
엄마난커서잼민이가될래요,2022-07-10,1493.33
엄마는아들이제일잘생겼어,2021-07-17,1370
엄블봉,2024-05-26,500
엄지온,2023-07-21,1490
엄청나게뜨거운목탁,2023-01-18,1490
엄청난공격력,2021-10-27,1415
엄청난후유증,2021-12-12,1511.67
엄피컨,2021-11-02,1415
엉덩바라,2023-12-24,1510
엉덩이가탐스러워요,2021-08-24,1420
엉뚠뚠,2020-09-27,1340
엉터리예보,2022-07-07,1340
에르빅,2024-07-11,1615.83
에버랜드소울리스,2023-07-20,1512.5
에버랜드에서탈출한하마형,2023-12-22,1540
에스더샨디,2023-12-20,1460
에스더찹라투르,2021-07-10,1302
에스더햄토리,2021-12-23,107.5
에원세,2023-04-15,1462.5
에잇빙시야,2023-01-20,1415
에페다,2022-07-09,1457.5
에피루미엘,2022-01-23,960
엔더,2021-08-25,1462.5
엔마스터,2021-05-06,613.67
엔시에라,2023-07-24,1505
엔젤베인,2021-03-14,1385
엔젤퐁퐁,2022-03-28,1492.5
엔키클라두스,2021-09-07,1325
엔탑스카,2022-04-04,1046.67
엘다솜,2023-06-30,1437.5
엘라담리,2021-04-24,1266.67
엘레이송,2022-07-10,1460
엘루아가,2024-07-13,1640
엘이씨,2021-09-01,1405
엘준,2023-12-22,1560
엘팜s,2021-03-07,975
엘프도아,2022-06-20,600
엘피1호,2021-06-14,621.17
엥쪽,2023-08-03,500
엥페,2023-12-20,1573.33
여걸,2020-08-23,415
여기바드는이쁘네,2021-09-18,1374.17
여기서도등골을부수고싶다,2023-12-20,94.17
여너,2022-01-12,191.67
여름빛검,2021-05-02,1325
여름사랑,2023-12-23,1566.67
여름싫어더워,2023-01-09,1477.5
여름에우박이,2022-12-21,1490
여름의신영,2023-07-21,1415
여름처럼화끈하게,2023-01-12,145.83
여름푸푸,2023-07-29,1445
여신로리정,2021-07-24,960
여신여래아,2021-12-28,110
여왕뽀블리,2023-01-18,1490
여왕참치,2022-05-11,1415
여자의가슴은남자를울린다,2023-01-25,1460
역병두꺼비,2021-08-14,1327.5
역시바드보다는홀리나이트,2021-08-12,1302
역천펙스,2022-12-22,1340
연경동여심폭격기,2022-12-29,1460
연두색물컵,2023-07-20,1490
연두퐁당,2021-04-26,1325
연듀할레오,2021-07-24,1302
연또먹,2023-12-23,1541.67
연보랏빛물병,2023-01-19,1462.5
연분띠,2024-01-14,1475
연수돈까스,2024-01-24,1620
연수오빠,2023-12-23,1580
연이히나,2024-07-13,1640
연차누락,2024-07-11,1633.33
연천다이사,2023-01-20,1415
연청바드,2021-07-12,1430
연초에연차다쓴사람,2024-07-13,1640
연탄불고기장인이선균,2024-01-15,1612.5
열공하는디트,2021-07-09,1302
열무화가,2022-01-13,1411.67
열심히구르는실프띠,2021-02-27,111.67
열여섯번째키우는거,2023-01-22,1520
열차속도를높여라,2023-12-20,1545
엽꼬리,2021-02-02,1315
엽문사십세,2023-01-19,1470
엽스트,2022-09-26,600
영덕물게,2021-08-12,1335.83
영등포도,2021-07-12,1365
영선반도보라,2022-09-03,1475
영악한도비,2024-07-14,1640
영웅아란,2021-08-14,1302
영이이얀,2021-08-21,1340
영주염,2023-01-20,1340
영지만찬도둑철이,2023-01-19,1490
영혼먹는한라봉,2023-07-22,1415
영혼사장,2023-08-04,1415
영혼장인,2023-07-19,1460
옆동네약쟁이,2021-03-21,1020
옆집총자비,2020-09-26,875
예남,2020-08-23,942.5
예니체리기상술사,2023-07-24,259.17
예담소,2023-07-19,1415
예리한죽선,2022-02-01,1302
예민맥스치적싸개,2023-02-23,1390.83
예민한련,2022-08-21,1601.67
예스점핑바드,2021-03-14,940
예업,2023-08-29,1503.33
예유화린,2021-12-07,1475
예절주입기전립선브레이커,2023-12-20,1580
예쿨,2022-06-09,1093.33
옌하일,2021-08-31,1340
옘또까또까,2022-09-22,1563.33
옛날아저씨,2022-07-08,51.67
오곰이다,2023-02-07,1393.33
오그리퍼,2024-03-19,1510
오늘소울은하루종일맑음,2023-07-20,1496.67
오늘아침은첵스초코,2022-07-13,1467.5
오늘아침은콘푸로스트,2022-05-21,1385
오늘은일찍잘수있을까,2022-01-27,1371.67
오늘하늬,2023-01-19,1340
오도해병톤톤정,2022-02-09,1302
오디컴퍼니,2021-10-18,1415
오뚜기백세카레,2021-06-11,534.17
오래된유물흔적,2021-11-10,1370
오레도구,2021-03-27,370
오레오민초,2024-06-28,1620
오르카머리,2021-05-26,1374.17
오르트구름은어떻게생겼을,2022-07-06,1415
오믈오믈,2023-09-10,1550
오배가,2021-09-04,1385
오빠기상,2022-07-06,1500
오빠나심심해,2022-01-28,1370
오빠뒤에있어,2021-12-30,144.17
오빠소꿈치,2022-12-10,302
오빠솔꿈치,2024-07-13,1640
오빠의전동망치,2023-01-19,1500
오빠총뽑아따,2021-01-30,1050
오빡,2023-12-22,1620
오스카단,2022-03-25,1302
오스페어,2022-03-15,1302
오염된고추,2021-07-29,966.67
오오옥,2024-03-14,1620
오우나핫걸잠깐쉬다갈래,2022-10-15,190.83
오월당,2022-03-19,1348.33
오은영의금쪽이솔루션,2023-08-09,1580
오의꿍,2023-12-20,1520
오의요정,2021-12-26,1369.17
오이도조개방패,2023-08-12,1415
오이찐만두,2021-03-15,1336.67
오징어중츼고미남,2023-01-18,1508.33
오크여왕한호진,2023-12-20,1540
오토붓,2023-05-21,60
오피네스a,2023-07-04,1455
오피네스w,2022-09-10,1465
오혜린주먹,2023-12-22,1540
옥동자메가톤와일드바디,2023-05-08,600
옥수수통조림캔,2022-03-17,600
옥탈래,2021-07-18,460
온기담은,2022-02-12,1506.67
온방울,2023-11-04,1490
온천천키사메,2021-03-25,1323.33
온호수,2024-07-13,1630
올라유,2020-11-08,915
올스퀘어,2023-08-16,1550
올해는무슨일이,2021-07-09,1302
옷가게,2024-07-12,1640
옷벗어찌찌들어간다,2021-10-02,1410.83
옹빵빵,2021-09-05,1415
와1년만에정식오픈,2020-08-23,802.33
와랄라아가쨩,2023-07-02,1465
와로드님넬라좀요,2023-03-15,204.17
와브릴,2022-01-22,1445
와비아,2022-07-09,1490
와씨이게맞네,2021-05-23,1325
와이파이안좋네,2021-08-15,1355
와쿠와쿠쓰루죠5,2022-01-23,1340
와플비둘기,2021-02-12,375
완망치쓰리강냉이,2022-12-22,1411.67
완벽한호랑이,2023-11-10,1604.17
왕꾸,2024-01-18,1540
왕마음왕,2023-07-23,1415
왕밤거북이,2023-07-21,1490
왕보쌈,2023-12-20,1640
왕뿌뿌,2023-12-21,1520
왜나랑안놀아쭈냥,2021-03-09,1050
왜날뷁저기마크위,2024-05-24,1620
왜아무생각이없어요,2021-08-12,1302
왜큐스커,2021-11-13,466.67
외계인소울이터,2023-07-21,1506.67
외그럐요,2023-12-21,76.67
외로운섬의디바,2023-11-18,1415
외로울땐모닥불,2022-02-19,1340
왼손은황천길오른손은,2023-12-20,1460
왼손의윾염룡,2021-08-22,1420
요거트토르테,2022-02-19,1100
요드릭,2023-09-22,890.83
요들세린,2022-01-11,1348.33
요를레히후10세,2023-10-09,1415
요마굼뿌레커,2023-12-23,1580
요망진우기,2024-07-14,1640
요양원휠체어도둑김청각,2021-04-20,1370
요호밍,2022-01-15,1475
욕심수,2021-09-23,1430
욕하면신고함,2021-07-11,1408.33
욛시,2022-11-15,1370
욜라깔쌈,2022-01-29,1060
용담동화마군단장,2023-01-19,1490
용대,2020-08-23,1340
용맹주게그만맞아요,2022-03-31,1417.5
용맹핀,2020-12-27,900
용맹한메르,2023-01-19,1340
용봉자,2021-04-05,1005
용차블레,2022-12-24,1415
용테이크,2021-05-09,935
용혈루아,2021-11-29,1415
욫시,2023-11-20,70
우당탕후루로만들어주마,2023-12-13,500
우디뀨2,2021-12-24,1415
우땅초,2022-12-22,1490
우띠쓰,2021-03-18,1037.5
우띠요,2023-01-19,1340
우럭따리,2021-08-14,1485
우렁이불,2021-12-23,1302
우리같이그려볼까요,2022-12-24,1462.5
우리딸뿐이야,2023-11-05,635
우리불고기,2021-07-11,1417.5
우리집닭강정,2022-12-23,1475
우리팀정글트롤,2023-07-21,1540
우마이걸,2021-04-16,65.83
우만사제,2020-08-23,1005
우메우메,2024-01-24,1460
우미훈,2023-12-21,1540
우비고먐미,2022-07-06,153.33
우산가게아가씨,2022-07-26,600
우산낭만,2022-07-07,1415
우산단장,2023-11-21,1563.33
우산도적네즈코,2024-05-24,1601.67
우산동이,2022-07-13,174.17
우산든고냉이,2022-07-10,1460
우산뚤기,2022-07-07,1475
우산뽀린잼민이,2022-07-06,1490
우산쓰고집에가자,2023-01-23,1425
우산쓰러왔어여,2022-07-09,1460
우산피치,2022-07-07,1465
우성알파광공,2023-05-30,600
우승자,2021-10-12,1490
우아한티샤여왕님,2023-06-29,1495
우앙토끼,2023-01-14,302
우연신,2023-06-04,1445
우올,2024-02-25,1594.17
우유아비,2021-09-21,228.33
우유크림치즈빵,2023-09-19,1445
우으즈,2022-07-07,1340
우주대포슈타휘냘,2021-07-09,1302
우커나,2021-03-04,1340.83
운무깡통,2021-01-26,1050
운무데모닉,2020-08-23,921.67
운무망치,2021-07-09,1302
운무방패,2022-02-07,1302
운학시,2020-11-29,809.5
운학아,2020-12-24,915
울빵이,2024-03-11,1540
울산기상청장,2022-07-07,1507.5
울집고양이는유부두부,2021-04-21,925
울집정수기얼음나와영,2020-12-18,61.67
움직이기귀찮아,2021-11-27,1460
웃문곰,2022-07-19,1385.83
웅무병,2022-12-22,1340
웅슈수,2020-10-05,1346.67
워너해피,2023-11-09,1590
워노바,2021-09-19,446.67
워뇨대사,2024-01-14,1576.67
워능박,2023-03-03,1415
워등이,2023-01-20,1500
워로드7H쓰레기,2021-07-29,1381.67
워로드aa,2021-07-09,58.33
워로드는서포터가맞아요,2023-07-18,1450
워로드뚜뚠,2021-07-04,62.5
워로드불고기로드,2021-07-10,1302
워로드빌헬름,2021-05-15,167.5
워로드워로드조아,2024-07-15,1640
워로등워로등비켜나세요,2021-06-08,1340.83
워로옷드,2023-12-19,1610.83
워린기상,2023-01-24,1415
워붕벅,2020-10-07,915
워황무무,2022-10-24,1615.83
워황베르,2022-02-28,1500
원기옥100배,2021-07-09,1415
원기옥안쏘면기공사왜함,2023-07-04,89.17
원딜혜지,2021-02-05,1325
원소마법여자,2021-08-12,1302
원신게시판,2023-06-30,1490
원어스,2023-12-28,1460
원태은,2023-12-25,1475
원투꽁,2023-12-21,1541.67
원펌치,2022-07-17,1340
월계대장,2021-01-30,1040
월계두목,2021-01-03,1005
월남쌈입니다,2023-06-30,1475
월령기상술사,2023-12-24,1535
월명공원,2021-01-21,1355
월상w,2022-12-26,1602.5
월영젤리,2023-07-25,1415
월천야서장,2021-12-25,1455
웨더,2022-07-06,1500
웨더콘,2022-07-06,1467.5
웰니스블루,2023-07-20,1490
위구,2021-03-02,1370.83
위드라면외로드,2021-08-05,1385
위례대로불주먹,2023-12-29,1470
위르아람,2023-12-24,1583.33
위협의외침,2023-12-21,1580
윈터리얼,2021-11-13,1485
윙귀요,2021-08-16,1392.5
유감자탕,2023-10-14,70
유기농우유,2023-01-18,1465
유기뇽,2023-12-22,1625
유나윤,2023-12-22,1510
유니앗,2021-04-24,1346.67
유댕필,2024-07-12,1620
유련행,2023-12-24,1584.17
유련화향,2022-07-07,101.67
유령너무무서워,2021-08-12,1302
유리색하늘,2021-12-28,1370
유리쨘,2022-06-10,1522.5
유물펫이다요,2021-12-04,1460
유배지에서,2022-07-10,1370
유보빈,2024-07-12,1626.67
유산상향좀,2023-09-11,193.33
유산슼우,2021-09-30,302
유선린,2021-07-26,1400
유설격파,2021-02-16,1355.83
유스토,2023-12-21,1541.67
유어r마핥브레이커,2023-12-20,1580
유우지,2023-12-24,1462.5
유월이욤,2021-07-14,1415
유존윅,2023-04-06,1560
유차양,2021-07-13,1445
유채화를잘그려요,2023-01-06,92.5
육군기동타격대,2021-08-29,1302
육미향,2023-06-30,1500
육성그만하고싶다,2021-11-22,1432.5
육식공용,2021-03-14,1325
육십프로,2023-02-28,1487.5
윤나블,2024-01-12,1610
윤다벨,2023-01-20,1417.5
윤진영,2023-12-22,1610
윤채윤,2021-04-18,1437.5
윤해아,2022-07-08,1480
율딜,2023-08-20,1602.5
율리풀,2023-08-15,1592.5
율유야,2022-07-07,1340
율은결,2023-12-31,1590
으니니이잇,2021-01-07,1340.83
으읜,2021-12-23,142.5
은로틴,2023-12-14,500
은리율사,2023-01-20,1467.5
은링뀨,2022-01-25,1517.5
은비오는날,2022-07-06,1385
은빛달향기,2021-07-09,1355
은빛의횃불,2021-03-23,1350
은새영,2023-10-12,1465
은설님,2021-02-06,915
은애하는,2020-08-22,1350.83
은예솔,2023-09-20,1610
은하그리기,2022-01-13,1460
은행동개병,2022-12-22,1477.5
은혜갚은쿵야,2022-02-10,1302
음원공개,2023-12-20,1580
음주금지,2022-07-07,1415
응애나아기화가맘마줘,2022-01-12,1320
응애박사,2022-01-22,1510
응애밧드,2021-12-18,960
응애아가바드쨩,2021-07-05,215.83
응애아가인파,2020-11-27,915
의뢰서폿,2022-01-14,1475
의엽,2024-07-10,1611.67
읭소울,2023-07-22,1447.5
이거나올줄알고광기안키움,2023-01-20,1518.33
이거뭐하는게임인,2021-03-07,1042.5
이거버서커아닙니다,2023-11-29,1460
이거탑챔맞나요,2020-08-23,821.17
이것이성기삽니다,2022-01-22,1347.5
이게몇번째배마더라,2023-12-21,1525
이게절정,2023-03-13,1340
이게진짜인파,2023-12-26,1460
이게트루버서커지,2023-01-21,1340
이나느니,2021-08-31,1404.17
이난호크,2023-07-06,1415
이누마리,2021-11-16,1447.5
이뉴민,2023-12-27,1580
이니빈,2023-09-15,1584.17
이다탕,2021-03-10,1505
이따호떡집에불이날거예요,2021-08-12,1302
이또구,2021-12-28,1328.33
이럇챠앗에잇,2023-06-10,302
이렇게잘탈수가,2024-07-11,1640
이름없는밤하늘에빛나는별,2021-08-12,1415
이름을찾아보자,2020-08-23,1005
이름있을수는없지,2024-07-12,1640
이릴링,2021-06-03,980
이망치가세상을구할꺼라믿,2021-05-14,546.67
이명,2023-12-20,1551.67
이모여기돈까스하나주세요,2021-07-31,1445
이무찬수,2024-03-07,1550
이미있는도화가,2022-01-24,1475
이번엔바드릴게,2021-05-23,1340
이번엔정상적인홀리나이트,2022-12-22,1490
이범수,2022-04-15,1100
이별의위스키,2021-04-12,915
이별턕시,2022-06-02,1457.5
이비시엔,2023-07-20,1508.33
이비엘,2023-01-19,200.83
이쁨의왕,2022-06-04,1370
이샤라,2020-08-23,1340
이설술사,2022-12-22,1370
이설잉,2021-07-24,814.67
이성휘,2021-04-05,1331.67
이세계의소음궁당장눈올플,2021-08-12,1364.17
이세계인절미,2024-07-15,1640
이세상에서기억되는방법은,2024-01-06,1600
이슬레좀쌔네,2023-01-18,1500
이슬콸콸,2022-01-21,201.67
이슬탱이,2022-07-07,1415
이슬퐁,2020-08-23,903.33
이시시,2023-12-24,1475
이신향,2023-12-21,1591.67
이씅휸,2023-12-26,1475
이아린S2,2023-07-25,1455
이아이가카양겔을갈까요,2022-07-20,1399.17
이안에풀꽃,2022-04-05,1556.67
이앤진,2023-01-20,1445
이연법인세항목,2022-03-01,1545
이영광의스케치북,2023-12-18,500
이웃집마루쉐,2021-03-07,1350
이이설,2022-01-13,1475
이이승승태태,2022-09-12,1570
이이육구,2022-11-28,1585
이이잉모코콩,2023-07-10,1482.5
이젠바다로떠날거예요,2022-07-04,393.33
이젠저도예뻐요,2022-08-26,140
이즈나콩콩,2023-08-30,1490
이지은이지은,2020-09-02,1000
이진술사,2022-12-21,1340
이징옥,2020-10-16,1025
이치오,2023-12-23,1580
이케릭이사냥이빠르다길래,2021-07-20,90.83
이터널리턴즉시접속,2023-10-08,1490
이터레이닝,2023-07-25,1490
이프엘,2022-03-29,802
이하프는이제부터제겁니다,2022-01-23,1467.5
이환,2022-01-20,1445
이환미,2022-01-17,1370
익고바바,2022-04-11,493.33
익명프로,2020-08-22,550
익숙한얼굴,2023-12-22,1580
인라잇,2020-08-22,400
인생절망,2022-02-15,1302
인절미콩,2022-01-28,1467.5
인파안,2023-11-14,1583.33
인풉,2020-11-05,1345.83
인프디,2022-12-23,1370
인프슬,2023-01-19,1340
인프워,2024-05-24,983.33
인형탈쓴중년남성,2021-08-24,1355
인후동팔라딘,2021-03-14,980
일급맑은물,2023-01-21,1490
일눈네린이야,2023-09-01,1100
일단만들긴했는데에,2022-07-10,1435
일랜건슬4,2021-11-04,1415
일로와레몬,2023-11-01,1600
일망운,2023-10-22,1508.33
일본어쓰는나라는일어나라,2023-01-21,1430
일요일바보,2023-07-20,1415
일일권오셨나봐요,2023-12-27,1540
일일에포나132,2021-04-24,900
일짱래초,2023-12-22,1475
일황후,2023-07-01,1500
임덕아,2022-01-14,1460
임만혁,2022-02-09,1415
임말랑이,2021-09-22,1415
임홍염,2022-10-01,1415
입구대기매우빠름,2022-12-25,1580
입력값오류,2022-05-30,1415
입술장군,2020-10-05,1030.83
입실론에타,2021-08-13,1370
입퇴실,2021-04-30,1355
잇쑈켄메이,2021-10-08,460
잇츠배마,2022-12-24,1490
잉붓미,2022-04-24,1355
잉크맛탄산,2022-10-28,107.67
잉텅,2024-01-21,1590
잊혀진슬레,2023-01-18,1415
잊혀진화살,2022-01-03,1335.83
자두먹구싶당,2022-07-06,1340
자드마마,2020-10-31,930
자몽꿀블랙티,2022-01-25,1370
자밸,2024-04-23,1630
자연산수묵화,2022-01-14,1460
자연산풍금,2021-03-20,1340
자이멍,2021-03-18,900
자주화내는애,2021-09-09,72.5
자체실드를꼭해보고싶었다,2021-03-22,833.33
작가유인서,2021-07-09,1330.83
작별함,2023-07-22,1442.5
작은눈나,2021-01-21,920
작은별비,2022-12-22,1340
작은사나래,2022-12-02,1432.5
작은아가리퍼,2024-07-15,1640
작전동신짜오,2021-08-17,467
잔디구름,2022-01-25,600
잔망딸기모짜렐라,2022-12-22,130
잔밍붓,2023-03-12,1340
잔밍플,2023-06-30,1490
잔재라고할뻔,2023-12-26,1575
잔혈발사대찍로드,2022-11-22,1385
잔혹한장난감섬,2022-07-17,1460
잘가유산스카,2023-01-18,1340
잘못잡수셨나,2021-12-24,1302
잘별님,2022-03-20,1302
잘안죽는워로드,2021-02-27,1050
잘자굿나잇,2022-07-06,1465
잠꾸러기상드겅듀,2020-10-01,920
잠서누,2024-01-12,1520
잠원동돌고래,2023-07-14,1415
잠자는숙코의공주,2023-07-24,1467.5
잠자는퐁듀,2023-04-16,1560
잡느,2021-07-29,51.67
잡동사니겸창고겸,2020-09-06,915
잣냥펀치,2021-08-13,1340.83
장기구십구계승,2020-09-29,915
장기백만봄,2021-08-28,1302
장다리한우마당,2022-08-09,1475
장래희망새박사,2023-07-20,1500
장래희망오리뺙숙,2023-08-18,1415
장마쨩,2022-07-06,1340
장문볼락,2023-06-29,1415
장승뿌리기,2022-07-06,1490
장엽건슬링어,2022-07-02,186.67
장위동기상캐스터,2023-07-17,1487.5
장호쓰,2023-07-20,154.17
재그이,2021-08-19,1304.17
재나이트,2020-08-23,903.33
재롱v,2023-01-19,1381.67
재료B,2021-06-02,1325
재미난여대생,2024-01-04,1540
재미없는건아닌데메이플함,2023-12-23,1556.67
재벌딸래미,2021-07-09,1415
재벌집막내애기,2022-12-25,1415
재욱머너,2023-05-16,460
재욱킹,2023-05-02,1076.67
잭슨맹,2021-02-28,1037.5
잼드아츄,2023-06-29,91.67
잼드용,2022-01-23,1370
잼르방,2023-09-14,1580
잼민이우스,2023-12-05,1600
잼토라,2023-07-20,1560
쟈몽듀,2023-09-08,86.67
쟈쿠창술,2022-06-02,1100
쟤가잘해요,2023-12-23,1556.67
저격하는도요새,2021-09-27,1415
저기같이가요,2022-01-14,1415
저기다냥,2021-08-17,1302
저는낫으로베어버려요,2023-07-24,1490
저는데빌헌터에요,2023-05-17,1370
저는미천한딜화가입니다,2024-07-15,1640
저는비버아닌데용,2022-11-16,302
저는어디서변신해야할까요,2024-07-14,1640
저달이지면,2024-05-07,1591.67
저도서폿이에요,2021-07-09,55
저도폭주에관심있습니다,2023-01-23,1490
저리가멍청아,2023-07-25,1480
저악마아닙니다,2020-12-29,967.5
저정도인가,2023-12-31,1568.33
저주받은워붕,2021-04-24,1325
저한테대검이무거워요,2023-04-07,1302
적당히패다가로그아웃하자,2023-01-19,1540
적룡신의기사루나인버스,2024-07-14,1633.33
적혈자,2023-12-21,1580.83
전기뱀장어,2023-12-21,1610
전두엽분쇄기,2021-07-21,1370
전디붕,2023-12-25,1482.5
전라south도,2024-02-27,220
전사는가슴이시킨다,2023-02-28,1340
전생했더니히어로가된소년,2023-12-21,1580
전설의가디언슬레이브,2023-02-24,302
전설의주먹왕개구리,2024-07-11,1623.33
전어6,2022-11-27,460
전용투사딜러,2023-07-19,1490
전일궁,2020-09-30,915
전지적우석시점,2023-11-04,1490
전태노바,2021-08-12,1354.5
전태열,2021-06-11,1331.67
전투측정,2023-07-23,1500.83
절구가딱좋아,2021-08-14,1302
절구로뚝배기맞을래,2022-12-22,1503.33
절구빈,2022-11-17,1580.83
절구한,2023-07-20,1487.5
절실한붓,2022-07-18,980
절정온거보소,2024-06-06,500
절정요정,2021-09-25,1370
절제원,2023-10-12,1584.17
절제적인,2022-04-16,1545
젊서커의희망,2023-06-29,1415
젊슬레이어,2023-01-19,1490
점심은뇌호격,2024-01-08,1523.33
점핑봇,2021-09-03,1417.5
점화맛비빔냉면,2022-05-04,1540
점화소서최고,2023-02-21,1460
정다유,2023-12-22,1589.17
정령의찹버지,2021-07-22,302
정말아무렇지않은건가요,2024-07-15,1640
정보보면딜이오르냐,2023-07-21,1472.5
정새름,2023-01-18,1415
정서랍,2022-03-24,460
정성군,2023-07-03,635
정신나간고같아요,2022-07-09,1340
정신나갈거같다진짜,2022-08-01,1460
정신자극,2020-09-02,1012.5
정아로,2021-08-13,1302
정울이,2023-07-21,94.17
정장원,2023-12-21,1571.67
정정당당하게싸운다,2021-07-09,1413.33
정직한한방,2021-11-04,600
정큰검,2023-01-18,1340
정파이트,2024-03-19,1580
정하씨,2020-08-22,1310.33
정희님,2021-11-30,1510.83
젖소코스프레,2024-06-26,1620
제갈쥬쥬,2023-02-01,1340
제라드리콩,2023-12-15,805
제로과일잼레몬,2023-01-18,1490
제로과일잼살구,2023-07-21,1500.83
제로부터시작하는로아생활,2023-12-26,224.17
제로콜라잇나요,2023-07-19,1490
제발속지마,2021-07-09,1430
제발좀쉬고싶어요,2023-12-25,1580
제비안,2022-07-06,1500
제사장의매콤주먹,2023-05-26,302
제시나은나,2021-02-24,1030
제아c,2022-02-24,1370
제압숙련인내홀리나이트,2021-09-04,1335
제육잘먹는도화가,2022-02-09,1445
제이나공주님,2022-12-25,1460
제이릴드,2022-01-15,1430
제이지는아가야,2024-05-30,1540
제주견,2020-09-09,1332.5
제콜존맛,2024-01-09,1560
제하,2021-03-05,331.67
제황창,2021-08-19,1302
젠그리거,2023-12-24,1584.17
젠틀맥스,2023-08-27,1580
젤링,2022-07-07,1500.83
졀용,2024-06-16,500
조그만한쌩하,2022-11-17,71.67
조그만한쏭하,2023-12-24,1540
조기축구회스트라이커,2021-03-21,1325
조동람,2021-03-27,1339.17
조레이디어,2021-08-24,1340
조선4번타자,2023-07-22,1540
조선최고의서예가,2022-02-05,1302
조예황,2023-06-30,1430
조이티비,2022-02-06,1302
조지아기상,2022-07-17,55
조철흠,2024-02-21,1556.67
족가,2021-08-11,1302
족발보쌈에소주한잔,2023-12-27,1545
존D워싱턴,2020-10-25,1355
존나쌘쓸레이어,2023-04-07,1526.67
존슨킹따킹,2024-01-14,1588.33
존윅의전술사격,2023-07-05,1415
졷대따매진됐어,2024-03-20,1571.67
졸려서자몽다,2021-08-13,1302
졸았네욘,2023-07-22,1516.67
좁혀지지않아,2021-03-07,105
종갑,2023-12-21,1580
종검,2023-12-22,1540
종기셋,2021-08-16,1370
종다리야,2023-12-21,1533.33
종이아래정철식,2023-12-23,1580
종헌말안드뤄,2020-12-04,962.5
좋은자료,2021-01-18,1325
죄시옹,2023-11-04,1568.33
죄있는자는눕클하리라,2022-12-17,302
죠롤죠롤쬬로리,2023-02-09,1462.5
죠리퐁당쌀막걸리,2023-07-20,1415
죠스바젤리존맛,2024-03-13,1460
죠지포먼,2023-12-20,1460
죵이슝,2023-07-25,225
주8일휴가희망함,2021-06-02,1415
주게,2023-12-23,960
주녕폿,2024-03-18,1585
주닐사우루스,2024-07-10,1606.67
주등,2024-07-14,1640
주머니늑대,2023-07-21,1516.67
주먹든서포터,2021-02-27,78.33
주먹빠른사람,2023-12-20,1460
주먹사마귀버섯주스,2023-12-21,1561.67
주먹송송,2023-12-21,1587.5
주먹쓰는때영,2023-12-29,1520
주먹쓰는환수,2023-12-21,1490
주먹안에패숨김,2023-06-27,302
주먹왕먼지,2023-12-26,1563.33
주먹주먹주먹주먹주먹왕,2024-01-26,1460
주먹쥐고헤드샷,2023-12-20,1580
주문은토끼바드입니까,2021-09-18,1460
주문쩐당,2022-04-25,1100
주삑,2021-09-05,1302
주샤,2024-07-15,1640
주서멍너,2023-12-20,1580.83
주써솜,2023-08-10,1415
주우재된기운,2023-01-23,1580.83
주위데모닉,2023-02-04,71.67
주일,2021-08-11,1302
주작의포식자,2023-07-02,1415
주접을예정,2023-09-28,1462.5
주주공주,2023-10-21,1615
주지스님의애교만점펀치,2023-12-20,1570
주청명,2024-01-01,1592.5
주카누나,2024-01-02,1560
주하소리,2021-08-16,1341.67
주홍미나리,2021-01-30,1315.83
죽습혁이,2022-01-10,1385
죽창맛토끼,2022-04-12,1415
죽창커구리,2021-08-09,1370
준므리,2021-03-22,1355
줄울,2021-11-20,460
중고토분,2023-11-13,53.33
중국인의두부를납작하게,2020-11-10,915
중딩주먹,2021-04-12,203.33
중박재,2024-06-08,1615
중쿤브렠,2023-12-20,1477.5
줘녕,2023-12-24,1580
줘패놓기전에눈깔고다녀,2023-12-21,1482.5
줜나더움,2023-01-25,1350.83
줫나팰게,2023-12-20,1485
쥐바타없는쥐데헌,2023-04-28,460
쥐쟀,2022-04-07,600
쥬낫쥬낫,2024-02-22,1467.5
쥮창,2023-11-04,1553.33
쥴리언니,2022-04-04,600
즐거운기분,2023-02-06,53.33
즐거운하루가되길,2021-10-31,115
증함의길,2024-07-11,1640
지구졜리,2024-07-13,1640
지국밥,2023-04-21,1385
지금까지이런활은없었다,2023-07-25,1500
지금부터시작할거야,2024-01-28,185
지녀조,2023-01-31,1340
지누수저,2023-12-25,1460
지배냥,2021-07-22,353.33
지쁘밍,2024-01-01,1580
지석이,2021-09-25,1340
지솔로드,2022-01-07,70
지수림,2021-01-29,1354.17
지수조아요,2020-12-31,1035
지연이술사,2023-06-02,1445
지옥의미소,2023-01-14,1409.17
지용이당,2024-01-03,1510
지우의거친숨소리,2021-03-10,1511.67
지우천황,2023-12-21,1540
지지Y,2021-03-21,1050
지창욱조앙,2023-03-21,1586.67
지킬개,2023-04-25,1563.33
지평선의마법사,2021-08-12,127.5
지하밍,2023-10-21,1600
지하세계최후의비밀요원K,2021-08-26,125.83
지하에있는성,2023-12-24,1546.67
지하철임산부석절대강자,2024-07-12,1626.67
직방프로모션,2021-10-21,600
직틀마스터,2022-01-08,172.5
진구르미,2021-11-14,1334.17
진순고집,2024-03-13,1475
진순파이터,2020-12-30,975
진심개한화해체좀,2021-01-21,1340
진아곤듀님,2023-07-23,1457.5
진월정화,2022-01-23,1503.33
진유아,2022-07-06,1490
진주비건남,2021-12-23,1420
진짜나쁜놈6,2021-07-16,67.5
진짜사멸만아니면좋겠네요,2023-07-20,1525.83
진짜수박,2023-11-23,1415
진짜오지게촐싹대네,2024-07-11,1640
진짜졸라멋진신부님,2020-08-22,1340
진짜주르르,2023-09-17,1455
진짜추락해요,2021-11-25,314.67
진해챤,2021-07-07,1349.17
진혜진,2024-05-18,1520
진화버전,2022-07-11,1475
진화의군주호크아이,2024-07-14,1640
진효림,2023-12-28,1415
질풍견,2023-01-30,1340
질풍빵이,2023-12-25,1520
질풍하는야식,2023-03-29,1576.67
집공유미배럭6,2023-12-21,1573.33
집떠난우산,2022-07-09,1490
집안막내딸도화가,2022-01-22,1392.5
집주변,2023-08-30,1600.83
짜재창,2023-07-02,1490
짜히곤듀,2023-12-31,1620
짝나동생,2021-08-03,1415
짠단님,2021-05-19,1374.17
짭곽,2021-08-15,1366.67
짭규밥,2021-01-05,945
짱뿅뿅,2021-03-28,1325
짱센방개,2023-01-19,1445
짱쎈거북이,2023-02-11,1492.5
짱약,2022-08-21,1582.5
짱짱바나나우유,2020-08-23,1348.33
짹짹짠,2021-01-30,1050
쩐리나잇,2021-07-09,1315.67
쪼꼬건슬링어,2021-06-07,1340
쪼꼬바형,2020-08-23,1335.83
쪼꼬블레이드,2020-12-24,915
쪼꼬퐁당데모닉,2020-12-24,915
쪼렙인데남바절30각,2022-03-08,1519.17
쪼매하네,2022-01-21,1370
쪼색,2022-01-29,460
쪼작참,2023-11-19,95.83
쫀순이터,2023-12-21,1563.33
쫄린띵장고,2022-12-26,1462.5
쫌생긴,2021-10-28,460
쫑아,2024-06-01,1580.83
쫑이3호,2021-07-24,1430
쫭과,2020-09-05,1012.5
쭈왕,2023-12-21,1460
쭌이지롱이,2021-01-30,1330
쭝빠드,2023-09-08,1585
쯔로,2020-08-23,915.83
찌그러진주먹도날라는간다,2023-12-23,1575
찌르고무빙,2021-07-12,1302
찍먹아재,2021-05-09,1340.83
찍먹캐릭리퍼,2021-03-29,1376.67
찍먹캐릭워붕,2021-04-04,1340
찍먹캐릭인파,2021-04-05,235.83
찍텀,2023-08-24,1415
찍호크아이,2021-12-23,1382.5
찐낚,2020-10-20,1017.5
찐노바,2022-09-25,1580.83
찐뭉,2024-01-06,1520
찐법사소서,2024-07-11,1620
찐브레이커,2023-12-26,676.67
찐뽕망치,2021-12-28,74.17
찜질방우산도둑돌민이,2023-11-03,1590.83
찡빵떡,2022-02-15,161.67
찢어버릴거에요,2023-01-18,1490
차가운데자와,2023-01-18,1460
차연린,2022-03-14,1335
차요희,2022-07-07,1460
차유운,2023-07-06,1490
차파예프,2024-04-04,1490
차혁준,2023-12-26,1460
착한사람이되고싶어요,2022-02-03,600
찬내,2023-07-19,1415
찬란하게빛나는배틀아이템,2024-01-15,1100
찬이아빠임다,2020-08-23,1007.5
찬토,2023-12-20,1580
찰과상전문의,2020-08-22,940.83
찰떡창술이,2021-12-24,1302
참깨육개장불닭볶음,2023-01-26,1511.67
참이슬먹으러가죠,2021-09-12,302
참피우산,2022-07-08,1100
찹소울,2023-07-19,1490
찹테오,2021-08-19,1415
창과방패든소유,2021-07-23,1340
창능박,2023-11-09,1611.67
창도보,2021-04-21,1050
창든허몽,2021-09-03,74.17
창떡잉,2021-07-09,1363.33
창뿌리,2021-06-12,455.83
창술나이스5,2023-10-19,1460
창술따시기,2021-07-05,1331.67
창술사141,2023-11-15,1462.5
창술사까지,2021-01-28,933.33
창술사중식이,2021-12-28,191.67
창술온리,2020-11-08,915
창술재키,2023-12-20,1520
창술피쉬,2021-11-15,1325
창술학이,2021-03-18,925
창싸개폭,2021-01-21,1318.33
창염의술,2021-08-12,1430
창이제일강해,2021-12-24,88.33
창잡는에디,2022-05-20,110
창치치,2022-07-27,1475
창쿠자,2022-10-17,1340
창파나이트몬,2022-02-08,59.17
창하임,2021-08-07,1370
채리블레썸,2022-05-15,547
챈리퀸,2021-11-15,1302
챠과장,2024-01-22,1525
챵슈르,2023-11-04,1584.17
처단한날,2023-10-17,500
처단함,2023-01-18,1340
척준민,2022-02-17,416.67
천개지벽,2020-10-26,915
천공의나비,2020-08-22,1305.83
천둥번겡,2022-07-07,1465
천마펀치김두한,2023-12-21,1550
천문뢰z,2023-11-10,1415
천붕삼,2022-07-08,140
천사같은지지배,2023-07-19,1415
천사우주,2024-07-11,1633.33
천생띠,2024-01-26,1510
천아결,2021-08-20,1467.5
천영단,2022-01-27,1370
천절,2024-04-03,1631.67
천천히오르기,2023-12-01,1490
천퍼센트맑음소녀,2022-12-24,1482.5
천하가챠옥,2023-07-20,1477.5
천하장사엠제이,2023-01-18,1490
천황흑권,2023-12-23,1475
철권맨,2023-12-23,1540
철동석의죽을거같음벨눌러,2024-07-12,1630
철혈블래,2020-12-09,1320
첫누니와,2021-07-06,332.5
첫눈과첫만남,2023-12-21,1460
첫째아들스커,2022-09-14,1430
청귤Lover,2023-12-21,1580
청년안나,2021-08-27,82.5
청담동처제,2023-01-18,1460
청성씨,2020-08-22,965
청순한에모님,2023-04-18,1377.5
청월주은,2023-07-20,1415
청초한기억,2024-05-11,1605
청포도에이드,2020-09-12,804.67
체내수정,2024-01-09,1470
체다치즈타코야키,2022-07-19,1465
체뎨박,2023-12-20,1467.5
체리꽃목도리,2024-01-05,1550
체리제육,2022-07-27,1540
체리칩파르페,2023-10-28,500
체티아,2021-08-12,1302
체험삶의환자,2022-07-08,1460
쳬고리,2023-12-21,1520
초고교급살귀,2023-07-19,1455
초급워붕,2023-02-22,1340
초날,2023-12-21,1462.5
초당순두부분당순두부,2023-07-08,1415
초당옥수수콘칩,2022-07-17,1460
초록은영어로젤다,2022-08-21,1422.5
초록피물,2020-12-29,915
초미세촘촘망,2022-09-06,1586.67
초보스카우터님,2020-11-29,970
초보슬레이어님,2023-01-19,1417.5
초산벤질,2022-10-20,1350
초상화를잘그려요,2023-11-04,1550
초스트레이트,2023-12-20,1543.33
초시유,2023-01-19,1340
초심오스,2023-12-21,1535
초심요정,2021-07-24,1370
초심타격가,2023-12-20,1580
초심한날,2024-01-28,1580.83
초이맹,2021-04-12,1369.17
초이스엉비인,2024-01-03,1590
초이스키,2024-07-12,1623.33
초촉초촉,2020-08-22,942.5
초코마카다미아호떡,2022-07-10,1460
초코제로,2023-08-28,1100
초콜렛N,2022-12-11,302
초필쌀,2023-01-19,1524.17
초희,2023-10-02,1490
총누,2022-03-23,72.5
총소지,2024-07-12,1640
총쏘는다찬,2021-10-24,960
총쏘는도시락,2021-01-29,1370.83
총쏘는도요새,2021-09-03,70.83
총쏘는맬렁이,2021-12-24,91.67
총쏴볼까요,2022-07-10,1467.5
총알맛좀봐주세요,2021-03-14,61.67
총은미래가없다,2023-12-21,1465
총의치,2022-07-09,1340
총자비로스,2020-08-22,1326.67
총잡이김건수,2020-10-10,915
총쿡,2022-10-08,1502.5
쵀민식,2020-10-03,915
최고다바드짱,2024-01-16,1600
최도아가,2022-01-12,1445
최민나리,2022-07-19,1370
최상고기,2022-04-11,1370
최상급맛소금,2023-12-20,1580
최상남자,2023-12-25,1475
최승빈,2023-12-22,1523.33
최애의명구,2023-06-30,1490
최왕로,2022-02-02,1302
최유냥집사,2022-01-13,1302
최정단,2021-11-25,546.67
최종병기멸치,2021-04-05,1341.67
최초의암흑,2023-07-24,1415
최흐철,2021-03-21,900
쵸파뿔전문털이범,2022-04-27,1365
추상은,2023-07-19,1500
추식자,2023-01-19,1500
추앙술사7,2022-10-23,1376.67
추억의건슬링어,2024-04-14,1610
추이딸내미,2022-01-21,1445
추출,2023-01-21,80
축복의버프,2020-08-22,915.83
축복의불꽃,2021-05-15,74.17
축오로운,2021-12-25,1415
축자룡,2022-07-10,1460
춘배아저씨,2023-12-20,1477.5
춘식이코,2022-06-11,347
춘추몽,2023-07-17,1415
춘향향단,2023-07-07,1415
춘호우,2023-07-20,1520
출근매니아,2021-09-12,260
출렁출렁보잉보잉,2023-01-19,1477.5
출출한홀리나이트,2021-01-08,1375
춤커드제노사이드,2023-05-29,1475
충강력,2021-09-11,1370
충기상술사,2022-07-08,1340
충길로틴,2023-01-21,1340
충동사랑,2021-07-09,1400
충디트,2022-12-22,1460
충모닉l2,2022-12-23,1460
충모닉이라도,2022-11-10,1570
충모닉일까요억모닉일까요,2022-03-06,1302
춷춷,2023-01-01,600
취설송,2023-12-23,1601.67
취준생아저씨,2021-07-09,1350.83
츄닝7,2022-10-02,1380
츄쵸비,2022-01-12,1462.5
치노슬,2023-02-28,1340
치르권,2023-12-21,1580
치리터,2023-07-19,1490
치마는검정색,2022-07-28,1472.5
치빗코,2021-08-03,1415
치엘,2023-12-21,1592.5
치와와키우는워붕이,2023-02-18,1581.67
치와와플,2021-01-21,1343.33
치요루카,2022-03-02,1302
치요술사,2022-07-06,1340
치우르르,2020-08-23,920.83
치즈맛리츠,2020-10-03,915
치지지직,2023-12-21,1540
치층,2022-12-23,1505
치코렛,2023-08-15,90
치쿠빔,2021-06-24,1409.17
치킨과휴가,2022-02-02,55
치킨보다피자죠,2022-04-02,142.5
치킨뽀,2020-12-01,487.5
치킨의튀김,2023-07-21,1510
치티치티붕붕,2023-06-28,130
치하린,2022-01-20,1370
친구는우비가있어요,2022-07-06,1460
친절한벼수니,2021-02-28,1439.17
칠네,2023-07-17,1540
침대위시련들,2023-11-11,1490
침대위욕망들,2023-12-21,1510
칭기즈칸최후의폭주,2022-11-11,1584.17
칰칰홐홐땡,2023-12-24,1582.5
카과인,2023-12-22,1583.33
카구라은혼,2022-07-07,1430
카나에루,2024-04-15,1610
카노우미유짱,2024-05-14,1615.83
카단여친,2023-12-20,1531.67
카단티이,2021-08-09,51.67
카드는체크카드,2020-08-22,916.67
카드빈,2022-05-26,1475
카드잘나와주세요,2021-09-15,493.33
카드잘쓰는여자,2021-11-07,1391.67
카드치는곰도리,2022-03-22,1370
카라멜초코푸딩,2022-07-06,1475
카롱사탕,2023-01-26,90.17
카르모르,2021-08-22,1415
카르테론,2022-08-24,1415
카망치,2021-04-03,1340
카메진,2023-01-25,1340
카블짱,2020-08-29,915.83
카오스아리아,2023-08-06,1415
카오스천사,2021-09-17,1572.5
카우킹l,2022-12-22,1490
카운터입니다,2021-09-24,1415
카운터제가칠게연,2023-12-20,1563.33
카제로스큰형님,2023-07-22,1501.67
카페에서코코아한잔,2022-01-24,1335.83
칸슬레,2023-01-18,1487.5
칸쌍,2020-11-05,808.33
칸쵸도사,2022-12-03,1615.83
칼꿀벅,2022-03-19,1417.5
칼든허몽,2021-11-22,1415
칼떡,2023-12-24,1535
칼로의리퍼,2024-06-06,500
칼로의블래이드,2023-06-30,1460
칼로팡,2023-01-05,1523.33
칼먹은사태살,2022-01-14,1056.67
칼멩,2022-08-15,1492.5
칼바드시오,2023-12-23,1480
칼슈이커,2023-12-21,1580
칼슈타비,2023-01-18,1401.67
칼을든쭈니,2023-01-24,1387.5
칼잡이준돌이,2022-01-04,1370
칼잽이슬레,2023-11-16,53.33
칼쥐고하는거라곤모닥불,2023-12-20,1540
칼칼한차돌박이된장찌개,2023-12-21,1611.67
칼퇴하는바드,2021-07-15,51.67
캐리병,2020-08-28,915
캐릭터붓,2023-03-29,1600
캐번클럽,2020-09-16,915.83
캐시버스,2021-07-09,1325
캔디스이안,2022-02-24,106.67
캘모디안,2023-07-22,1510
캥거루왕주머니,2023-08-31,1560
캬르페,2023-06-08,1600
커런트잼,2023-07-20,1495
커마1시간자기관리5분,2023-09-09,805
커먼웰스는엘린의것이다,2022-01-12,1460
커브나츠,2023-07-20,1415
커스텀낫,2023-07-23,1498.33
커어염,2023-12-20,1475
커츠P,2023-06-30,1510
커피는이디야카페라떼,2022-05-21,460
커피사탕내놔,2024-06-29,1620
커피앤아트,2023-12-15,500
커피지기,2021-01-21,61.67
커피한잔마실시간은있자나,2024-07-13,1640
케밥이좋아,2022-07-07,1415
케틀쫑,2023-07-12,1430
케티펑,2021-09-25,1370
켈링,2020-08-22,980
코드네임영혼포식자,2023-07-21,128.33
코로나19최초감염자,2023-12-23,179.17
코로나너무싫다,2022-08-12,1340
코롱코롱롱,2021-08-05,106.67
코메르츠,2021-04-05,1325
코모모라이플,2024-07-12,1620
코무즈,2023-12-22,500
코미디언,2023-12-21,1620
코비대령,2020-09-09,920
코옹덖,2021-05-22,945
코인소방관,2021-04-24,822.17
코인쓸어간다,2023-12-26,1560
코코넛건슬링어,2021-04-04,915
코코인데요,2022-01-15,1460
코코패딩,2021-12-27,1370
코튼캔디프라푸치노,2024-07-10,1612.5
코피코커피,2023-07-21,1490
콜오브샤리네,2021-01-27,1395
콩수니컴퓨터,2024-01-21,1580
콩콩달다,2022-12-26,1490
콩콩유치원해그리기반,2022-05-15,1475
콩콩콩콩쿵쾅,2022-01-23,1445
콰니이,2020-08-23,1365
콰당탕충모닉,2023-07-06,1415
쿠레이드,2020-08-22,1370
쿠로하가,2022-01-12,1361.67
쿠리쿠리노쿠리,2022-12-22,1482.5
쿠아앙무섭지,2021-07-07,1414.17
쿠앤크맛프라페,2023-01-22,1490
쿠오노키츠네,2022-07-19,1460
쿠와나진,2022-01-21,1348.33
쿠요아요워로드,2021-07-27,302
쿠크본1부3용서포터,2023-01-08,1560
쿠키의냥냥소환,2022-09-12,960
쿨부,2021-03-10,1325
쿨뷰미,2023-07-20,1490
쿵철병철이,2024-03-16,1588.33
쿵쾅찍펑,2023-05-09,1620
쿼크체인70층,2021-05-16,1415
퀘법너프좀,2021-10-06,1325
퀴익,2020-08-23,987.5
퀸율하,2021-07-05,124.17
큐더블유e,2023-03-05,600
큐로데리,2022-01-31,1333.33
큐오큐오,2021-05-30,1325
큐티다이너마이튿감당강현,2021-12-16,1340
크라봉,2021-06-03,1042.5
크러쉬도화,2024-01-05,1487.5
크레비츠고급배럭,2020-08-23,1325
크레비츠고오오급배럭,2022-07-06,1505
크레비츠고오오오급배럭,2023-01-19,1540
크렌리,2022-07-21,145
크리스마스베이비,2023-12-24,1582.5
크리스마스홀리캣머그,2021-12-24,1445
크리스탈라이트o자몽,2022-07-19,1445
크리스폴,2021-08-11,1400
크리스퓌도낫,2023-07-29,1498.33
크림공쭈,2023-10-16,1460
크림맛,2023-12-25,1535
크앙숑숑,2021-11-29,52.5
크큭바드쨩,2021-02-27,1345.83
크킄리퍼짱,2021-01-25,1340
큰뿡선,2021-07-16,1410
클렌세,2021-12-23,145
클핑,2022-04-10,1415
킁거온다,2021-12-14,1370
킈타,2024-07-13,1640
키드쪙,2022-01-23,1325
키로로로,2023-07-25,1490
키르디,2022-02-10,1380
키마딸래미,2022-07-06,1470
키만짤바,2022-07-08,1460
키메브,2023-06-19,1543.33
키오의,2022-07-24,1340
키워서잡아먹어10,2021-12-24,1302
키워서잡아먹어3,2021-05-01,900
키위멘토스,2021-05-14,1340.83
킥배마,2022-03-15,1302
킹게토레이,2023-03-03,74.17
킹녀,2024-03-07,1620
킹묵,2021-12-22,1520.83
킹찹,2021-01-27,925
킹콩권,2023-07-01,1490
킹콩슬링어,2021-03-26,1050
타닥슬,2023-07-04,1503.33
타닥씌,2024-02-27,1620
타동로전,2022-07-08,1475
타라바하,2021-07-10,1302
타락벨,2022-07-23,1370
타르아르,2022-01-23,1445
타마고야키,2022-09-03,1516.67
타바하라,2021-08-19,400
타베타이네,2024-07-11,1626.67
타사라하,2023-11-26,1581.67
타임투블러드,2021-08-15,1340
타짜룽Lee,2022-09-17,460
타코보고놀람,2024-06-13,1614.17
타호호,2021-08-15,1302
탄귤,2023-12-21,1580
탄은재,2024-07-14,1640
탄콜,2022-04-27,1325
탄탄엽,2020-10-06,985
탈옥범,2021-08-28,1370
탈춤,2023-07-24,1540
탈코르셋박종명,2022-04-14,1560
탑위주로해주라,2022-03-22,1302
탑정호낚시왕,2023-08-22,1460
탕자H,2021-12-06,1375.83
태닝배마,2021-07-20,92.5
태다민,2022-01-31,460
태만칼코카슈,2020-10-28,1015
태무작,2020-12-16,960
태안건슬링어,2021-12-24,1302
태연한사신,2023-07-25,1490
태풍을부르는엄준식,2021-03-21,952.5
탱글모지,2023-12-20,1460
탱글소련,2021-09-04,302
탱미끼,2023-02-16,1475
탱싸개워로드,2021-08-16,1302
탱쏜,2022-04-16,1500.83
탱커잭스,2021-05-03,1340
탱킹서폿,2021-03-27,325
탱훌라,2024-07-12,1620
테드창,2023-12-20,1640
테헹헹,2023-05-15,526.67
텔그림,2022-12-28,1395
템포올려라안카나,2022-10-03,1435
텨치마이바디,2023-09-30,1580
토끼발뿅망치,2024-07-14,1640
토끼인데꼬삼BJ태북이,2022-11-18,441
토끼활잡이,2024-07-12,1640
토르난도페리스,2021-04-05,1340
토르샨,2021-08-12,1302
토르텐,2023-12-20,1460
토스트좋아,2023-06-30,1490
토이자라수,2024-02-04,1580
토팝,2022-07-08,1460
토히챤,2023-11-12,500
통발디자인과,2020-11-10,1037.5
통통한양토리,2023-11-02,1600.83
통통한참새,2021-07-12,1364.17
퇴마사김옥지,2023-07-19,1462.5
퇴물블래스터,2021-12-27,1333.33
툐끼공주,2021-07-23,1460
투지1,2022-06-11,1325
투첩,2021-08-09,1330.83
튜날,2023-07-20,1415
튜닝델,2024-02-19,171
튜디,2022-07-21,960
트강팔,2022-12-15,1589.17
트라우예,2020-10-08,1007.5
트러플치킨,2023-07-16,1465
트리플믹스,2023-08-09,1583.33
트릭컬우리함께시작해요,2023-11-22,1580
트립,2023-09-03,1610
트수멘탈브레이커,2023-12-20,1580
트위치지우다우팔로해주,2020-10-08,1412.5
트포생성기,2023-01-20,1515
특급미소녀,2023-02-24,1606.67
특대무당벌레인형,2022-04-27,1370
특신처단,2023-11-11,1505
특치일격3원한6,2023-01-07,1420
튼살크림,2021-07-11,79.17
튼튼와로드,2021-08-12,1302
틀닥닥,2021-03-26,1321.67
틈틈이스트레칭,2023-12-23,1571.67
티륵,2023-09-03,1415
티모시,2023-12-20,1580
티모임돠,2022-07-07,1447.5
티저,2022-03-08,1610.83
티즈라임,2021-08-27,1415
티즈카나,2023-07-20,1415
팀원도발,2021-04-05,189.17
팀을긴장시키는슬레이어,2023-01-20,1460
팃님,2022-05-03,1560
팃임,2022-05-03,1523.33
파괴명이,2023-12-22,1563.33
파괴의기술,2024-04-11,1520
파닥몽,2021-03-27,950
파도하프,2023-07-28,1546.67
파라누님,2023-01-18,1490
파란만장데빌헌터,2022-05-07,460
파랑츄르,2022-07-03,302
파르티어,2023-12-26,1536.67
파린이,2020-08-23,1360
파벳이다,2021-04-13,551.67
파숭송스님탁탁,2022-11-06,302
파슬레이어,2023-01-18,1492.5
파우산,2022-07-07,1475
파워촤,2024-07-14,1640
파이터츈,2021-01-21,1000
파인드아그,2022-09-01,1415
파인애플민트케이크,2023-07-22,1495
파전에막걸리임,2021-10-30,1415
파코쓰,2021-02-02,1383.33
파퀴아오열,2024-03-31,1600
파티받아봐1인분은해,2023-12-23,1589.17
파푸니카물주먹,2022-06-17,540
판배마,2021-01-21,867.5
팔복잉,2021-07-11,1430
팜쿠쿠,2023-01-16,1460
팝꽃,2023-12-21,1607.5
팝콘땡긴다,2021-03-07,980
팡봄,2022-07-27,302
팡석디트,2022-08-29,1500
팡슈엘,2021-03-14,558.67
팡시안,2023-07-09,1470
팡윤,2024-07-03,1620
팡하이,2021-07-09,1370
팥바게트,2023-06-27,1585
팥앙버터,2021-10-31,600
팥콩두유,2022-01-23,1445
패왕개복치,2023-12-20,1580
팬즈랑,2022-07-19,1462.5
팬화가,2022-01-16,1445
퍼스와이프,2021-08-14,1340.83
퍼지가,2021-10-21,600
퍼플포커,2023-12-16,1504.17
펄스건그레이브즈,2020-11-01,571
펄왕파천무,2023-12-21,1540
페리마데오,2020-09-07,915
페온셔틀,2021-03-21,940
페이탈소드와브루탈임팩트,2023-07-29,1447.5
페이튼길빵충,2021-07-01,61.67
펜네,2022-02-17,1345
펜들,2020-09-11,960
펠샨소울,2023-07-23,1500.83
펩트라이커,2022-06-02,1370
펭귄커피,2022-08-20,1100
펭미룰루,2023-03-03,1586.67
펭수시러,2023-12-13,1600
펭수왓뜸,2022-10-16,1596.67
펭워,2023-01-18,1415
편창배,2023-12-23,1589.17
평온승민,2021-10-05,1467.5
평타만때림,2021-10-16,1355
평화동II전쟁군주,2021-04-25,1365
폐지줍는할매척추브레이커,2023-12-22,1545
포격나인,2021-05-10,1344.17
포도가제일조아,2023-12-22,1528.33
포도먹고힘내,2021-12-28,190.83
포두부박력분,2023-01-25,1415
포로조아,2021-05-15,1050
포리는변신못함,2020-08-23,937.5
포보조,2022-08-11,1340
포비쨈,2022-07-06,1490
포빈,2022-02-02,1445
포슬팡팡,2024-02-03,1267.5
포식자는포동포동,2023-01-18,1470
포켓뽀이,2024-07-14,1640
포터도란,2022-08-20,70
포터소울,2023-07-20,1500
포터슈,2023-01-19,1493.33
포풍암살자,2020-09-19,875
폭격권,2024-01-04,1490
폭격형,2021-09-06,302
폭염속여우비,2024-02-16,1520
폭주보라냥이,2023-01-25,1340
폭주스웨그,2020-08-23,400
폭주아토,2020-08-22,1370
폭주여서커,2023-02-01,1445
폭주재도리,2024-07-12,1620
폭주홀나,2020-10-01,915
폰남캐,2022-04-07,1302
폰노바,2021-06-22,514
폴로폴로,2024-01-05,1477.5
폴카렛,2021-12-25,1310
폴폴스태프,2021-08-12,51.67
퐁당심해어,2023-08-19,1475
퐁듀,2020-09-14,616.5
퐁속,2022-07-18,1475
퐁키여라,2024-04-12,1597.5
퐁킹,2021-08-17,1450
퐁퐁나뚱이,2023-01-08,1445
퐁퐁려월,2021-01-29,915
퐁퐁소녀핑뚝이,2023-01-20,1490
퐁퐁이는나가있어,2021-08-11,1460
퐁퐁포롱퐁퐁,2021-01-10,1385
표룽이,2022-12-08,105.83
표본뗑,2024-06-03,1601.67
표슬비,2022-07-07,1422.5
표하연,2022-02-21,1370
푸곰이S2지민,2020-08-23,962.5
푸더더덕4세,2021-07-10,92.5
푸르가투스,2024-01-14,1560
푸른달서린,2023-12-02,1462.5
푸른달우리,2023-04-09,1560
푸릇푸릇석류,2023-12-20,1580
푸링바,2021-05-19,950
푸실,2021-05-02,1490
푸짐하눙,2024-07-15,1640
푸캵,2024-02-17,1593.33
푸템,2021-07-05,65
풀든풀빵,2021-02-27,1050
풀잎애,2022-07-07,1470
풀잎호두,2022-02-15,1325
품격있는냥펀치,2021-08-05,533.33
풍륜,2023-06-08,1576.67
풍서리,2023-12-21,1580
풍숩풍격투가,2021-08-23,1370
풍월수호,2021-08-17,1302
퓨리오브퓨리,2023-01-18,1490
퓩퓩퓨퓨퓩,2021-07-09,130
프레디마,2024-06-27,1620
프리사향,2022-01-09,1302
프리입니다,2021-04-11,980
프리쳐컬,2021-03-22,334.17
프리투,2022-01-13,1302
프인세,2023-12-31,1477.5
플또깡,2022-05-17,590
플램바드,2021-07-08,1325
플럼베리,2023-12-26,1595
플레인와플,2024-01-02,1540
플레임스카울,2023-12-22,1580
플로리,2022-01-12,1455
플륌,2021-04-15,1340
피니키르,2022-07-08,1398.33
피브리엘로,2022-11-22,1581.67
피유이유,2021-08-09,600
피치맛소녀,2022-07-09,167.5
핑구아가,2022-01-19,1415
핑크가터벨트,2021-11-12,1523.33
핑크연이,2020-08-23,1345.83
핑프승원,2024-02-01,1520
하고싶은건많은데시간부족,2021-05-23,822.17
하나레나이데,2022-01-23,1445
하나콩콩,2021-08-14,1302
하늑대,2024-07-14,1640
하는달이,2021-06-13,1027.5
하늘색보노보노,2024-02-08,1510
하늘에서내리는일억개의별,2021-08-13,77.5
하늘이내려준선물,2023-06-28,1495
하늘홀리,2021-04-19,915
하니벌레,2023-08-08,1415
하니쏘쏘,2022-12-22,1487.5
하랑별이,2023-07-19,1500
하렐뤼,2024-07-14,1640
하로술,2020-11-21,932.5
하리보곰돌,2022-03-13,1445
하승우,2020-10-17,915
하아팡,2021-07-31,1415
하안거엄,2022-07-18,1447.5
하얀과자,2021-03-22,1350.83
하얀색플라밍고,2022-05-16,302
하얀성기삽니다,2020-09-15,915
하얀수댕,2023-07-04,1415
하얀저울,2021-03-25,1335
하얼빈기상술사,2023-12-25,1580.83
하얼빈찐똥씨엔,2022-07-08,1340
하와가,2022-01-26,1437.5
하이드뱅,2021-08-22,1302
하이진,2023-12-20,1566.67
하이츠다에포,2022-01-29,1370
하이팅,2022-07-13,1460
하자마,2023-07-19,1490
하쥬,2021-11-03,1415
하츠류,2023-07-11,1415
하트뽁뽁,2020-08-22,947.5
하트야,2022-08-23,186.67
하퍼도아,2022-01-12,1480
하프교수님,2021-08-01,1400
하프누님,2022-04-23,460
하프똥땅똥땅,2023-01-12,1460
하프뜯는병아리,2021-07-05,1340.83
하프로팡,2023-01-15,1560
하프연주하는호랑이,2021-07-08,1338.33
학당먹물도둑,2022-12-31,1407.5
학점아이리온,2021-07-08,1392.5
한국헤비건틀릿협회원,2023-12-22,1589.17
한남동거주민,2021-01-09,1340
한놈만쏘자,2021-07-26,1417.5
한때는바드,2022-04-20,328.33
한며,2023-12-21,1563.33
한밤즁,2023-11-04,1594.17
한방아리,2021-03-15,1349.17
한방을노리는김민창,2022-02-22,1100
한붓그리깅,2022-01-12,1302
한소소,2023-10-14,1593.33
한양제일헌터,2023-12-23,1516.67
한주미에오,2022-04-27,460
한주옥,2023-04-29,906.67
한질풍,2024-07-11,1623.33
한집배달특한집아님,2024-01-03,1347.5
한파인애플,2023-12-22,1460
한함,2023-12-20,1580
할일은하자,2023-01-17,1340
할퐁,2024-07-13,1640
핥브레꺼,2023-12-22,1546.67
함마매니아,2021-12-24,1504.17
함생구Jr,2021-07-13,51.67
핫부농,2021-06-19,1366.67
항고골숲,2023-07-03,1496.67
항문에랜스꽂아버려,2023-09-18,1467.5
항문외과닥터,2022-02-28,1432.5
항상o,2020-11-07,1402.5
항소유,2023-04-21,302
해골기사알렌,2022-02-25,151.67
해동검도잼민이절단기,2023-06-29,1498.33
해동고등어무침,2024-05-06,1550
해린시치,2023-08-20,1490
해머양,2022-02-13,460
해머장군,2021-01-07,1351.67
해방된백수생활,2021-03-19,1328.33
해버드,2022-01-21,1506.67
해쉬브라운맥머핀,2022-01-01,1365
해얌미,2021-06-25,915
해양노비,2023-12-21,191.67
해장폭탄주,2021-05-24,1037.5
해저드,2022-01-30,1465
해족부이링실,2022-07-09,107.5
해크아이,2023-07-01,1498.33
해피바이러스,2023-12-22,1580
해피토요일,2023-12-25,1571.67
핸렝,2024-01-09,1583.33
햄공킹,2021-01-07,723.17
햄복한반바지,2021-10-12,460.33
햄숭의날씨,2022-07-09,1498.33
햇땅콩양갱,2022-01-14,1445
햇볕은쨍쨍모래알반짝반짝,2022-07-19,960
햇카푸,2021-08-12,1364.17
행로하게해주세요,2021-09-14,1327.5
행복한달빈이,2024-07-13,1630
행복한성준,2021-01-25,1020
행운의우산,2022-07-08,1490
행추추,2024-07-12,1620
행핑이,2024-01-05,1515
햐르니,2021-07-18,1370
향단이n,2023-02-01,205
햴퍼,2022-12-22,1467.5
허강인,2020-11-05,972.5
허강지,2022-12-19,1571.67
허니맛닭발,2022-12-29,90.83
허니밀크브레드,2023-03-24,1415
허리온,2022-02-15,1323.33
허서반갈,2023-08-14,1500
허옥빈,2022-12-26,1409.17
허허슬레,2023-11-01,1472.5
헌터뉌,2021-07-09,1370
헤나선생,2022-11-07,1592.5
헤드왕김사멸,2023-04-02,1602.5
헤르발렌,2022-04-09,51.67
헤리브,2024-01-12,1445
헤미나리,2021-10-01,142.5
헤비던트,2020-10-04,1344.17
헤스리네,2021-09-27,802
헤아햐,2023-12-25,1600
헤어볼,2023-12-21,1565
헤으응꽃황,2024-04-06,1520
헤의소리,2023-08-15,1415
헤이꽁,2023-04-22,1541.67
헤이릭스,2021-08-21,1302
헤이스터u,2023-07-20,1415
헤청화,2023-07-19,1490
헤토련,2022-02-07,1360.83
헤헷사곤,2021-03-31,1310
헤헿27,2022-07-22,1447.5
헨갱,2023-12-21,1477.5
헨리헨더슨,2022-06-25,1583.33
헬로니야옹,2021-07-23,1417.5
헬시즈,2021-08-26,1400.83
헬챙쓴,2022-12-21,1490
헹오붓,2022-01-13,1506.67
혁명의횟불,2023-01-19,220.83
현결화,2024-07-11,1610.83
현뚝배기,2021-07-22,1340
현란한잭잭이,2021-03-26,1325.83
현석이수능2회차기념,2020-09-19,1033.33
현악기전문,2023-09-11,500
현영의,2021-06-22,78.33
현영지,2021-03-29,802
현재원개패기,2023-12-22,1485
현택밍,2021-07-11,1415
혈권아들내미,2023-12-20,1548.33
혈마검성,2023-01-18,1403.33
혈앵무무,2021-07-12,1378.33
형광골드키위,2024-01-08,1620
형광미나리,2021-07-09,1415
형광보라,2021-12-17,1302
형머랭,2022-05-08,600
혜나뱌드,2023-11-09,1600
혜덴네,2021-07-06,915
혜덴뜌,2021-07-06,61.67
혜리미온느,2021-08-13,1460
혜핏,2021-09-23,1432.5
호구왕왔눙가,2021-08-12,1427.5
호떠리퍼,2022-07-01,302
호떡사러갔다옴,2020-08-22,938.33
호라부,2021-07-18,302
호라큘라,2021-07-12,1302
호랑이인척하는토끼,2023-11-08,1588.33
호러부,2021-07-15,1370
호령권,2021-03-17,1363.33
호루루코,2021-07-06,111.83
호르부,2023-12-20,1460
호르희,2022-02-27,1460
호리모노,2022-01-26,1460
호믱,2022-01-04,1370
호박농부최옥련,2023-07-20,1490
호북,2023-12-20,1565
호샤,2021-05-22,1354.17
호수의나라,2023-03-12,1477.5
호시노재인,2023-06-30,1503.33
호아덴,2022-07-09,1445
호야는불타는중,2022-01-21,1370
호에엥넘모무섭고,2024-07-15,1640
호오딱,2023-02-09,1340
호오미이,2021-08-23,600
호올리쎼에뜨,2023-02-15,1378.33
호와앙버터,2022-11-15,1541.67
호크곰킹이,2021-08-27,1302
호크아이노트,2022-01-29,1308
호크하민,2022-12-05,1415
호호바씨오일,2023-12-23,1482.5
혹만이깐부,2021-12-09,460
혼모노나이트,2021-04-24,1392.5
혼신로리정,2021-07-20,600
혼자걷기,2021-09-28,93.33
혼자서하는건뭐든지잘해,2022-09-26,600
홀나TREE,2020-08-23,915
홀나기술자,2021-07-11,1302
홀나도아파요,2023-06-29,1490
홀나인줄알았지,2022-02-13,1432.5
홀나재유,2022-04-23,460
홀나케인,2023-01-04,165.83
홀나폴리,2021-12-24,154.17
홀댬,2022-05-26,1485
홀덤재도리,2021-12-24,55.83
홀로라도,2021-03-22,1050
홀뤼나위투,2021-08-12,1302
홀리가홀리면홀리나,2021-01-01,975
홀리공자,2021-03-18,1366.67
홀리균영,2021-07-09,51.67
홀리나뚱이,2022-04-22,600
홀리나이트라곤,2020-10-09,945
홀리나이트맞을까요,2023-12-26,1568.33
홀리나이트하예,2020-08-22,900
홀리늬예,2020-08-22,915
홀리바다라,2022-08-16,1520
홀리박홍규,2021-08-16,1302
홀리쉣뻑나이트,2020-09-15,1341.67
홀리슈댕,2020-08-22,924.17
홀리왘,2020-08-22,920
홀리준덕,2021-12-24,54.17
홀리치즈,2023-12-21,1460
홀리킹구,2022-07-25,1460
홀리형씨,2021-05-15,61.67
홀붐,2021-07-25,1465
홀삯,2022-05-18,1390.83
홀석천,2021-10-07,1307
홀시닁,2021-12-25,85
홀연춘,2023-07-03,1490
홀혀누,2022-02-16,302
홀홀나나나나,2021-07-09,1415
홀홀밍,2022-12-26,1440
홍곰우켠,2021-08-14,1302
홍동힝,2023-07-19,1508.33
홍련속이브이,2023-03-13,1415
홍백스테이,2021-05-07,1380
홍삼2,2023-12-22,1545
홍삼캔디냠냠,2021-09-09,1302
홍성무,2022-08-05,1460
홍시에이드,2021-10-04,460
홍원리,2022-05-29,302
홍콩아기주먹,2022-08-12,1415
홍펭이,2022-02-17,1430
홐호옼,2023-12-23,1545
홐홐이함,2023-06-30,1475
화가리내,2022-01-13,1460
화가엔딩,2022-01-13,1415
화가전용,2022-01-21,1520.83
화끈한미녀,2020-11-21,915
화난승쥐,2023-07-25,1415
화니룡룡,2022-01-26,1344.17
화니피융,2023-06-29,1415
화란붓,2023-01-27,110
화로꾸익,2022-11-15,1389.17
화르륵타닥타닥,2021-08-14,1302
화백의붓,2022-01-21,1445
화산서머너,2024-07-12,1615.83
화산초밥,2021-02-27,985
화살줍고올게요,2020-09-13,1330.83
화아콬,2023-12-22,1585
화요공강,2021-03-14,875
화이나나,2022-04-02,1340
화이트성기사,2020-08-22,900
화장고치는소녀,2021-07-10,60.83
화조됴,2022-01-21,1460
확먀,2023-12-20,1510
확인중복,2022-02-02,1417.5
환상적인얼굴,2024-06-18,1610
환죽도섬의마음,2020-10-04,947.5
활강포정령,2023-01-24,1462.5
활쓰는넘,2020-12-07,61.67
활지난,2024-02-17,1520
황금홀리브유,2021-08-23,1415
황금히히카드,2020-10-01,550
황녀라락,2023-09-15,1490
황소장군,2020-11-18,437.5
황안나,2022-03-14,1570
회사원의완성은퇴사,2023-12-26,1580
회화나뭇잎,2021-09-18,1370
횡비홍,2022-02-01,820
횬지니,2021-08-12,1302
횹토리의존나크고거대한창,2023-07-04,1496.67
후니도,2022-01-14,1460
후뚜루빠뚜룻뚜루뚜빠라빰,2022-09-23,1343.33
후라이이즈백,2021-05-26,526.67
후리기,2023-12-20,1518.33
후향,2023-09-19,1250
훈남아들내미,2023-03-15,1340
훈뭉,2023-12-22,1520
휘둘렀다하면준이,2024-07-15,1640
휘체린,2023-01-19,1390
휠릿,2022-03-30,1470
휴넨,2021-08-12,1470
휴지에요,2023-09-19,1415
흐긔이터,2023-07-23,1500
흐냣,2020-08-22,950
흐르켱3,2021-07-31,1390.83
흐얏zzZ,2021-12-23,1302
흐흐찌르공,2021-07-05,83.33
흑고그마,2021-03-20,1050
흑돼지킁킁,2021-08-15,1302
흑멸권,2023-12-23,1460
흑여후,2023-01-18,1340
흑우통,2022-11-25,302
흑웅a,2020-12-27,932.5
흑인대머리남자성기사,2020-09-01,965
흑인대머리남자성기사의딸,2022-01-15,1460
흑임자맛비비빅,2021-04-13,1380
흑주먹딱대,2021-03-17,990
흑카닉,2021-05-23,195.83
흔츄,2024-03-23,1540
흙서리스,2024-06-02,1600
흡혼의낫,2023-07-21,1490
흥사원,2023-02-22,1460
흥치칫뿅뿅,2023-01-26,1585
흥흥헝헝흥,2022-02-13,1302
희랑이,2020-08-22,1325.83
희망의목소리,2023-07-16,1493.33
희현당,2022-01-31,1417.5
흰에,2023-06-05,1302.33
흰잉꼬,2021-11-17,328.33
히말라야에이전트,2024-07-13,1640
히소향,2024-07-12,1610
히울리,2023-12-24,1563.33
히이검,2022-01-26,1302
히키백수모쏠아다,2020-08-22,1079.17
히트맨흑소,2023-07-16,1541.67
히피르,2021-12-23,1316.17
힌그,2020-12-31,920
힌레이커,2023-12-21,1580
힌옌,2023-12-31,1597.5
힐계속들어가고있는거에요,2021-06-10,1344.17
힐구슬공장장,2023-07-02,1477.5
힐꿈,2021-01-30,990
힐도줌,2022-02-11,1445
힐링석,2022-09-05,1462.5
힐잘주는호감바드,2022-09-24,1520
힐좀바드라고좀,2021-07-12,1370
힐하는기철이,2021-01-12,1341.67
힘박사,2023-12-20,1580
힘숄,2023-07-03,1490
힘쎈남자장충동,2023-12-21,1541.67
힘쎈도치,2022-07-03,55
놀다광폭,2021-04-24,1325
CoolingSnow,2021-10-08,1325
별이되고싶은모코코,2021-10-08,1330
지옥에서온느그바드,2021-10-31,1500.83
HotArk,2021-10-08,1325
한여름밤의버블,2023-12-22,1545
꽂새우,2021-10-15,1310.5
한여름밤의기상술사,2022-07-20,222.5
슬레이는이맘은뭘까,2023-02-26,1415
반달가슴치타,2023-12-21,1580
변함없는꼬부기,2023-07-19,1490
절구원해줘요,2023-04-08,1610.83
주씨네소율,2023-07-19,1495
종말이지모래맨,2024-07-15,1640
머구리코,2022-11-27,1100
치킨막하니,2023-11-01,1490
복기유져,2024-01-08,1540
윗공기하프,2021-07-19,145
fastup,2022-01-06,1302
도화가하는힙송,2022-08-18,76.67
빛으로날보호하소서,2021-04-21,1340.83
FIN5ER,2022-01-22,1370
DDCCB2,2023-11-22,1536.67
신성맛곰도리,2023-12-21,1596.67
잠깐만못움직인다고,2023-02-13,1302
아이렌아,2022-06-13,1457.5
김장훈의숲가락콘서트,2024-06-09,1520
헤드파천,2024-04-06,1520
꼬댕이,2020-08-23,1358.33
헬머,2022-01-30,242.5
지구온난화의범인,2022-07-07,1477.5
루엘하토,2023-12-01,1600.83
라임에이드더블샷,2023-07-19,105.83
자몽에이드더블샷,2023-09-15,1445
계란빵팝니다,2022-08-29,1340
초콜렛팝니다,2022-07-19,117.5
힐준떡,2021-04-29,61.67
정밀생산공학,2023-12-21,1528.33
울산연,2021-01-31,1037.5
주먹신교,2023-12-24,1582.5
리퍼리퍼밈,2024-05-20,1585
7H같은넘,2021-05-02,1050
케이데이리더,2024-02-07,1540
예Z,2021-07-08,1372.5
설사슬레,2023-07-01,1508.33
한예종비바리,2022-01-24,1490
딱딱한인간복숭아,2022-03-15,1302
어렵구망,2022-01-04,1302.33
캐비어로끓인알탕,2021-10-14,1430
뒤로뛴당,2021-07-25,1415
티티티오피,2021-09-18,260
JavelinShin,2020-08-22,925
정서지수,2021-12-20,973.33
루아미솔,2021-09-23,1340
DemonicShin,2020-08-22,943.33
늘마통,2023-12-26,1540
둥글둥글원기옥,2021-12-05,1415
무신정권,2020-08-22,917.5
이문허,2021-05-31,1341.67
찍먹만해봅시다,2022-01-01,1370
마하여,2021-12-24,1343.33
디트강지,2023-06-28,1500
괴롭히면울어버림,2023-07-16,191.67
이세상그누구보다널좋아해,2022-07-12,460
아르카나꼬부기,2021-01-27,960
고운소곰,2023-01-19,132.5
오버필드,2024-07-14,1586.67
애기옴팡,2021-08-12,1470
우르닐탕탕,2023-07-11,1500
분쇄권,2021-05-24,1343.33
gylee,2023-12-24,1571.67
주헤기,2024-07-15,1640
루체리아,2022-12-07,1543.33
루엘자,2023-07-20,1490
쏭란,2023-09-20,1586.67
스파이시쉬림프아보카도,2022-12-27,1393.33
새여림,2021-03-21,1357.5
카아테,2021-03-07,808.33
선란,2021-03-28,1340
찰떡같이들음,2023-08-02,500
대마스틱,2023-12-20,1518.33
춘례,2020-09-27,920
이보크는잘못없어,2022-11-16,460
BnaBi,2021-08-11,1375
영웅대제,2023-12-31,193.33
낭만으로하는잼드거너,2023-07-24,1415
개망초,2023-12-21,1580
자메8,2024-07-15,1640
발광전사61,2021-08-08,1390
라이제인,2021-07-10,1302
애옹이의보호,2021-07-08,1302
애옹이상조,2021-05-31,1325
HaGun,2023-12-23,1460
뭐가커브레이커,2023-12-21,1573.33
더링크,2024-03-26,1617.5
킹팽,2021-08-09,249.17
천마붓,2022-01-14,1369.17
쌀딱,2024-07-15,1640
아가딱,2022-01-22,1504.17
면딱,2020-11-17,975
류둥,2023-12-21,1585.83
쁏뿃,2022-01-11,1325
귀염뽀찍이얌,2022-01-15,1445
류댕,2023-12-20,1510
다라q,2022-03-15,1302
파푸니카의고양이,2022-02-21,1415
석고붕이,2023-07-24,1415
성공한결정,2021-05-23,129.17
유부녀케찹,2023-01-19,1500
아기건슬린이,2022-04-03,142.5
시원한땡저니,2022-07-10,1500
메이리네,2022-07-12,1455
던D힐,2023-12-23,1515
히얀시즈,2023-12-26,1521.67
메이리주,2022-03-09,340
CadisW,2022-07-06,1490
은총요,2021-05-29,915
스카는쉬운가,2021-10-11,1415
너무하닷,2023-01-24,1520
흡수영혼,2023-07-20,1437.5
0Elysia0,2020-09-06,1019.17
미필마법소년변신무삭제본,2021-12-16,51.67
검은우산하나,2023-02-07,1357.5
무자비s,2022-05-14,150
창술SsS,2022-10-18,78.33
aho141,2023-01-21,1490
밍홀냐,2023-05-05,1447.5
찰흙단검,2022-01-24,1415
얀데레눈나,2022-01-13,1502.5
갸스임,2021-09-15,1385
동천이,2020-08-23,940
베베미랑,2023-01-01,1460
카르디트,2020-08-23,946.67
카르마디트,2020-10-12,1050.83
0제일검0,2020-10-12,1355
아이디를어떻게열두자까지,2021-08-18,1417.5
채고은,2021-03-14,61.67
쮸그링,2023-07-19,1500
튼튼하체,2021-11-02,1333.33
오산동존윅,2023-02-26,1460
강길은,2022-12-25,87.5
냥냥펀치지직,2023-12-23,960
엘인린,2023-12-21,1460
범어알카,2023-05-28,1445
차순지,2023-01-23,1435
싸커월,2024-05-28,1620
스팸에햇반한입,2022-09-20,1442.5
용바싸개라고놀리지마세요,2021-11-07,1415
소심한권왕,2023-12-22,1580
샤냐루냐,2023-07-25,1520.83
르망,2023-11-18,1610.83
텔레포트가하고싶어요,2022-01-22,1420
입술사탕,2021-08-11,1415
나애기바듀,2021-05-23,520.33
펄스건타릭,2020-12-19,113.33
눈꽃의세레나데,2022-10-14,1584.17
땡귤,2023-12-20,1620
빡지님,2024-03-17,1600
T129,2024-07-14,1603.33
난다람지야,2024-07-12,1630
그림그리는실망,2022-01-14,1467.5
미역국좋아,2023-11-19,170
연봉떡상건슬,2023-06-29,1415
금손호소인김지학,2023-12-21,1460
광교산바바리,2020-09-21,843.33
집나온바람,2023-01-21,1490
sad개강,2021-09-15,1415
영혼저금통,2023-07-23,1510
sad개학,2022-01-26,1445
풍릉릉,2021-01-22,1340
어허허응,2021-01-22,1325
아기룡,2024-05-11,1520
신궁아곰,2023-07-11,1415
화려한일격스,2023-12-20,1580
b04d,2021-11-22,553.33
하드득바드득,2024-07-15,1640
힌뿌,2023-12-22,1610
또바드하니,2021-07-10,93.33
윤레논,2022-02-04,102.5
고서아,2023-12-22,1593.33
카라쿠레나이,2021-10-20,953.33
창술사맛보기1,2023-11-30,1490
우산만이,2023-07-03,105.83
로빈걸,2023-07-20,1415
빅유두,2024-04-13,1540
집행관단라스,2021-08-17,1371.67
기상할시간이야일어나야지,2022-07-06,1467.5
청천강,2022-02-27,1340.83
현식2,2024-01-10,1518.33
바이세나,2022-12-22,90.17
행복해용,2023-12-22,1550
검정색우산,2023-12-30,1472.5
풀파워로드,2021-01-30,1320
요단강토끼씨,2023-08-17,1490
디붕디붕단작아,2021-08-29,1302
토이띵,2024-06-27,78.33
더큰낫은못들어요,2023-12-04,635
라실마리,2022-08-20,1340
타이니루리,2022-11-02,600
혜팜,2021-09-22,1415
질투군단장슬레이어,2023-01-19,94.17
엄지배마,2021-07-11,1415
카칸레이어,2023-01-20,1475
아이리쿠,2023-01-25,1460
마리나라피자,2022-02-03,1370
칼다룽,2023-07-21,1517.5
로웬대륙의다르시,2023-01-18,1490
짖으라면짖고물라면물게,2023-07-02,1415
모망창고,2022-05-23,1415
잼예나,2022-05-24,1356.67
송띠모,2022-03-17,315
케창콘,2023-07-19,1415
체담혜,2022-02-05,1370
초경량비행장치자격증,2023-12-27,1465
쿠앤스카,2021-05-09,61.67
타홀나라,2021-09-12,1370
혜현이의작은바드,2021-01-07,1325
독새,2021-10-14,1370
TEDCHANG,2021-09-06,1361.67
깊삼이,2024-05-19,1540
도깨비섬,2022-05-27,460
뚜묵,2023-12-10,1605
데리아끼헌터,2021-07-20,53.33
민트초코녹차라면,2021-01-28,1040
신삼호,2021-01-10,1355
그건막소,2021-08-15,1415
이시대최고의등골브레이커,2023-12-24,1565
라또아,2021-05-29,526.67
하와이안피자파인애플많이,2023-12-22,1460
내가조블레,2022-09-20,302
한씨브레이커,2023-12-22,1460
스븟스디붕,2021-08-14,1370
알도없는게자꾸하래,2022-12-21,1390.83
수제우산달인,2022-12-05,302
마멍,2023-07-19,1490
나랑같이절제하자,2022-01-28,1480
별빛유성창,2022-10-18,1445
키츠네링,2022-07-07,1460
부엉배마,2021-02-05,920
질풍노도의금쪽이,2024-07-14,1600
숨카,2021-12-05,1520
윈띄,2023-12-22,1580
은신이두둥,2023-10-31,500
베어라,2023-12-22,1580
집근처병원,2023-12-30,635
튀소세트,2023-12-24,1580
애반치,2021-10-19,1325
앋찌,2024-07-15,1640
뿌라리커,2024-07-15,1640
아산쌀개,2022-01-26,1302
주먹식,2023-12-23,1510
Sv소울이터,2023-09-24,1415
양배추브로콜리청경채케일,2023-05-10,302
리자몽꼬부기,2022-07-13,1467.5
깜부충동,2022-03-12,1543.33
벽주,2023-11-20,1415
공주는말로안해,2023-01-19,1340
믐앵,2023-09-07,1415
gillaju,2021-05-23,1340
그릭앤샌드욤욤,2023-07-19,1505.83
리셀렉트,2023-07-23,1519.17
당돌한모코코,2022-05-06,1560
노비스에어로맨서,2022-07-06,1477.5
울프레이너,2022-07-31,207.5
고마츠나나참좋아,2021-07-12,1415
천시시,2023-01-23,1415
존결,2023-12-20,1510
배고픈술사,2022-01-27,242.5
인파아쫑,2021-05-31,1325
당근맛기상이,2022-07-16,1480
소서쿠크루,2021-12-20,600
쉐아가,2023-01-25,1493.33
한창현0,2024-01-04,1555
윤이나반짝,2021-03-20,1331.67
블레쿠크루,2021-09-15,1370
라임토토로,2021-04-24,1035
오빠한우사줘,2021-07-09,1370
낭만충신,2021-09-24,1400
후리홐홐,2023-07-02,1500
ZC카온,2022-01-21,600
소울패현,2024-01-05,1563.33
나래아라마리,2023-09-16,1442.5
황제금붓,2022-09-03,1460
보고싶포도참아요,2023-12-21,143.33
정가보부,2024-07-15,1640
무쓰가득한홀나,2021-12-20,1498.33
문종운,2023-11-28,1415
바드여사,2020-08-23,895.83
일격에커엇,2024-07-15,1640
검은섹X타킹,2021-08-19,1302
Esy,2023-12-21,1460
저도화가나려해요,2022-01-16,1445
떵손,2021-08-11,1302
홀나솜,2022-07-06,1410
쭈뽀뽀,2023-01-01,1540
무무빵야,2022-09-23,302
긁히면물어요,2024-06-19,500
니아리투,2024-06-10,500
간석동아이유,2024-07-08,500
느린시람,2023-01-18,1500
네든,2020-09-29,915
건담이말을건당,2023-11-14,1582.5
바쉬씨,2021-07-11,1302
스즈메의넬라단속,2023-03-23,500
아이언낙,2024-07-15,1640
이색희야,2020-08-23,1302
오모오모,2021-08-13,1380
귀여움받는막내,2022-02-02,1370
걸G,2020-09-08,915
점핑권고맙습니다,2022-01-25,1415
빵빵하늬,2021-10-26,1477.5
곰돌이낫질,2023-07-21,1508.33
사멸님,2021-10-22,1415
나초타코,2021-04-12,1340
성기사특탄이,2021-09-02,1445
피자나라포테,2023-01-08,1412.5
Ciner,2024-03-16,1520
주히룽,2024-07-13,1620
초붕붕,2024-07-15,1640
달빛하얀,2021-08-29,228.33
귤먹는대검,2020-12-08,915
폴라로이드작동법,2021-09-02,74.17
망호격,2021-03-18,1050
나에키,2021-03-22,1050
고오뜨,2022-07-06,1505
l정이l,2023-12-21,1581.67
썸쎄,2020-09-19,975
철물점낫돚거이춘자,2023-07-21,1510
일곡동참마도,2023-01-24,1490
애기쮸브커,2023-12-21,1571.67
무저띠,2021-12-26,191.67
질풍권왕,2023-12-21,1550
작은도쿄,2021-07-05,61.67
끗콩,2023-12-20,1565
미치는하이,2021-10-21,1415
그리운멍멍이,2023-07-20,1415
황도숭슝,2021-09-02,1345
스카표본,2021-05-08,520.33
칼련화5,2021-01-11,1310
칼련화8,2024-07-14,1620
동구밭라떼,2022-07-07,1460
허니밭라떼,2021-03-14,172.5
짬타인파,2022-07-07,1445
전장협,2022-07-20,76.67
이그니싸,2022-11-10,1460
소갈머리국밥,2021-06-13,1351.67
yovon,2021-07-06,1340
딜이나할게여,2023-08-17,1503.33
브우딩,2023-12-22,1540
아메리칸카우,2021-07-09,1302
데런데런충모닉데런데런,2022-07-13,1340
Spearseeker,2021-05-23,677.67
싸이라,2022-10-28,1460
한겨울의홋카이도,2023-12-11,1250
즈나도화가,2022-01-13,1415
배고픈치타,2022-10-24,1415
박가로4세,2022-02-08,413.33
케이거스,2020-08-23,880
밤다루,2021-08-16,55
니니떼,2022-01-21,1302
요스이터,2023-07-19,1490
행사음향,2024-03-14,1520
디붕인데융,2022-10-10,1541.67
블커달,2023-12-21,1558.33
세잎돌,2023-11-28,1600
천붕이,2023-12-20,1465
까까오몽쉘,2021-07-16,81
딴딴통통,2023-11-08,1500
섹시띠은,2023-07-20,1415
뒤돌려후리기,2021-03-17,1325.83
감수해,2021-08-19,1302
까만먹물세상,2024-02-08,1582.5
0l겨,2024-07-16,1640
늙은진세,2021-05-30,915
보호망도,2021-09-23,1427.5
구마틀린,2022-09-28,80
Nutnay,2023-02-01,1370
절정창돌이,2021-07-08,1302
소윤이삼촌,2022-01-07,1445
세리에나복싱챔피언,2023-12-21,1460
너를보면자꾸나도화가,2022-02-04,153.33
신권쓰담,2024-06-20,1610
용이예오,2021-08-26,204.17
하얀색도순이,2021-05-15,1404.17
어인형씨,2023-06-28,1415
블레빌,2021-11-18,381
황금GOBLIN,2021-04-12,312.83
홀리이나잇트,2023-12-19,1610.83
미니토템,2021-08-30,1437.5
됴하아가,2023-12-19,1610.83
무지성걷기충,2022-12-27,1460
스피드바드,2021-09-25,1355
마리린할머니,2022-01-24,1472.5
가히루,2022-12-21,1340
워롯피리,2021-07-11,1415
율n,2023-12-21,1545
힘을잃은브레이커,2023-12-29,1543.33
잠식된힘,2024-07-11,1616.67
기출변형mk2,2022-04-05,1430
오평파,2024-07-07,500
매일로아해,2023-09-28,1580
아르케슬레,2023-01-21,1503.33
아창,2021-08-16,1520.83
냠냠꼬리,2023-07-20,1490
조빌즈,2021-10-02,1447.5
하이하잉해위해윙,2021-12-24,1445
기상표룽이,2024-07-13,1616.67
연탄장수,2021-08-13,1437.5
스폰지봉,2021-08-18,1460
소울로쌀먹하기,2023-08-21,1415
오빠므찌나,2023-12-31,1620
소서벨라,2021-08-11,1462.5
푸모님,2022-08-07,179.5
불지옥반도방패수호자,2020-11-19,922.5
카제카게,2023-12-21,1610
여름은더워서싫어요,2024-06-14,1490
이박죽연,2023-12-22,1460
복실이의가마솥,2021-05-19,1392.5
FaIlo,2023-12-20,1580
sommaa,2022-12-13,177.5
쟤때리고빵가,2023-06-30,1490
환상서곡,2021-04-16,61.67
서울의택,2024-07-14,1620
캄다운못난이들,2023-12-21,1580
무척추고먐미,2023-08-27,1460
shuryn,2023-01-19,1415
지핼,2023-07-30,1415
테라마레,2021-04-24,1340
청하코코,2023-07-21,1505.83
신방동캐스터,2022-12-22,1490
과즙소하,2023-12-21,1536.67
네스망,2022-02-04,1445
탈리뀨,2021-07-18,1415
쿠칼이이,2022-02-05,302
성동백호,2023-12-24,1581.67
SteelLane,2023-07-03,202.5
손님왜골드안줘요,2021-07-10,130
돼오연,2021-07-08,1412.5
로망비버,2023-06-29,1415
별빛셜리,2021-01-22,1340
돼오리니,2020-11-04,86.67
O심연을걷는자O,2024-07-13,1620
뇌아파이쿠,2023-12-21,1475
쌀만캐고갈게,2024-02-06,1546.67
얼짱예지,2024-02-01,1487.5
에캐,2022-02-02,1415
그림같은싸다긔,2022-02-03,1385
지로네범인,2023-04-01,302
홀하망,2021-12-23,1442.5
창나문,2021-08-30,1302
비에데헌,2022-03-18,1427.5
둡닝,2021-09-03,1325
어쿠스틱컬라보,2020-08-31,910.83
97돌없으면그게짐승이지,2021-10-10,1432.5
물주먹김똥냥,2022-07-17,600
우유많이드세요,2023-02-11,57.5
여러분이기다리던홀나,2022-01-07,93.33
스페셜냉면,2023-01-11,1425
쿠시체,2023-07-19,1415
김껙껙,2021-08-25,846.67
사건사고동영상,2022-02-11,1359.17
여래의칼집,2024-03-20,1620
하파파2,2021-07-24,1437.5
욧샤슬레,2024-03-22,1600.83
야간산행부,2023-12-17,73.33
블래는원딜이다,2022-01-22,1302
당신의공대에참여하고싶소,2023-12-24,1555
그대는내머리위의,2022-07-10,1475
산시바드,2021-08-22,1373.33
투나잇게르만조인스더헌트,2022-01-21,1303.33
MyTrueMentor,2021-08-16,1302
결쏴,2021-03-22,1035
o0o힐하겠슈으o0o,2021-12-23,1302
선히드라,2023-07-10,1460
부산대리리공듀,2024-02-10,1530
나혼자잠만보,2024-01-28,204.17
세요부설,2021-08-02,71.67
분평동등골브레이커김꽃분,2023-12-22,1590
보급형디붕,2022-12-19,54.17
구이몬타그,2023-08-10,500
건슬심찌,2022-07-10,460
하나챙,2021-10-17,460
홀제리,2022-09-02,1583.33
헤픈아이,2021-04-13,1345
가슴이시켜서팡팡,2023-02-09,1370
저기요저요,2022-12-27,1370
핑꾸박사,2022-07-11,1470
주판,2023-12-20,1540
이브S2슬레,2023-01-18,1490
비냉건슬,2022-07-24,93.33
울비트,2020-11-04,915
악마비냉,2022-11-11,1415
로쿠님,2023-07-19,1500
여덟번째숩,2020-11-17,980
불닭푸딩,2023-01-18,1460
자신걸,2020-09-30,927.5
혜덴덴,2023-01-19,1490
오늘도그리워,2021-02-05,1325
진황씨,2023-11-19,1600
응애정현아가공주,2024-01-18,185.83
qscwc,2023-12-21,1580.83
샘이로드,2021-06-01,1415
라따따깡,2022-02-13,1325
엉덩이가두개인이유,2024-07-11,1595.83
호야샤,2023-01-26,1350
EngineerBVa,2022-11-26,1540
심젤,2023-07-19,1490
무적민중,2021-07-24,460
왜냥이안키우냐고묻기없기,2021-01-30,1325
원조김윤자양념간장게장,2021-10-10,1370
리즈히,2022-07-06,1415
호크아이쑨,2020-09-21,900
니지금되게신나연진아,2023-01-20,1511.67
스카뽁이,2020-08-23,500
강민정,2024-03-23,1566.67
식센건슬,2023-01-26,51.67
북서풍,2023-12-20,1573.33
호크아이좋아요받아주세요,2022-07-23,1585
베르게네프,2022-07-17,173.33
14151430,2021-08-16,130
Cherry라떼,2022-01-24,1540
낫아요,2023-10-29,1581.67
그냥이도아가해,2022-01-22,1482.5
동방오리,2022-04-09,1558.33
연두빛세상,2022-06-08,1370
욤마핫브레이꺼,2023-12-21,1460
이쿠자,2023-12-22,1460
영혼은영칼로리,2023-07-19,1495
분노여왕,2023-01-18,1415
대검든태주운,2024-03-04,500
필수성분,2021-03-18,1439.17
참이슬과장어,2023-12-21,1580
모닉차림,2022-10-14,1582.5
휴류듀,2021-01-31,915
권왕산조,2024-06-22,1340
몰라일단변신해,2021-11-23,302
시샘달쌍둥이,2022-01-18,1370
후리파이터,2021-12-26,1302
딜러얼굴에먹칠하는년,2022-01-13,1385
히노카미카구라엔무,2020-09-14,1350
버터초코쿠키,2023-12-31,55
띵도리링,2024-02-04,1460
클로버칩스,2021-09-10,1302
아가숙제중,2022-01-27,1302
청아북,2023-08-27,1490
메츠리알,2023-02-28,1460
두둥탓두둥칫,2021-04-20,1325
데카쓰면캐삭,2020-08-22,915
버터유,2021-10-28,1302
빗나갔어욤,2021-01-21,1340
삐찌나이트,2020-12-31,915
레인3,2021-07-09,1302
핑고내,2024-06-06,1520
쓰까호롱,2021-08-14,1415
일단딜바바,2022-07-06,1460
파도의춤마스터,2024-07-15,1626.67
세상에이런heal이,2020-08-30,965
낑깡인형,2022-08-22,302
라임Rock,2023-12-23,1560
딸레미우스,2023-02-12,1508.33
전생에인파이터였던내가,2023-12-20,1460
리퍼린나,2020-10-01,915
그냥지어봄,2021-03-07,1050
곡모닉,2022-12-24,1490
인왕산여우,2021-11-23,360.33
릴디스,2022-11-09,1600
황섹머,2021-12-23,1329.17
짜룡이의일기예보,2022-07-14,1340
봉수골호랭이,2023-09-25,1565
Dwalin,2020-12-24,915
댄건,2021-07-11,1417.5
낫질잘한다,2023-07-20,1506.67
김졸졸,2022-07-06,1460
진파란,2021-08-17,172.5
잘해본다,2023-02-07,1490
이블리뉴,2023-08-22,1415
로린이아리에,2021-03-07,634
비비디이바비디이부우,2021-08-11,254.17
하현아이,2023-01-19,1490
마이온지아르파노,2023-07-20,1490
흑임자붕어빵,2021-07-04,1352.5
아휴리트,2022-03-27,1430
제이크슬리,2023-02-12,1500
모에모에비스,2022-12-23,94.17
해원둥이,2024-01-10,1513.33
기가이커,2023-12-22,1460
얼음날개,2021-09-12,1305.83
화음날개,2021-12-24,1460
로젠마리나,2020-08-22,1360.83
하프든쭈구리,2020-09-13,802
기상청네리아,2022-07-06,1340
퐝로오드,2023-10-02,1580
퐝뵈마,2023-07-11,1275
퐝쁑,2023-10-25,1580.83
은야유명,2023-11-04,192.5
꼬꼬마이트,2023-05-24,147.5
도빙수2,2022-07-13,1425
잘해라잉,2023-10-22,1594.17
포식자진쥬,2021-07-06,1325
라라벨은알까나,2021-07-16,1418.33
형부이시간에왠일로,2022-01-24,1445
포격몬스터,2022-12-22,1490
전생타이슨,2023-12-25,1580.83
응애나인파할래,2022-04-19,460
알카라구,2021-02-27,1325
리버풀버프,2023-06-20,302
가즈아Night,2021-04-24,85.83
파라그래프,2022-11-16,1506.67
크교수,2022-09-11,1477.5
감자가휘리릭,2023-07-21,1492.5
서차빈,2022-09-10,1580
ISFP애기소서,2023-07-10,1580.83
기쬬쬬,2020-08-23,960
모두가비추했지만,2024-07-16,1640
삼촌과함께하는로린이,2022-07-18,1480
멈념,2022-03-17,1302
하프뮤지션,2020-09-28,900
DASD724,2020-10-03,937.5
EBOD839,2021-08-12,1400
날씨룰루,2023-08-21,1614.17
스트리퍼하라,2020-10-05,1000
폭탄맞은모코코,2024-07-16,1640
구밍,2023-12-20,1460
ONflower2,2021-11-01,420.33
냉혹함의징표,2023-07-01,1493.33
커츠J,2022-11-22,960
푸쉬업킬러,2022-06-18,302
민트의카드,2023-07-21,1490
모방자o,2023-01-18,206.67
덤벨컬킬러,2022-07-07,1340
휴전선고라니,2021-03-10,1050
무소원,2021-06-07,1341.67
가히압도적클라스,2023-01-19,1340
스미노프머시깽이,2022-07-10,1477.5
참지못하는구꿍,2022-12-21,1490
카운터어려워,2022-10-13,71.67
로드기영,2024-07-02,1523.33
착하게살거에오,2024-02-03,1563.33
김앙마앙마,2021-05-09,1385
세늗,2023-01-19,1506.67
공기빛큐브,2023-06-21,302
토레타이즈백,2022-08-18,1520
진한잎새토닉,2023-07-23,1508.33
블루베리버블,2020-08-23,962.5
세늣,2021-05-15,1345
허주나,2023-12-31,1600
하미애,2021-11-05,72.5
선키스트농장주,2021-05-17,1373.33
점핑권좀그만줘라,2021-07-09,1325
복숭아꽃경계,2023-11-11,500
귀찮은홀리,2021-07-09,1445
무엇이든보여드리겠습니다,2021-03-21,940
슬기로운초심생활,2023-07-02,1420
미시체,2023-12-20,1580
주시체,2023-01-29,1340
핑크젤리말랑해,2020-08-23,1015
유준몬,2023-10-04,1475
춍총춍총춍총춍총춍총브커,2023-12-23,1584.17
벤다눈,2023-01-18,1340
다방바드,2021-10-25,1415
킹에욱,2021-09-23,1370
창술날나,2022-07-10,1393.33
호크넘약해,2023-12-21,1565
잼민만두,2022-01-30,1370
통닭양념,2022-04-21,460
루릎,2023-07-23,1500
파시카다,2021-01-25,915
이터랑이,2023-07-20,1482.5
규현아,2023-05-05,1370
백웅노하,2023-12-20,1472.5
멀전허니,2021-07-07,1400
뉴루루룽룽룽,2021-01-21,1302.83
십이는이십,2021-03-01,415
비냉데헌,2022-07-12,1370.83
군주상,2022-01-25,1480
HeroFirebat,2021-05-09,1310.83
초시계를띵,2023-12-28,1535
귀족상,2022-07-09,1520
Breakernad,2023-12-26,1581.67
우리애가무카파도참잘해요,2024-04-18,1584.17
장난글,2022-12-24,1515
하기스M직팬티,2020-11-05,1043.33
난대가리만때려,2021-08-26,1326.67
예수기용,2024-02-21,1614.17
지나가던넬라셔틀,2022-01-21,1460
영혼을함께하는부엉이,2023-07-21,1460
소유아리,2021-08-12,130
김수욤,2021-12-24,1302
꽃헤,2021-04-05,840.83
손가락아파온다,2023-12-21,1605.83
운겜러모코코,2024-02-10,1580
슴가라이팅,2023-11-03,1490
앨스님,2022-01-12,1502.5
구음백골조주지약,2022-11-12,55
소절검,2020-12-28,915
쓸만한개없네,2021-06-30,1409.17
염다인,2023-08-21,1415
오늘예민해연두,2023-07-01,1417.5
대검곤,2023-11-14,1415
우야비,2021-08-15,1415
꼬마잔혈이,2022-09-09,1588.33
도화가계란으로간장계란밥,2023-12-22,1553.33
나카새이워로드,2021-04-01,1329.17
Labmeeting,2023-12-21,1580
주댕이커,2023-12-21,1589.17
홀나님님,2023-12-24,1535
어쩔저쩔우짤,2022-05-30,1383.33
내일대구한낮40도,2022-07-06,1470
경로당휠체어,2022-10-29,155
홑나강림,2023-05-29,302
모기수랑,2023-11-08,1620
아랑빛하린,2021-08-12,1302
리드머,2021-09-17,1417.5
흑별비,2022-07-13,1460
소울이터Jr,2023-07-20,1498.33
주니캐스터,2022-07-17,1460
kashib,2023-09-10,1415
제니리안,2022-08-24,933.33
KABONE,2022-04-19,1340
아장캐스터,2022-07-06,1490
바쎠스,2023-01-25,1467.5
깜직연,2023-06-01,1371.67
스탠스불편,2022-12-21,1370
빅토포,2023-10-28,1610.83
호롤로로홀리,2021-01-21,370
냉정불작법사,2021-09-05,1417.5
선학산그리즐리베어,2023-01-18,1490
텐텐은하루에한개씩,2023-12-06,1620
날프린,2022-07-06,1340
홐지,2020-10-06,814.67
아프니까바세린,2023-03-18,1475
해적왕오른팔실버즈레일리,2024-01-07,1545
마포얇은월급봉투,2023-09-26,1540
민초맛있쪄,2023-01-10,1340
베른낭중,2023-12-18,1610.83
슈샤이어버프셔틀,2020-11-07,915
차가운바람이부는계절,2023-12-22,1482.5
디트해영,2021-12-23,1302
둥지라면,2020-10-07,917.5
아모기물림,2021-08-17,1302
귀차니데,2023-01-28,1581.67
귀차니건,2023-01-28,1581.67
중요한건꺾이는너의척추,2023-01-18,1490
귀차니소울,2023-07-20,1490
서지수H,2022-07-07,1460
팽구구,2023-02-10,1490
육회달달,2023-03-16,302
냥펀치백합,2023-11-02,1415
치킨다리빼고,2023-01-20,1475
겐지궁,2021-11-17,420
리스건티드,2021-01-29,1047.5
라라비HS,2022-05-15,1370
만발소녀,2022-02-09,1477.5
플라모델,2024-07-16,1640
마녀학,2024-07-16,1640
훈브리,2022-03-09,1302
미네이터,2022-03-13,1415
라라니고,2022-07-07,1492.5
슬리퍼다훈,2021-07-17,1406.67
베릴베니토,2022-01-13,1400
샤타리,2023-01-19,1500
킴은설,2023-05-24,1580.83
참든든하네요,2020-10-05,915
뒷부기,2022-07-06,1490
참강하시네요,2021-04-17,1325
물걔,2024-04-09,1583.33
그건그거고이건이거지,2023-01-20,1415
건강한,2023-12-21,1510
군중통제,2021-08-08,1415
주의사항맞딜금지,2023-07-03,1490
샓즈,2022-07-11,1480
웅발꾸,2023-09-15,1540.83
두야솔,2023-07-21,1415
야추자르는낫을들은데런,2023-07-20,1490
찬곤,2021-03-18,94.17
고의강화,2022-12-06,1370
지존큐브맨,2020-08-23,910
RomanceB2,2021-04-08,407.5
김해쌍건총,2020-08-23,906.67
치명적인지지배,2023-12-10,1587.5
김해개간지,2020-08-23,1337.5
간지나는홀리,2021-01-05,1035
세라비,2021-01-16,1355
앉아,2021-08-11,1475
슬레상향필수,2023-01-18,1490
봉도구,2021-12-24,1445
믐멤믐,2022-01-22,1432.5
제르니커,2021-01-07,915
방탄버드,2021-05-19,1340.83
케인이어,2023-07-30,1493.33
유련블,2021-04-12,1340
Foncebadon,2022-12-21,1498.33
방탄월,2021-06-07,74.17
사장님우산이고장났어요,2023-12-22,1546.67
신천지바티칸대리점,2022-01-01,1370
WAR,2021-08-10,1502.5
규질편모조류,2023-01-18,1511.67
주먹이슉슈슉슉슉,2022-01-05,190.83
바드낙제생,2021-02-25,534.17
아으기차나,2024-01-06,1460
믜릐,2023-12-20,1580
따발냐림,2023-12-24,1620
로동사신,2023-07-24,1475
잊지못한창술사,2021-08-15,1372.5
점화시키다,2023-01-24,1432.5
비버레오,2024-05-26,1540
가비야,2024-01-09,1520
공허한토끼,2023-01-20,1460
은서체고,2022-12-22,1490
공항철도임산부석터줏대감,2023-06-27,302
프리티타노스,2023-09-06,1516.67
Son챙,2021-05-30,1408.33
퀴냐,2023-01-27,1396.67
뒤라,2023-06-30,1475
꼼하아가씨,2022-07-12,88.33
버거끄,2021-07-29,600
폭주Vla,2023-01-18,1490
자이아츠,2022-10-04,493.33
흑웅월아,2023-12-23,1580
서어어어머어어어너어어어,2022-01-29,1302
살아숨쉬는콩콩이야,2022-11-29,966.67
싱싱시삼,2022-06-13,847
제게도따듯한봄날이올까요,2021-12-23,1302
설긔령,2024-07-13,1620
붓원,2023-07-02,1457.5
세핫,2023-12-24,1581.67
충모모까,2021-07-13,1302
기븐건슬,2021-12-31,1328.33
하누마타안,2021-12-24,1399.17
플랙랏,2020-09-21,915
데니포,2024-06-10,1603.33
낫놓고기역정도는알아요,2023-12-22,1580
광기도꺄비,2021-10-09,1370
도도한비,2021-03-06,337.5
야생원소술사,2023-02-14,1435
슈리라미,2021-05-23,550
펩시쏟아서혼난아만,2021-07-18,1415
냥냥츄르츄르,2021-09-08,1460
소서배럭,2022-12-26,1382.5
L유리,2021-01-30,1050
유산없으면기술배워야지,2022-02-05,1340
작은판다,2021-12-30,72.5
그쁨이,2023-12-21,1584.17
귤이는말안들어,2024-01-22,1616.67
켈시브,2022-01-28,1370
슘미니언,2023-12-21,1553.33
벌레하시죠,2022-10-30,1475
주멈이,2022-09-19,1550.83
HDMaster,2022-08-14,1340
끄적끄적차늬,2022-01-14,1475
방탄후리,2020-08-22,1325
말랑후리,2022-07-06,1340
후리나르샤,2021-07-09,1302
이재준,2021-08-12,1462.5
후리람쥐,2021-09-21,1437.5
감춰진이야기,2023-12-20,1556.67
어딜바드럽게,2021-10-10,53.33
zI존가을,2022-12-21,1340
FuniFuniLab,2021-07-18,1354.17
번둥천개무섭지,2020-08-23,900
샤킨,2020-08-23,1302
황금홀리브축오착착,2021-07-05,75.83
쇼위치,2021-03-29,1375.83
고민끝에닉네임을정했는데,2021-07-15,1370
눈앙,2023-07-27,1460
소순희,2021-08-11,1370
고창v,2020-09-29,915
작은체리나무,2021-12-12,460
열박네,2021-01-18,915
비안오내오,2022-07-06,1340
귀신깍뚝썰기,2023-07-22,1500
늉블래,2021-09-09,1432.5
늉버서,2021-12-04,1427.5
복소사,2021-07-29,1408.33
키워서잡아먹어8,2021-07-31,1385
더덕왕자,2022-04-23,1100
튼튼한아찌,2021-03-23,1325
청포도브레이커,2023-12-24,1580
갹물,2023-11-09,1600
진천동간디,2022-04-17,105
워로드님,2023-12-20,1600.83
먹칠공부,2022-01-25,1417.5
곧무병,2022-02-09,1460
브레하임,2023-12-25,1460
김뚱실,2023-07-19,1501.67
와로둥이,2020-08-23,915
빛의기사단문덕팔,2023-06-29,140
사나이문덕팔,2023-12-21,1563.33
콜드컴포트로션,2023-08-06,1425
양킴,2023-01-18,1340
줘팬바바,2023-05-16,580
충무아트센터,2021-07-25,1417.5
버서커여자가여,2023-01-24,960
위즈덤덤미,2022-01-27,1415
이걸팍씨,2024-01-23,1586.67
므와앍,2023-12-23,1551.67
모냐앙,2020-08-23,1025
됴도도도도아가,2022-01-21,1470
민트쵸코셔벗,2021-08-17,55.83
헐이걸죽네,2020-11-21,930
바드는쌀먹이다,2020-08-22,1302
나짱빨라,2024-03-11,1536.67
신촌,2021-09-21,1546.67
호크말숙이,2023-11-19,1490
수라결냥냥펀치,2023-12-22,1541.67
잠꿍탱이,2020-12-31,1385
SpiralCats,2021-10-28,1452.5
아만하스틱,2021-08-12,1430
린린실린,2021-07-08,1340.83
강함의끝자락,2023-07-03,1125
달콤빙수,2021-10-30,460
우손고,2021-05-09,1005
이냐미2,2023-12-22,1583.33
절실한월급,2021-07-09,1302
COSICO,2021-01-21,1325
땡쵸코,2021-04-04,1400.83
브레이커맛꽈배기,2023-12-20,1555
여노스,2023-12-25,1540
나만의작은바드님,2021-07-13,1430
꼬마애깅,2020-08-23,921.67
꼬마사라,2021-07-12,1355
데하하,2021-07-09,1370
홍련극의,2021-05-05,61.67
mpseop,2024-06-11,1587.5
분노한떠지,2023-05-01,387
에그맘마mk1,2022-01-29,1302
뿌샤뿡,2022-01-22,1355
그긴거띵다블,2023-12-20,1460
곰풍랑,2022-07-08,1475
캬라멜마꺄또,2023-01-19,1340
멈출수없는디붕,2022-04-01,1310
멈출수없는만월,2023-07-20,1531.67
르르기공,2023-06-29,1490
르호격,2022-05-14,1430
닉변에돈쓰는흑우,2024-01-01,1580.83
옥로틴,2023-05-18,1447.5
가리온비나,2022-04-10,141.67
쓱쁜이,2023-01-19,1340
충딸,2021-12-23,1302
길로링,2023-01-19,1472.5
달달한담비,2021-04-24,1359.17
징닭불,2024-05-15,1620
청아한걸,2020-09-21,947.5
네뮤루,2022-07-15,1460
럭키소서리스,2021-08-26,210
버퍼인듯버퍼아닌홀리,2021-03-16,1005
버즈레프트이어,2022-05-23,1302
가상술사진,2022-07-17,1460
빠인드아크,2022-11-22,1312.67
튼튼홍삼젤리,2023-12-21,1580
뉴에라걸,2021-09-09,1302
꼬부기츄,2020-10-05,915
산렐,2021-03-21,945
Rker,2022-04-26,460
OldHunters,2022-10-18,1415
탬휴,2021-07-13,1302
힘센힌토끼,2021-07-06,1378.33
페이튼소울이터,2023-07-26,635
떼뿌요,2023-12-23,1540
코쿠리지,2022-12-22,1427.5
ShadowJU,2022-12-29,1415
김도아4,2021-11-06,1316.67
버블동이,2021-11-03,1309
밤코코,2024-07-16,1640
화이자2차접종완료,2021-07-09,75.83
망치만잡으면흥분이숫구쳐,2023-06-29,1485
쏙가,2021-08-12,1302
혀나얍,2022-07-21,51.67
히히죽엇다,2022-07-26,1500.83
히히호빵발싸,2024-02-22,1615
바둥바둥꼬야,2020-12-15,915
계란잇,2022-07-19,1460
신조브이,2020-10-09,915
정글은언제나맑은뒤흐릿함,2022-09-04,191.67
킴디에이칰,2021-08-13,1302
아수라냥냥펀치,2021-03-19,1327.5
뜸크,2020-08-23,921.67
제니의극진농민수레바퀴,2023-07-24,1452.5
스파이럴,2023-12-23,1561.67
홀닥밍,2021-11-06,84.17
은뎐,2023-06-30,1452.5
기슈매,2023-11-09,1480
아키쭈,2022-03-05,1502.5
부유한루브,2021-05-02,869.17
상처먹은앙마,2024-07-12,1626.67
산노미야시호,2020-10-12,915
소이밀크,2024-01-24,1612.5
박쌀쓰,2021-02-12,1331.67
akieless0123,2021-10-23,130
왜이렇게빨리끝내나요,2023-01-25,1340
얼라한,2024-03-27,1593.33
낙월III,2023-09-03,1465
먿음,2023-02-05,1340
totes,2022-07-07,1477.5
수염많은대머리아저씨,2021-10-02,82.5
노랑색우산,2023-12-22,1580
받쁨,2021-03-01,915
일단죽을게,2023-10-22,1586.67
블랙로브스터,2022-01-29,1302
따스한쿠키,2023-01-19,1503.33
엄수라,2023-12-25,1540
레브레이커,2023-12-20,1565
혜도희,2022-01-23,1475
쏘스마스터,2022-04-27,1415
비스비스모에모에,2023-08-29,1415
그냥시작좀,2021-03-22,1349.17
떴다왕형님,2020-08-23,698
한썽,2022-01-07,1520.83
Mawey,2022-01-12,1490
REDPK,2022-06-15,1415
장해리,2023-12-20,1601.67
랏k,2022-01-23,210
꽃길바드,2020-09-14,960
일단만들어두려고,2022-02-03,1302
원소위주,2021-08-22,1385
홀서스,2020-09-14,935
스피드왕김호크,2022-12-21,76.67
시아시오,2023-07-22,1495
카낫나,2023-09-27,500
민트초코마라고수버블티,2022-06-18,1381.67
딸기바나나쵸코시럽파르페,2023-06-30,1470
박하향구름과자,2022-07-22,960
멍또하나,2021-04-04,1325
미션임파선부음,2023-07-23,1503.33
슬수영,2023-01-19,1500.83
폭식마술,2023-07-22,1490
하얀무도가,2022-01-29,1370
Bardblossom,2021-03-14,1350.83
죄수번호0509,2022-12-24,1490
Tartesh,2022-07-28,124.17
Saez,2022-07-06,1452.5
류카딘,2021-05-01,380.83
홀리몰리블랙라즈베리,2024-07-11,1614.17
와랄랄라연자,2023-07-01,1490
냐퍄파,2020-09-29,915
네파맹수,2020-08-23,987.5
멜로디쉬폰,2021-08-13,1415
도아가푸댕,2022-01-13,1490
로지마,2021-03-08,1355
관찰사념,2021-02-02,960
추억담화,2021-02-05,759.5
소울십리터,2023-07-19,1415
방패두고온사람,2021-05-02,1340.83
TheSurge,2022-10-10,57.5
우쨔몬,2024-07-16,1640
정미자,2024-02-02,1600.83
도아가공략,2022-01-21,1302
씨아이에스유산,2022-07-09,1462.5
휠체어만타서미안,2023-10-14,1415
내가아직아가로보이니,2022-09-03,112.5
s레이나s,2023-07-22,1490
핑크똥개,2020-08-23,500
리팽이리팽,2023-03-02,302
태풍신비,2021-09-25,1355
칼부심,2023-12-20,1619.17
쪼할배의마지막폭주,2021-09-27,1504.17
지운혁,2023-12-21,1540
나의거란족아카데미아,2023-12-31,1610
빡치면제육먹음,2024-07-16,1640
볼기짝을때리게해주십쇼,2024-07-16,1640
이지업,2021-12-24,1370
바드비릿,2021-03-18,1325
나비는머쓱해요,2023-05-17,1566.67
1873006566,2021-03-07,61.67
생존우선주의,2023-09-18,1415
샤엘노아,2023-12-21,140
샤엘로아,2021-08-12,1302
뒤를부탁하마,2024-07-15,1620
혺이,2023-07-02,1490
엣트s,2023-12-20,1550
선생양봉순,2022-08-22,1460
연유의날씨는맑음뒤흐름,2022-07-10,1465
린렌,2021-01-01,1350.83
똥삼충,2022-03-31,1442.5
솔솔씨,2022-12-22,1490
국밥낳미,2023-04-08,302
이쁘게이쁘게,2023-05-02,302
우종팔,2021-08-11,1364.17
후유소울,2023-07-23,1490
희망의마지막조각,2023-07-04,1430
누진구,2020-12-20,915
새하으앍,2022-01-01,1310.83
띠망치,2022-07-07,1462.5
블루베리맛퓨즈티,2024-07-16,1640
욱쎄,2023-06-01,1602.5
각펜,2021-03-20,955
불꽃빵야,2022-01-05,1392.5
내손이보이나,2021-03-27,372.5
소서프프,2021-09-13,1417.5
허니오트이탈리아bmt,2022-12-22,1490
성빈아샤넬빽사줘,2023-04-17,1066.67
대빔,2023-01-23,1596.67
퐁퐁레디9,2021-06-02,915
김댕표,2022-01-15,1370
맑으밍,2022-07-06,1470
등록용,2023-12-20,1511.67
JustDoHeal,2021-03-30,1340.83
고철맛치토스,2020-12-30,950
홀냥1,2024-07-16,1640
RomaceSW,2021-04-16,455.83
쫀득한찰떡파이,2021-03-07,900
불꽃주먹원도,2023-12-20,1551.67
만약에우리둘중하나라도,2021-09-04,1445
안주먹왕,2023-12-20,1540
500N,2023-02-22,218.33
천상으로한다이,2024-06-28,1620
갓오브누가바,2023-06-15,1398.33
서폿벨리,2021-03-21,1363.33
나폴나폴sawoo,2021-08-22,1316.67
용멋,2023-01-19,1490
뿡쯤,2023-07-20,1490
겨울의기다림,2021-07-16,1379.17
랄라라양,2021-07-10,1440
아깽이집사,2021-03-20,965
루이암스트붕,2023-12-21,1576.67
보라망,2022-07-14,1415
엘슈샤,2020-09-17,900
버혐붉파왕꾸왕꾸킹,2022-01-23,1560
대처하다,2023-11-14,1609.17
활게,2023-12-12,1590.83
귀족인줄,2021-04-09,315
들박아,2022-03-04,1509.17
미르꺼,2022-07-07,1475
블리레드,2021-05-24,98.33
낯선오빠,2021-08-07,1415
안녕난말랑,2021-12-23,190.83
배틀턴,2023-10-18,1415
카스로나,2023-03-17,1340
렛츠슬림,2023-04-09,1588.33
필사즉생생사경,2023-12-24,1566.67
오쭈호야냥냥,2022-12-24,1490
팬다리,2021-08-02,1330.83
다이아무늬남방똑딱이단추,2023-07-23,1442.5
죽음의여전사,2021-08-19,1310
콩장콩장,2020-09-15,960
감자나라포도왕자,2023-12-24,1540
SlasHit,2023-01-20,1340
유현요밍,2021-09-14,1363.33
솔리카,2020-10-02,917.5
뱌채,2024-07-10,1520
창술수가,2023-07-15,71.67
cuckoo,2024-01-18,1510
난보석이두개가아니야,2023-07-23,1490
슬픈개강,2021-09-18,1370
TSUMARU,2023-07-02,1500
브마루,2023-12-22,1580
염가은,2024-01-05,1600.83
인간모닥불,2020-11-05,960
얼뢰,2021-08-13,1447.5
홍시체,2023-02-11,1415
PainB,2022-06-04,302
워아안,2023-04-06,926.67
증마림,2020-10-08,1359.17
연락반장,2023-09-02,1445
크레비츠고오급배럭,2022-01-12,1512.5
도아아아뽀,2022-07-14,1465
파구마아,2023-10-21,1485
스커콩두,2021-07-05,61.67
캥찡찡,2021-03-14,1022.5
커마장인,2021-09-27,960
달걀모나,2023-07-03,1415
ClaRay,2021-01-30,1040
철벽모나,2023-03-27,76.67
근재오빠,2022-07-27,1355
딜한번해볼려고배마로만듬,2024-07-16,1610
태희핑,2024-12-22,1640
편백나무정권단련,2025-01-03,1640
심각한도화가중독,2024-07-23,164.17
콜라블루베리맛,2024-11-05,1640
법사인레후,2021-08-23,1370
왕세숫대야냉면,2024-07-12,1585
시골망치를사오면어떡하니,2022-12-21,1490
옴플,2022-01-27,1355
아억울해,2022-03-18,1442.5
통모짜슬티즈,2024-07-28,61.67
민서발차기,2022-08-29,1340
흠이제그만슬슬레이어,2023-01-19,1340
명x하,2021-12-23,1302
안면출타,2024-12-20,1616.67
주머멍,2023-12-01,1100
지구촌뻑치기,2022-07-10,127.5
여섯째입니다,2023-11-22,95.83
가은스폰남,2024-07-30,1595.83
구본좌불안석,2021-12-23,82.5
쌀을제패한자,2024-04-14,500
체인퍼리,2025-01-09,1610
오산초등학교,2022-07-15,1417.5
럽성미,2024-08-29,1568.33
저주받은딜각,2024-08-10,1520
봄의수묵화,2022-07-30,1450
아저씨도데려가줘,2024-09-26,500
꽁멍꽁멍,2023-03-04,1370
귀농의칼날기생편,2024-12-19,1590
피곤한히드라,2022-02-17,1053.33
쎄이블링,2024-06-27,1541.67
진선생,2024-08-29,1580
몰리냥,2024-02-12,1541.67
백설양v,2023-01-21,1340
한번씩그리운날에,2021-09-13,574
싹바가지브레이커,2023-12-21,1580
회원님하체는왜안해요,2024-11-13,1100
인빠이떠,2024-11-02,500
총기이해와활용,2024-12-19,1595
흠뻑젖은옆집누나,2024-09-17,1100
허니너겟,2022-01-25,1325
권사권왕,2023-12-26,1560
회료,2024-08-30,500
솔레라아,2023-07-23,1518.33
햇빛낫,2023-12-22,1510
시이도아,2022-01-21,1477.5
유스티에르,2024-12-26,1640
딸기요거트라떼,2023-12-22,1510
도시정비6년차,2025-01-08,1640
우리집이너피스,2024-12-24,1595
탐라어린이,2021-09-11,1389.17
체대생하륜,2023-07-06,1490
서울제일약국이선생,2023-10-07,53.33
기공원툴유저,2024-07-18,1591.67
콩서리쓰,2021-08-11,1302
디트얌,2020-08-23,400
부러지고고장난단검,2023-10-16,1477.5
뱡돌,2024-08-05,1541.67
주먹을날리는뚜뚜,2023-12-24,144.17
엘삭,2024-07-20,1520
외로운블레,2021-04-19,1340
쵸엘,2023-12-20,1555
달콤가득카푸치노,2024-08-15,1460
탈주닌자스쿠나,2024-09-02,1596.67
도코루,2022-03-27,1325
버프는책임안져,2024-07-22,1590.83
이리즈블리,2024-07-15,1593.33
풍무새,2024-10-19,1520
CLIXx,2023-01-14,1477.5
으누얌,2023-09-13,500
딸기촉촉,2025-01-09,1640
손이짤맀나,2022-07-08,1450
힐링은비가갠뒤처럼,2021-07-12,1380
잊지망고,2023-12-25,1520
속박의망치,2024-11-16,1405
밤하늘달Ol,2021-07-06,875
개구쟁이버터,2022-10-10,460
DARK바드,2024-01-19,85
지켜주께내가,2024-08-29,1540
공무원합격에듀윌,2023-12-27,203.33
천공위의섬라퓨타,2023-12-25,1580
루나리쓰,2021-05-24,1340
테치테츄,2024-03-01,1600
또히덕o,2024-12-21,1600
고독한대식Jr,2020-08-23,1325.83
왜했을까요,2022-09-12,1395.83
쪼꼬만나옹이,2022-08-01,1392.5
치킨마요네스,2022-02-14,1540.83
김욕구바드2,2024-10-01,1578.33
더덕맛딸기우유,2023-04-08,302
지켜츄예요,2024-08-12,1565
그믐날의보랏빛,2023-07-19,1415
딜하는애,2021-02-04,157.5
딥효서,2024-03-11,254.17
피스타치오르트구름,2023-08-15,260
밍레,2024-02-04,1520
서폿그런건난몰루,2022-06-05,340.67
얼음도사,2024-12-26,1605
카드쓰기,2021-08-22,1450
바드스킷,2024-07-18,1600.83
보스몹뚝배기브레이커,2023-12-26,1460
쪼물애기,2024-04-10,1600
기상했어욤,2022-07-13,1475
넴구링,2023-05-08,1477.5
벗어보자,2023-10-18,1422.5
힐주는솔이,2024-10-09,1520
타토토,2021-12-11,841
햇살쿵,2024-12-20,1640
여린불씨새싹,2021-04-25,1325
햐잉소,2022-07-21,1524.17
묘목산은존재한다,2024-07-12,1520
잘치는바드,2023-12-19,1480
샤르무즈,2024-12-20,1600
유빠커,2023-12-21,1528.33
아따따소류겐,2024-07-14,1571.67
배고픈꼬북칩,2021-08-12,1302
바닐라크림푸딩,2024-08-27,1601.67
헌터할까요,2021-12-27,120.83
김딩핑,2024-12-23,1600
우쥬닷,2021-01-21,1325
무공신,2023-10-13,54.17
감사유,2021-05-27,1040
바드바드바드버드바드바드,2024-07-16,1520
빵딩이를쫓는자,2024-07-13,93.33
내가바로킹슬레,2023-01-21,50.83
아이스딸기치즈케이크쿠키,2023-12-22,1580
롯데리아맛잇어,2024-09-19,1540
0푸0,2024-08-09,1599.17
앤로엔,2023-12-23,1580
I선호하다I,2020-12-01,915.83
백미율,2023-07-19,1475
떠도는구름처럼자유로워라,2023-01-02,148.33
대치동수학1타강사,2023-07-22,1477.5
퇴빌헌터,2022-07-12,92.5
열심히안할게요옹,2023-12-22,1460
낭만이없다,2023-06-29,1490
천설씌,2022-11-26,90
악어하나,2021-04-10,1050
단절미라떼,2024-07-15,1520
파스크스,2021-11-07,302
세니즌,2024-12-19,1640
임브도,2024-09-11,1640
근구네여,2024-12-20,1618.33
아기화공,2022-01-15,1302
주먹쥐는남자,2023-12-30,1520
다스쓰,2022-08-06,1358.33
맹다인,2024-12-23,1640
뽀짝나나,2022-01-24,1370
슼키누배럭3,2024-12-19,1640
혯감자,2024-01-10,1520
구슬구슬팡,2022-01-23,1302
봉구커,2024-01-28,1510
슈타케,2023-01-19,1340
핑라소니,2024-09-16,112.67
야광불망치,2021-08-15,1370
추츠추,2022-05-12,118.33
망치바니,2024-07-16,1520
글룬,2020-08-23,949.17
치즈스틕,2024-08-21,1613.33
일어나시옵소서,2022-02-06,1370
바드으응으으으응으으으응,2023-11-19,1059.17
너를위한모든것,2021-05-02,82.5
날씨캐스터기상술사입니다,2022-07-12,164.17
쿠크안가파티노놉,2023-02-18,95
위트아래트,2024-07-15,1585
돌주먹에이수,2022-08-24,1340
그랜드홀리마스터,2020-08-22,942.5
농4꾼,2024-12-22,1640
용화검,2020-09-04,1307.5
뚜기뚜밥뚜기두밥오뚜기밥,2021-08-05,1370
핑긔꺼,2024-11-28,500
엄뿔,2024-12-25,1600
달인용날먹도구,2024-12-25,1640
슥커하진,2023-11-01,1606.67
목이길어싫은기린,2024-09-04,1520
ElysiaN8,2024-08-01,109.17
시로와따,2024-07-13,86.67
3바드2도아가오너,2024-07-19,1540
이논쓰,2024-08-17,1612.5
써리공주,2022-04-11,1445
다즐링티,2024-01-03,1510
대화역광기,2024-02-27,1520
둡방,2021-03-21,930
모란화주,2024-09-25,1590
커나홀,2022-01-28,1415
까암주,2021-09-08,1452.5
뭐하노사우루스,2024-10-23,500
사병건,2024-09-16,1100
바쁜비버,2023-05-21,302
핸들이고장난브레이커,2023-12-22,1553.33
힙호영,2024-01-17,1460
PXG퍼터,2024-09-02,1340
한쿄우,2022-07-17,1430
Ihvly,2024-08-30,1540
산에서떨어진호랭이,2024-12-19,1640
너네가안먹으면혼자다먹음,2023-09-14,1457.5
서머눙,2024-02-20,1541.67
대존잘파이리,2023-12-25,1531.67
잔혈머신유망주,2024-02-12,500
천명을움켜즨자,2023-12-22,1546.67
찡블래스터,2024-12-20,1616.67
난바고구마,2023-01-20,1340.83
루슈카,2022-07-08,90.83
홀즈메의어지러운문단속,2023-05-06,302
칼잃어버렸어,2024-09-21,1585
코르불소,2025-01-02,1640
수산류멸치찌르기,2023-01-18,1340
SCsword,2024-07-11,1521.67
자라선,2024-07-28,1250
여자데헌,2025-01-06,1585
또미녁,2024-08-10,500
남자끼리낚시하면경찰부름,2023-07-24,1496.67
나헤리요인데,2025-01-03,1605.83
신코코팜,2024-12-23,1640
마술과,2024-12-21,1585
창갤주6,2022-02-02,1370
기리쿤1,2024-11-26,1540
밑장빼기6단,2024-12-20,1605.83
깨뿡,2021-09-06,60.83
카제로스브레이커,2023-12-20,1580
룬카페인,2022-12-26,164.17
따뜻한얼음을와드득씹어봐,2024-12-15,1640
zx우주대해적왕디붕zx,2024-10-17,500
명운빵즈,2023-07-11,1490
ASJDN,2023-12-21,1465
조교가필요해요,2025-01-10,1610.83
김함닌,2024-12-18,1640
붓털을자꾸가다듬는나의낫,2024-05-11,1520
듙띵,2023-12-21,1580
밥아저씨셋쩨딸,2022-01-28,1302
미뇽주니어,2023-12-21,1540
똑이인파이터,2023-12-20,1550
진이랜스,2024-09-06,1580
반격은저에영,2022-12-24,1460
폭풍을부르는신쨩,2024-07-12,1540
여긴네가막을테니난갈게,2023-04-16,302
요니요니요니,2023-07-19,1520
데헌은설,2022-04-04,1415
천문브레이커,2023-12-20,1575
FistBob,2024-12-01,1540
슈붕냥이,2023-11-12,1415
스카디홍,2021-07-06,1007.5
레몽몬,2024-01-01,1460
성불꽃,2024-12-21,1640
경우찌,2023-01-26,1370
붓헬,2024-07-12,1612.5
연필사탕,2023-01-23,1340
스윗한남정복실,2024-11-12,1515
삼다수말고안마심,2024-11-05,1640
krnl,2021-04-24,1050
테라잼게했었음,2021-05-24,1336.67
도화지속의빗방울,2022-07-22,1460
outin파이터,2023-07-01,1496.67
김옥찌다,2024-09-17,1520
개곰탱v,2023-12-26,1610.83
개과천선힐러,2025-01-12,1640
주e에요,2023-08-13,1506.67
하민트,2024-07-12,1520
홀나끼리,2021-07-09,92.5
윤시원구독,2021-07-18,1302
손혜리,2024-12-29,1616.67
사대주노,2024-12-20,1640
수원현대건설,2024-07-14,52.5
달빛이되고픈,2024-08-30,1550
야마제구검,2024-10-22,500
신들린도화,2023-07-16,1490
리겜꺼2,2024-12-20,1640
큰곰카페,2021-08-05,1302
데친다시마,2024-01-31,1540
파멸룡간드라엑스,2024-07-14,1620
제리II,2024-11-23,1540
졌나,2021-04-24,1050
전태뿡이,2020-10-12,325
스우에,2025-01-08,1600
코드스칼라,2023-08-05,1580
청순멘헤라꾸러기영걸,2024-08-24,1340
딜잘하는동생,2024-07-13,1585
아자사이,2024-12-21,1600
라니니엘,2022-02-09,1344.17
블래v,2024-10-29,1540
푸앙오빠,2022-10-29,1467.5
포격ll,2024-04-13,500
저그킹,2021-09-11,1415
아이유3집,2021-07-13,1415
이디야블루문에이드,2023-06-20,302
byLD창술,2023-07-04,1415
은하향고래,2024-07-21,1548.33
츄쥬이,2024-12-31,1640
꿀기래,2024-08-09,1530
l리쪼꼬l,2023-07-21,1100
호미도둑엄복동,2023-12-28,1555
에그마요도시락,2024-07-20,1585
화이트볼뭉치,2024-03-26,500
드라이아가,2022-11-01,1415
저항무시,2022-07-09,1467.5
조롱이냠뇸념냠,2023-11-06,1560
동탄미시테러리스트,2023-12-31,1460
회오리수류탄좀던져주세요,2021-07-09,55
데붕치,2024-08-31,1604.17
충동연세,2024-08-31,858.33
떼에에에에마시,2021-10-11,164.17
냄비둑겅,2024-09-08,500
수박부터고구마까지지,2024-12-16,500
사랑아가,2022-01-23,1452.5
김웒,2023-12-22,1580
구슬욤욤,2023-01-25,1340
달달한캐릭,2021-04-03,1340
홍차맛풀빵,2025-01-08,1640
블레라고하지마,2023-02-09,77.5
tjswn,2024-09-21,1533.33
소스잘만듦,2021-04-27,1340
기가차드,2024-03-15,106.67
토라넬,2024-12-19,1592.5
서큐버스향락의타락천사,2022-07-06,1457.5
설이뽀스,2024-09-21,1520
나랑계란먹자,2024-01-19,1530
이걸또키우다니,2022-02-05,1352.5
눈소리환수사,2025-01-10,1640
슬레후잉양,2023-12-22,1556.67
펩머리울프컷해주는덕배,2022-02-04,1529.17
디스IB,2021-02-12,1340
라떼작은거한개요,2022-07-09,1415
카멘겨드랑이애호가,2024-12-20,1585
하늘색하프물범,2024-09-01,1525
발7l를잃은쿠크세이튼,2023-01-15,61.67
마곡바선생,2021-06-08,1345
누가곰이게,2025-01-08,1620.17
허니냔,2023-01-20,1340
응애몰라해줘,2022-12-23,1395
옆집사는홀나,2021-12-23,1302
김막시,2023-12-21,1563.33
간호장교정치훈,2022-02-16,1475
지성,2024-11-30,1700.83
낼름쿠앤크,2024-12-24,1615
두바이초콜릿쪼아,2024-08-18,590
러버덕푸더덕,2021-08-10,1325
햄버거노,2024-08-09,500
마력의호수,2021-12-23,1302
스치면핵주먹,2022-01-12,179.17
퍼스트하프,2024-12-20,1605.83
따거의발놀림,2022-02-07,1328.5
제일빨리도주,2023-06-16,302
쥬빻,2024-04-04,500
서머는여름인가,2021-10-08,366.67
자비스2세,2023-01-17,1582.5
RmFourth,2022-01-22,1373.33
똥침빠샤,2024-08-25,1540
신코시홀리,2023-11-03,1417.5
사생학,2024-09-22,55
카네비르,2024-07-19,1563.33
꾸킹,2024-07-30,1585
와누앵,2021-03-24,1330.83
선우건슬,2023-02-24,1415
핵라,2022-01-05,154.17
영혼사신소울이터,2023-07-20,1465
32년차모태솔로김충모닉,2024-12-20,1595.83
퐁이화가,2024-08-31,1640
지블렉,2023-12-20,1565
란짱,2023-12-20,1520
샛별나리,2024-10-07,1520
우산으로줘패드립니다,2023-06-27,1060
l볼이l,2022-07-23,130
핑크Rock,2023-09-29,1462.5
여우에윰,2024-09-16,90.83
WDDW,2024-05-05,1520
전투의충격파,2024-08-09,1528.33
에규벨,2023-06-22,219.17
가볍게츄,2021-07-06,61.67
화강의대가,2023-06-29,1498.33
도라우몽,2023-10-24,1482.5
질선,2024-12-22,1640
도구해요오,2021-07-11,1415
응애나창술사아저씨,2024-02-06,1342.5
이나진,2024-12-22,1615.83
메타몽탈,2025-01-10,1640
해방걸음,2024-12-19,1611.67
담설무,2022-07-12,1340
저는니코틴없으면못살아요,2024-12-21,1640
우산날씨,2022-07-06,1465
또나해,2024-12-19,1585
CHAGH,2022-01-02,1430
노하리브리더,2025-01-07,1640
나는우산도둑,2024-09-25,500
천섬광,2024-12-19,1605
오늘은귀찮은날,2023-01-14,191.67
쪽바르,2024-12-20,1640
더킹스웨이훅,2024-08-17,1250
니면상에원투,2024-07-22,1540
유엄오,2022-07-17,1460
별사탕마루,2024-10-08,1640
아자씨랑비밀친구할래,2025-01-13,1640
saidason4,2023-07-06,1490
어차저차차,2021-04-12,915
화이트와인파,2024-08-08,1600
대봉찜닭,2023-12-26,1528.33
안곡고,2024-12-20,1585
수빈아비,2023-12-25,1550
귀한집둘째딸,2023-07-08,1495
바드생생,2021-07-09,51.67
곰이라구웅,2025-01-08,1621.67
시나몬김치,2025-01-10,1640
LaurelWreat,2024-07-10,1593.33
등을보여줄빠에야죽고만다,2021-07-09,1302
쏘핫리퍼솔라,2024-07-22,91.67
김호두,2023-12-21,108.33
핀다얍,2022-07-21,153.33
검신냥이,2024-10-17,1620
속초함,2022-09-09,210.83
딩두의몰리나이트,2022-08-13,86.67
니가그렇게좋니,2022-07-26,1397.5
금방구,2023-11-12,1602.5
소중하게키워주세요,2022-01-22,1447.5
힐러전성시대,2023-06-23,302
한방칼빵,2024-07-13,1563.33
궁폰,2024-12-21,1610
권테또,2025-01-09,1585
RoyaI3,2023-12-10,1415
마인크무료다운,2022-09-25,91.67
히샬리손,2024-08-10,1540
귀니환수사,2025-01-08,1585
검강소녀,2025-04-09,1640
김재원C,2023-12-20,1535
체리브레이커,2023-12-23,1582.5
신비한수호사전,2024-12-23,1640
Auxin,2024-02-03,1100
민트의고창,2024-08-27,1520
마법고냥이,2024-08-06,1556.67
센의고성,2022-05-18,1350.83
샤네뤼,2021-09-05,1302
꼬드기1,2024-08-29,1600
쩡시,2023-12-20,1541.67
월요일이싫어,2022-03-09,1370
규빈블래,2023-12-25,1563.33
잠시만전화왔어,2021-07-09,1370
비자호,2024-07-12,1521.67
크쉴칸s,2021-09-12,1302
별들의종말론,2023-12-26,1540
두포리제일검,2024-07-17,1521.67
입술에뽀뽀갈기기,2023-03-20,1460
끔바비뇽,2020-11-09,915
방울요괴,2023-01-28,1340
WWE챔피온,2023-02-12,1325
차분한생선,2022-01-21,1475
DiveBombSQ,2024-08-21,1520
샴페인고냥이,2024-12-20,1640
꿈속에서놓친너,2022-07-10,1340
사랑이다냥,2023-07-19,1447.5
위서월,2023-07-03,1490
일단물어,2024-07-17,1540
쌀을먹자,2022-01-14,1302
민져엉,2022-08-01,1415
파워짱성준,2024-08-11,725
몽크포리,2021-07-05,1347.5
내앨르음,2024-07-12,1550
낫디온리원,2024-01-18,1382.5
우산놓고왔지롱,2024-12-19,1640
오리도리탕,2023-08-14,500
비아아님한판해요,2024-12-25,1611.67
Lbory,2024-07-22,1520
홍뚱띠,2024-12-24,1620
포밤두,2024-08-05,1540
옛찐,2023-05-13,302
지금아무도모르는꿀통,2024-09-21,1640
뽀얀꽃비,2023-08-04,1415
죠쉬커,2024-12-19,1604.17
3용쓰,2024-10-11,1540
랄로노예김동현,2023-10-10,1475
큐쿠쿠큐,2024-12-23,1592.5
구운먹태,2023-12-20,1460
돌핀방패,2024-12-28,1600
네다음쌀먹,2021-07-26,1415
곰욱이,2025-01-11,1640
꼬꼬닭달걀,2023-04-08,1310
시아호렌,2024-07-12,1520
도박중독히쪽이,2024-07-15,1540
사십칠퍼센트,2024-12-20,1585
채주호mk3,2025-01-08,1612.5
갈릭소스추가,2021-11-26,1415
살짝권투만해볼까,2024-02-20,103.5
해선달,2024-10-26,1520
뾰라한,2023-01-20,1422.5
캬화가,2022-01-15,1302
표시현,2022-02-10,1370
최깨비,2024-04-17,1460
아타도아가,2022-01-25,1355
탱탱하구요,2024-12-19,1600
별똥별사탕,2024-12-25,1617.5
뒤로가서놀랐지,2022-02-15,1321.67
새콤한콩이,2022-04-18,1370
마이스티티아,2022-10-26,137.5
백오수아,2024-12-31,1640
이성휘기공,2021-09-04,1310
충모쥰,2021-12-24,1302
별엣리,2023-08-10,1457.5
위쳐델루나,2022-04-07,1335
냐헷,2022-01-26,1460
잔불을바라는잔재,2024-07-11,1521.67
먼지나게패줌,2023-12-20,1545
동방홀리,2024-09-28,1640
서리요정바람돌이,2022-07-21,258.33
이넨이,2022-07-10,104.33
데동비,2024-12-19,1589.17
아니마티오,2023-09-30,1340
혁명전야엄승민,2024-07-11,1560
포니테일아저씨,2024-07-20,1555
각중전급만,2024-11-19,1595
디스토링,2023-07-20,1415
이름은상관있음,2021-08-21,1348.33
바닐라맛토게피,2022-07-07,1470
반갑꾸릉내,2023-07-28,1427.5
케르도나,2023-03-17,1340
내가이걸또,2024-09-18,52.5
CCL주주도구,2022-04-18,460
소녀뱅지,2024-08-22,171.67
냥과,2024-07-06,53.33
뺜코,2021-09-06,1325.83
씽트리,2024-10-03,1587.5
폴파워,2024-05-02,552.5
Pumpin,2024-07-16,1540
후하하히후소울,2023-07-20,1490
우앙아아앙,2022-12-28,1546.67
방과후술래잡기,2024-09-22,1100
민국이는삐약삐약,2025-01-10,1640
검무하나,2023-01-18,1490
강철50사단군필여고생,2022-01-27,1460
주굥아우산없니,2024-11-04,1620
타바바드,2022-03-22,1307
뭐어쩌라용,2022-07-21,202.5
아가밍츄,2024-12-21,1610
카드캡터솜이,2023-01-20,1460
홀닥불좋아요,2021-07-08,1415
꼬리9개아님,2024-12-26,500
나라바라기,2023-01-19,1340
바쓰,2023-12-08,1566.67
젊을때사랑하라,2024-07-14,1566.67
성빈아까르띠에사줘,2024-01-01,1540
마녀누리,2022-02-16,1302
날르닌,2022-07-10,91
행복한초롱꿀벌,2021-12-25,1302
제리쪽,2024-12-20,1600
니니에몽,2024-08-07,635
쫄래쫄래도아가야,2024-08-04,1302.5
쏘아볼께요,2024-07-19,1585
이터언니,2023-07-21,1523.33
힐찌랭이,2022-02-27,1302.83
백종원의아르데타인식당,2021-06-11,1341.67
오의스켜,2024-09-20,1546.67
꾸꾸팝,2021-03-02,930
마다라메홍카쿠,2022-08-15,1380.83
페XX,2024-12-19,1640
han국nam자,2022-01-09,60.83
낙낙칠,2024-11-19,1100
배럭배마,2023-12-26,1530
Dior공주님,2024-08-14,1581.67
한붓그리기중,2024-06-19,106.67
하늘에구름을몰고오는아이,2024-12-23,1590
꿈을꾸는동안안녕,2023-07-01,95
박시충,2021-03-24,1325
건잡이,2023-12-20,1530
제발돌지좀마,2024-01-12,1530
포리가피운모닥불,2024-02-12,1520
저주영,2024-08-07,1604.17
아침을여는사람들,2025-01-11,1640
유부녀마스터,2024-08-04,1520
국힙원탑금강순,2023-11-09,1460
꽃소울이터,2024-01-29,1521.67
비맞은도라지,2023-12-26,57.5
읏쁘,2025-01-09,1640
혈영귀살,2024-08-29,1540
만드레인님,2023-07-02,1430
화찜찜5,2023-12-20,1477.5
포메라니안견주입니다,2022-12-27,1460
버빗메,2024-12-19,1605
자꾸보면때려,2024-03-20,1520
모히칸모,2024-09-22,1540
수원봉구,2024-10-23,1540
완즈이꼬소하이쳐직이네,2021-10-07,1432.5
펭귄꾼,2021-10-15,1390
용두동매콤펀치,2023-12-21,1581.67
내가진짜초코찹,2021-09-17,600
와멍멍,2024-04-24,1590.83
류정천,2024-12-20,1593.33
구윤현,2021-05-02,151.67
대박이삼,2023-10-06,1415
앙마구,2021-07-10,1415
MaaeduSssa,2023-10-03,79.17
엘정해,2024-01-26,122.5
거믕거옆에힝거말고누렁거,2025-01-11,1640
방팽이,2023-12-21,1546.67
자도자도잠옴,2022-11-08,1340
곤데잔받아주세요,2024-07-12,1520
디이새김,2025-01-05,1600
하누메마시떼,2022-09-28,1340
너구리웅이,2023-12-22,1460
프워미,2025-01-07,1640
정말최선을다하고있습니다,2024-07-13,1604.17
1떡순,2022-07-10,1366.67
엄초아,2022-01-15,170
째에앰,2021-09-16,1360
디디제,2025-04-20,1640
해줄게요악당퇴치,2024-06-15,1553.33
검의주인을기다리며,2023-10-22,1496.67
캐릭터아이디가,2023-01-26,52.5
아주엄청좋은사람,2022-03-04,1341.67
적유,2020-08-23,925
커피타는항해사,2024-04-27,1312.5
홍귤나무잎새,2024-12-28,1640
힐을누가해,2023-12-22,1580
기리2호,2023-08-06,1460
실링좀캐와라,2023-11-14,1415
동남참게,2024-12-20,1614.17
Make,2024-12-21,1600
떡볶이먹으러가죠,2024-07-11,1630
아기별구름,2024-09-01,1580
바드언니하프도둑,2022-07-09,1445
민띠린,2024-07-19,1540
햄뵤뵤,2022-02-08,1348.33
권왕이다해먹음,2024-09-25,1340
어머감,2024-07-15,1520
잘하세요Y네Y,2023-07-20,1415
강툐돈,2024-07-18,1595
산양제일검,2023-01-19,1490
둘만의장미덩굴쉼터,2022-01-21,1302
Gryffindoor,2024-01-22,195
가을밖,2024-08-31,1375
냥펀치브커,2024-07-14,1545
베베미우,2024-10-17,1472.5
츄르의버려진장녀,2022-04-10,1430
잔재하나,2024-12-08,1460
소서정점,2021-08-16,1370
NH2MS,2024-07-18,1538.33
대광혁,2024-07-11,1520
좀비10세,2024-08-07,1601.67
손개핑,2025-01-10,1620
브냐훈,2024-05-25,1520
이케해바딜넣게,2023-07-08,1472.5
GranFa,2021-08-14,1309
댄댄,2020-08-23,1333.33
복실딕,2025-01-09,1640
헬황,2023-12-23,1580
나뒤새,2020-08-22,1015
바드거지,2024-09-15,500
루루루키,2023-12-26,1511.67
아이스크림맛김가루,2022-07-11,165.83
장기백다운원트나와,2023-12-25,1460
아유그만좀봐유,2024-12-19,1585
츠사르,2024-11-05,1520
호뚜e,2023-11-06,1620
14월의아이,2023-12-24,1520
리티펠,2024-08-31,1521.67
분노의뽕망치나가신다,2021-06-04,930
아인즈류,2023-12-25,1540
건탕식,2023-04-24,983.33
춧모닉,2024-12-20,1640
류붕이,2024-06-10,500
쌀뉴,2022-05-22,1581.67
이별니,2021-07-26,126.67
후르츠칸도도새,2024-12-23,1640
겁녕,2023-01-21,55
싸커렌,2024-07-26,1591.67
마곡동신성한주먹,2023-09-16,1470
구름쩀,2022-07-07,1480
사슬낫의풋사과,2024-12-27,1610
내연돌리기,2024-09-01,1546.67
라떼가조아,2024-07-18,1607.5
무지개경단모코코,2023-12-25,1510
창염의바람,2023-07-04,1415
잠을못자요,2024-08-05,507.5
두류마리,2025-01-12,1640
환수유리국밥할매,2025-01-08,1640
일리아칸막내손녀,2023-07-23,1415
귀욤아가동생,2024-01-19,1460
워로드만3개째,2022-01-27,1392.5
쿼터뷰익숙해지려는중,2021-12-26,1333.33
이게바로나진재승이다,2023-12-25,1460
우주스레기,2022-01-25,1325
칼잡이재밌당,2023-11-24,1550
기력없는소울이,2023-07-20,1467.5
워로드사랑꾼,2024-12-19,1605
넬라귤,2024-08-27,1581.67
z쁨이z,2023-07-20,1415
운빨토끼,2024-04-30,1520
너굴맨의축복,2024-01-01,188.33
ManGo투지,2021-08-31,1302
솔단리,2022-01-08,1343.33
괴안동예림이,2023-07-20,1415
스토나선샤인,2024-01-14,1530
복서알리,2023-12-24,1585
남치기,2024-12-20,1585
일격고니,2024-12-19,1585
레온하트문지기,2025-01-08,1640
에그듬뿍브리오쉬,2023-01-22,1417.5
라임버블티,2022-01-21,1385
laterre,2021-07-10,1010
브론즈유산스카,2024-07-18,1587.5
꿀밤쀼,2025-01-09,1612.5
파이크럼블,2021-10-07,302
해와달과도화과,2024-04-07,1520
인파종종,2022-04-04,1302
까모이,2021-08-12,1533.33
디치Mk2,2022-06-21,1375
제곰은사람안찢어요,2025-01-08,1585
해말긍,2023-12-27,1560
기가막힌우디건,2023-06-30,1445
세카이노히카리,2024-12-19,1615
오설록녹차서리꾼,2021-05-22,1050
과식하는아이,2023-12-25,1475
집게다리튀김,2025-01-09,1640
짜몽허니블랙티,2023-01-14,1405.83
화려한Jenny,2024-06-10,1382.5
폭주니에,2023-01-18,1370
또수니,2024-01-03,166.67
천변조화,2022-07-08,1340
수라학,2023-12-27,1540
트러플오일맛라떼,2023-07-10,90.17
리데아,2024-06-19,1583.33
자몽맛자몽소다,2023-10-22,1415
곰곰베어곰,2025-01-10,1640
조원동도로로,2022-04-13,255.83
제주순수녹차,2024-12-21,1610
후들다리,2021-06-29,155.83
예민한냥아치,2024-12-15,1640
아이고이런젠장,2024-12-25,1640
낫들고기억자도모르는민준,2023-07-25,1510
오늘우산가지고나가야되나,2024-07-12,1585
법동,2024-01-27,1550
방영숙,2021-07-11,121.67
새큼시치,2024-03-21,1100
금술뚠뚠,2025-01-10,1640
키우진,2024-12-20,1621
붓들고있는바드,2022-01-31,1302
풀잎새,2024-07-16,1589.17
해모찌,2022-01-13,1445
하틀리스레드,2023-01-13,179.17
바드아이별,2022-07-19,1385
시속3키로,2021-03-10,1027.5
분홍달빛별빛,2024-07-14,1520
하쁘아링,2023-08-21,106.67
딸기mozzi,2022-12-22,1477.5
끝낫쥬,2023-07-22,1490
루플토,2024-06-26,1610
홍소국,2024-10-26,1640
기사피코,2024-10-08,1640
테로롬,2022-07-18,194.17
춘뚝딱스,2024-12-19,1600
양이응,2023-12-26,1543.33
시리도록푸른새벽녘,2022-05-22,1370
시예밍,2024-12-23,1600
켸냐인의기술력은세계제일,2021-12-24,1370
탱나인테일,2022-09-27,1365
극락,2023-12-21,1518.33
강냉이를털어줄테야,2024-07-17,88.33
강여신루나,2022-02-21,1302
럭안,2023-12-22,1563.33
버프아티스트,2023-12-25,1526.67
시쥬탱크,2024-12-22,1611.67
하늘엔그림,2024-09-02,1578.33
신난해달,2023-12-04,1415
호맥먹고싶당,2024-11-03,1585
버섯커여워용,2024-07-14,1633.33
빵꾸뚱,2025-01-08,1585
오빠나한테불만있어,2021-09-30,915
잠오는겨울밤,2024-11-04,1560
재르베,2021-08-13,1302
창돌한아가,2022-12-25,67.5
탕탕쿠미니,2024-12-24,1640
힐잘해주는누나,2024-08-16,1610
SparkGuuzz,2021-09-18,1302
유미뇨이,2025-01-07,1640
괭난,2024-07-27,1520
혜찌는망치질하는중,2022-12-28,1360
Magellan,2022-08-05,1340
잔혈잔혈,2021-10-26,1355
세은아버프좀,2024-12-19,1640
권총뺏을려고만든잼드,2022-12-22,70
니스테,2021-07-09,802
청의도발,2024-12-23,1596.67
슈슉씨시식,2024-07-16,1600.83
광폭화한서포터,2022-01-30,1422.5
기상리버,2023-02-02,1340
벽력처니,2022-12-25,1490
칸마쓰,2021-03-19,1342.5
기분이좋은상상,2023-10-22,642.5
우산을좋아하는고양이,2024-08-04,1543.33
여름엔블레이드,2023-07-01,302
냥이범킥,2024-08-28,1540
변신햇우,2024-12-20,1600
뭐됨,2025-02-20,1640
우타엘,2022-10-26,366.67
기다려이난나,2024-07-27,1555
배달온,2025-04-20,1645
STRwither,2022-07-12,130
필살울새킥,2023-07-06,1457.5
조엘오스틴,2024-07-12,1540
DepleDarling,2023-11-29,1427.5
얼려먹는쵸코,2021-07-22,107.5
겨울로망,2024-12-19,1588.33
낫예섭,2024-12-20,1599.17
순쥐순,2024-07-13,1540
모닥불은서비스,2024-12-20,1585
혹시몰라바드,2024-12-19,1615.83
혁승우찬건우인수광호민호,2024-11-06,1620
서울우우,2024-02-16,1521.67
여우인척곰인척하는임성진,2025-01-10,1611.67
그욕섬용병1호,2022-06-05,1582.5
소울앱쏘버,2025-01-02,1640
대도블레이드,2024-08-23,1540
모코코슈크림라떼,2023-12-25,1485
12단지,2023-09-13,1425
유산쪼아,2023-11-19,130
수라챠로,2023-12-26,805
신연혜,2021-03-18,1316.67
실버크로엘,2021-07-11,1302
드라세나드라코,2024-07-10,1540
목이기인기린,2021-10-22,600
구리순대곱창슬레이어,2023-01-20,1340
혼돈이가득찬세상이곧,2021-01-29,1005
무백강,2023-09-14,1415
굴화가,2022-01-12,1302
고양이는카오스,2024-12-27,1616.67
야옹이습격자사의코패스,2024-06-15,500
샤이오드,2023-10-20,1531.67
리앉,2024-08-07,1602.5
믿다창쯔,2022-08-04,1370
아이스짱구,2024-07-13,1565
간짬뽀웅,2024-06-24,1175
내손은모코코,2023-12-25,1566.67
귀얌둥이도아가,2024-07-21,1520
뇨파냥,2022-11-27,53.33
쨥쪼롬,2022-06-17,1100
포쁘티,2024-08-03,1545
짬환수사,2025-01-10,1640
동공이하트인데모닉,2021-10-09,560
날씨요정또삐,2024-06-27,1482.5
짐승머,2024-12-19,1600.83
하얀뭉치,2024-08-17,1520
보리의효능,2023-11-20,500
집나간쑤야,2021-03-27,1400.83
익스트림소울이터,2023-07-19,1492.5
소울츔,2024-12-18,1600
낭만있게힐한다,2021-04-12,1345.83
수영복보고키운다,2023-07-20,1460
차두령,2024-01-24,1520
너만힘드냐다들그렇게살아,2024-12-22,1640
원포울,2024-01-05,1528.33
마눠레지팽자걸건,2023-07-20,1500
민들안나,2024-12-25,1600
보석변환용1235,2023-06-20,361.33
카린보,2021-12-17,1415
바드득콰드득,2021-12-26,1302
점화할까환류할까나도몰라,2022-09-02,302
익뢰,2021-03-19,1370
나이수얼,2024-07-25,1604.17
집공,2024-09-14,1640
밤이되기전에,2024-12-19,1604.17
U가루,2024-03-23,1541.67
나눈야경쀼,2024-12-20,1604.17
녹진사,2024-11-13,1640
팤튜뷰,2024-12-19,1618.33
솔의눈좋아해여,2023-12-21,1511.67
v아브락v,2022-04-10,1387.5
블라블라안이,2024-05-26,500
궐청,2022-01-20,1445
경부,2023-09-24,1558.33
로드봬2,2024-06-03,500
아기한,2024-08-18,1520
슦얀,2021-11-19,1409.17
꾸리곰탕,2024-02-22,1541.67
두부의기상술사,2024-08-18,1591.67
단디디담,2021-06-16,885
사나이박재현,2021-04-05,1310
데르말,2023-07-02,1480
짤봉,2021-04-21,1423.33
답수,2022-09-24,1582.5
로코네,2023-02-01,1490
블레이커,2023-12-20,51.67
라면대마왕,2021-12-30,1325.83
토77l풀맛껌,2021-08-27,1302
한밤에차시루떡,2022-07-08,1370
휘황창련,2024-12-27,1587.5
미피무드등,2025-01-09,1640
대황순,2024-05-01,1100
소울박사님,2023-07-20,1490
소환에통달한자3,2024-12-21,1585
WaterFire,2024-07-03,257.5
드론의삶,2022-07-26,960
굉장히귀여운사람,2022-01-21,1381.67
임유은,2024-01-02,1580
MaxTime,2021-03-07,897.5
IMaP,2024-12-27,1600
갓겜찍먹하러왔는데맞나요,2022-02-08,73.33
백설애기기남,2022-08-20,1450
하양머리나,2022-11-17,1100
조선제일다모,2022-05-06,111.67
리곽두,2024-09-19,1640
분노조절장애대빵,2023-01-20,1490
실링줍는사람,2022-02-10,1302
나는손민국,2023-03-07,55
볼보1,2021-08-14,1302
바벨이넘무거워,2021-09-24,1370
화가군밤이,2024-11-19,1640
빵떡낫,2024-12-20,1600
로제막창,2022-01-30,1370
고급스러운백그라운드뮤직,2022-06-05,52.5
광교산메테오,2022-01-23,1490
우소쟈나이,2023-05-18,817
패드릴게요,2020-10-03,915
우주속실내먼지,2023-12-25,1556.67
처리s,2023-12-21,1460
몸무게1톤,2024-07-16,1548.33
드루이드가꿈이에요,2025-01-09,1640
윤한글,2024-09-13,1640
사드리온,2023-08-28,1415
로쿠v,2023-12-07,1580
트릭쑤,2022-02-07,327.33
빈수한,2024-10-29,1540
감귤깡,2024-12-18,1595
인파술남,2023-12-24,1460
뿌앵카나,2024-12-19,1600
도화가비버,2024-03-07,1400
귀살대범주곽억두,2021-03-21,1325
묘화진,2021-12-23,208.33
계란장수벼리,2024-12-20,151.67
십툰,2024-12-25,1610
웃기떡,2022-06-30,1553.33
명지대모래내곱창,2024-04-15,1600
쿠아앙쿠마,2025-01-08,1640
제나칼,2020-12-28,992.5
야오랑,2023-07-23,1546.67
블래언제까지,2024-07-12,1541.67
샌레옹,2024-02-19,1460
월하옥매화,2023-12-26,1580
예카솜,2022-01-13,1302
뺘냐뺘냐,2025-01-10,1640
쩡승링어,2021-04-19,915
남정묵,2022-06-05,1430
새로운열정12,2023-07-28,500
힐갱,2021-08-22,1302
나즈벨,2024-12-22,1640
쫀덕홀,2024-09-10,1540
브커나이스장,2024-12-23,1640
두루마리로때리는척하는애,2025-01-08,1640
아는고양이칩거,2024-09-03,1600
먕프리데,2023-11-15,1460
급타홀리몰리,2023-07-26,1415
성창쓰환수,2025-01-10,1640
점프는뒤로하는거,2024-07-12,1540
퀸소점,2020-10-11,922.5
도혀가부르셨어요,2023-12-25,1460
스커할까랑,2024-12-19,1600
전라도강백호,2024-09-21,150
라피신,2020-09-10,400
염라알케미스트,2021-05-18,370
임시,2024-12-13,500
총들었다,2024-02-02,500
도화주녕,2022-01-18,1415
수정공원,2020-10-03,1010
밤밤두,2023-12-26,1545
딴딴하자난,2022-07-06,1411.67
곰랑봉만,2025-01-09,1585
말랑완두콩떡,2023-11-26,1422.5
또터졌네,2022-11-16,302
납작한레베카,2025-01-09,1600
펭펭1,2023-06-30,1415
치킨집막내딸율이,2025-01-08,1640
디슈트로이,2023-09-17,1415
오구오구우리아가,2022-01-26,1317.5
불무킹,2025-02-24,1640
르끼비끼일,2024-11-12,500
이리로들어와라,2021-11-19,1417.5
은하수웟샴,2024-12-20,1640
Janissary,2024-08-27,1602.5
아가루3,2024-07-14,1585
우주의기치료사,2023-08-26,1460
새던지기,2021-11-11,302
말랭이와콩이,2024-03-24,1513.33
끼루환수사,2025-01-08,1600
밀워키쁘레카,2024-01-17,1543.33
에르힐,2024-12-19,1600
다들행복하셨으면좋겠어요,2022-01-21,108.33
온톨로지소울,2023-12-17,545
만월소울이털,2025-02-07,1640
안덕벌교회오빠,2021-05-02,170.83
냥냥물어,2022-02-19,600
전투짐승,2025-01-10,1640
시스테나,2023-07-22,1490
가을엔프니,2024-08-17,1640
브레이커콧물,2024-05-29,1581.67
라케아,2021-08-16,302
괴채,2021-07-06,1360.83
부먹펩시콜라물복슈붕,2024-12-18,1640
신방줌,2024-08-18,1520
류타당,2025-01-10,1640
Ramur2ng,2022-01-31,466.67
전역하는중,2024-01-12,1460
요거트아슈크림,2023-01-18,1340
떡잎마을안마의자,2024-12-19,1585.83
시원찮은조로의육성방법,2023-12-24,1460
순백색허브,2021-09-09,1445
쵸쵸꿍,2024-05-09,1520.83
핫한빵디,2023-12-23,1561.67
현탄오,2021-05-30,1342.5
믿어주세요감사합니다,2022-07-06,1460
찜만잍,2024-08-20,500
컹술님이추천한스토리익스,2022-12-30,210
쁘레e커,2024-07-11,1590
촤룰,2021-12-23,1460
데빌헌터공감하기,2024-12-18,1601.67
오키호,2022-07-08,1465
민초맛새우깡,2025-01-09,1640
포카S,2023-01-22,1485
뚝빼기폭발,2021-08-11,1415
연필이부족해,2022-07-13,1340
복저76,2022-10-15,1460
시골육덕남,2022-06-28,1445
생명빛힐러레몬,2024-01-04,1620
호냐앙,2024-09-10,1310
YvevY,2023-01-21,1460
유기강사,2022-07-11,258.33
십육도그,2021-12-23,1302
한호곰,2025-01-08,1640
헝가리에서온혈액,2023-12-21,1510
카리나장원영죠니니,2024-10-05,1580
고점주세용,2023-12-21,1490
너무좋다냥,2023-12-23,1525
귀여운자몽푸딩,2024-12-23,1640
짜덤덤,2025-01-09,1605.83
하루빈,2021-06-19,1430
파로커,2022-07-13,1370
국냬산갈치,2021-11-04,1422.5
가론룬,2023-12-01,124.17
양배추바드,2024-08-30,1470
프상캐스터,2022-07-06,1383.33
천주늑대,2024-05-12,1275
l영현l,2024-12-20,1604.17
파천좋아,2024-11-22,500
오이떡,2022-01-16,1359.17
기상청살인년,2024-12-19,1600
NTR체리,2024-09-18,1640
포도색여우,2024-12-19,1640
lsmGauntlet,2024-06-09,500
마법495,2021-08-17,1415
별눙,2022-03-09,1370
레더가없어쾌적한망치,2023-01-20,1340
낙원의아르카나,2022-02-26,1310
아파오,2024-12-21,1340
가짜소랑,2024-07-13,1585
거제이터,2022-10-28,1385.83
헹멘,2024-04-05,1540
낭만19세데런,2022-01-22,135.83
댜뷔브레이커,2024-10-31,1540
우드덕수,2024-07-10,1533.33
밍다율,2023-07-30,1477.5
이훈식지구과학,2024-12-24,1640
날먹선언,2024-09-10,1595.83
김보리다,2024-08-01,1520
최데빌,2024-04-30,1422.5
환영낫,2023-07-20,1462.5
생딸기가득주스,2022-03-18,480
타키아가,2022-01-30,1415
아만섭홀나고수,2025-01-08,1614.17
감정이선명한시간,2024-07-31,507.5
글로릴리안,2023-05-11,228.33
o효은o,2024-08-14,1540
퇴랑,2023-01-21,1495
검빛나,2024-07-11,1558.33
지붕쥐,2024-09-19,1584.17
달빛의구름,2024-07-15,1520
월하곰향,2025-01-09,1640
스익가볼까요,2022-07-21,106.67
소주먹는로리,2024-09-07,1540
미스소더비,2024-09-03,51.67
도발형버스트,2022-07-10,1460
봄날ss,2023-08-06,1415
백자두,2024-09-18,500
정기약탈자리퍼,2021-04-02,1380
구름위에기상,2023-01-27,1460
석엘리,2025-01-10,1615.83
묵직한슬레로,2024-09-12,1615.83
묵권율,2023-12-22,1580.83
충주딸기매니아,2023-11-18,1415
클레리옹,2020-08-22,811.33
다이아섬,2024-07-20,1615
기지옹,2024-08-08,1540
힐줄거다주면용맹은어캐줌,2024-12-22,1585
아람의하얀토끼,2023-08-06,1551.67
옆동네홀리나이트,2023-12-21,1580
아기목각인형,2022-01-21,1302
누가다쓰고있어,2022-02-08,1430
스카아무개,2022-02-11,1420
아깽냐옹,2022-06-07,1302
사멸형들따까리,2023-07-02,1495
바퀴감자,2022-12-21,1445
여우소대,2022-05-24,95.83
극의타카,2021-03-17,61.67
여미라규,2023-10-10,1415
Wildsoul신지,2025-01-09,1585
동닥불타닥타닥,2024-07-24,1591.67
프로도됴아,2024-10-28,1540
아빠가잭더리퍼,2024-12-19,1592.5
리쑤얌,2024-04-11,976.67
복대동개나리,2021-09-26,1370
별나래비,2023-07-04,1445
도화가후추츄,2024-07-16,1600
효듀,2024-09-01,1546.67
아끼더니죽은나무,2024-07-02,500
상냥한냥아치,2024-12-22,1640
해안소울,2023-07-23,1452.5
거북이와두루마리,2025-01-09,1600
금니빼고모조리씹어먹어주,2023-12-22,1571.67
퍼렁코,2022-06-15,573.33
대관령셋째딸,2024-12-24,1589.17
HolyPuBao,2025-01-11,1640
부쉬드노엘환수사,2025-01-09,1640
강심짱,2024-01-21,1548.33
꿀리퍼띠,2024-01-08,1460
더크진,2024-09-06,1540
한문도모르고한문학과에옴,2024-12-19,1585
다뿌시는노랑,2024-10-21,1553.33
빱냥도비,2024-07-17,1520
꼬맹이민트,2024-10-27,1640
챌린지익스인파,2025-01-03,1640
고양소드마스터,2024-12-21,1600
마리홀나,2021-11-11,600
묘플,2023-12-28,500
링토귤,2023-12-22,1580
스모몽몽,2022-07-06,1467.5
노래하는아기,2024-10-05,1640
쩌댤,2024-11-20,500
홍삼오일,2024-09-26,1560
고독,2023-11-21,1590.83
부캐피메건슬2,2024-08-23,1520
16세문춘미,2024-06-25,500
예민할께요,2023-06-29,1415
띵가띵가띠링,2023-12-20,130
PwP,2024-12-22,1600
붉은콩,2024-03-20,1340
소머리쿱밥,2023-02-01,1340
근구에요,2023-12-25,1513.33
넬라쓰는남자,2021-04-12,1339.17
략류,2024-07-29,93.33
메이든바드,2022-12-23,1460
훈야룽,2024-07-19,1310
강한남자정빈,2024-08-31,1540
도와쥐,2022-01-13,1445
500원1000원짜리,2022-04-24,526.67
sad카제서머너,2021-05-10,1325
젤리어,2023-12-21,1467.5
조깅하는모코코,2024-08-27,1520
꿀밤단비선실세,2025-01-09,1640
소선족,2021-08-12,1370
날씨요정밍밍,2022-12-21,1340
운전할때브레이크밟아라,2024-01-08,1475
창갓로우,2021-01-01,1042.5
대화역세맥,2024-12-22,1610
키세츠,2023-12-22,1600
마녀마카롱,2024-07-11,1520
PepsiBox,2020-08-22,942.5
트러플버팔로피자,2021-04-24,541.67
식혜를영어로하면CK,2023-12-25,1582.5
밤셀,2024-07-17,1521.67
누나이슬,2024-10-20,1540
웃으면서읽는글은싱글벙글,2023-01-04,460
안색이굉장히안좋음,2022-03-25,1330
2094jay,2023-07-05,106.67
탕탕구리딩애,2024-11-25,500
뿌리테,2022-08-05,1340
왜죽어이게,2024-01-07,635
피트위스키스,2024-10-24,1613.33
구바라시,2022-03-03,187.5
프숌,2024-07-12,1602.5
홀나축복,2024-09-06,1340
몽야돈,2024-09-17,1640
엘레네아,2024-07-18,57.5
대구나이트클럽절대강자,2023-08-10,1415
맬튀,2024-12-20,1595
나로후닝,2023-01-09,1445
마녀꽃,2023-03-04,1340
타이가짱,2023-01-19,112.5
버브문,2024-08-18,1520
세경씨청순해,2023-02-22,1415
꿔다논버섴,2024-06-06,1560
솔장미,2024-02-10,141.67
듕가네육남,2024-05-18,500
가루예,2024-02-01,1520
0티치엘0,2024-10-30,1593.33
다니붓,2022-01-13,1370
루이듀이집사,2021-11-16,1377.5
풍력발전기상술사,2024-03-21,1520
둅둅,2024-02-22,1530
다크블러드HY,2022-08-19,1415
베마가좋다며,2024-07-20,104.17
킹구시티,2021-03-13,1346.67
후후훟,2024-07-07,500
도츠코,2024-12-24,1585
암흑x사자,2021-05-15,61.67
먹물이싹도노,2022-01-13,1370
김쪼묘,2023-07-20,1415
오네슬,2023-01-18,1470
채둥술사,2024-12-21,1600
하앙직,2024-12-20,1604.17
아가곰술사,2025-01-08,1585
조르기,2024-03-28,635
01년생김가희포카칩먹방,2025-01-11,1640
그리워져도,2025-01-07,1610
스물일곱번째길,2023-12-20,1580
가뚬,2024-08-27,1590
맥반석날꼐란,2024-09-30,1640
보솜뽀솜,2024-06-26,500
그래뉴비에요,2024-12-24,1585
쑥걸,2025-01-10,1640
멜로A,2024-12-18,1585
노을이물드는하늘,2025-01-09,1619.17
jun1004,2020-08-22,1041.67
슉슉슉이건입에서나는소리,2024-12-25,1640
무사비옴샤,2022-07-06,1460
환술요정,2024-12-27,1640
한번만봐주세요골드없어요,2024-10-26,1570
망치파앙팡,2024-12-11,1540
소울파이터나피리,2023-07-28,1490
규붕붕,2023-12-31,1546.67
헤카룽,2022-01-21,1460
초심찾은찐빵,2023-07-03,1460
조항수,2025-01-04,1607.5
맵다라,2024-12-19,1596.67
카라멜누텔라,2023-01-08,1460
시윤아보고싶어,2024-12-20,1600.83
바다자리은하호수,2024-07-22,1585
가디언뚝배기브레이커,2024-07-16,1585
능이공듀,2024-07-22,1593.33
여섯번째우산,2024-12-26,1585
오빤무슨스타일,2022-02-11,1302
기상코인o,2022-07-17,1460
어니붓기,2022-08-13,1430
비가내리고이서,2022-07-11,1465
니팟5,2023-01-28,1340
르브,2024-05-21,500
빠쓰,2024-12-21,1600
도쿄에스더지젤,2024-12-20,1585
율도아,2021-12-20,1370
섭피스트,2024-07-06,500
와줭,2022-12-25,1475
안더미,2024-07-13,1540
하늘이쨍쩅,2024-04-14,1580
선클금지,2023-03-08,1340
도넛동글동글,2023-09-20,1275
8Vivid8,2024-07-16,1540
변신못하는스카우터,2020-08-22,500
람틴,2024-08-26,1540
도화가래떡꿀떡,2023-01-13,1561.67
두루둔,2024-06-15,91.67
z바르진z,2023-01-19,1460
이연도,2021-04-05,950
햄찌의칼날,2021-05-21,105
굿찡,2020-09-16,915
뚀야,2024-07-10,1520
삶으로서의아가,2023-03-19,1340
하얀색오리,2024-07-23,206.67
행운민강,2024-09-29,1100
스나봇C,2023-12-22,1460
대검이용권,2023-07-13,53.33
전직한서머너,2021-08-12,1445
솔라솔라시,2024-12-22,1600
오로라빗방울,2022-07-18,1460
3월의아르나,2024-11-14,1570
이번엔안죽일게,2024-12-27,1585
silencio77,2023-09-15,1460
데빌헌또,2024-11-14,500
와타시는아이도루데스네,2023-07-19,1490
IAM마라,2021-04-04,78.33
무이무일,2024-09-01,1520
동치미좋아,2024-07-19,1520
아스라이저무는달,2023-11-03,1511.67
입시미술떨어진띵섭,2023-06-17,302
쿠노르,2025-01-09,1617.5
LovelyGunz,2023-12-27,1594.17
든든한조롱조롱이,2023-11-19,1581.67
정섬딱,2021-12-27,1302
여우같은곰같은여우,2025-01-09,1640
홀리씹사기,2024-02-13,164.17
붓쓰는댕라,2022-01-13,1445
로찍잉,2023-04-15,111.67
갱히히,2024-07-29,1520
cardnice,2022-02-09,1370
페이튼묘비도둑,2023-07-20,1467.5
말랑모찌하프,2024-12-23,1616.67
인슌,2021-10-03,1359.17
전쟁매워매,2023-12-24,1580
유선곰곰,2025-01-09,1640
피카소홍,2022-02-08,1340
명필김대영,2024-12-23,1640
백자몽,2024-09-17,500
위대한네츠비,2021-03-14,1370
혜냐밍,2022-12-29,1472.5
실루션,2024-10-19,1590.83
쨉쨉완투완투훅,2023-12-20,1510
구름이있는날,2022-07-11,600
양틱,2023-12-27,1581.67
오늘의날씨는햇살,2024-12-19,1615
내가지킨다모두를정재전,2024-07-22,1467.5
오네커,2023-12-20,1560
겜방아이디,2021-04-24,1325
빈터리,2024-08-30,1598.33
머용인가,2021-08-12,1302
바드조아3호기,2024-10-27,1545
찌예은,2024-12-26,114.17
나는득템하고싶어요,2022-07-18,1399.17
스테이크앤치즈아보카도,2024-09-19,1506.67
이게바로소울이야,2023-07-19,1510
재미있으면닉변,2022-07-13,1467.5
고양이젤리뽀짝,2021-05-09,833.67
먹물알,2024-12-20,1605.83
사번입니다,2022-02-11,1447.5
광대낙화,2024-07-11,1540
창지기,2020-08-22,1020
마월빛,2024-12-19,1589.17
진윤서,2024-01-14,1520
하양웨하스,2023-07-02,1415
o리릴레o,2022-04-16,543.33
블랑폿,2024-06-23,1415
시X럼,2025-01-07,1640
무에타이차년,2024-01-15,1465
파파베,2023-10-13,1415
곰노미,2025-01-12,1640
큐파수사,2025-01-09,1585
취미로서포터를하는사람,2024-01-10,1566.67
타대는겁쟁이의쉼터,2023-07-11,1415
연하늘강,2024-12-05,1640
둥글둥글주먹밥,2024-12-22,1640
단무검,2024-02-21,1100
뫙검,2023-01-18,1490
주먹총질,2024-07-17,1520
민물사는붕어,2023-12-22,71.67
모코코망치는짱쎄요,2022-07-17,1340
유희범,2023-12-19,1590.83
레니지이,2024-12-19,1585
으뜸빛의기사,2023-07-15,1490
왐이슬,2023-09-27,72.5
GS25찹쌀떡훔치기,2024-12-02,545
커브양,2024-12-19,1600
무등산객김지환,2022-07-31,1340
아기권왕이,2024-12-21,1600
hhyolim,2024-12-18,1640
Wiz홀나,2023-12-21,1580
누가그래용,2023-12-22,1460
Hwante,2025-01-09,1585
로워캉,2024-10-17,1640
MVP누군지궁금하시냐충,2021-04-26,1432.5
꽃윤서,2022-06-08,130.83
해치이의사신,2023-07-20,1415
동물을좋아해,2025-01-09,1640
스나봇B,2023-10-18,1460
빤다,2023-12-26,1540
저달이좋아요,2024-12-19,1640
바드쿠크,2021-05-02,1325
멸염사화,2021-07-05,863.67
이요원,2024-07-19,1607.5
벌레예욤,2022-03-15,1415
사미라z,2023-01-22,1490
묨진밍,2023-12-25,1541.67
빙후의달빛,2023-10-23,500
니나노뇨,2021-08-17,209.17
지구별WarLord,2020-10-12,960
비온다철규야,2023-10-22,1415
묘눙묘눙,2025-01-09,1640
곰나와라똑딱,2022-03-31,1460
평범한무기,2023-07-20,1460
중년의성기삽니다,2023-11-05,1590
민쵸먹자아해,2024-11-07,127.5
잼미닉스,2022-01-23,1355
장멈무,2024-07-12,1520
쌀먹희,2023-06-05,302
뚜황,2023-09-17,1440
뜌룽뚜뚜룽,2023-12-25,1556.67
꼬마나연,2024-11-24,55
라재보,2023-11-10,1457.5
스물셋차차,2021-01-07,1330
훈이토리,2024-07-22,1540
지니루,2024-01-13,1525
초가튼,2024-06-29,600
엘리자베스춘자,2024-05-18,515
드베르또,2024-10-29,1520
빠메디밍,2024-12-17,500
연이지s,2022-07-18,1477.5
범규5세,2024-09-11,500
박인치,2023-01-20,1490
후루루탕탕,2024-07-16,1540
HopeL3ss,2024-08-06,1580
진주박새로이,2023-01-31,1460
곤란쑤,2024-12-20,1640
미사일싸개,2024-07-14,1540
세헤라데코어도둑,2023-02-22,124.17
쪼매난찬스,2023-09-26,1531.67
물의하모니,2024-11-05,1585
성경뺏긴예수,2024-03-11,53.33
딸기체리우유,2024-08-01,83.5
진예화,2021-02-05,915
설산의설인,2023-01-20,1487.5
리따사장3,2023-01-27,600
볼검은갱년기,2020-10-12,935
이시대최고의암살자,2024-08-29,1279.17
서초구낫잡이,2024-01-16,1528.33
담레,2025-01-13,1640
임듀공,2024-07-14,1595
냅다볶음밥,2022-03-01,456.67
하프에통달한자2,2023-09-25,1415
지잉펑,2021-07-08,1417.5
납치고수,2024-08-25,1540
알뤼르에디션,2021-01-21,1312.5
삽교천,2023-12-21,1533.33
원한서린버프,2021-07-20,151
저희진지한얘기중이라서요,2023-02-25,1402.5
영민한리퍼,2022-02-08,1400
개저점,2024-12-28,1600
맬면,2021-05-07,802
워로드는어쩔수없어,2024-08-23,101.67
별밤윤슬,2024-07-16,1520
거노,2023-12-21,1550
카드를전하고싶다던가,2023-05-12,302
금강쟌,2024-09-23,695
창익둥,2023-08-02,635
끝까지홀리나이트,2021-10-21,380.67
차성태mk1,2024-10-26,77.5
늙고병든뇌호격,2024-12-19,1603.33
우리쉴드챙김이,2024-05-05,500
으아바빠죽겄는디,2023-08-20,1460
규밥통,2024-07-12,1610
버큐커,2025-02-17,1640
땟챵잉,2022-11-12,1550
도화가찍먹임,2024-12-25,1640
덩탕,2023-09-17,1440
강슈빙,2022-07-14,90.83
도화가잠깐,2024-09-07,1540
윈디루디,2022-10-19,600
이대나온나린,2023-12-26,1580.83
계속한번때려봐,2024-12-22,1616.67
휴지화가,2022-12-22,1390.83
토끼는야옹고양이는깡춍,2025-01-08,1590
걀비찜,2024-09-21,1603.33
키스일이삼,2023-06-27,302
엔젤로이드,2021-08-03,1500
카야하라,2024-10-11,1516.67
임기공씨,2022-11-27,1505
두유소서,2024-07-10,1560
하이브레이컥,2024-08-13,1467.5
벌꾸우울,2023-12-26,1521.67
바질리스크,2024-07-16,1520
보숭,2024-05-26,1340
오늘아침메뉴는,2022-02-28,1302
너에게홀리닭,2021-06-07,526.67
잘가마리린,2025-01-09,1600
본캐데헌이다,2024-12-18,1640
초식슬레이어,2023-07-21,1415
괴델,2023-01-28,1340
추리추리한추리,2022-07-20,1340
표정봐,2023-08-19,1310
연주금지시유,2024-07-13,1551.67
고양이츄르뺏기,2023-12-23,1510
창뚜엉,2024-12-24,1617.5
유나우산,2022-10-25,1372.5
나의이름은미도리,2023-12-27,1460
캐릭빨로잔혈먹고꺼드럭,2024-12-24,1640
표범무늬아가,2024-07-26,1546.67
Jisleo,2023-07-04,1503.33
아냐랑와쿠와쿠,2022-12-26,1490
채소자매아빠V,2023-07-24,1430
앙포츄,2024-07-25,1540
장전무,2021-12-30,1370
수박드가자,2023-11-14,845
B새벽,2020-08-22,915
힘쎈밤,2023-01-23,1340
건빵이에요,2023-12-21,1620
AniseB,2022-07-09,257.5
범수권,2024-12-23,1585
파티가능한가요,2021-07-30,1415
함길,2023-12-31,1580
달콩환수,2025-01-08,1597.5
플레인요겉,2024-03-11,1580
레전드기상발생,2024-09-04,1590.83
비틱하면운영정책위반,2021-05-20,915
등굽맨,2024-12-25,1619.17
랏폿방좋아,2024-12-19,1585
연페온,2025-01-10,1640
폭주하는라인드랑,2025-01-10,1640
잇몸분쇄기,2021-03-07,1334.17
빡숙이되고싶은증폭,2023-01-24,1460
슬립퍼,2023-07-19,1415
솔미랑,2022-07-06,1475
니카라바,2023-07-29,500
포도우유아가,2025-01-02,1608.33
쥬이설,2023-01-19,1370
k2든누나,2021-03-21,1325.83
수달이올시다,2024-12-21,1640
영역전개호랑이,2024-12-19,1617.5
비석골,2024-08-24,1520
도아윙,2022-01-26,113.33
유니무무,2022-08-22,1355
llll환수사llll,2025-01-11,1651.67
흔해빠진도아가로세계최강,2024-07-12,1520
데헌먈,2023-05-17,302
당근해온우산,2024-07-17,80
열아홉번째키우는거,2023-07-01,1415
먹물살인마,2022-01-13,1302
명중률백퍼센트,2023-08-17,1508.33
묘이츠,2022-01-13,1370
때마침등장한아가,2023-12-25,1540
내앞에서똥폼을잡았잖아,2024-08-16,1590.83
달달한해장국,2023-11-14,1415
H2OAeromance,2023-12-23,1543.33
하브전용선생님,2023-11-24,1543.33
이비환수,2025-01-08,1585
아리메,2024-07-16,163.33
Swil,2023-01-18,1340
나죽엉강선이형,2022-02-15,1302
아추추추,2023-12-23,805
땅에다리박힘,2024-12-23,1619.17
미련곰탱이여우,2025-01-11,1640
Finland,2024-07-24,1561.67
무화과크림치즈쿠키,2022-07-15,76.67
우리며느리참이쁘죠,2023-12-27,1490
CODE66김부장,2023-02-12,1415
노란색원기옥,2024-05-10,1520
강무떼잉,2023-06-29,1493.33
칠흑방의비밀,2023-01-21,1501.67
대황홀리브치킨,2023-12-23,1482.5
doyoming,2022-01-21,1385
바나나우유기프티콘,2022-01-24,1370
홀나잘하자,2021-10-15,826.67
스크류바에이드,2024-01-12,1576.67
하푸잉,2021-07-24,1415
코린쨩,2024-07-15,1565
엉꼴브레이커,2024-07-18,1585
워로드찍먹하러왔음,2024-08-05,1540
땡깡태영,2024-09-13,1640
참치살해범,2024-12-21,1585
곰꾸러기,2025-01-08,1605.83
래너라임,2023-01-26,1605
이게임에골드도둑있어요,2023-12-24,1518.33
뚜쁘니,2024-12-19,1585
골드버는질풍빵야빵야,2024-12-22,1610
무력화정상화,2024-08-30,1543.33
용차화가,2024-01-25,1588.33
카르미네이스,2021-08-12,1381.67
오의피카츄,2024-07-30,1520
밲님,2022-02-15,1435
삼냐냐,2023-12-08,1415
백수의갈증,2024-11-11,1520
아론거너,2021-12-29,1437.5
슬레주홍,2023-01-20,1490
마음을훔치는바드,2021-09-07,960
동백망치,2021-03-18,1382.5
오늘의봉봉,2022-07-06,1447.5
초밥짱,2022-02-22,1302
IS짐승,2025-01-08,1610.83
새롭돠,2025-01-08,1600
피집4,2022-12-21,1490
방관형마술사,2023-07-15,1450
콩맥스,2024-09-05,1561.67
아명치에팔콘펀치는못참지,2022-06-05,1415
귀면식,2024-12-20,1640
개숙코,2025-01-02,1614.17
엔젤테레사,2023-01-21,1374.17
초림,2023-06-29,1425
에스더라,2024-12-20,1640
팬버나이스,2024-12-18,1585
하려,2022-06-02,1510
브레이커수리,2023-12-26,1525
천국의라일락,2025-01-08,1640
여긴오딘,2022-03-07,302
봤으면끄덕여,2024-12-18,1585
업냥,2024-09-05,1590.83
사랑을담은소미,2023-06-09,427.67
야지2호,2021-05-23,550
폭렬맹진,2024-07-11,1560
따뜻한휘핑크림,2022-01-31,1445
봄꼬맹,2022-01-24,1445
고린도전서16장14절,2023-08-04,1415
은하쥐,2024-12-19,1600
끼킹,2025-01-08,1640
캐현2,2024-11-22,1640
섬브영,2022-01-29,1331.67
송이는질풍할래,2024-10-23,1591.67
흑영월,2023-07-20,1445
눈정,2024-08-27,72.5
야옹굳,2024-12-20,1640
어딜가도숟가락3,2022-08-22,370.33
아앉기싫다,2024-12-19,1585
원숭잉잉,2024-01-03,1465
배배켈빈,2024-10-17,1640
코코모비슬이,2024-12-20,1640
트리섬,2021-04-05,1340
소소치,2024-09-21,1520
베아카,2024-12-20,1600
봉미선c,2024-05-11,1422.5
아가는범가르기,2024-02-02,1520
생마르크,2022-01-11,1053.33
자친,2021-03-20,1359.17
박머기,2022-07-07,1340
고렝임,2023-02-28,1560
짱룡패황배마,2024-08-05,1540
달달하면단감,2023-07-23,1452.5
츄하릴,2022-04-28,1445
인에리,2024-12-30,1585
도태심판줘라안주면버린다,2022-11-16,600
트레이서장인,2024-11-02,1540
청운권투,2024-08-07,500
난너의애착인형,2022-04-23,600
광장시장꽈배기도둑조하나,2024-10-25,1540
Kawano,2024-07-12,1568.33
Pampo,2022-09-10,1340
장판밟고싶으면춤추고밟기,2021-10-18,340
타컷다운,2021-11-23,460
칠흑월운,2024-04-14,1100
탸피,2024-09-21,150.83
이름가문인파이터,2022-07-21,255.83
작아진홀리,2023-10-14,1582.5
송월옆차기,2022-12-16,1460
두루둥이,2025-01-12,1645
슈염린,2023-06-30,1415
수라파흐II,2024-12-20,1592.5
GO카온,2024-09-23,620
알이꽉찬남자,2022-05-03,1460
양대꿍,2023-07-20,1500
경채몬,2022-02-18,191.67
왕자나라서폿공주,2021-08-02,55
승차안,2024-12-19,1585
육개장작은컵매니아,2021-07-22,1355
스테이포커스,2024-06-23,500
방패가정상이아님,2023-12-05,91.67
창든야광오렌지,2022-01-13,133.33
신들린도화가1,2024-12-21,1600
지초선,2022-02-12,1302
섹쿙,2023-11-09,1610
딸7l마카롱,2025-01-08,1610
꼬유몬,2024-08-22,1520
야수디,2023-06-29,1430
도시싯,2024-12-19,1604.17
윪랑,2023-01-19,1355
찌원찡,2022-01-16,1370
시너지도둑잡으러왔습니다,2022-03-22,1415
애니스피,2024-01-06,1462.5
d야토스,2022-01-21,190.83
바드로뭘바드,2024-01-19,635
우0l잉,2022-07-26,1417.5
클로턴,2021-07-25,1370
인파쏠,2024-07-28,88.33
어라데모닉,2022-10-01,302
슼냔,2021-05-10,1042.5
Wildpit,2021-07-01,1340.83
꽈자네그랜드피아노,2024-09-03,1580
잔재인칼,2024-12-25,1585
그쪽그쪽,2023-01-09,193.33
2022월12월31일,2024-12-19,1594.17
귀엽돠,2023-09-29,1415
대림칼,2021-07-09,1385
농촌라이프2일차,2024-07-24,1551.67
신의힘으로,2021-09-29,1417.5
냥칠이,2024-08-17,1520
바로롱,2024-01-26,1520
담배피던호랑이,2023-12-25,1584.17
힙찔이브레이커,2023-12-23,1460
희제화되,2024-01-11,1523.33
미첼라다,2024-10-11,1580
몬데4,2024-07-14,1400
방도와,2024-12-19,1606.67
하무송의하무송,2024-09-30,1600
노두웅,2024-05-21,1520
인간계욕망군단장,2023-01-20,1340
케츠멘포,2024-10-10,1285
달가람겨울,2022-04-16,302
오늘저녁은옛날통닭,2023-12-21,805
상근정뿌식,2021-09-17,1370
그딴거나는잘몰러유,2020-12-03,960
아하핳가려워,2021-03-20,1325
주인님만의도구,2024-01-27,1520
일리셰,2023-01-03,1506.67
신정동원펀맨,2023-12-27,1540
개맛있다,2024-07-18,1636.67
기준우,2024-08-30,1550
암살자띠띤,2024-07-14,1615
봄날의츄억,2023-08-12,81.67
땅보고다녀요,2025-01-14,1640
퍼샷박을땐신났지,2024-07-22,1520
북동피랑,2022-07-08,1492.5
한약은써요,2022-09-28,600
빡대근,2024-11-18,1540
작은냥차차,2022-07-18,1565
도토리채,2025-01-09,1640
방패메바,2023-09-28,1415
BLAwither,2022-07-31,1340
배드걸김나영,2024-07-12,1525
OI형록,2024-12-24,1640
치미새,2024-12-20,1607.5
후방백어택으로즐기는그녀,2022-12-22,72.5
착한서포터일까요,2023-02-04,1340
리브샤,2022-01-14,1445
플루룸,2024-03-05,1580.83
만두잇두잇츄,2024-10-28,1640
로제레아,2024-06-08,500
밀크없는밀크티,2022-07-14,1480
아띠브로,2024-12-19,1585
스타킹꾺,2024-11-19,1540
워디붕디,2024-01-17,1540
총든뜸부기,2023-09-02,1435
Rordrunner,2023-03-31,1302
다희야심부름좀그만시켜,2022-07-12,1445
치비아리,2023-06-29,1415
계란장수도화가,2023-07-25,1475
니가짱좋아,2024-11-08,1520
저것좀너프해보시지,2023-04-11,400
야곰아리,2025-01-08,1640
도라에몽선물상자,2023-01-27,1340
당대소울이터,2023-07-24,1415
피자맛스펀지2,2024-12-19,1605.83
유삽,2024-05-17,53.33
몇랩까지갈까,2024-07-13,1553.33
syilla,2025-01-08,1606.67
뿡순이아부지,2022-02-02,1302
티리에페,2024-12-23,1600
품격있는불나방,2022-04-15,600
암용맹암용맹그대,2023-11-18,1415
캐피탈IdH씨,2024-08-17,1520
카단잉,2024-10-01,1540
붕붕이두번째,2023-08-21,1493.33
Silver참새,2023-05-19,1460
기브황,2024-07-13,1585.83
축오받으실,2023-11-14,1415
기운비트,2025-01-08,1600
나트령,2022-12-22,1340
아베토스DAec,2023-07-21,100
예진자,2021-02-05,1340
양대풍,2020-09-02,990
요마핥핱핥핱핥으브레이커,2023-12-22,1485
돈디나,2023-08-08,1445
주먹왕니쿤,2024-01-01,1585.83
둔갑술사김수환,2025-01-08,1585
롤디붕,2022-02-08,1370
캬르르룽,2023-01-16,1340
삼도류원툴,2021-04-22,370
학원갈시간,2021-08-13,1302
냥냥젤리꾹꾹,2024-12-31,1610
6974pqp,2024-07-26,1540
미리내곰인형,2024-08-24,1520
꾸달,2021-09-05,1304.17
밍망울,2023-07-21,1500
아가댕남이,2022-01-12,1415
soulultra1,2024-11-09,1541.67
그래서어떤놈이아프게했어,2023-11-16,1462.5
강서안전기획부장,2023-01-20,1472.5
생기댕,2023-12-22,1460
우즈이텐걘,2023-12-26,1528.33
l꽃이핀다l,2021-04-15,606.17
도화끈,2022-02-04,1302
양손은눈보다빠르다,2024-06-02,1410
치어리더이주은,2024-07-16,1520
사먼,2024-12-21,1640
고추야미안해오줌만싸서,2024-07-13,1596.67
환수사랄라선홍,2025-01-14,1640.33
화덕피자맛있음,2024-08-06,1540
비인서,2024-12-21,1599.17
애프리스,2024-08-09,1520
q1d,2022-03-13,1415
대나무앙,2022-09-18,1370
다람쥐메타,2024-01-19,1460
백량화,2021-09-30,1365
홀나곰킹이5,2024-09-06,1540
맹환수,2025-01-08,1640
류싼쓰,2021-07-11,1357.5
고기만한다,2023-09-08,934.17
탬민님,2021-04-12,1355
아임큐트,2024-07-22,1520
연어광어치킨초밥,2023-01-24,1460
헤브랑,2021-03-27,1355.83
천둥과점보,2022-02-04,1302
본바부로,2021-09-21,328
고양이화가고양고양이,2024-02-19,1520
적월칼날,2023-07-29,1415
즐거운로생을살아욥,2024-12-20,1602.5
뭉탸,2024-10-20,1605
오렌지홍차,2024-11-18,500
희돌콩,2023-12-21,1460
악마가된구름,2021-10-21,1302
킈킈무새,2024-12-23,1600
마카다미아모카라떼핫브루,2021-07-28,1400
Oysila,2023-12-20,1561.67
처단처단처단처단,2024-07-13,1595
사람을붓으로살리자,2022-01-25,1490
그린티방울,2023-12-23,1580
어디안가는실탄,2021-03-26,1325
마녀배달부키킼,2023-06-13,302
iceburgz,2022-09-17,1460
럭키비둘기,2021-08-31,1325
중동역광장비둘기대장,2023-10-11,1472.5
Vv브이vV,2021-01-21,915
김태묵,2023-12-24,1553.33
Fredddie,2024-08-12,1520
YUEIZE,2022-07-10,1457.5
MUSIQE,2024-01-12,1602.5
학미님,2022-07-06,1460
배고픈아기땃쥐,2024-12-19,1610
송즌오,2024-07-15,1523.33
신성한스물다섯번째밤,2020-11-28,906.67
벨벳리큐르,2025-01-14,1640
존빈,2024-12-21,1594.17
아르카나하우스의슬레이어,2023-12-25,187.5
브로콜리나시,2024-12-19,1611.67
빠방빠빵,2021-01-30,970
입장번호,2022-07-21,1415
아가사랑입니다만,2024-01-01,1520
맛밤맛맛밤,2022-09-18,600
한다내가바드를,2021-03-27,925
으엑으엑,2024-12-23,1600
Junikarp,2021-04-22,1356.67
러딕,2024-11-28,1460
바들바둥,2021-07-05,61.67
곰과여우의모험,2025-01-09,1640
검은목단,2024-12-19,1640
퐁퐁싹,2024-07-16,1590.83
우주상수,2025-01-08,1585
부캐빙공,2025-04-20,1640
쭈빵이,2022-04-14,600
번아웃증,2021-08-17,80
베댜,2024-07-18,1525
V밤윤갱V,2024-10-25,1640
하늘망또히서,2024-12-20,1595
토목공사말고기공사,2023-09-23,1550
단징,2021-10-26,302
전설이춤을추네,2021-05-12,1325.83
호에에나이스,2024-12-21,1640
민듀에욤,2024-12-20,1640
카레칼국수,2021-04-12,392.5
8레벨작열의보석바드,2024-12-22,1615
최애의꼬마딜러,2025-01-12,1641.67
링깡,2021-02-03,1050
낫또의모험,2021-07-09,1348.33
정돋네,2020-12-31,1035
조그만희,2022-02-02,1370
디브b,2022-12-31,302
우연과우연,2021-07-11,105
모두의친구쁘랡딱,2022-01-01,150
40대노가다심술쟁이,2023-10-29,110.83
로즈썸머,2023-07-06,1460
먹쓱해요,2022-02-02,1302
메론소다맛물감,2023-07-20,1465
혜뮤혜뮤,2021-10-25,1417.5
바람꽃실,2020-08-23,922.5
브객,2024-12-24,1600.83
초아아띠,2024-07-14,1546.67
봄미는활쏠거야,2022-03-25,460
단쁘넴,2024-12-19,1585
죧같지,2024-09-02,1541.67
안녕하네욘,2023-09-29,1490
소울앙냥,2023-07-20,1521.67
로드뽑,2024-07-15,1585.83
장뚱,2024-07-19,1585
모코코딱지사라짐,2021-07-09,94.17
슴숲,2024-07-11,1595
새싹덕배,2023-06-20,1581.67
너낫뻐,2023-09-04,1560
베베이스핀,2024-12-18,1606.67
슈퍼도아,2023-01-07,1415
하익용슬레이어,2023-01-21,1457.5
a20534775089,2023-08-04,1420
오딸딸,2022-09-28,90.83
바닐라프로마쥬,2021-07-20,275
물약통제관,2023-02-10,1370
하필또비는내려왜,2022-12-25,1340
환소율,2024-09-24,1640
와일드베리파스타,2023-01-19,1460
골판지맛휴지,2022-07-21,1340
주먹왕얄누,2023-12-21,1561.67
또누라니,2022-01-04,460
룬속성,2021-05-02,822.5
FineCat,2025-01-09,1605
김귤순이,2024-06-29,1585.83
박카스아탕,2021-02-19,1370
리르가즘,2023-11-13,1525.83
응애몽미,2022-07-19,131.67
암쏘소울이,2023-07-20,1477.5
무친숙주나물,2024-10-10,1640
모코코코로로,2023-06-23,1387.5
SinBardSa,2024-08-21,1546.67
나는붓쟁이야,2022-01-21,1370
깹치네,2024-12-19,500
현리펑,2024-12-06,1445
충북옥천군청성면소서리스,2021-08-13,1302
모사꾼코코,2023-07-19,1513.33
칙이,2021-10-25,993.33
무카코코,2024-07-21,1585
오빠왜날나쁜사람만들어,2022-07-21,107.5
정상회,2024-08-05,77.5
BW두억시니,2024-02-25,1460
요즈족은어른이맞다,2022-07-07,150
일축맨,2024-12-21,1600
인간형생체전투병기,2022-09-24,142.5
하나둘홀리,2020-08-22,915
하얀민들레,2023-12-24,1540
제레소서링,2023-02-22,1389.17
반반소서,2023-12-22,1506.67
착한분식,2021-12-07,254.17
벼락오배마,2024-07-10,1520
JohnnaSs,2024-10-25,1590
그저그냥그런놈,2023-09-23,1480
이요냉,2024-08-23,1570
돗화갘,2022-03-24,1325.83
펭깃,2021-07-26,1325
김꿘왕,2023-12-24,1580
전국싸움신건슬,2024-06-16,1521.67
잉넨,2022-05-27,1493.33
카레텐동덮밥,2021-07-16,1340.83
히나보리,2021-08-06,1076.67
팬케이크씨,2024-10-24,1540
WiIheIm,2023-10-14,1415
김홍도가,2022-01-23,1415
스커우트,2023-11-11,1455
엔릴기르수,2024-12-19,1585
아가라고놀리지마요,2024-12-19,1585
윤샤야,2024-07-22,1570
짭탕,2024-12-29,1616.67
저도오늘날씨잘모르겠어요,2022-07-10,1460
챙교,2023-12-24,1530
파전과부추전,2024-12-20,1593.33
Marsanne,2022-01-17,1415
쿨감,2024-12-30,1640
민초펩시부먹제압인내숙련,2021-04-29,527.83
팽수니,2024-12-20,1593.33
곰니띠와,2025-01-08,1585
예쁘게키우겠습니다,2024-09-03,579.17
거북임당,2023-07-24,1510
일주일정도할라나,2021-08-01,1415
delenlck,2021-12-25,91.67
소서띠바마렵네,2023-03-16,1236.5
난무스,2022-12-31,93.33
냥해인,2023-07-24,1490
어쨋든반가워,2021-08-24,1432.5
Hesx,2022-12-26,1495
써워붕,2022-07-28,1580
건슬링어E4,2021-12-10,1415
취침안주사,2024-09-06,1560
이응이응씨어,2024-07-25,1540
광수에염,2022-12-04,600
권갑모코코,2022-05-30,1415
건슬동군,2022-07-12,1400
고개를들어라서폿은,2022-01-07,1395.83
비챤가득,2024-09-20,1541.67
뒤쪽을좋아해,2024-08-08,1595
비치보올,2021-01-21,1340
너와함께첫눈을,2022-09-03,1370
북극패딩,2023-12-22,782.5
타짜냥흰껄룩,2022-12-25,190.83
콩나물깍두기볶음밥,2023-12-24,1460
늘해랑봄이,2022-01-12,1500
로보틱2,2024-02-28,1610.83
그때연,2021-05-20,1417.5
쯔엉짜이욘,2024-12-22,1615
땅뚱땅뚱땅,2024-12-22,1613.33
버섯싫어,2023-12-22,500
Rumels3,2022-01-27,51.67
마리린맛빠나나,2024-07-16,1600
뇌왕,2024-07-16,1620
히녕준,2024-11-09,1548.33
풀빛홀리,2023-07-01,1415
첨지넘어가유,2025-01-06,1640
87세옥자의마지막빗방울,2024-10-11,1523.33
FrigusCiel,2024-07-19,1580
여곰환,2025-01-12,1640
영원히납작한납작이,2025-01-09,1640
리츠쿠,2021-01-30,925
환수사안화나트륨,2025-01-09,1600
김먼멍,2023-12-20,1540
낫동,2024-05-01,1520
철거반장동키,2021-01-04,915
이쁜호야,2022-01-24,1405
지금암살,2023-09-16,1437.5
박민입니담,2024-12-21,1600.83
방구대장김태완,2025-01-12,1640
유년씨씨,2025-01-12,1640.83
구루잔나,2022-07-13,1475
WebFilter,2022-01-15,1460
호크아이초롱,2024-07-13,1568.33
기린과순록,2021-11-25,1415
대마법사멀린,2024-09-16,1500
광뷘,2024-12-28,1600
뜨잉뜨잉,2021-01-08,915
에리즌,2023-03-12,480
도야짜장존맛,2024-09-06,1520
도곡동은빛선율,2023-12-21,1510
박선영,2023-12-20,1600
날씨의요정린셰찡,2022-07-08,1490
키보드속먼지,2022-10-11,53.33
우동이다요,2021-10-01,1360
관격,2024-03-27,144.17
배럭요,2021-11-29,1100
쥬아쥬아쮸아,2022-03-14,1415
우산들고까꿍이,2024-07-12,1585
제악이,2023-03-20,1475
혜붕,2020-08-22,916.67
난폭화가,2022-01-27,1302
클래식복서,2023-12-24,1580
베가호크,2021-08-07,1413.33
하얀떄껄룩,2024-08-09,1600
안니낭,2022-08-09,1460
애기블레로나,2022-01-28,1417.5
도르로롱,2024-06-24,1520
시키곰,2024-08-18,1587.5
소미카미,2024-08-20,1540
동대문에서,2023-12-13,1490
똑이아르카나,2023-03-21,1550
이월노루,2025-03-26,1640
꾹꾹이하는코끼리,2023-09-03,500
ID다붕이,2023-12-23,1467.5
소서와꽉,2021-08-12,1302
미시신레퀴엠AtoZ,2024-07-17,1545
씨티서머,2021-07-29,1325
다니렝,2024-12-20,1585
우렉마지놐,2024-07-21,1496.67
기출변형mk12,2025-01-08,1600
비애서린,2024-12-19,1604.17
가지맛떡볶이,2024-12-20,1640
욕하면트롤함,2020-10-30,1401.67
흑마법사조지훈,2024-07-18,1540
율이공주,2024-04-04,1600
73세박춘배의핑크빛여정,2023-01-24,1403.33
엄브렐라에오,2024-01-10,500
폴시,2024-07-23,1550
칼날킹,2024-09-24,209.17
브레이커페이스,2023-12-24,1555
귀찮은백어택만들기,2022-01-30,1310.83
타비지켯,2024-07-14,1528.33
보리8키로,2024-12-23,1640
kashi,2022-07-09,1477.5
쟈냐슥,2023-07-26,1415
막내여자,2024-12-24,1592.5
셔쭌,2023-04-27,1540
니가몰아냐,2021-10-09,1302
붕츼,2023-07-21,1500
다은토리,2024-12-20,1593.33
꾸꾸뱌,2024-07-15,1605
Mokoko1,2022-09-01,113.33
떠연군단장,2021-09-20,1394.17
백망고,2024-09-18,500
달색헨,2025-01-07,1640
영혼포착,2024-12-20,1600.83
헤즐l,2020-11-05,915
DDoSon,2021-03-31,1005
율이14째,2023-05-21,802
지내애라,2024-03-06,130
서머너멍지,2022-12-22,1425
만개요,2022-01-21,1370
RoarofValor,2020-08-22,909.17
SKT여름,2021-08-26,1302
가정통신문,2023-12-21,1580.83
TEN크러쉬,2023-11-19,1460
태풍태양소울,2023-08-06,1475
깐프노예,2021-09-20,1447.5
TEREA블랙퍼플,2024-12-20,1585
찬란하게살아,2023-12-21,1475
카드많음,2024-10-20,1520
슬켄치,2024-12-20,1585
이어투리스,2024-07-17,140
용맹갬,2022-07-18,75.83
정묘희,2024-12-18,1585
탄두광,2024-12-21,1640
불꽃낭자정대만,2024-12-19,1640
라루지,2023-03-13,1594.17
정율리,2023-12-25,1590
참새닷다닷,2023-05-09,1465
낭만고예이,2022-07-17,1437.5
원군냥,2024-08-29,1520
뛰붕이,2022-03-16,51.67
해저구름,2023-12-22,1580
짙은낫,2023-07-20,1495
l하프시리l,2021-11-15,543.33
Poxys,2023-01-13,1490
완다v,2022-01-17,1325
진원짱1,2023-12-29,1520
노코노코7,2023-04-30,420
그림i자i,2024-11-24,1580
뺨치기소녀,2022-12-21,1490
수라똘뱅이,2024-12-20,1600
모건월렌,2024-07-16,1540
앵리루,2022-02-06,1517.5
쏠입,2024-08-27,1520
종문이는참을수없어욧,2022-07-23,1460
무관양만춘,2024-01-08,1520
쿠쿠쏘울,2024-12-19,1603.33
활바르,2023-07-03,1415
겨울소보루,2023-01-11,140
개씹꿀잼캐,2022-12-27,206.67
근두꼬하프,2024-11-10,1540
눈렌,2022-12-27,129.17
뉴비아님s빡숙,2024-07-12,1520
뺘삥,2023-01-23,1409.17
헤이멋진걸,2023-06-13,1490
축오키면짖는개,2024-12-23,1640
도쿄박,2023-12-21,1595
소구야,2021-07-22,1415
시크릿위자드,2021-10-23,1344.17
가은이껌딱지2,2022-01-24,1430
귀염뽀짝쁘띠트워쉬타르,2022-03-12,302
갈망의붓,2022-01-13,1302
랜덤에목숨을건다,2023-12-23,1513.33
슥삭e,2024-12-26,1585
구슬솜사탕쿠킈,2025-01-08,1640
케찹은달콤해,2020-12-09,1374.17
우효금발태닝기상술사,2022-07-07,1420
윈태윤,2024-12-18,1610
아동복지부,2025-01-10,1640
허공김제비,2024-07-17,1540
에응옥,2021-12-23,1325
옴팡이대장,2021-05-24,1400
또또띠뚜띠,2024-02-04,1550
햇딸기,2024-12-22,1595
독수리참새,2024-12-21,1610.83
문세마리,2025-01-10,1640
슈사이어의자존심,2021-02-05,1340
마포구볼리베어,2025-01-09,1640
송도구,2021-07-10,1302
윤쵸비,2023-07-05,1435
ld한울bl,2021-08-16,1302
오늘의기상은맑음,2024-07-29,1520
발탄빵댕이에우산박아보자,2022-12-24,1409.17
킹갓섬,2021-11-21,1417.5
브커챙이,2023-12-22,1541.67
김똥별,2023-07-24,1415
루브르붓도둑,2025-01-04,1585
중화기애용합니다,2024-12-29,1600
찍찍,2021-12-24,1570
과세유예,2024-12-20,1614.17
신두리기상술사,2023-07-03,1475
알비온먹이도둑최세원,2023-07-24,1513.33
무함마드암살만알사우드,2025-04-20,1640
이게브레이커라죠,2023-12-24,1540
워로두는처음이라,2023-07-05,635
돌이슬레,2023-01-21,1395
유대아님,2021-10-03,1522.5
충슼,2021-09-12,600
팡팡래빗,2024-12-26,1603.33
벨던,2022-01-12,1422.5
kur01234,2023-06-30,60.83
전장의사신소울이터,2024-07-16,1600
창질하는냥이,2022-07-05,1415
사인승,2023-07-23,1500.83
메디힝,2024-12-21,1640
임푸르미르,2023-01-21,1340
soallon,2023-07-21,1415
홀나배럭000,2024-01-19,1580.83
왜저한테만짜증내요,2024-09-21,1540
깨시팬클럽1호,2025-01-09,1640
초심백가인,2023-12-21,1472.5
콩콩이피즈,2024-07-15,1520
볼트메이커,2021-07-24,1325
나락의블레이드,2021-03-07,980
소고기전,2020-11-06,915
신성한기운솔솔,2021-08-16,206.67
III에이징급커브III,2024-08-27,1605
컷키,2024-07-14,1525
도화과01,2023-12-19,1405
돼지간부,2021-08-04,1325
영혼의낙원,2023-07-19,1415
바뚜유,2021-10-06,387
불난히유,2024-12-24,1600
애니츠하프,2021-12-16,302
맑스,2021-08-12,1403.33
GretaGarbo,2023-07-04,254.17
orrii,2024-10-02,1540
막트욘,2023-07-20,1500
끼야아얏호우,2024-11-03,1540
똥X충,2021-12-26,1425
건준링어,2022-01-21,1447.5
열혈후드,2023-02-14,1340
금쪽이데빌헌터,2024-12-22,1640
백야장난감,2024-10-17,1520
명예보컬,2021-08-12,1370
오엉진,2022-04-11,1340
꼬시개열매,2023-01-18,1460
등골브레이커잉재혁,2023-12-28,1530
악마의약속,2023-03-23,1340
우리유산이는머쓱해요,2023-03-24,1545
블레싱레이,2023-01-20,260
도비니츠,2021-05-16,61.67
카드뽑다가죽은처녀귀신,2024-10-05,1250
기술명순대곱창,2020-08-23,863.33
넼호기상,2022-07-12,80.17
집에가고싶은브레이커,2024-07-22,1540
드론콘,2021-07-13,1302
쭈우압,2024-12-27,1640
민트수호법사,2022-01-21,1475
KODIDI,2024-10-10,500
골오옥,2023-08-19,1430
잔투투조,2023-12-24,1460
롣곰뚱,2021-03-17,900
떵진12,2022-01-31,1383.33
기상찡찡,2025-01-12,1645.83
시쪼,2023-11-01,1590.83
심심한초코에몽,2023-12-22,1460
SophieEater,2023-07-21,1415
폴짝채채,2023-08-24,1415
스페이드레터,2024-10-17,254.17
안뇽안녕반가워,2024-07-14,1597.5
도기란,2022-01-30,1445
오리꼬마,2022-01-14,1325
콩콩냐미,2024-12-18,1585
아기자기기공사,2023-08-26,1487.5
녕결,2024-12-19,1340
압뚀,2022-11-12,1600
션이넌왠지,2024-11-06,1597.5
달빵이,2022-07-22,1475
히지히즤,2020-11-06,1325
20240701입대,2024-06-29,1610
스카블래루스,2022-02-28,1445
냥냥야웅,2024-12-21,1610.83
홀황맹,2021-08-22,1415
HawkBuS,2024-07-20,1595
센이슈트반,2021-06-11,86.67
다원잼,2020-09-02,900.83
심슨08,2025-01-01,1640
홀리싟,2020-11-19,915
혤님달님,2022-07-07,1445
새로고,2023-12-20,1580
낫든어린양,2023-07-25,1513.33
뽀리뭉,2023-03-28,1475
서서따,2022-01-27,302
일프,2024-08-30,1594.17
소울커여워,2024-09-04,1586.67
매화호구,2022-12-17,102.5
정아B,2021-08-07,1415
사신온,2023-07-19,1490
응애둠칫,2023-09-19,1420
사이버람쥐,2024-10-08,1528.33
한번은바드릴게요,2021-05-26,437.5
시웅이,2024-07-11,1520
별제단감,2024-10-14,1546.67
홍석천팔뚝남,2020-08-22,900
마지막여섯째,2022-03-20,600
태양계,2025-02-28,1600
나윤씨,2023-09-02,1415
탄이휘잖아,2022-12-24,1340
기상은몇시기상,2023-07-28,1490
창하청화,2023-09-27,1415
블레포콩,2024-11-10,1640
벡으네창,2024-12-19,1585
커마엄청귀찮아요,2024-12-23,1640
웬틸데드,2023-07-22,635
감상어합니다,2025-01-15,1640
위무선위영,2022-07-19,1460
눈서린찹쌀,2023-10-03,500
남산타워전망대,2024-07-19,1601.67
홍차맛냥아치,2021-06-12,64.17
은류야,2024-04-24,144.17
브레이커이하디,2025-01-02,1585
반달웅이,2025-01-09,1600
해운대의기상술사,2024-12-18,1585.83
자기야나지금저달써줘,2024-04-03,1582.5
까마귀날자배떨어져,2022-01-31,1415
슬레이어공간이,2023-09-12,1465
자주빛대검,2020-08-22,871.67
머규화,2024-08-31,1640
로앛,2024-12-19,1613.33
네로엉덩이NTR도둑,2024-10-14,1575
dplar,2024-01-08,1100
먹붕어빵,2025-01-09,1610
밀크커피빌런,2021-07-18,1302
배우김영광,2023-07-01,192.5
니평타다피함,2024-08-30,1568.33
소밍뮤,2024-12-13,500
Astar,2021-02-13,1302
슬그미네,2021-11-16,1337.5
노브랜드굿밀크,2023-11-24,93.33
브커오브스쿨,2024-10-25,1640
우산싹,2024-12-22,1600
빤스가늘어난이유,2022-07-11,1408.33
까칠한서기Q,2021-01-30,1030
내가판승,2021-07-24,1302
밀크티라떼핫,2025-01-07,1610.83
비글x,2022-04-20,1445
도하눌,2024-12-19,1610
하피첩a,2023-07-21,1528.33
기공사이재훈,2024-08-31,1591.67
삼암여,2024-12-31,1585
먹물처럼너에게가겠다,2022-01-14,1447.5
캥배브,2023-12-23,1545
UAVsystem,2023-09-11,1460
달콤한매도,2021-07-11,1370
분노조절못해용,2021-04-21,1360.83
랑이네도아,2023-02-02,1472.5
그걸믿었음째트킥,2021-12-23,805
스허피,2024-08-26,77.5
안전하세요,2021-08-19,242.5
혼자팀,2020-12-31,370
등빠,2022-02-20,1452.5
또마야,2024-06-01,1584.17
논먕,2023-01-24,1340
레드벨벳케익,2024-07-12,1520
로아인생망치다,2023-10-04,1560
다리우스언제까지패치하냐,2022-12-23,1460
농약치는지워닝,2023-07-25,1460
데모샤브,2023-01-24,1340
버프달라하면안줌,2023-07-21,1415
24년여름점핑권,2024-07-18,1520
슬렁출렁,2023-01-19,1460
고추따는지워닝,2023-09-27,1603.33
WIRING,2022-07-18,1414.17
부랕이커,2024-09-13,1600
티토끼,2025-01-09,1609.17
이창주,2021-11-29,802
JeJeSoul,2024-07-15,1600.83
섭복,2024-12-21,1585
촤라라악,2022-12-29,1340
암낫걸,2021-06-17,98.33
얼짱카리나,2023-07-19,1490
누가기침소리를내쉬었는가,2022-01-21,1370
끝까지쏜다,2024-12-19,1585
영혼약탈녀,2023-07-19,1490
지금할게요,2024-12-18,1590
엥요도화가,2023-07-22,1415
발가벗은아몬드,2020-12-07,188.33
그림자푹찍,2024-07-13,1490
숀아키,2021-08-16,1302
에구홀리,2021-12-23,103.5
루나데세피아,2022-01-21,1425
기상술사청포,2022-07-08,1472.5
진벡,2024-01-01,1561.67
커이브뽀,2024-12-20,1640
복숭허허,2023-06-30,1490
신선특란한판,2023-08-12,1477.5
충댠인퍄,2023-10-13,1460
뱃살이출렁,2023-12-23,1582.5
Covid2080,2024-12-15,1640
은신암살리퍼,2020-12-28,915
누더기멍멍이,2022-12-16,51.67
세링슬레,2024-12-19,1590
lvlakelvlake,2024-08-05,1525
달삔,2021-02-03,980
레마베,2024-01-01,177.5
주믐,2023-07-20,1490
서울야수대표,2025-01-08,1585
오레오프리바사삭,2021-04-24,1340
사실아파,2021-08-09,1307.5
밍고기로드,2021-08-12,1302
뚕꼬에적룡포,2024-11-17,1540
5una,2024-09-10,1576.67
마슴,2024-10-17,1640
프링글스버터카라멜맛,2023-10-22,1600
감쟈버거,2022-03-09,1547.5
훈인훈,2022-08-24,1033.33
망냐늉,2024-12-22,1585
태태기공,2023-10-22,1415
청의환상,2023-10-26,1415
모닥부기,2023-05-01,1460
약한컨셉,2022-02-22,1302
물리등골치료사,2023-12-22,1546.67
싱피캐스터,2022-12-21,1460
폭풍점화,2024-10-24,1225
아가윤호,2024-01-24,1525
넬라를주는날믿어,2023-01-07,1477.5
민초부먹도화가,2022-07-11,1447.5
머머리기상,2022-07-06,1490
고리홀리나이트,2023-09-02,1490
탕아화,2023-07-22,1415
By람세스,2023-11-09,1540
해강산바람하늘바다,2023-07-30,1415
렐몬,2021-01-27,925
현실유기,2023-07-19,1415
뉴비초대좀1,2024-09-26,1540
쿄쿄뷸,2022-04-08,460
아워붕시치,2023-11-07,1501.67
닮지않은너,2024-08-27,1520
컹룡,2024-09-03,1640
육백만원암송아지,2022-04-08,460
호엥검,2024-11-07,1640
널구해줄께,2021-07-09,1302
유치원우산도둑,2022-07-06,1475
눕클버섯커,2023-11-02,1531.67
리티엘,2022-02-15,1445
깁슨블랙뷰티,2022-12-23,1490
국차,2021-06-24,52.5
말캉모찌찹쌀떡,2025-01-14,1640
파랑우비소녀,2023-06-30,1415
물좀주세요갈증나요,2024-07-02,1362.5
흑카버블티,2023-01-19,1460
포콩핑,2024-12-19,1605
따끔용,2021-12-27,1445
망치수리키트,2023-11-06,1540
발빠른서폿아가,2023-07-29,1415
넬루의,2021-11-28,1435
킴디에이칮,2021-12-24,105
닉네임짓기너무어려워요,2021-12-26,76
어머바드언니아직계셨어요,2022-02-01,1302
아라비안나잇토,2024-09-04,1520
호밀리,2020-08-27,915
미제라,2024-07-22,1602.5
하울의음쮝이는성,2023-02-06,1340
최저니,2022-08-05,185.83
하프치는물범,2021-07-27,1379.17
데스레이븐,2024-12-19,1618.33
마계자드,2021-04-24,520
아쿠키,2024-12-20,1585
하얀솜솜구름,2023-02-26,1445
흑마법신봉자,2021-01-16,1356.67
덕춘대장,2023-08-26,1475
이녀석은걸어다니는모닥불,2024-08-07,1611.67
별2루,2021-05-02,925
라일락하푸향기,2023-06-29,1415
샛브커,2024-02-28,1520
치즈고구마닭볶음탕,2023-01-21,1390.83
복어망치살인마,2022-02-16,600
볼던,2023-12-21,1580
대전소울이터,2023-07-19,1490
욤송이,2024-12-18,1585
누구나그럴싸한계획이있다,2023-11-29,1589.17
유즈리,2024-11-08,582.5
슬망겜,2023-01-21,1467.5
퍼스못맞추면108배,2021-07-05,526.67
제1지점,2022-02-01,1475
빵머갈이,2023-02-16,1406.67
시골못난이,2024-12-24,1640
무력시위진압알바,2024-08-29,500
LBWRD,2021-08-13,1302
헤공홀나,2022-01-27,1420
떼껄룩뽀짝,2023-08-13,1415
농부데런,2023-07-24,1470
에니리브,2021-08-21,1327.5
환수사노잼일듯,2025-01-09,1640
키자루군,2024-12-27,1612.5
핑크유아,2022-01-28,1445
w킴취워리얼w,2021-03-27,1047.5
V신성기사V,2024-03-21,1340
버프주잔,2023-11-13,1600
수우우지인,2022-03-09,1302.83
하지못했어,2023-07-03,1490
SoulSickle,2023-07-19,1430
밸린다오베론,2024-11-26,1540
엠마프로스트,2025-01-09,1640
창술블밍,2023-06-29,1490
대세는아가라길래만든여봉,2023-12-21,1460
처냐소월,2023-08-11,1415
공오즈,2024-12-19,1585
블래에욤,2024-09-01,1585
천희성,2024-09-19,1540
여기공사중임,2021-08-27,1370
심다수백산수,2024-07-20,1585
사신의만월,2023-07-24,1501.67
도스터타는도화가,2024-12-20,1640
응애환수사,2025-01-08,1600
태조주원장,2024-12-21,1590
꿍깡꿍깡꿍,2023-06-29,1417.5
말랑워붕,2021-06-20,76.67
민카린,2025-01-09,1640
채리빠빠,2024-01-09,70
크고아름다운신성검,2022-12-23,1498.33
악마이연,2022-01-21,1415
댕비즈,2021-02-27,61.67
이놈또이러네,2022-02-23,1302
낫지히,2023-09-23,71.67
동키잇,2021-08-13,169.17
아마시,2024-08-12,1540
지수블리수,2024-12-30,1640
넌나의별이었어,2025-01-01,1640
환도도도도제,2023-12-21,1520
슬레OI어장인,2023-12-21,1580
따땃마루,2023-12-21,1580
요양보호사3급,2024-05-01,1590
포식이T,2023-07-21,1460
장풍쏘는누나,2021-07-12,191.67
명왕실버즈러l일리,2021-11-24,1462.5
SIKINDA,2023-01-09,1340
난OI님,2020-08-23,1015
레이라인BK,2023-12-21,1460
몽운수월,2023-12-25,1600
반지의바드,2020-09-07,917.5
트풍,2021-12-26,1417.5
쥬니에,2024-08-11,1608.33
똑이서머너,2023-03-21,1550
로아랏폿,2024-01-25,1460
대전군수품도둑,2024-08-19,1555
수박일기,2023-12-28,1510
망곰이뱃살,2023-07-02,77.5
KOILON,2023-01-22,1340
남바창달풀각날먹랏폿,2023-12-04,1415
첫소녀,2021-09-27,493.33
챱쳡쳡춉,2023-08-05,1415
용감무쌍사사,2021-05-24,1325
소울이터홍뚱이,2023-10-26,1415
충동이가,2022-07-06,1394.17
적셔줄께,2022-01-30,1392.5
이유미엘,2022-09-03,191.67
홀리나이트이고싶은워로드,2023-12-21,1543.33
꿍융윤,2021-05-12,1356.67
리첄,2024-09-22,1640
눈맞는게좋아,2023-02-03,1460
휘리릭롤롤,2023-06-29,1415
슬래님,2023-02-03,1490
쪼꼬그득,2023-01-04,1490
성좌의시간,2023-12-24,1482.5
포릿,2023-12-30,1460
홀리몰리과카몰리홀리나잇,2024-01-02,905.83
슥옹,2023-11-12,805
마네키녜코,2024-12-25,1640
야4패,2022-07-06,1417.5
화현단,2022-04-15,1400
화서초,2022-07-09,1340
프링글스또띠아콘칩맛,2023-12-17,1415
말브레,2023-12-21,1565
솔티드바게트,2023-12-27,1568.33
둥이둥이겸둥잉,2024-12-24,1605
27사단폐급학살자김경진,2022-03-04,1500
치킨매니아중독자,2022-01-23,1445
유아미호,2024-01-03,1545
고소한바베큐치킨,2024-01-06,1340
잉여인갓,2022-02-06,546.67
김화단,2022-01-27,247.5
파티초대하기좀힘들것이야,2021-03-04,375
제망치무섭쬬,2023-04-03,88.33
검댕병,2023-11-15,1415
뜸혜지,2024-12-22,1585
도화이자붓스더,2023-03-13,1340
체르마마,2022-02-01,1472.5
형우엔,2024-12-21,1600
웅애화가,2022-01-12,1437.5
겨울하늘향,2021-05-02,551.67
치이영,2024-09-21,1640
파견자,2023-12-21,1580
정식브레이커,2023-12-22,1581.67
말랑콩떡와아앙,2023-12-25,1460
붕치곰,2024-10-22,1540
InFiniTySide,2023-12-21,65.83
흥연서,2024-12-20,1640
너의목소울이가보여,2023-07-21,1501.67
닐스아닙니다,2021-08-03,1375.83
랏기공이에요,2022-09-26,1472.5
천마루아,2023-12-22,1520
모든게임재능없음,2023-04-25,1565
힛빈,2021-08-13,1318.33
풍경화가,2024-01-07,1460
단칸방브레이커,2023-12-20,1565
온달님,2023-12-24,1545
보벗,2024-09-23,1640
불인파,2024-09-07,1611.67
만월의하루,2023-07-19,1490
광기를잃은버서컷,2023-01-22,1452.5
찹즈,2022-12-25,1490
오마차리,2025-01-10,1640
일격필살그게전데용,2024-07-11,1540
복융아,2023-07-04,1505
헤이스트셔틀,2024-12-19,1603.33
구슬갼다,2024-09-19,1640
영혼먹는도화,2023-07-19,1490
우산마쎄이,2022-12-28,177.5
샤프란케어맨,2023-08-21,1460
lr0ha,2020-10-15,1025
정말귀엽구나,2024-12-18,1585
밥주문서,2023-07-21,1465
쓰레기커,2023-12-20,1530
김던,2020-09-02,977.5
소울댑,2023-11-14,1415
똑이리퍼,2023-03-21,1550
32차지,2023-08-09,1415
김춰코,2024-10-22,1520
건슬운이,2021-02-12,1370.83
PoDim,2023-07-21,1490
천이브레이커,2023-12-24,254.17
낑끼이잉,2020-11-19,100
혼자운없어,2023-12-24,1543.33
너프전소서,2021-09-05,1302
칭난,2023-09-21,1482.5
죽음앞사선,2024-07-16,1640
별부스러기쓸어담아,2022-01-24,1480
써니cc,2023-07-11,1490
장다으닝,2023-10-02,1437.5
쭈빠빠,2022-03-31,530
버소트,2024-12-29,1640
제주코코넛빙수,2024-07-13,1560
우러귀,2024-07-11,1630
슈슉슈슈슈슈,2023-07-20,1415
링꼬링,2024-09-09,1640
뱅써니,2020-12-13,61.67
폭소호크,2024-12-21,1600
속이쓰리다크윽,2024-09-16,1609.17
박요엘,2023-07-23,143.33
L아이스리,2022-07-18,155
세한별,2023-12-20,130
터저버린바스트,2023-08-29,1415
AV신인배우,2024-07-30,1588.33
카운터쨉쨉,2021-05-26,61.67
0지니건슬,2023-07-29,1493.33
소망이네,2023-09-26,1340
소심바니,2023-06-17,302
짐덩이,2023-12-21,1583.33
호두과자마카롱,2023-06-08,302
핫구아가,2022-01-13,1432.5
변신중엔반칙이지,2023-07-20,1510
잠잘자,2024-01-01,1580
재학이형소서버프좀,2024-12-21,1640
댕7I,2022-12-23,1409.17
콩양파,2022-12-21,1340
보라기쁨조,2024-01-18,1477.5
댕바냥,2023-12-22,1540
OI시아,2022-12-22,1462.5
연쇄도킹마,2022-08-23,1377.5
소울자야,2023-08-07,1490
불막창에소주한잔,2021-10-28,340
블루스크린X,2022-02-02,1362.5
피라냐6,2023-12-21,1580
고도리5점,2022-05-03,1390
주기도문외우면버프드림,2021-07-05,61.67
수박수박바,2024-07-16,1536.67
민선댖지,2024-12-21,1585
먹줍는소녀,2022-01-13,1302
전부다썰어버려,2022-07-24,1465
단엽,2020-10-30,763.33
아린홀리,2021-08-14,130
새빨간고메,2023-07-23,1465
맼붓입니다,2022-07-02,1500
hwayeo3,2024-09-21,1640
차가는달님,2023-07-22,1508.33
숀샷원킬,2023-06-29,1480
애뱅호,2024-09-02,1640
새로운열정04,2023-07-22,1490
로아너무어려운거같애,2023-09-09,1415
뮤댕댕이,2023-07-20,1490
기공사해야겠는걸,2023-12-25,1556.67
예찬0l,2023-10-27,1417.5
용맹한클로에,2023-05-07,1460
버클리음대하프연주자,2023-07-05,1496.67
브레이커말랑,2023-12-21,1563.33
칼든푸씨,2024-09-25,1640
Clarrett,2024-07-12,1601.67
서로죽자,2023-12-21,1460
김춘수의두루마리,2025-01-09,1640
슬레하라구,2023-12-24,1480
신난동은,2023-07-09,1485
까르예나,2022-07-08,1430
Fariy,2023-05-18,193.33
Hickory,2024-02-11,1520
운검,2021-08-12,1302
묵직티엠,2023-12-22,1540
wooiy52,2023-07-20,1490
치코몽실,2024-08-05,1310
89세김점례의마지막카드,2024-07-15,1598.33
사이드오,2023-07-29,1530
추풍동생,2024-08-14,500
수태박,2023-06-28,1415
실수안하고숙련이예요정말,2023-07-20,1452.5
모코콩로아모아,2023-12-22,1543.33
도숑,2023-12-23,1550
토토읭,2022-07-06,1460
버그펑,2023-09-23,1510
존알바노스경,2023-12-04,500
크리넥스여행용티슈40매,2023-01-22,1415
변신그런거모태용,2022-03-01,106
너도한방나도한방창술사,2023-11-06,1561.67
나성기삽니다,2021-07-09,1385.83
낭만김,2022-07-25,1340
주말검수,2023-12-21,1543.33
아임낫초코,2023-07-23,1502.5
당당당뽱,2021-04-05,275
페바쿠,2023-08-17,1415
94리퍼B,2022-05-13,302
블레사스키,2024-12-19,1640
먼지망지,2022-04-20,480
소르가,2024-01-31,500
임혜,2024-01-28,1600.83
먼훗날너를데려다줄그봄,2022-02-19,1302
츄츄츄잇,2024-10-13,1640
엘드니아,2023-01-21,151.67
moonglows,2021-01-21,975
수호귀,2023-12-21,1475
활기찬리퍼,2024-07-18,1590.83
하프로대가리깨버림,2023-06-30,1415
챌채뤼,2022-03-16,1370
호린이등장,2023-10-14,102.5
어마무시한룐,2023-12-27,1566.67
브레이커어린양,2023-12-24,1540
앜코04,2021-08-19,67.5
몰락한어둠의처단자,2024-07-19,1640
구구둘기사냥꾼,2024-12-21,1590
둘보단혼자,2024-07-17,1560
빌잔슨,2021-10-01,1430
BuSlayer,2024-01-19,1580
슈겔만의브레이커,2024-12-19,1590.83
무도가고양이후추,2023-12-20,1460
응애가만월해,2024-02-13,1520
곰돌이는냥냥,2021-09-23,1415
티는소녀,2023-07-01,1415
서린핑,2024-11-17,52.5
채소붓,2023-12-20,1540
연주가홍이,2021-09-30,466.67
응애나아가글로시,2022-07-07,1450
히페시스,2024-08-03,1600
브로큰삭스,2023-12-21,1540
5호선리코더살인마,2024-01-28,1520
뀽슬링어,2022-01-06,1302
모카맛펩시,2024-10-20,1585.83
서폿유물,2023-12-22,1526.67
TheSixSense,2023-07-25,1475
VNovle,2023-12-26,1560
서부관,2023-07-29,107.5
김우라박,2024-02-06,1100
먼지스카우터2,2025-01-20,1640
해그리는B,2022-12-01,50.83
지존스나스나,2021-07-09,1302
아주부끄러워,2022-01-25,1370
잘생긴실리안,2023-07-02,1490
우즈G,2024-07-17,1540
헤드안주농,2023-12-21,1580
신용불량김덕순,2022-12-28,1415
디붕이기여어,2021-07-05,1325
푸라닭블랙알리오고추마요,2020-10-01,915
민트초코맛크림듬뿍소금빵,2023-12-25,1477.5
봉선동불닭,2023-03-30,120.83
계란은한개면충분해,2024-12-20,1600
바드종자,2021-03-21,1050
랏카이산,2023-03-03,1460
펜더머스탱,2021-07-31,1430
Clasha,2022-02-17,1302
햄포니아,2023-02-26,1496.67
엘링홀란드맞후임,2024-07-17,1600
문은지,2023-06-18,74.17
맛동산홀리,2022-12-15,450
페니,2021-10-02,1430
이렐리아언더붑,2024-02-16,165.83
이꺙,2023-12-24,1515
매지컬은설,2022-07-12,105
제가드리는구원입니다,2024-11-22,500
WTMG,2023-02-19,1460
처음과끝이같은인사말,2021-11-28,1529.17
시도린,2022-12-24,1513.33
초코민트맛푸딩,2021-04-24,370
콩Soy,2022-07-13,1340
하나비축제,2024-07-13,1626.67
쌀명고,2022-01-22,223.33
냐냥아가,2023-07-01,1415
광혜원장님,2021-05-11,1010
홀나랄라,2021-01-21,1325
빼꼼뽀,2023-12-20,1470
도둑반선생님,2023-05-01,1600
삼성소울히터,2023-07-25,1508.33
구원맛백호,2024-01-03,1460
꼬꼬마쵸,2022-01-12,1485
망치온돌,2024-12-21,1585
도너엉,2024-08-09,1600
뮨링,2020-08-22,1356.67
소서업고튀어,2024-12-19,1615.83
띵리오,2023-12-22,1543.33
마스터시엔,2023-12-21,1575
애얍2,2020-08-22,900
한국사능력검정시험심화,2024-01-19,77.5
투정좀부리지마,2022-07-28,1340
말랑꽁떡와로두,2024-02-28,500
엣찌기수,2023-12-28,1510
로헨델도서관책도둑김실린,2023-12-10,635
하와이안피자햄버거애호가,2023-12-22,1536.67
백련황녀,2024-07-21,1615
창천길,2023-12-21,1515
활사주세요,2023-03-23,1394.17
위반,2023-04-18,1465
낫여루,2024-06-27,425
응애나애기낫,2023-07-19,1490
찍먹하려고만든브레이커,2023-12-20,1485
쭈냥늉냥,2023-10-07,1531.67
창보다는붓,2022-01-30,1370
잘아는,2021-04-02,1332.5
해를그릴게요,2023-10-17,1437.5
모찌묘찌,2023-12-22,1477.5
케이티위즈엄상백,2023-12-20,54.17
크리터지는악마,2024-12-27,1600
뚠레,2023-12-26,1600.83
천상폭군,2020-08-23,915
브레이커피땅콩나물가상승,2024-01-14,1540
백종상,2023-01-26,1340
숙코퇴치사,2022-12-23,1492.5
건니브,2021-04-23,370
투헵,2021-08-16,1370
밝은밤에,2023-01-19,1490
캡린,2023-11-07,72.5
수제샐러드,2023-07-22,1493.33
뿡순이아빠,2022-02-02,1302
도의기상,2022-07-07,1340
백여월,2021-08-26,1415
말랑뽀짝사제님,2023-12-01,124.17
97세하반신불구김춘식,2022-12-27,1510
모모스스모,2024-07-03,500
슬레탑승,2023-10-31,1415
찌쭈대왕,2024-10-09,1610
한울한별,2023-12-23,124.17
천천히할게욤,2022-08-06,960
데모픽,2022-01-30,1370
멋진닉네임으로지어주세요,2023-07-21,1415
오겹살덮밥,2022-03-18,1302
축복홀붕,2021-11-13,145
제르슈테른,2022-01-27,1445
태왕군주녀,2023-01-19,1490
오스틴보스,2023-01-26,1472.5
람파트,2020-10-01,915
구슬훔쳐먹지마라탕후루,2024-12-28,1591.67
촉촉한고오스,2023-12-21,1487.5
홍삼캔디좋아해요,2022-07-18,52.5
이Y뻐,2024-01-24,1510
애기찡,2024-01-20,1521.67
덕만호위무사,2020-09-06,1325
창혜안,2023-11-08,1250
저는착한데모닉입니다,2021-07-15,1415
샤원,2022-01-15,170
신윤미,2024-09-29,1640
칼바람불어용,2024-09-05,1640
후뜩,2021-04-24,1341.67
AndApril,2021-04-24,1341.67
원홀투나이트,2023-06-30,1472.5
오리화백,2024-10-05,1640
비오는날은쏘주,2023-07-05,1500
Miniipad,2024-09-18,1640
바니귤,2023-11-05,1580
냉망,2022-09-04,1447.5
김턔희,2025-01-03,1640
기상이는강해요,2023-07-04,72.5
난커서이하령이될래요,2024-07-14,1543.33
췔브,2022-03-11,1302
설레이넹,2021-07-24,1395.83
동알피지,2024-02-19,1510
설콩지,2024-12-25,1605
바드언니그자리비켜주세요,2022-01-16,1383.33
신서약,2021-12-05,1086.67
세상을구한서폿,2024-07-28,1592.5
황혼의기사s,2020-08-22,905
파이리꼬리불끄기,2024-07-17,1592.5
가진게우산뿐이야,2022-07-13,1470
라포스,2024-12-20,1585
태양의칸,2021-04-02,550
바드윤아찡,2022-03-11,1325
오늘은바람이분다,2023-09-05,1422.5
킹짱농부,2023-07-26,1462.5
단비야물어,2025-01-09,1640
타락순애,2024-08-19,500
송정동고기방패,2021-09-04,1324.17
파괴강석수급처01,2022-04-24,460
흑화마라우리엘,2023-07-20,1487.5
전기요금통지서,2022-07-17,1460
파괴강석수급처02,2023-10-05,1475
전술,2021-05-14,1415
귀여운고양이두마리,2024-07-18,1612.5
잃어버린옷,2023-07-30,1415
쵸코쨩,2022-12-30,1566.67
도다드,2022-01-26,1445
Hukgi,2023-07-21,1495
슬레만할그야,2023-12-23,1516.67
야토의요정,2024-12-19,1585
불토끼,2024-03-30,1604.17
슈크림빵떡이,2024-04-12,1614.17
깨끗한나라주,2023-12-24,1520
라키영,2023-12-25,1513.33
백어택쳐야할까요,2023-11-12,1422.5
피메붐은온다,2024-12-20,1640
전워협이단심판관,2024-03-15,145.83
에니리퍼,2021-10-21,1370
환생노트,2023-12-24,1460
내바드가어때서,2024-12-21,1585
데마시아강력반조자룡,2024-01-30,1600.83
콩특,2022-07-15,1435
불량품뿅망치,2022-07-07,1437.5
토끼랑설,2023-12-20,1580
ePloNe,2023-03-14,1445
닉정하기도귀찮다,2023-08-28,1100
자연산여우곰,2025-01-16,1640
깜블네,2023-11-23,1581.67
단곽,2022-07-12,1415
애니맥스,2021-08-12,1435
Not빗나감,2023-10-10,1540
펩이커,2023-12-23,1460
콩밥모,2024-11-17,1540
귀여뉜,2022-01-23,1415
박채화,2023-12-24,1545
리나네르,2022-01-30,1370
돼지고기순두부찌개,2021-12-24,203.33
버터고버터,2024-12-23,1640
93년생권왕,2024-09-29,1640
핵펀치펀치맨,2023-12-25,1460
남기용,2024-01-10,1520
모래모래빵빵,2023-07-25,1415
그림쟁이시우,2022-12-21,254.17
코지야,2023-12-22,1550
seprets,2021-09-17,165.83
버이수,2020-09-20,802
치도리이,2024-08-03,1520
먹물바,2023-01-25,1340
준원이전여친,2024-07-24,1528.33
되찾은엘네아드,2024-01-27,582.5
장미로그린도화,2023-02-13,1550
참외8번,2021-10-19,70
응여니,2021-08-12,130
모솔26년차,2023-07-25,1490
BlkPentagram,2022-08-05,840
댕댕킬러,2024-06-21,500
충닉,2023-06-29,1395
착한애기씨,2023-01-20,1445
혜양성,2023-08-05,1415
설화하나,2023-07-28,1415
갓헌,2024-08-30,1640
무효전력,2024-12-29,1640
호성순대,2022-07-13,1562.5
뀨마유시,2022-09-28,600
너의마음,2024-08-18,1570
레스드리스,2022-02-21,65
싱칠,2023-12-24,1590
불극지,2024-09-19,1275
당신이찾던랏폿여기있다,2023-05-12,1342.5
죽창인권운동가,2021-08-26,1302
선샤인홍이,2021-11-03,960
응응나가시고,2022-01-22,1370
보리의뒤집어진밥상,2023-11-02,500
퍼스타율4할5푼2리,2023-06-28,1490
권운이,2022-07-14,1370
까까꺼,2023-12-22,1460
인파이터범석이,2022-07-13,1467.5
주먹왕뚱이,2023-12-26,1553.33
구매입,2024-07-13,1540
홍찻챠,2024-07-14,1563.33
붉은여명의찌찌단주교훌찌,2023-12-24,1525
그녀의이어폰,2022-12-22,1415
나는오늘내일의비를내린다,2022-07-08,1480
냥블레1,2023-10-04,647.5
수박롬이,2024-07-19,1528.33
차가운선인장,2021-11-02,1325
민규촉,2022-02-22,1302
엾벖섮컶,2023-01-20,1510
홀리쮀이트,2023-12-24,1593.33
연청빛선율,2021-07-11,1415
라시드펜드레건,2021-12-15,960
오희용입니다,2021-08-02,1302.33
맑음아님,2024-09-20,1601.67
뿅망치로존나패줄게,2022-11-15,593.33
슬레반디,2023-11-23,1100
영혼루시드,2023-10-29,1467.5
달달슈가프리,2025-01-08,1600
해뚠,2024-04-21,1588.33
동탄역하얀풍차밀가루도둑,2021-12-23,1320
나르연,2021-10-06,130
옐로베리덩굴,2021-05-02,134.17
클리셰,2024-08-26,105
낙윤,2024-02-09,1605.83
666호모리666,2024-03-19,642.5
창달Ni달리,2022-12-28,1498.33
S0clear,2021-06-30,1355
기사람,2023-12-25,1548.33
무타쨩,2024-06-18,1530
꾸꾸바,2023-12-25,1510
리퍼돌파석,2024-02-26,1607.5
삼칼여자,2021-11-16,51.67
비제이탱글다희,2023-01-20,1340
나는야부산의왕자,2021-12-06,1432.5
날시준,2024-03-29,1580
검끼,2020-08-23,905
날지켜준다메,2024-06-23,1540
EvolHana,2024-12-29,1640
치즈를찾아라,2024-08-10,1595.83
Assec,2023-09-15,1415
브보승,2023-12-20,1580
엘라엘라피엘라,2022-01-22,1415
뚜앙뚜아앙,2023-12-10,500
친절한문어씨,2022-02-19,1302
새벽을위한시,2023-12-22,1490
MINAdoe,2025-02-17,1640
펀칭몬,2024-02-16,1590.83
호둘마루,2023-09-05,1415
최애의요호,2025-01-09,1617.5
로아12개월차,2023-12-20,1528.33
온미우,2021-06-23,1400.83
바드개인정보,2023-12-22,1361.67
모닥불에불멍2,2023-12-23,1580
우빈공주,2024-09-05,1595
이훈슬,2023-06-28,1415
부웅푸욱,2023-05-19,1370
영혼있는딸,2023-12-27,1460
워로드넘모어려워,2021-08-28,1422.5
소녀마들렌,2025-01-09,1640
쵹쵹5,2024-07-15,1630
진시아야,2021-04-12,900
예디달,2024-11-18,1690
버프하는화가,2022-01-14,1445
사시건슬할꺼야,2023-10-15,515
붕레끼,2023-12-27,1566.67
짜장좋아하는아가,2023-06-21,302
일하기싫은영숙,2023-12-26,1558.33
심쿵방패,2021-07-05,76.67
고엽,2021-08-26,1373.33
힐은어때딜은어때여기어때,2022-07-08,1415
사탕푸딩,2021-07-09,55.83
시큼한해장국,2023-11-22,1415
제가지키드릴게요,2023-12-12,1540
딱밤샤베트,2020-08-22,925
좐메이어,2021-12-20,1430
병걸린워붕이,2022-07-10,1379.17
BaNetSsa,2024-12-24,1640
뮬란츄,2022-07-18,1435
애기타로,2022-01-16,1370
전문의II,2022-01-06,1445
슬지오,2024-07-23,1540
도애기싱,2023-06-28,1490
비오니까파전에막걸리한잔,2023-02-08,1355
너도만족했잖아,2024-09-15,1640
박충재,2023-12-24,1518.33
레홍이,2022-01-05,1325.83
자유의잔향,2023-03-14,1440
삼겹살토스트,2024-05-09,500
베이비빵,2022-01-13,1370
경로당지팡이브레이커디트,2023-01-02,1487.5
명예곰,2022-08-29,1340
bbong쟁이,2022-06-03,593.33
카이진,2022-01-22,1475
닉네임짓기귀찮은블레이드,2024-07-05,500
채원o,2024-05-25,500
냥냥옹슬레이어,2024-11-05,1540
르블랑,2021-08-11,1302
블핑군대갔냐,2022-12-24,1370.83
파미레미솔,2023-12-27,1541.67
Jo미선,2022-07-13,1472.5
홍쟝윈,2020-08-22,910
애기엄마돌아와줘,2024-01-17,1585
쥬시하트,2022-07-16,138.33
순수꽃단딴단단딴,2021-07-05,1050
배우차은우,2023-12-28,1520
브레이커인것이야요,2023-12-21,1541.67
주먹왕듀니,2024-02-21,1540
기상하려고누운건데요,2022-10-08,150
은평구심슨,2024-07-15,1612.5
곽슬빈,2023-12-28,1543.33
호각바람,2022-09-25,1415
암호수라,2024-08-01,1590.83
ShineEmperor,2022-09-25,1370
하얀색송편,2021-10-08,460
해머Green,2025-02-07,1640
젖붑,2024-12-20,1600
lVlin,2021-04-05,915
디이세르나,2021-08-17,1302
배고픈정현이ouo,2024-12-19,1590.83
탄산치즈바나나,2023-10-17,1415
빠잉짜이찌엔,2023-11-30,1523.33
사신대행쭈르야,2023-07-24,1415
모코코귀여워서하는중,2023-09-17,1580
도코알,2022-01-12,1400
절정을절제해버렷,2022-09-20,1415
빌리뮤,2021-08-30,1477.5
람각술사,2023-09-01,1415
강한코코밍,2023-05-14,1370
넝단,2022-02-04,1415
아르데타인의기술집약드론,2023-12-21,1580
아쿠마헌또,2024-12-20,1585
듀다닛,2020-08-22,1340
꽤꽤,2025-02-09,1640
이름이윤잰디,2024-01-19,1550
뭉장,2024-01-05,1513.33
희영아기,2024-11-03,1540
하정완,2024-07-25,1590
xTLNL,2023-09-01,1415
도구마을클레어,2023-01-21,1340
구름을그릴거야,2024-08-13,1607.5
사중곰,2024-12-19,1606.67
홀리빈세,2023-04-21,960
오랑우탄광부자되세요,2024-07-15,1531.67
ENFJ기상,2023-08-16,1490
RoyalAqua,2024-12-22,1607.5
박하스하탕,2021-02-20,1340.83
민트초코를좋아하는편,2022-09-30,1340
찰랑이는,2020-08-23,933.33
잼드의기운솔솔,2023-05-21,1414.17
메리크루엘,2024-12-19,1588.33
전용화기,2024-11-03,74.17
화잇뚱,2023-12-28,1477.5
존숭,2023-09-03,1546.67
하트블레이커,2023-12-26,1560
힝구환수인데요,2025-01-08,1640
앵베베,2022-12-21,1490
무지성낫배기,2024-09-16,1520
만들다만디붕붕,2024-12-20,190.83
주세요저,2022-02-04,1430
인천의짝궁댕이,2024-12-31,53.33
동별비,2023-07-24,1415
야도란의물대포,2022-10-11,1422.5
eLQ,2023-07-23,1415
Arzeina,2021-04-05,1341.67
DESSAID,2024-12-21,1640
매운빅치킨마요덮밥,2023-12-26,1530
블래유쮸,2023-01-12,140
호월수매,2024-09-08,1640
몽환군단장아브렐여름,2023-11-01,1584.17
이베리스꽃말,2024-01-13,1540
보x슬레이어,2023-01-19,1340
대현가막내아들,2024-07-30,1600
온누리치즈도둑,2024-07-21,1585
뜸부기추종자,2024-03-24,500
풍운공주,2022-07-13,1460
몰래베기,2024-12-18,1605.83
도꼬데스카,2023-08-27,124.17
오전까지비옴,2024-02-09,1580
뭉게뭉게코니,2023-06-30,72.5
차지연이,2021-09-19,600
갤당한리선족,2024-12-17,500
붕붕이커,2023-12-22,1558.33
TravelAgain3,2023-07-19,1415
머리위에수달,2023-05-22,1582.5
뒤로뛰는워붕이,2021-07-11,1422.5
안녕궁당장,2021-03-31,1340
도발은할줄모름,2023-12-20,1540
게임순위,2024-08-04,1520
유사얀,2022-05-07,302
뀰호뗙,2020-09-27,100.83
카르케리,2020-09-16,825
섹시뽀뚜,2022-12-23,1500
흐단잉,2023-10-13,1465
귀리제이,2024-12-20,1600
하람샛별,2024-12-23,1585
리우치령,2023-12-23,1490
D2AD,2023-12-07,1540
티치콩,2023-01-19,1460
쿨냐앙,2023-07-19,1415
명치단속반,2022-03-21,77.5
na희도,2023-01-29,1460
소울이터지비,2023-07-25,1457.5
안녕히계세여러분,2024-12-20,1611.67
아이유마이너갤러리,2025-01-07,1640
조다희,2025-01-06,1640
체리정,2024-02-09,1600.83
람솔띠,2022-12-21,1445
스카옵바찌찌파티,2022-02-13,1302.33
남잼,2022-12-22,1340
우산쓰고톡톡,2025-01-29,1640
눈설밈,2021-02-15,1340
울먹주먹,2023-12-20,1580
다토리,2024-07-10,1520
김폐이,2025-02-26,1640
눈내리는겨울새벽빛나는별,2022-09-29,1340
세레니티카,2021-04-27,1366.67
허벅지고기,2021-04-15,1341.67
라인흙르트,2024-08-08,1610
검은나이트메어,2023-10-02,1335
권왕옌,2023-12-22,74.17
이지스헌트,2025-01-12,1640
초여름이좋아,2021-07-09,1340
연약한칼,2022-03-15,82.5
뢴해히,2024-01-19,500
이브S2,2021-05-05,819.17
봉까닉,2022-07-07,1447.5
전제육,2023-12-20,1580
생포도,2025-01-13,1640
솜사탕솜솜비,2024-07-12,1616.67
먐먐먐뱜,2023-12-24,1580
23년로보카폴리,2023-08-09,137.67
로아슬레찍먹,2023-10-23,1513.33
몸에좋은벌레,2021-12-24,260
강깨비Soul,2023-07-19,1415
용바없담,2023-07-02,1415
룩딸용소서123,2021-08-22,1385
패션도아가,2023-08-11,1415
두부두부두부부,2023-12-21,1543.33
골든슬럼버6,2024-12-19,1600
도화가도군단장가고싶어,2023-11-13,1415
SPP브레이끼,2024-07-15,1585
재믐붓,2022-01-14,1327.5
스월상,2021-12-27,1302
클레어공주,2023-01-19,1455
하프는띠링띠링,2021-12-26,1379.17
김록스님,2024-04-17,500
ohyasis,2022-02-03,1353.33
큐티띠은,2023-12-21,1600.83
다흰체리,2024-01-18,142.5
빛강선이살린소울이터,2023-07-25,1470
노모발,2024-12-18,1640
p피칸q,2024-07-23,1640
리나페르,2021-10-06,1325
곡성슬레이어,2023-01-19,1340
알카시잉,2023-07-02,1467.5
손질법,2021-04-05,75.83
복치짱,2021-08-20,1316.67
꾜마돌,2023-01-18,1490
세라sz,2024-10-17,1640
류초롬,2023-01-19,1460
햐니유,2023-12-21,1510
탱탱태영,2021-12-04,145
스텝5년차,2022-02-11,1330.83
돈까아앗,2022-04-01,1415
임혜은,2020-09-28,985
망나니소울이터,2023-07-20,1490
나비람,2023-12-30,1540
집에가고싶어집에가고싶어,2023-07-19,1490
홐홐이랜드,2021-07-17,190.83
조이에,2023-07-19,1529.17
조축오,2024-07-16,1640
배마하는남자,2021-11-13,460
행복회로브레이커,2023-12-26,1510
꼬마죠르디,2022-01-21,76.67
버섯커의버섯커,2021-07-13,70
BlueTypoonF,2020-09-17,915
하콩c,2023-05-30,600
재능나무모닥불,2022-12-22,1496.67
승꿀,2024-12-29,1640
고막고문,2021-02-27,925
나만의벚꽃,2023-06-29,1340
기먕,2020-09-04,972.5
Abstraction,2022-01-07,1440
딸기우유맛시즈닝,2021-09-04,1430
레다기,2023-01-01,1357.5
띰바선생,2022-09-28,600
포수달,2022-05-05,360
카드깡하는희랑이,2023-12-22,1540
얼음꽃솜사탕,2024-01-21,1340
씨나렝,2024-07-20,1605.83
어둠총검,2021-09-21,1370
든든떡,2023-08-08,1460
AzurMikod,2021-08-18,1302
우원투쓰리,2022-09-28,207.5
바미까미,2024-01-01,244.17
넌스익이딱이야,2023-12-29,226.67
섹시미터지는눈나,2024-07-11,1540
법보조,2023-01-31,1596.67
월하겸,2023-12-28,1548.33
스익은역시리퍼죠,2023-12-29,500
데카까먹기딱좋은날,2021-05-01,534.17
동물쟁이,2025-01-08,1640
초강자,2023-12-25,1571.67
사아마앙,2021-07-09,81
탸료,2024-12-16,1640
편한밤,2023-11-18,1600
Ensile,2023-01-19,1490
낫봉맨,2023-10-21,1565
경쓰c,2025-03-08,1640
질풍노도의시기입니다,2022-07-10,228.33
혀가구라치면전혀아닌데요,2023-06-06,1467.5
별빛래몬,2022-01-21,1437.5
뽑뽀아가,2022-01-22,1370
말랑한차슈,2021-09-29,1500
칼쟁이아조씨,2025-01-14,1640
그시절우리가사랑했던아이,2022-07-06,1415
황제희나,2023-12-21,1540
Yarnaby,2025-01-20,1640
냥지요,2025-01-27,1640
눈떠보니용바셔틀,2023-07-04,1482.5
유화멍냥,2022-01-31,85
PainGi,2022-07-06,1490
필멸자의삶,2023-01-27,1465
그저부여받은소임,2022-07-22,366.67
LALAIN,2023-01-04,1465
환수사해태,2025-01-10,1640
깃비,2023-12-24,1556.67
쪼잡이,2024-11-16,500
Overlord,2020-09-10,1007.5
시락이도,2022-07-06,1374.17
복서굳,2023-12-20,1490
배마스터치,2022-03-04,1345
Knowns,2022-07-10,1493.33
코넛젤라또,2023-08-07,1498.33
건슬JG,2023-05-20,1310.17
아가건스링,2021-11-12,1100
빡볼,2021-12-23,1445
빵빵e,2023-12-22,1571.67
걸어다니는배틀아이템,2023-07-14,1415
카베이,2023-12-30,1490
쉬운건재미없잖아,2023-01-23,1415
데런탑승,2021-03-21,61.67
용맹꼬부기,2023-11-09,1590
쭈왑쭙쭙,2022-01-21,1302.33
주륀,2022-12-21,1460
Q뮤지션Q,2021-02-05,1030
HanS2ungHyun,2022-12-22,1460
문마쓰,2022-07-21,1521.67
Nigga참좋아,2021-08-19,1350
융펀,2024-01-02,1520
더짱,2025-04-08,1685
먹물뿌려,2022-06-03,600
딱콩쿵따,2023-01-26,257.5
리예귤,2023-12-21,1580
생양볶냉,2024-07-22,1640
낮송이,2023-02-18,1590
김태니,2023-12-21,1566.67
삐삐의노래부르기,2023-09-24,1415
챙떼기,2023-08-12,1560
MIT국문학전공,2022-02-08,1308.5
재희에율,2022-07-06,1415
퀸카페,2023-01-18,1340
몰랑알카,2023-07-18,805
레디머스,2021-12-27,1385
하롱하롱지고,2024-01-29,1546.67
퍼펫큐트,2021-08-12,1302
irink,2024-07-12,1533.33
은율낫,2024-07-21,1640
뽀롱뽀롱뽀로로오,2022-05-17,52.5
올량,2023-12-15,52.5
김배럭08,2024-07-22,1612.5
이웃집작은누나,2023-07-21,1498.33
디스트로이어의GOAT,2023-02-18,257.5
영정,2023-12-20,1520
커리어여우,2025-02-15,1640
소울이터다한,2023-08-27,1490
아려세이튼,2021-11-25,1415
ORI0N,2022-07-07,1420
두번째로생은세맥만,2023-12-26,1520
칼들걸,2023-11-09,1415
박라솜,2022-07-17,81.67
한순간도쉬지않고,2021-10-11,1340
남자는등이랑어깨제,2021-08-17,1302
찌또링,2024-06-08,1600
황궁쟁반떡볶이,2023-12-05,1585
최정연헤리요패셔니삭스,2023-12-21,1550
진한진라면,2022-07-21,91.67
소울이터Rang,2023-07-25,1415
블래스터슈님,2021-12-30,1302
공말랑,2024-06-18,500
매떡,2024-07-14,1595
슬토낑,2024-12-31,1640
야돈B,2022-01-05,1370
요렌스,2020-08-23,868.33
클로에오빠,2024-04-17,1540
엄지보쌈,2024-12-01,1640
고수달,2023-12-21,1602.5
동결보존,2023-10-20,1465
옥동자의방패,2023-11-13,1563.33
혼렙,2023-01-23,1506.67
킹쩌라고여,2021-07-09,126.67
흐라번베르흐,2023-07-24,1490
르릇펀치,2024-04-26,1615
찬호의한발,2022-12-22,1445
도전한사람,2021-12-10,1415
데하이,2022-01-13,177.5
그레이디언트,2021-08-02,1340
죽리절,2021-12-23,1302
로아하임,2022-08-01,1502.5
박씨블레,2024-12-20,1585
피카츄돈까스맛집,2023-01-14,1425
수요꽃,2022-12-24,460
만월아랑,2023-07-25,206.67
국밥와로드,2020-11-30,960
교회가는비구니,2021-01-21,1035
어떤에펙시점,2023-05-10,1553.33
브레드버터,2023-12-20,1558.33
강여랑,2023-03-22,1580
무해한리퍼,2023-12-29,1540
세상,2024-12-31,1640
흑호랑이,2023-09-24,1593.33
a7955,2023-01-04,1600
무죠코코,2023-12-24,1583.33
주먹토란,2023-12-22,1460
탱글여누,2021-05-18,925
만탄46,2024-06-29,500
불멍존버,2022-03-18,215
방울볼,2021-08-11,1385
세팍타크로키끄,2021-03-21,935
수정당면,2022-12-22,71.67
망부레,2024-02-09,1460
오은,2024-06-12,500
신길반점,2020-08-23,1346.67
Rymsar,2023-01-06,1460
박율미,2024-07-11,1590
블루베리파이터,2021-04-24,170.83
이카겐니시로,2024-02-09,1200
달콤셜린,2022-03-18,51.67
꼬꼬마물콩이,2022-11-11,1515
때려요잇,2021-12-28,1422.5
점핑쌀먹머장,2022-01-21,1390.83
오산동억모닉,2024-05-26,1584.17
BJ혜디,2024-07-14,1619.17
이건사령술사지,2023-07-23,1508.33
치치우다다,2024-07-28,1640
엔서니에드워드스타크,2021-12-20,1447.5
크리스토포리,2021-11-22,1460
박지성의피카츄,2023-07-31,1510
초전동힐링머신,2021-06-27,1005
하프를집에두고온바드,2021-06-07,1415
시리법석,2025-01-06,1640
째에,2021-04-14,1370
재완인파,2024-10-20,1640
악마꼬부기,2024-03-09,900
BecOfThehead,2022-07-12,1462.5
다솜한소서리스,2021-08-15,1310
기사단장알랜,2024-07-26,1633.33
조로희,2023-12-15,1462.5
유키즈리9,2022-01-14,1325.83
레드블랙,2023-12-31,1586.67
계란빵에계란이없네,2023-12-24,1543.33
카라멜솔티마카롱,2023-09-09,1460
쌈하준,2024-12-24,1640
신을넘어서겠다,2023-04-29,1590
맨두네,2023-12-21,1475
민요민요민요밍요,2023-12-22,1460
나드리카,2021-01-17,1340
꿀뚱전사,2022-01-22,1425
언니짱이세요,2021-08-23,1354.17
너가카운터쳐,2021-08-12,1302
파괴검용로드,2022-02-20,460
응급실,2024-06-20,1610
어센틱블루,2023-07-24,1510
민디나,2022-07-21,52.5
냥냥빅토리아,2022-03-12,1365
민초맛하리보,2023-06-13,302
캐나다산하와이안피자,2024-04-06,1100
린귀,2024-02-19,1520
안산지뢰녀도화가양수완,2024-01-01,1540
삉약삉약,2022-12-25,1472.5
크리스탈빠따,2024-01-11,63.33
킴징구,2022-07-08,1445
날씨의빈창,2022-07-11,1447.5
건강한배마,2023-11-04,1490
꽁지v,2021-04-12,1340
조폿,2023-12-22,1520
아오지논밭무다무다,2024-02-28,1520
마제하루,2021-01-18,975
류여우,2021-09-18,1349.17
우습네요,2024-01-22,143.33
류레사,2022-01-23,1385
권황가인,2024-02-08,1540
고성능갈비뼈분쇄기,2021-03-18,1050
파란소울이터,2023-09-12,1430
론쓰,2024-07-13,1613.33
CatTowers,2023-05-01,473.33
Surabasa,2022-07-10,1475
하얀수수깡,2021-03-12,1370
자몽달고나,2024-07-15,1560
왕왕푸딩,2023-09-30,500
날렵한강아지,2024-07-21,1611.67
이크에크새미호크,2021-07-08,1350
Lv2나나,2023-04-07,960
떡볶이소보로빵,2023-12-20,1543.33
ql천공lp,2021-07-06,1416.67
화얀디붕,2021-07-22,88.33
스토니이,2023-07-07,1467.5
정기짱술사,2022-07-16,128.33
배럭홀나1호기,2021-12-23,1415
스카일카,2023-12-23,1477.5
페퍼맛카누,2022-08-09,1100
남인파냥,2023-12-27,1576.67
총기사,2023-08-02,112.5
적곰빵,2023-01-19,1490
노원구내연남,2022-06-17,1581.67
엘디올시다,2022-06-21,387
떼꿍,2023-12-20,1580
달에게,2021-07-05,84.17
딸기곰젤리,2025-01-08,1619.17
13371371,2023-10-21,1415
차가워,2023-12-20,1460
유령모코코,2021-07-09,1335
오라도철합의를허락,2022-01-25,1302
단검로니,2024-05-09,1490
냐쿄테이머,2023-12-23,1540
우비퐁,2022-07-09,1477.5
나광범,2025-01-01,1640
엄시연,2023-11-05,1605.83
낫든댕멍이,2023-07-23,1475
아로새겨,2021-09-04,1310
현미충,2024-07-26,1585
equation,2022-12-21,1506.67
덩뚠,2024-10-26,1563.33
고급한국음식,2020-10-06,915
타대딜러소서,2022-12-22,1460
챈르디,2023-12-21,1541.67
Etemo,2021-07-25,1360
시엘린지르콘,2022-05-07,1370
프리셋기본얼굴22번,2021-05-09,215
낫뗘,2023-07-21,1415
바마엘,2023-10-11,1541.67
황예목,2021-08-19,1302
요맘떼바시,2024-05-19,500
쮸쿨,2022-12-11,88.33
이안키스,2021-06-13,802
By큰별,2023-11-09,1611.67
치받,2021-08-12,1302
브레이커모아이,2023-12-21,1460
긔뉴커,2021-12-23,1445
루배마온,2022-09-18,141.67
dotorui,2021-02-27,1325
Cha룡룡,2023-12-20,1521.67
바드o노을,2021-05-14,840
솜사탕치즈라떼,2023-04-12,836.67
백기찬,2023-01-06,460
사리영주,2022-07-17,1340.83
세붕린,2022-08-16,1415
마르셀리에,2024-07-13,1601.67
섬댜,2021-10-21,1306.67
ArtistSipan,2022-01-25,1445
봉정은,2023-09-17,1594.17
근육마초수컷,2023-07-05,1498.33
찡쏘,2024-07-16,1520
파이어칸,2021-07-05,124.17
리끼꼼,2022-01-14,1415
진상2호,2021-09-19,1370
쌀대기,2023-12-20,1467.5
끝나고탄피주워요,2022-05-04,1415
에트로나르,2024-05-21,1540
반쯤녹아내린엔초,2024-06-03,500
나왔죵,2024-01-11,1460
혼적여신,2023-07-21,1535
슉슈슈슛슈슉,2024-07-19,1600.83
돈챗,2025-03-05,1674.5
시x,2024-03-16,1604.17
안시빈,2024-07-12,1613.33
꾸잉꼬앙,2023-01-20,1340
가슬슬,2021-09-14,1302
리얼빠꾸빠꾸카카시센세,2022-01-25,1322.5
조쾌락주의보,2022-12-20,302
Takerb,2022-01-29,1415
삡첼,2022-09-12,1370.83
아웃레이지아마존,2023-04-10,1501.67
택택주먹택,2024-02-11,1520
섹시나리,2022-02-25,1311.67
내가그린기린게이,2024-05-07,500
뇨요,2023-08-05,1505
라시엘S,2021-05-15,1370
어흥태세,2023-12-20,1460
워건틀렛,2020-10-03,915
유아톻,2023-03-16,1340
모찌블래,2021-01-01,915
한재드론,2021-07-08,1415
zl존뚜띠,2024-07-21,1342.5
서버뚫기힘드노,2021-08-31,946.67
라크나브레이커,2023-12-25,140
솔지노,2023-10-04,1501.67
붓으로세상을구할거라구요,2022-01-13,1475
실린이라구,2023-12-24,1587.5
독학장인,2021-08-02,1403.33
라이스귄,2022-11-26,198.33
바드남도일,2021-07-12,1415
왕키드나,2024-06-11,500
바은,2023-03-18,95.83
할라에몽,2023-01-22,1415
빅토르커,2023-12-21,1460
아인이따라와,2023-03-13,1340
주먹에모코코,2023-12-20,1576.67
서냐옹,2022-01-18,1355
태왕군주님,2022-02-18,353.33
꽃처럼날아서나비처럼쏜다,2022-08-18,1470
잔혈감찰권법,2024-02-07,126.67
딜러가죽으면내탓,2024-01-27,500
노노도화가,2022-01-16,1368.33
도Or가가아니라도호r가,2023-09-16,1415
히판,2021-03-30,1032.5
젤리뽀또,2020-08-22,947.5
몰락한왕버서시,2023-01-19,1485
에노키안,2023-12-21,1543.33
라이제선,2021-08-12,1302
마후벅샷,2025-01-25,1640
정수강,2023-12-25,1460
엉덩이딱대랑,2024-02-08,78.33
곰맙습니당,2024-12-21,1640
오에아리,2020-11-09,960
산책잘해요,2022-10-08,460
츄츄,2023-06-07,1560
듄냥이,2020-09-15,205
법규브레이커,2023-12-20,1475
커피쏟은이꽤용,2024-05-12,80.83
료쿠챠,2021-03-18,1360.83
삼양라면유부초밥제로콜라,2023-01-08,1472.5
살균물티슈,2024-07-15,1619.17
하프규냐,2022-01-23,1302
금옥,2024-01-26,1550
초전도체형,2023-11-01,1590.83
KlTl,2023-01-19,1503.33
뱌닷길,2023-07-04,1460
중수의토르,2024-12-19,1617.5
용궁바드,2022-08-17,1370
등짝을보게해줘,2022-03-13,1302
큐티프리티소서리스,2023-02-28,302
이봐잠깐만,2024-06-30,500
BFG9000질소,2022-07-13,84.17
웅이하웅,2023-07-05,1490
조개향,2022-07-18,1340
고은혁,2024-07-23,1588.33
오도도도우두두두,2023-12-23,1490
샛바람결꽃비,2022-07-07,1340
라텔리온,2021-11-09,1415
켄쯔,2024-07-11,1528.33
해로우WL,2024-10-10,1640
Larca,2021-05-30,1325
나는필연적인존재다,2024-01-13,1460
돌챵,2023-06-29,1490
우주초밥데빌헌터,2023-09-14,1490
뚜쁨,2021-04-21,1437.5
피자에민트초코같이먹기,2021-06-21,227.5
혓바닥고기,2023-11-13,1445
최강딜소서,2021-12-23,1340
쑬쑬,2022-07-07,53.33
간지가잘남,2024-07-19,1640
샛별고래,2022-10-25,1550
힐링거,2024-07-18,1620
도아르트,2022-01-15,1467.5
다흰푸른,2022-01-12,1399.17
피베찡,2023-06-29,1500
옌아가애오,2023-03-15,1340
천자봉,2024-06-18,1555
달백만개,2024-04-21,1540
퍄힛,2022-07-14,1370
감동적이진않음,2024-07-19,1600.83
육하린,2023-11-04,1580.83
솔라티스,2021-05-23,102.5
오선예,2023-01-19,960
다윤이언니,2022-06-06,52.5
뜨거운솔잎,2023-01-21,1340
신금호호카게,2023-07-28,1503.33
용운동모기,2023-07-09,1415
조사,2022-05-09,600
가갈,2024-01-14,1582.5
거어드,2023-09-19,1415
MiserableLuv,2022-08-31,1427.5
라떼아빵,2023-11-15,1610
쏘주세병반,2023-12-07,635
H29,2025-02-20,1640
밤밤몽,2022-06-23,78.33
소울먹어버렸다,2023-07-20,1519.17
한대만더치고갈게요,2022-08-16,960
홀리샌슨,2021-07-09,1417.5
류닝닝,2022-01-17,1445
달달한게땡겨서,2024-05-30,500
포쉬메이드,2023-02-28,1447.5
요정이라미안,2023-08-12,1415
팅느,2022-12-21,1460
DarkFang,2021-08-02,1415
소현빈띠,2023-07-30,1467.5
시카고츠,2023-12-25,1520
Grabbitz,2022-09-25,1460
솔라띠,2021-06-03,146.67
장전어린이집,2022-08-24,460
도아가는아가라서지켜야대,2022-07-11,1460
길동이어유,2021-08-15,1343.33
은신카쿠,2024-12-19,1590.83
Pain,2023-10-09,1490
오의식,2021-12-22,80
유즈키리나,2023-04-13,506.67
분홍모란,2023-12-28,1583.33
우산한나비,2023-07-09,1480
10슬레,2023-12-21,1565
다꿰뚫어버려요,2024-08-17,1586.67
강선이형아,2023-12-23,256.67
봉길팡,2024-07-19,1540
여우비내리는어느맑은날에,2023-12-24,99.17
잊지마요난네편이야,2021-10-03,1355
슈슉슈캉,2024-02-27,1510
HoneyBeey,2022-12-10,302
감자쿤,2023-12-22,1540
주먹대장전사,2021-08-12,1302
하루카사나,2022-07-20,259.17
백민린,2023-06-26,1546.67
디트두개키우는사람,2022-04-22,1370
매생이떡국레시피,2021-04-22,905
검단송백호,2024-09-19,635
행복한금부엉,2023-07-05,1462.5
수원시펀치킹,2023-12-28,1460
단검쓸줄모름,2022-07-10,78.33
건둥이누,2021-01-30,1325
잔재가아니라서미안해요,2024-07-13,1573.33
AJ소서,2021-10-18,1370
카시W,2021-09-09,60.83
성난간바루,2021-04-12,544
병아리두콩,2022-07-09,190.83
뭐부수려했는지기억이안나,2024-08-09,1592.5
용인시소환술사,2023-01-05,1460
코코넛멜론스무디,2023-01-25,1340
래빗링고,2022-07-28,104.17
향로봉여자간부,2023-08-29,1435
연약한초식동물,2023-10-16,1415
궁금한창술,2024-07-27,1610.83
어린이물감,2023-01-07,1460
료랑,2021-08-18,1370
고고씽,2023-12-21,1580
밤밤땨,2024-07-15,1593.33
의룽K,2021-02-27,1025
야행성빙수,2021-12-11,600
찹쌀홀나토끼,2022-02-15,1370
바드인데엽,2021-08-12,1302
란o세이윈드,2020-10-24,917.5
푸푸오,2023-07-20,1452.5
홀릭기사,2020-12-05,1017.5
호둥도아가,2022-02-12,254.17
By은비,2023-12-25,1610.83
련추도아사마,2022-12-23,1460
앙투핑,2025-03-16,1640
재밌는토익,2021-08-20,1302
퐁은소환수딜,2023-07-11,260
거너엘호아이,2023-12-21,1525
주라띤,2024-01-11,1520
죽뽀,2021-12-23,1313.67
카브커,2023-12-22,52.5
일곱째딸내미,2022-12-24,1506.67
연황K,2024-03-19,1592.5
뽀밍냥,2024-12-21,1640
킹권,2023-12-21,1460
세인트스캇,2021-05-15,113.33
레ol린,2022-11-21,1462.5
한량해,2020-08-23,1048.33
이수피귀여워,2024-12-23,1640
황궁쟁반냉면,2023-12-05,1508.33
Zzztogh,2022-01-31,1302
춍바드,2021-10-28,1370
민트초코탱크보이,2021-12-22,1445
망쥬공쥬,2023-07-22,1415
Jeppetto,2022-12-04,302
진봉수,2024-02-27,1535
v카슬란v,2021-08-30,1302
암흑사신배리나,2023-08-05,1415
cutie뽀짝,2023-08-19,1415
이스즈,2023-07-22,1540
세번째서폿바드,2023-12-20,1460
햅치즈토스트,2024-06-26,1275
띵바절,2021-08-21,1340
그럼나는데체언제퇴근하지,2024-01-08,1540
민초랑마카롱,2020-12-26,915
콩콩넴,2023-09-19,1560
댓냐,2024-07-15,1550
독거v마녀,2023-01-20,53.33
김치족창,2021-08-31,1370
니달려,2022-01-26,1415
브라맛,2021-07-13,1377.5
날이제로아줘,2021-05-02,920
또새미,2022-01-24,1340
크라이,2024-07-12,1600
LOVE인,2024-07-17,1620
각원사탈주스님,2020-12-18,915
애기모태,2023-07-02,1490
끼리서머너,2023-09-28,1415
데빌런,2022-07-07,1462.5
모코코줍는참새,2023-06-30,1422.5
루이쿠드10,2024-07-27,1540
경계사망꾼,2023-12-30,1460
서용갈이,2024-08-19,1640
YorAssassin,2022-12-24,1401.67
단백질생각중,2022-01-11,880
White박쥐단2,2024-12-26,1640
존나쎄,2024-01-14,1586.67
류케시아,2022-12-25,1370
묵향부교주,2023-12-23,1590
펭귄꼬마,2022-01-13,1302
눈장식,2024-02-29,1536.67
어떻게스페가백스텝임,2024-02-08,1465
푸른빛따라,2022-07-10,1370
소울있서,2023-07-19,1500
하몬드봉봉,2022-07-06,1460
세사르아스필리쿠에타,2021-09-15,1325
마시맬루우,2022-07-08,1460
jungjojo,2023-12-22,1460
라스냥,2023-06-30,1415
하프달꼬,2023-12-09,1300
저녁의이유,2023-12-22,1548.33
심귀리,2021-07-05,96.67
부계무녕주첫번재딸래미,2024-04-12,1520
원펀맨사이타마,2023-12-21,1580
20대가타겟,2024-01-14,1472.5
Mr늘보,2020-12-30,1386.67
스토리익스프레스밀기미션,2022-03-06,100
킹짱제리,2021-10-11,600
올리브헌터,2021-08-13,1083.33
낭냥펀칭,2021-07-15,1302.67
문릿,2024-07-22,1566.67
소울이터범석,2023-08-23,1498.33
모코코의코코로,2023-11-20,1490
단풍먹물,2022-01-21,1302
초코츄러스브로커,2023-03-05,1566.67
못막아요,2024-03-06,51.67
김리훈,2022-03-14,224.17
아나히샤,2023-08-29,1570
아나미샤,2024-05-06,1520
인싸디붕이,2023-12-26,1610.83
붓으로난치기그리기,2023-12-24,1540
라프네아,2024-07-14,1540
풋자두,2025-01-10,1640
윰황,2021-05-09,1340.83
랑이네아들,2022-07-08,1475
에리아오,2021-02-15,1035
코기르,2022-01-17,1337.5
바드유미쿠,2023-09-01,1495
쥬영y,2023-03-30,1462.5
웅포나,2022-11-04,1370.83
군단장브레이커,2023-12-20,1460
복서록키,2023-12-20,55
JK아이돌,2023-09-24,1523.33
도엇츠,2022-01-12,1457.5
인사안하면슬픈애기승우쨩,2024-04-14,1501.67
Niveus,2021-08-21,1335
유에뽀오,2024-05-15,500
KnockIn,2023-07-05,1490
은율곰,2022-10-15,1585
한이봄,2021-03-05,849.17
미대생아닙니다,2023-02-22,1409.17
수라벽,2023-12-31,1460
SQLD실패,2021-09-12,1302
아기쿠마스,2022-03-01,1385
땀또니,2024-07-14,1620
나니데스,2023-12-21,1460
브렉시트,2023-12-20,1521.67
칠현의악사,2024-08-17,1590
미무씨,2024-02-17,1520
환영결속,2022-01-22,1504.17
Tang카누,2023-12-27,1460
연유마들렌,2023-05-16,302
TEAKE5000,2022-07-07,1415
RuRis,2020-08-23,1022.5
기롤롤,2020-11-20,915
LI달ZI,2021-12-25,1472.5
총잡이한콩,2024-01-23,1540
뺘뺘뺘,2024-08-20,1640
늘얏,2022-06-08,127.5
냄새나는남캐,2021-04-27,1344.17
남명필,2023-12-22,1580
블루레몬스무디,2024-04-27,1467.5
칠리크랩통새우,2020-08-23,1017.5
낫든븝미,2024-07-15,1585.83
자두는자두대,2024-07-10,1543.33
찌니님집사,2023-08-12,1415
검애긔,2023-01-19,1502.5
선샤인나이프,2024-04-14,1370
남욱꾼,2022-03-09,1336.67
멋있는한수,2023-12-21,1580
조배짝,2021-07-31,600
여름빵,2022-03-04,1302
대낫에이게무슨,2023-07-21,60.83
시르시아나,2021-03-22,325
하트사이드,2023-07-21,1516.67
맘주먹,2024-02-26,1540
떡보키,2020-10-09,970
늦잠자서지각,2023-12-22,1540
닉네임정하는게진입장벽,2024-05-18,500
펀당,2022-01-12,1400
아우토반킥보드라이더,2024-12-18,1640
이브는멍멍,2024-07-16,1600
제가안만들었어요,2024-02-15,93.33
공릉동무한의대검,2023-06-30,1490
푸하른,2023-12-22,1460
구도히,2023-07-19,1500
졍이선,2023-10-15,500
파천구미,2024-04-24,1585.83
나의세번째홀리나이트,2022-12-26,1490
닉귀찮앙,2022-12-16,51.67
엠덴,2020-09-25,915
폴미,2024-07-16,1591.67
히비스커스뱅쇼,2024-01-03,78.33
하루이치,2024-07-15,1585
Madeja,2024-09-11,1566.67
한솔아잘따라와,2022-07-11,55
여우비눈곰,2025-01-10,1640
홀나다무스,2022-07-08,1450
테이베어,2022-07-17,213.33
도화어린이집,2022-01-13,1475
힎지,2023-11-10,1415
검예민,2024-03-22,1100
폿호랭,2024-02-13,1460
알카가뭉,2023-07-15,90.83
정무새,2021-03-03,67.5
체티엔,2023-12-16,1460
삭월비몽,2022-01-01,1302
정화녕,2020-10-07,915
나경가리,2022-07-11,1415
딭국,2021-09-09,302
나만의작은바부,2021-05-22,1325
피피구,2023-11-01,1100
량됴,2022-01-28,1370
사랑이다느껴지게,2021-08-06,1333.33
카요리짱,2024-04-16,55
이게임죽음좋네요,2023-07-19,1490
블래스터하는힙송,2023-12-28,1580
련이지,2024-01-19,1545
Del040622,2025-03-07,1640
Chapp찹,2024-05-27,1520
나의빛이너희를지키리,2023-12-26,1510
슈퍼민국,2024-07-11,1540
그린녹말,2022-07-18,1460
브커다요,2024-02-05,1250
잔뜩화남,2023-12-21,1550
제가지켜드림요,2022-01-25,1325
리틀짜,2021-05-02,950
반응유,2023-06-28,1250
레바데인,2023-11-12,1580
가엔달,2023-12-24,1583.33
지옥낮,2023-07-24,1490
슈안한,2023-08-03,1490
로또복권1등당첨된사람,2023-07-07,1490
말대꾸합니다,2022-01-12,1302
쏴아인,2022-12-03,302
세번째우승은저를위한것,2023-12-25,1565
옥빛의은하수,2022-07-06,1415
HwaDa,2021-09-12,1302
매학리소머리국밥,2021-08-16,1302
떵파이타,2021-03-19,950
달빛에물든조각배,2022-10-16,563.33
주먹질하는거,2021-06-11,970
Shubio,2023-12-21,1475
눙난나,2023-01-07,60.83
카라멜마끼냥또,2023-11-19,130
Exz,2021-03-01,880.83
망치로뚜까패까,2020-08-23,1330.83
댕츄는목말라,2023-12-20,1460
낫술하는농부,2024-07-12,1590.83
배마주아유,2022-08-30,95
특수차량학,2021-09-14,1302
노을맛집국밥,2023-06-28,1415
호그와트5년후배,2022-04-25,820
나나븃,2023-12-05,500
임페리얼오더,2022-09-27,53.33
워머플,2023-11-05,1490
닭두리탕,2022-03-04,1302
이브랑레이랑,2024-07-16,1520
헬렉카나,2022-10-31,176.67
장작꾸,2024-01-15,1460
일일권장나트륨,2021-05-23,887.5
Heeyane,2023-12-26,1565
검은사막7주년축하합니다,2021-12-28,1432.5
엑스켈시오르,2024-02-28,1490
쌔뚱,2025-02-11,1640
비구경,2022-07-06,1467.5
투사보면무는개,2023-01-19,1415
다윤이막내,2022-07-07,92.5
태안갯벌상시근무무급계약,2021-07-09,56.67
권수라,2023-03-21,1560
힐구슬혼자다먹는도아가,2022-01-12,1445
따뜻한서폿의난,2024-08-18,1415
6번홐홐이,2021-12-25,1420
이럇이럇이럇,2024-05-01,1540
제대로키울거야,2021-08-29,1302
상큼소희,2023-07-26,1490
매또깡,2024-02-11,1340
사죄하마,2023-08-16,1415
남주호,2023-11-06,1600.83
Klouda,2021-08-13,1302
작은기사,2024-08-18,1600
배럭홀나2호기,2022-01-12,1370
한울빙,2023-07-01,960
앳비,2022-01-24,1345
선후배마,2023-12-19,500
노란먹물콩콩이,2023-08-31,1480
콩도화,2022-01-12,1415
뽀또밀크바닐라,2022-01-12,1460
마리린키우는아가계란장수,2022-07-06,1417.5
세이텐,2022-10-27,74.17
진호는집필중,2025-01-09,1640
마호쇼죠,2024-08-13,1600
모모든,2021-02-12,1340.83
최병석,2021-08-05,1302
다음부터다신만나지맙시다,2021-06-18,1340
세헤라데힛,2023-11-08,78.33
마기밤,2022-11-20,1462.5
마기빔,2023-01-23,1457.5
대전최고꽃미남구본석,2021-06-29,1465
ID에요,2021-09-29,1432.5
스타벅스시그니처초콜렛,2024-11-27,1640
뚤기소울,2023-07-22,1490
라보떼아가,2023-01-21,1490
댕컨,2025-01-03,1640
JubeatAvenue,2024-02-21,1594.17
잠사두도팡,2023-07-24,1475
9브레이커,2024-02-28,1520
피자먹고싶워,2020-09-18,960
나중에방패주나,2021-12-01,94.17
여름새우,2022-07-07,1460
교환상인,2025-01-15,1640
담현지,2023-11-13,1415
여자노예슬레이어,2023-01-18,1490
시원TJ,2025-01-01,1640
연라울,2023-09-02,1498.33
도도아갓,2024-07-18,1540
Rose워황,2021-05-31,915
칼로의호크아이,2023-05-14,460
반격은내알바아님,2022-09-25,373.67
텍카나,2022-01-27,1556.67
루루,2023-07-19,1455
모코코차정준,2023-06-28,1340
목가련,2023-07-21,1490
옴팡이냥냥,2021-02-05,155
쌀겟냥,2023-12-23,1520
잘쏘자띵서야,2021-02-05,1340
로악귀부캐라서잘해요,2023-12-21,1585.83
서철진,2022-09-10,62.5
킹스맨에이전트우산도둑,2022-07-06,129.17
Lucian00,2022-04-29,1430
이게머선일이고,2022-08-05,1485
사신가인,2023-07-23,1415
중랑천비버마스터,2023-03-13,1370
낭만닥터홀선생,2021-11-11,960
DRACQ,2023-03-19,55
청크촉코,2024-07-17,1540
레디투비,2023-02-04,90
나카페,2023-07-19,1490
팔짝프랭,2023-07-26,1475
고창박으면꼼짝을못해,2023-03-01,1365.83
태양의기사단장VL,2024-03-11,500
고르체,2023-12-26,1460
김도비는귀여워,2023-09-25,1490
정우현,2024-08-28,1605
땐또이,2023-12-20,1510
살살치료해줄게요,2021-04-10,1340
뽀둥앙,2023-01-06,60.83
복실복실애옹이,2023-09-16,1540
땃크나이트,2023-06-29,1500
마법사로살기로했다,2022-03-29,960
레인디비니티,2023-07-20,1462.5
무지성딜링경직된사고,2025-04-21,1641.67
스응과안,2023-08-16,1498.33
네버랜스타크,2025-01-02,1611.67
로워로군,2021-10-13,1340
아르르얍얍,2023-12-20,1460
해쏠로,2024-11-23,1640
찌륵이,2021-01-30,1397.5
트위치으셩,2021-09-08,1350
복0실,2023-01-25,1475
앞날창창뽀식이,2023-10-01,1506.67
사사먹,2023-09-22,206.67
구슬먹을래나랑사귈랭,2024-01-01,1520
신평파,2023-12-20,1541.67
양파맛치즈,2022-01-22,1370
패러벨럼,2023-12-21,1580
바톤,2023-12-20,1460
아르카남현,2023-12-26,1510
삼체,2023-12-21,1568.33
김구름쨩,2023-07-28,1490
빛설하,2024-05-22,500
류민지,2023-12-20,1460
황금불포격,2022-07-06,1340
아스라빛,2023-07-19,1430
하아얀사제,2023-11-01,1592.5
웨클,2024-12-18,1600
댕댕판다,2021-04-12,1325
도당탕탕,2023-08-27,1556.67
기공이뮤,2022-07-09,1460
햇님반민들레,2022-09-12,1340
쿵땃쥐,2024-04-03,1540
그믐택,2024-04-18,1540
홀리공스피,2023-09-10,1490
08년생공주,2022-03-08,199.17
푸이나로,2022-09-10,1447.5
망가비,2024-05-19,500
어라왜그러심,2023-02-16,1349.17
뭉뭉웅,2024-02-21,1583.33
매일계속잘래요,2021-10-13,1415
펀치일족,2023-12-21,1573.33
30일복귀,2021-12-23,1335.83
아이깨끗해우아한블루밍퍼,2024-12-25,1640
이슈브커,2023-12-20,1580
츄르약탈자,2021-12-28,1302
근육에홀리다,2022-12-23,1340
Agatha0,2023-02-12,1457.5
마리에스텔라,2024-08-29,1610
Pang카누,2023-11-11,1496.67
Burlac,2023-07-22,1510
웅브링,2022-07-18,124.17
서툴지만열심히하자,2021-09-01,1477.5
도화가는꿈도화가,2024-01-08,1460
박세링,2023-07-13,1415
히히어,2023-02-12,1587.5
혜지는참지않긔,2022-01-29,1302
보리찬,2022-07-06,1460
박솜연,2021-09-04,1524.17
스트라이커얏,2022-12-22,1415
미의호흡,2022-11-09,1521.67
천월금화,2024-07-13,1592.5
삐노프랑,2020-08-23,913.33
아이고갔네,2023-12-21,1510
믜잌,2022-02-10,1302
다만프레르,2024-01-15,1585
쎇끈뻔치,2024-08-19,172.5
캣츠멜로디,2022-11-10,1460
라이하,2025-02-21,1640
태전동불끈주먹,2023-12-25,1540
쟙채밥,2025-01-26,1640
코딱지맛,2024-01-12,1460
엥등,2021-09-18,1302
아무튼뭘하든그럴수도있지,2022-12-23,1460
브레이커부니남편,2023-12-23,1460
챙림,2021-03-18,935
즉흥적화가,2022-01-22,1425
민쿤,2024-06-10,500
이시데라,2023-07-01,165.83
으앙미아내내가,2024-02-19,500
tofunumu,2020-12-29,325
1인분,2023-12-20,1546.67
권왕레조,2023-12-23,1520
CatMeow,2023-12-22,1582.5
소울붕,2023-07-20,1510
뱌뫄부하,2022-05-30,1100
하으은,2024-12-18,1640
태소서리스,2024-01-06,1460
칼쓰는뎀트루,2023-07-04,1490
베들마스터,2024-07-09,52.5
전새벽울지마,2022-03-06,1380
PainGG,2023-07-01,1477.5
이것만큼은안하려고했는데,2024-07-22,1597.5
in브커,2024-03-06,1589.17
FsResolution,2023-07-27,88.5
팥빵킬러호빵맨,2022-01-24,1370
98세김미자의마지막낫질,2023-08-06,1415
하레븐,2021-03-27,1350
사육사눈솔,2024-05-04,350
잠에빠진상태,2021-08-27,1302
루이망냥니우스세바스찬,2023-12-20,1518.33
시뿌,2024-07-12,1589.17
뚠띙냥,2021-06-11,965
칠덕출,2021-04-17,900
아나치샤,2023-12-23,1520
따뜻한벽난로김수하,2024-08-09,1600
리챔학살자,2023-01-28,1340
율도야,2023-06-30,1432.5
너구리의묵직한해머,2022-07-15,1415
antiihero,2023-12-26,1561.67
Agasol,2021-05-23,1050
으어한아가,2022-04-27,500
텐키냥,2022-08-20,60.83
뭐름,2023-08-28,1415
봄봄나미,2021-04-11,1379.17
안다옹의상상,2023-01-20,1490
Zpin,2022-03-22,72.5
계란빵야,2023-04-18,53.33
덥고습한하루,2023-08-16,1415
달곰호빵,2023-12-25,1520
도아가는아무것도몰라욧,2022-01-16,1447.5
원펀치동동,2024-02-11,1536.67
총잡은네스,2022-12-27,1372.5
상자깜짝,2023-07-20,1415
높아,2024-07-21,1540
KURANT,2023-06-29,1422.5
송블러,2020-12-31,915
Min,2023-12-21,1610
챈하린,2024-05-06,1600
닐바스그라시아,2020-12-06,1355
로하윤,2025-01-06,1640
밥톨아,2024-04-27,1600
츠키카게카구야,2024-08-02,1590
설아넬린,2023-01-18,1492.5
화미전2물티슈,2021-08-12,1302
자라나라냐뮤냐뮤,2024-01-02,1460
알베르토동혁,2024-07-24,1590.83
YOUTHGREEN,2021-05-31,885
늙은맹찌,2023-12-22,1540
아나이샤,2023-08-29,1601.67
달소모태,2022-07-27,1508.33
볘마,2023-12-29,132.5
덕밍화가,2023-06-30,1415
맑은날의늑우,2024-03-02,500
김우혀잉,2023-12-24,1551.67
파푸니카황금붕어빵,2021-08-12,1364.17
GIitter,2024-09-09,1640
s유하s,2022-07-18,140
파도에마음을흘려보내다,2024-01-29,1588.33
호이였던것,2024-12-08,1640
기상술사sai,2022-07-08,480
네놈을슼아슼아,2022-04-08,1370
소서리츄,2021-08-16,1302
새하얀도라지,2022-01-31,1302
감사퐁,2023-07-19,1415
레이파르,2023-08-05,1477.5
WhiteKitsune,2022-09-13,1340
거니펀치,2023-12-29,960
이별엔딩,2022-11-28,302
코튼브리츠,2023-05-14,1460
응애쩡민이,2023-12-25,1545
신스배마,2024-08-28,1590.83
그래내가김동인,2023-11-15,1470
미니웰,2022-09-06,530
스위스불법체류자,2024-01-07,1510
Ra레니,2023-12-22,1540
딸기세라,2024-06-04,1100
블레삼도류,2021-12-27,1302
5일굶은스님은치킨먹을까,2023-12-22,1477.5
밭갈러가유,2024-07-19,1600
CrimsonWhite,2023-12-23,1477.5
잠깐여기보세요,2024-12-23,1600
피츄는붓쟁이,2022-01-13,106.67
목포미시킹,2021-12-07,1375
내이름은독고병수,2024-01-07,1575
도화가언니눈이성괴같아유,2022-01-29,1302
채이이이이잉,2022-07-15,1445
겨울이잉잉,2023-12-21,1485
상형밥통,2024-08-05,1593.33
감자탕무한리필,2025-01-27,1640
김우주아,2024-07-12,1520
넬하룬,2024-06-24,500
호빈검,2023-01-20,1415
LCK의호랑이젠지가,2025-03-10,1640
텐호크,2022-04-19,566.67
글이터,2024-04-26,1275
레이클러스트,2021-01-31,1396.67
램돌,2022-07-16,1447.5
휠없어,2023-05-27,993.33
해나는아가야,2023-04-11,1475
태생부터남다른개사기직업,2024-05-23,500
예컨이,2025-03-24,1640
룰루프랭,2021-07-09,107.5
10초만기다립니다,2022-06-17,1417.5
눈꽃아롱별,2022-01-26,268.33
으뜸든든,2023-08-29,1415
관악구93년생솔로김태훈,2023-06-29,1415
카운터를왜나만쳐,2024-09-15,1640
feel소울myLife,2023-07-20,1415
미니바절,2025-02-26,1640
규찌냥,2021-03-20,1037.5
신속침착정확,2021-04-24,1325
뚜우덩,2024-07-13,1520
미친주님,2024-12-19,1640
Be나리,2022-02-06,300.67
VirgoVale,2024-06-01,500
한또화백,2024-07-11,1520
풀짱슬레이어,2023-03-29,110.83
신성한채린이,2024-05-30,1613.33
디너다노,2021-09-17,1345
검성약후,2021-09-09,1342.5
은빛눈꽃결정,2024-06-27,500
햿살살,2024-04-05,1540
망자의노래,2024-02-25,960
비숍돌프,2024-07-12,1585
뎀빈,2024-01-09,57.5
냥냥펀치밀크판다,2021-03-24,1355
아사르예초장인,2024-07-15,1595
정시판,2024-01-13,1575
믜성,2024-08-29,1600
잼민아와이라노,2022-07-17,1467.5
가복,2021-07-10,1371.67
델리만쥬맛잇쥬,2024-07-20,1540
거꾸로해도김뚜니,2023-07-23,1465
개날먹세팅,2022-07-07,1340
냑사,2023-01-04,1340
홍임,2024-07-21,1523.33
금빛섬광무드릭,2024-07-31,1610
백살공주와일곱난쟁이,2024-12-20,1640
김시바속,2024-07-11,1520
불법몰카드론,2022-08-25,1343.33
그댈위한향기야,2021-10-13,1302.33
야간OT,2024-01-11,1540
제가꼭찬조먹여드릴게요,2024-06-17,500
얼탱냄비,2024-07-14,1533.33
순한얼굴에그렇지못한태도,2023-07-20,1490
관브,2025-01-10,1640
도화센세님,2023-01-07,1500
홀꾸나이트,2021-08-12,1325
아랑델리아,2024-07-13,1540
워뤏드,2021-07-10,1302
시라소니밑김두한,2024-07-10,1598.33
작은재현,2024-07-03,500
오e배마,2024-07-15,1573.33
페디코코,2024-07-11,1540
브루탈길로틴,2023-01-24,1460
솔이야옹이,2024-07-11,1600
베베륨,2024-09-08,1640
장만월갤러리,2024-07-26,1600
몰라비,2022-07-13,1415
데바데바데바,2024-12-16,1640
솔이로,2023-07-22,1508.33
Secret슬레,2023-01-19,1500
쫍엉,2024-12-20,1585
인비프렌,2024-07-13,1550
옥창숙,2024-07-17,1590.83
워로드지금갑니다,2024-07-11,1520
슈퍼고양이,2021-09-21,188.33
임다별,2022-02-10,1427.5
날씨요정수진,2022-10-01,302
뎁늄,2021-06-01,1340
엘리는슬레,2023-01-18,1370
쯴드,2024-07-15,1600
브레이꼬야,2023-12-21,1551.67
밤송이찡,2024-07-28,1585.83
혀니뿡뿡이,2023-07-03,1415
윤반디,2021-06-30,61.67
사리지수,2023-07-24,1415
후쿠로가뾰로롱,2021-08-12,113.33
이제는브레이커,2023-12-21,1580.83
캐캐링,2024-07-12,1546.67
imbeho,2021-03-22,915
슈모익으로가자,2024-07-13,1585
동준잉,2024-01-23,1475
오로로루루,2021-11-20,1370
수랅,2023-12-20,1500
원초멜제나,2024-01-30,1498.33
영웅쯘지,2022-05-21,1370
배마낸내,2024-08-02,1585
Pistoleer해야겠,2024-07-15,1575
미남형홀나,2021-07-09,1302
Tybur,2023-05-04,164.17
질풍노도인듯함,2022-07-07,1480
TheLast배럭,2024-07-14,1595.83
오듬듬,2022-07-18,174.17
함망초,2024-08-16,1640
잼드우너,2023-07-01,1496.67
엔티드,2022-01-02,1370
눈히또,2024-01-16,215.83
여기에찍는거아닌가,2023-01-26,1410.83
퍤향구,2022-09-14,1445
비혜은,2023-01-18,1490
물렁복숭,2021-08-23,1415
워드킥,2023-12-22,1526.67
잠시만요계란은좀먹고가세,2024-08-26,1640
꿀싸,2024-04-29,1585
새싹민초라면,2024-06-23,500
심야반문리아,2024-06-20,1100
BNOK,2023-12-21,1580
작은우,2023-12-20,1580
고신일,2024-02-21,1610
차인하,2023-12-24,1460
쁴홀,2021-07-22,71.67
은평꿀주먹,2024-07-22,1600
도21구,2022-07-06,1415
원플라워,2023-12-23,1535
고독한알로에,2023-01-29,200.83
똘니,2021-10-31,1340
라솔시도,2022-07-29,52.5
스무디포도,2021-10-12,1370
우산댕,2022-07-09,189.17
지금당장엉덩이에하고싶어,2021-12-23,66.67
2봄권,2024-07-11,1602.5
마키아냥,2021-08-23,1340
LAMEAL,2022-07-18,1445
스나봇D,2024-05-29,59.17
바드가바드려영,2021-10-15,1302
멜닝꾸,2024-07-18,1566.67
기원권퀵훅스매쉬이글크로,2024-06-20,500
개초딩투기,2024-06-24,500
달달아란,2022-07-09,1407.5
김백스텝,2021-05-24,1328.33
애기밤톨,2024-07-12,1543.33
반가상곰,2025-01-10,1620
에시룽,2024-07-11,1595.83
탄늠늠,2024-08-19,1563.33
수연사시미,2023-10-17,1531.67
떼방싱,2024-07-11,1520
할로릴리,2024-07-25,1600
Riley0,2024-07-16,1597.5
Riley2,2024-07-19,1620
초2,2024-12-19,1640
야도란의힘껏펀치,2024-07-11,1601.67
반레나데,2024-09-08,1640
오화로,2024-09-12,1640
솔이법석,2023-07-22,1510
갸가도아가가,2022-01-26,1352.5
사랑하는로쉐,2025-01-26,1640
홀나벳포,2020-09-21,1385
아염소산염,2024-06-27,500
난홍차,2024-07-12,80.83
혈비현,2024-07-15,1594.17
노란글씨만띄워요,2024-07-13,1535
절정몰라,2024-07-16,1540
잔믜,2024-07-10,1600
조사역,2023-01-12,74.17
선광H,2024-07-13,1520
변꾼,2023-07-05,1506.67
조0I냥,2024-07-16,1520
도지한강II,2024-07-15,1340
답답햐,2024-07-10,1604.17
포도맛떡볶이,2024-07-14,1573.33
귀없는아가,2023-12-22,1460
꼬들밥잘하는여고생,2024-07-11,1585.83
다이너클,2024-07-13,1526.67
핑큣,2024-07-11,1546.67
펭설,2021-03-14,802
날씨의나농,2024-09-14,1640
소곤소곤완두콩,2024-07-17,1520
김수연먹고커질래,2024-09-08,1640
MMl,2024-07-12,1520
니가분유맛을알아,2023-12-22,1477.5
만두브커,2024-07-13,1585
내청춘드로우는잘못됐다,2022-12-24,90
열심히해서강해지자,2022-02-05,177.5
코코니와나이모노,2024-07-12,1595
름콩이,2022-09-09,1340
예토전생밤가이,2024-08-07,1540
5분일찍기상,2023-01-18,1445
유라,2023-03-12,1600.83
햇또시,2023-08-04,1415
춤을츄,2022-03-01,1302
운좋은김여우,2024-09-08,1600
초이제,2021-12-27,1370
스타라이트Breaker,2024-03-16,1510
모코꼬,2024-08-27,1520
매생이죽,2022-12-21,1490
바닐라초코마블,2023-08-27,1580
즐생멘,2021-09-20,1302
더캠프피시방,2024-08-09,1551.67
sS각이블레Ss,2024-07-13,1605
달희애,2024-08-20,1528.33
돋슬비,2024-08-18,1589.17
풍월해,2023-08-24,1445
Economy,2023-12-21,1565
내낫이어디갔지,2023-07-21,500
자동거절버튼,2023-06-01,72.5
샨디의진멸부러트리기,2024-07-30,1520
EZDM2,2023-10-22,1370
만개천개백개,2024-10-05,1640
오다지마카오루,2023-09-13,1540
지태임4,2024-07-26,1560
유명한4,2024-07-13,1540
멍블라씨또,2024-07-16,1575
JupiterPim,2021-03-21,1035
득득이마을5,2022-07-06,1460
StelIaStella,2022-07-27,327.33
화요,2024-07-12,1585
동네친구여동생,2024-09-03,1612.5
기상별자리,2022-09-03,1460
눈알까리,2023-12-22,1570
포도망고젤리,2024-09-14,1606.67
버서커하다스커하면버스커,2021-03-18,1345
사리연주,2022-12-26,1340
루페온의I브레이커I,2023-12-30,1571.67
armata520,2024-07-24,1595.83
룰파,2024-08-30,1604.17
기브렐,2023-07-02,1493.33
BKDempsey,2024-01-07,1460
OT0dang,2021-11-09,1370
너기,2021-02-25,900
쿄엣,2024-06-17,1580.83
전장의지배자,2024-07-13,1546.67
백콩순,2022-01-12,1475
Levine,2023-01-19,1435
컷아,2025-01-09,1640
Crubreeze,2024-07-05,500
날씨요롱이,2023-01-17,1394.17
이사미얼,2024-07-17,1600
포럐기,2022-07-08,1460
만능홀닥불,2022-07-19,1520
미소천사은빈,2022-12-22,1462.5
살몬살몬살몬살몬살몬살몬,2021-07-09,1415
김꽃분님,2023-10-10,139.17
닥터페퍼제로355ml,2023-01-19,1490
cheepeees,2020-11-06,1334.17
hihaa02,2023-12-23,1475
하파람스카,2021-07-22,1401.67
매니저뢴트게늄,2024-09-15,1640
Pingeretegam,2022-01-24,1302
블네틱,2020-08-30,1337.5
디서후,2024-09-11,1640
브커한설,2024-07-12,153.33
롤리폴리홀리퍽킹,2022-07-07,1340
뿌띠잇,2024-07-26,1561.67
도쿄빌라,2021-09-15,1307.5
하프든히야,2022-12-29,52.5
하찮은바나나,2024-03-03,1520
뿡뽀콩듀,2021-12-25,164.17
온유징,2024-08-28,1611.67
선플맨,2021-12-26,1415
남로나,2022-12-27,1460
온서린,2022-12-11,1595.83
빼꼼뿌,2022-01-31,200.83
유준찡,2024-03-04,1585
살구다,2023-12-26,1535
영혼먹방BJ,2023-07-19,1415
봄다마,2023-02-25,1427.5
편안하게웃을수있다는건,2024-01-16,1565
멜론엣지피자,2023-02-22,302
0다알리아0,2023-10-01,1422.5
손숲,2024-08-06,1590
빛의신부,2021-03-15,1316.67
초강력허수아비,2021-03-17,915
ALieSuVal,2023-11-19,1490
밤주먹쿼카,2024-05-02,55.83
죽음의검투사,2023-02-08,1460
나쁜i,2021-03-20,1331.67
소나손,2024-08-18,1585
태을사자,2021-04-18,1407.5
너더링,2024-09-04,1640
범월하,2023-07-15,1553.33
붓잡을줄몰라도화가입니다,2022-05-27,556.67
음밥행,2024-07-15,1612.5
이리스쿠키,2023-11-13,1415
뾰로로롱재믐,2021-11-04,1340
퓌브리온나,2024-07-23,1600
클로티젠로아클로아,2024-04-13,1520
감귤쿠마,2024-12-19,1601.67
함양박씨불꽃동동방인,2022-08-30,1526.67
최애의거란,2024-08-15,1600
슈리마스커,2021-03-21,1331.67
MeaUsa6,2022-12-22,1427.5
얼아사,2025-01-03,1640
Penemue,2024-09-08,1640
봉담뇌호격,2022-12-23,1480
엘디브링어,2023-07-22,1425
처음에는천천히,2023-12-26,1620
외치지망,2023-09-15,500
걔밥,2024-02-13,1535
아브렐슈드서버,2020-08-23,903.33
워로드가안싸우면피스로드,2022-03-02,1415
오늘집에안갈래,2024-01-27,1475
수호정령,2024-04-25,500
도화가는도도한아가야,2022-01-30,1370
도꽂비,2023-12-20,1490
건프도,2023-07-20,1490
땡투,2021-01-07,1325
밈고,2023-12-21,1460
시서란,2022-05-23,1370
레몬버터굿,2023-06-29,1490
소울이터민스,2023-07-20,1505
장정유,2022-08-04,1392.5
낫시고랭,2023-07-20,1500
워로드님은강투뜨고싶어,2023-07-02,1477.5
블래띡,2021-03-30,1330
수랴의길,2024-12-30,1640
리테르샤,2022-12-30,92.5
김선정,2024-07-15,1520
돡야,2022-01-14,1445
전문스트리퍼,2024-07-17,1590.83
청룡패왕귄,2024-10-29,1640
대중적4,2021-01-27,945
Acelious,2022-05-01,1356.67
굿챱,2021-08-14,1340
별하나소울이터,2023-07-20,1470
내가바로두개지요,2023-10-10,78.33
뽀삐가물총팡팡땅슈슝,2023-12-22,1460
SinFlower,2020-08-23,915
엉덩이제기차기,2023-07-25,1480
효나옐,2024-07-16,1520
카운터사기직업,2023-12-30,1460
KONATA,2021-05-18,900
밥먹는배마곰,2024-09-27,1640
장원영남자친구,2024-03-05,1545
달전,2023-12-23,1580
대가리에심은당근,2020-10-02,600
카카오회장,2023-12-22,1467.5
기상소녀쥬쥬,2022-07-07,1462.5
화미고2티슈,2022-02-18,51.67
아롱봉봉,2021-07-11,1302
블레이드디스,2023-11-28,1417.5
휘몬드,2022-08-01,1531.67
호량주먹,2024-07-17,1526.67
되니히,2023-07-07,1513.33
바드포아,2022-12-09,1375
나도루젤,2024-07-15,1520
바드함해봄,2024-09-09,1640
얼룩짐상어,2022-07-12,1340
붓칠하면서한잔,2022-01-24,1370
l공설l,2023-05-06,55.83
코코모포식자슬레이어,2023-12-23,1525
멸망볶음,2021-09-20,1370
괴물쭈쭈,2021-01-05,1400
라면사리추가해줘,2022-02-10,1302
냐야차,2023-11-19,1415
아티스트후니,2022-01-12,1500
97세춘자씨의마지막바속,2021-11-12,460
에카르뜨,2023-10-07,1490
펀치박아영,2024-03-10,1284.17
찹살보리,2024-07-15,1585
무지개의빨간색,2023-12-21,1563.33
에어로유이,2022-07-07,1495
균열생성기,2024-07-27,1585.83
미네공주,2024-11-02,1640
집게발로살짝쿵찔러도될까,2023-07-23,1496.67
결한결,2021-06-21,275
쪼몽꼬,2022-01-05,260
뭔가속성이이상한소서리스,2021-08-12,667.33
바바버블팡팡,2024-07-21,1560
봉메쉬,2020-12-30,1035
냄덩,2023-12-23,1548.33
휴지no6,2024-07-16,1600
벚꽃의마녀,2024-08-14,1520
벼루에서온그대,2023-04-20,163.33
햄기상,2022-08-21,177.5
탕후루쯉쯉,2024-08-19,1585
빨간토끼의저주,2023-06-29,1340
내꿈은구구,2022-02-08,1430
주인무는꽁지,2024-07-11,1585
권중배,2021-03-21,100.83
아이스딸기라테,2021-09-11,58.33
곰발바박,2025-01-09,1621.67
실하윤,2024-07-14,1580
HMSBel,2021-07-12,460
블랙쇼콜라,2025-04-09,1720
창공을가르는강철의날개,2023-02-03,1550
쭈니도화,2022-01-21,1447.5
SHINMINSUNG,2023-10-24,1505
차한음,2021-10-02,1492.5
아니지윤아,2023-01-19,1460
혜지는타짜가될래,2024-04-26,53.33
섬아련,2023-01-18,1490
상호작용G키,2023-07-24,1415
여름철바삭한치킨,2024-05-08,545
딸기랑겨울얌,2023-09-28,1415
만개힐러,2022-01-22,1417.5
고새미,2024-04-16,605
스라크,2023-12-23,1580
영챔프,2023-12-20,1460
울이작,2023-07-27,1445
박점례할머니의마지막계란,2023-06-03,1550
아가홀리영,2023-08-21,1415
수지는원기옥,2024-06-20,635
햬옹,2020-08-22,1340
디븡,2024-08-31,1602.5
릴리야티,2023-06-29,1490
핫산,2020-08-23,915
C투샤,2021-07-15,1500
원럭키펀치,2023-11-08,1592.5
은삡,2023-12-25,1533.33
조금쎄짐,2025-01-06,1640
스초생프레지에,2024-12-31,1600
Asuly,2021-10-26,1302
미친핑구,2024-09-12,1640
마계대장고세구,2024-07-14,1600
보라돌이와함께,2024-03-15,1500
헝가리피자맛집이스탄불,2023-04-13,1485
절정토마토,2021-12-26,1380
chaeminhyuk,2024-08-22,1595
리퍼별양,2023-03-31,1460
스커92,2022-05-28,1314.83
쓔쓔슉준발럼아,2024-08-13,1595
현딩히,2023-03-02,1340
난소울이야,2024-07-12,1520
내가든건대검이야,2023-01-28,1340
진그레휘,2022-02-04,1371.67
진짜손들어요,2022-07-13,179.17
치뽕뽕,2021-07-09,1415
밤을가르는자,2024-12-24,1640
그게왜내탓임,2022-01-30,1302
테나붓,2023-07-31,1415
심샘방,2023-12-27,1543.33
슈이터,2023-12-21,1460
라떼는민트초코라떼,2021-03-26,900
여섯째윈터,2023-12-24,1510
얍봉2,2024-12-21,1640
엄쁘허,2024-02-20,78.33
밝은영혼,2024-07-17,1610.83
뚜지큐우,2020-10-17,915
낭만찾아왔더니무덤이었다,2022-07-06,1349.17
슽트리퍼,2023-03-09,583.33
사신님제영혼은맛이없어요,2023-11-09,1580
국가권력급사신대행,2024-07-12,1576.67
유자민트소울,2024-07-19,131.67
워로드가울고있어요,2021-08-30,1354.17
받아랏쩨트킥,2024-11-30,1640
YeonBM,2024-07-13,1540
큐령,2023-07-20,1490
잔재시너지,2023-01-08,1345.83
만개마루,2023-02-06,130.83
개쌤,2021-09-19,1385
호롱사랑,2023-06-15,302
봄파도소리,2022-05-30,1100
호크복치,2023-04-24,1370
아사구모,2022-07-06,1450
담봉자,2023-07-25,1506.67
켄지Z,2023-02-21,1450
김백꽃,2023-12-22,1586.67
별하양,2023-12-24,1543.33
후우화,2021-04-24,1369.17
극호령,2024-08-24,1593.33
원대랩300,2023-02-06,1460
사더하기팔,2023-02-05,461.67
만두슝슝,2023-08-06,151.67
블래스터외길인생,2024-04-21,1520
MAGNITUS,2023-02-24,1490
By디트,2020-08-22,1032.5
TiaraOoO,2022-04-27,1372.5
Rosengalaxie,2023-02-11,1370
사족보행제라드,2024-04-23,1589.17
혀니머니,2024-12-22,1640
슉슉이2호,2023-11-14,1415
늑따잇,2023-12-26,1561.67
촉촉한그믐,2024-07-13,1633.33
밀리라,2024-07-12,1520
아저씨도젊을땐잘했다,2024-02-03,1580
티아라마리아,2021-06-02,1340.83
추수하는아일랜드처녀,2023-07-24,1475
유이원,2024-01-20,255
엄마나는커서잔혈이될래요,2024-05-31,500
블루레몬젤리,2023-01-21,1340.83
스칼렛U,2022-11-25,460
완하프,2022-10-26,1430
스옘,2023-07-22,1417.5
이프로맛자몽,2023-01-04,1340
YiGD,2021-05-07,1344.17
원투식,2024-09-22,1640
충유성,2024-07-27,1541.67
장동석,2023-12-21,1523.33
내부에방패두고옴,2022-12-22,1457.5
스누월드,2022-07-25,1340
마스터호리,2024-07-14,1520
RazeRose,2022-03-02,1385
퍼니체리,2020-10-26,802
짙은농도에정신이혼미해,2023-09-17,1415
목국화,2023-10-29,500
섬너아기씨,2022-12-27,1482.5
금발태닝브레이커,2023-12-22,1584.17
별dmlal없,2022-07-16,1457.5
낭만보컬타울,2021-07-12,1415
할리갈리의지배자,2023-11-02,1563.33
금강정공사,2020-09-29,922.5
너구리튀김,2024-02-13,145
먜화,2024-08-14,1553.33
몰부d,2023-01-19,1365.83
해병대황근출,2024-07-16,1590
뽀송뽀송오늘은뽀송하게가,2024-07-11,1521.67
짱인딱,2023-01-08,1370
3004A,2023-07-26,1560
바닐라맛마카롱,2024-07-11,1585
무끄르,2023-12-20,1460
개초딩봇,2023-05-06,1370
처진리펑,2024-06-21,500
하마디,2024-07-15,1600
실먕,2025-01-09,1640
빠믹,2023-12-20,1580
엄청쎈개복치,2021-07-10,1410
먓피,2023-06-30,1465
토마토파스타포테이토피자,2022-02-21,1415
뚜설의,2023-12-31,1580.83
STlLL,2022-12-05,51.67
냥칼질,2023-06-30,1498.33
슬레아머,2023-01-20,198.33
뽀송나이스,2023-07-25,1506.67
김개미입니다,2023-10-14,110
피포푸,2024-07-17,1636.67
비바람에날아갈나이,2023-06-29,1415
별주,2023-05-22,1600
ZOMBIEGIRL,2023-02-10,1381.67
밍나모롤,2024-01-01,1460
승옆이,2024-09-19,500
빗방울떡,2022-07-06,141.67
나는나의오늘을자처했고,2023-12-26,1531.67
서아신랑,2024-09-13,1640
므쌰,2023-12-22,1460
오르트리,2021-10-22,1374.17
패악질통달한사람,2022-08-01,583.33
카드캡터추현,2023-06-20,107.67
엄고창,2025-01-07,1640
언넝,2024-07-05,1340
이두볶음,2022-08-18,1400
짱승건,2022-12-24,1490
도도한치즈덕,2024-08-27,1563.33
호양과몽글,2022-04-02,960
허이짜잇,2021-04-04,1325
윤빛,2023-11-07,1582.5
나누입니다,2023-09-09,1467.5
디딩배딩,2023-10-22,1490
굴화리,2023-07-20,1415
레나84,2022-07-08,97.5
슾혬덮밥,2022-08-22,194.17
부우웅콰아아아아앙,2023-12-21,1475
달떡소서,2022-05-26,1462.5
쓸령,2022-08-21,1391.67
파르페1,2023-12-27,1525
언젠가의꿈,2021-08-12,1316.33
잼틀,2021-04-06,1340
태양의종루,2022-04-28,1415
김등달,2022-03-01,1447.5
으스브,2024-03-11,222.5
달아안,2023-08-19,1462.5
빈지이,2024-07-16,1620
음란한아이디금지,2023-12-21,52.5
주몽이어데갔노,2022-03-16,1304.17
우수한소울이터,2023-09-16,1445
비죽,2023-12-27,1520
테리아펄,2024-02-19,1460
도아가세현,2022-01-21,1455
통모짜댕이,2023-07-26,1455
니얼굴우산으로내려찍기,2024-07-12,1605
홍승억,2024-08-02,1582.5
소오냥이,2021-07-20,1370
하리11,2025-03-01,1640
곰육기,2023-01-19,1355
쀼모닉,2020-08-23,1012.5
도대용,2024-08-24,1610
자딤,2023-08-26,1520
커서니나브언니처럼될꺼야,2024-07-11,1590
뿜찐,2024-09-06,1640
달빛의피앙세,2023-12-21,1575
아니먼,2021-08-17,1477.5
꿀쟁이,2024-07-27,1585
망고냠냠긋,2024-07-12,1540
섹시한별빛,2023-07-20,1415
홀고,2024-07-12,1540
ICECoTTon,2021-11-16,1425
빨리졸업좀하자,2022-03-04,1302
카배브레이커,2023-12-21,1584.17
아이리우로코,2024-07-30,1600
찐퉁말티즈,2023-12-26,1540
춘향엔딩,2024-07-10,1600
초코송의,2022-07-06,1490
숯불바베큐구이,2022-03-27,460
성실함,2025-01-22,1640
요즈하나,2024-09-21,1585
유자븜미,2024-07-14,1520
GodTist,2024-01-13,135.83
이시대의진정한구원자,2022-05-24,1415
텕랅,2021-07-10,1341.67
보노의질주,2023-07-22,1460
희망따윈없는황천길,2023-07-22,88.33
빡숙부계보석보시면앎,2024-10-01,1640
캬룽카릉,2023-10-17,500
복귀후둘째날,2021-03-04,1325
새벽속의황혼,2023-01-26,1415
우월한하루,2021-08-31,1302
링또찌,2024-11-02,1640
갱진3,2022-07-10,192.5
초승달슬레이어,2023-01-21,1455
꼬꼬꼬미안나,2023-07-03,1480
Srank8th,2022-10-18,302
히야니카,2022-04-10,1370
비버루용,2024-02-09,1515.83
눈꽃설렁,2024-05-06,1590
꼼을꼼을,2022-03-17,1302
윤수얌,2021-08-13,1302
요플레타이미,2023-02-26,1422.5
원삐,2024-07-09,500
칼공제,2024-01-13,1546.67
리어훅,2023-12-20,1566.67
Virtuoso,2023-12-25,1460
애기고뚜,2024-07-11,1540
말랑핑크두유,2024-07-12,1585
에이징,2021-08-23,1370
온서봄,2021-12-04,1445
마이하르,2023-01-26,1445
니모브레이커,2023-12-24,1580
검객진퐁,2024-08-31,1640
겨울이니까아이스커피,2024-08-03,1610.83
Or카이누,2021-05-13,1487.5
RexPhaze,2022-01-22,1447.5
효녀민지,2022-03-24,1375.83
AlexiaMidgar,2024-02-22,1100
말라히트,2024-08-09,1546.67
낫놓고레이드공략도모른다,2023-07-24,1415
별인데요,2022-07-09,1340
경기도와드싸개,2021-08-02,1450
전화했을까요,2024-07-13,1563.33
벨라레아,2021-05-31,1340
비내리는하늘속고요한바다,2024-06-14,500
수능가형,2022-08-12,1340
도아가도와드려영,2022-01-13,1414.17
목만두,2022-08-08,302
조코나무숲,2024-02-09,1460
IM낫OK,2024-01-03,1580
모코코탈입히려고만든홀나,2024-08-22,1580
디테일이있는남자최태은,2023-12-03,500
바다푸다보다,2023-01-09,195
소서씨젯,2021-08-12,1323.33
특기는치적과공이속,2023-12-22,1568.33
으진99,2022-09-18,1415
소서둥잉,2021-08-16,1460
하프횽,2023-12-31,1581.67
낚시할래,2024-12-23,1600
작고소중한코코리,2022-01-22,1370
호시노센쨩,2024-07-10,1553.33
도베베,2022-12-24,71.67
비로운,2024-08-29,1541.67
돌파두,2024-08-31,95.83
초코는잘참지,2022-03-16,80
라나로,2022-12-25,1490
달콤몽블랑,2023-06-20,302
모여서예쁘게다쳐,2024-03-13,1550
쌔하얀또치,2021-07-14,1385
아웃집토토로,2023-07-21,1415
SHERI7,2025-03-19,1640
호루맹이,2023-11-21,1415
초존예,2023-07-02,1415
이힣조으다,2024-08-08,1585
조류알러지있는민국이집사,2024-09-04,1640
어린이해방군참모총장희수,2024-08-05,1600
힐러옝,2022-09-02,1540
스뷰링,2024-03-29,1520
랏폿을위한부캐1,2024-08-12,1585
성천호,2023-12-27,1540
한겨울에이슬비,2024-11-22,1640
클립스튜디오,2025-01-08,1600
지유짱짱걸,2021-09-06,1370
강이강이강냉이,2021-04-17,550
불편한손잡이,2025-03-05,1640
부계무녕주네번째딸래미,2024-04-12,1580
대한민국최정예해병,2024-01-22,1520
오해선,2024-07-12,1596.67
비를쫓는너구리,2024-04-26,1520
저는독일어를못합니다,2022-08-29,151.67
트루퍼스,2024-07-17,1548.33
뽕디,2024-07-20,1570
A1VnO,2022-07-04,302
빠직악어,2024-12-25,1585
울프쮸,2024-08-04,1548.33
퍼플리씨,2022-04-01,460
보석이자라지안는닪다,2024-12-26,1640
오렌지뀰잼,2023-09-18,1415
샴오,2024-06-26,1610
이슬비빵,2023-06-30,1490
곰표핸드크림,2021-03-17,925
저달주는하콩,2023-11-23,1415
디나크,2024-07-12,1595
육떡,2023-12-27,1580
셀서리스,2024-08-17,1585
챨s홀리,2024-09-14,1640
가격,2024-04-10,500
배유릐,2023-11-16,62.5
간디활명수,2022-08-07,510
캬와이미소녀,2025-02-05,1640
카드캡터체ri,2022-02-10,1335
유기농무농약브로콜리도둑,2024-07-13,1600
BIGHEADSUNGg,2025-04-11,1640
딸샷추,2024-07-13,1588.33
킹부지표절단기,2022-02-28,1302
깜블데,2023-11-17,1460
준한무,2024-06-21,500
대물왕자,2024-07-23,1520
리스은령,2021-08-12,1302
민트초코블루베리스무디,2023-07-21,1500
이시로라,2021-12-23,1330
이재혁입니답,2021-11-28,460
알잉앙,2023-09-27,530
딜다하고죽음,2024-06-20,500
bokyeon,2023-12-21,1520
힝구슬이,2025-01-14,1640
중환자김한석,2021-11-08,1345
변또식,2024-07-21,1540
현깔게,2024-07-15,1540
히산양,2023-08-07,1415
쪼꼬미여우비,2024-07-18,1545
파구마리,2024-07-11,1585
라티슬레A1,2024-08-03,218.33
너의눈코입날만지던네손,2023-12-20,1521.67
로또맞은예수님,2021-01-19,1340
스무디체리,2022-08-02,1340
지니야날씨어때,2022-07-10,1340
배마하얀,2024-01-24,1462.5
하프를왜가져왔어,2023-12-20,1475
따공a,2022-01-01,1361.67
솔이잉,2023-12-28,1460
일상소음,2021-11-22,576.67
간단수기,2022-08-10,1302
발하비노,2021-12-23,1302
절실한율무,2023-12-20,1521.67
건슬의심연,2024-07-15,1520
닳아,2024-07-16,1520
샤톰,2023-09-14,1490
띠듄,2021-05-02,125.83
꼬밋미,2022-07-09,1340
산토의칼날,2023-01-25,1340
승연쮸,2024-08-15,1640
야느와르몽,2024-07-29,960
장규린,2024-07-17,1585
리치델몬트,2023-07-21,1415
너랑산책,2024-04-20,1545
카단유망주,2024-07-16,1600
두형14호,2025-01-12,1640
달빛을머금은꽃,2024-07-15,1520
KBS강아랑,2022-03-01,1355
화음악사,2022-10-01,1370
암살자콩순,2022-01-10,72.5
서폿처음해봅니다양해좀,2024-03-03,1520
대쉬함박,2023-01-19,1395
작은냐쿄,2022-01-13,1447.5
막강한죠르디,2022-07-09,1400
Limze,2024-04-15,1340
바드대신도아가야,2022-01-30,1445
명륜진사우산도둑,2022-07-07,1370
리퍼하는복어,2023-12-20,1480
하프를연주해요도로롱도롱,2021-12-23,1415
쁘띠고스,2024-07-19,1553.33
벨츠,2023-12-24,1460
리스뀨,2022-01-24,1370
딸기모찌조아,2024-10-28,1555
망망배마,2021-01-30,1050
카링또,2023-07-20,1550
팥디저트,2022-08-07,1498.33
도화가를잘하는줄알아,2024-07-22,1535
그만죽고딜좀하세요,2024-02-19,1475
선넘는무도가,2021-08-24,1415
구루미하늘,2022-08-12,140
왈료,2023-11-28,500
너굴몬냥냥펀치,2024-07-13,1584.17
CJCS,2025-01-12,1640
워로드로어떻게죽엉,2023-09-04,1482.5
롤로노아주완,2023-10-26,1496.67
비셔스펀치,2021-06-12,915
나만알파카없어,2024-01-20,1551.67
홍화아씨,2024-07-20,59.17
캐쉬퍼,2021-07-13,1460
피폐적인소월,2024-07-15,1596.67
o김라디,2021-05-15,1370
느그싱,2022-07-08,1340
타이키데모닉,2024-07-19,1475
미클루하,2024-12-28,1640
무댜뉴,2024-01-17,1540
만월끼릿,2024-11-23,1342.5
KY0T0,2024-06-27,1585
말티즈지니,2022-08-08,1370.83
미하일브루벨,2024-08-29,1640
고래Moon,2022-01-13,1450
장덕구,2023-12-22,1543.33
유백산,2022-05-07,513.33
당신을데리러왔습니다,2024-07-15,1587.5
어느별에살지,2024-07-21,1640
고프구만,2024-07-19,1520
물범짱,2022-02-28,1302
예나의뽀짝한반란,2022-04-03,1371.67
개미배쩨,2022-10-17,1460
금찬희,2024-02-16,1540
중2동에스더,2024-09-12,1610
환장할노릇이네,2021-12-28,165.83
알켈리,2024-07-24,1540
김샤프슈터,2023-09-03,1465
루시아시혼,2023-08-07,1415
낭만로아인,2023-10-05,1445
니아타피오카,2021-09-23,360
변신장인,2024-12-19,1640
너의딜에는소울이없어,2023-07-22,1475
가시밭길,2024-03-28,1550
타크엔,2023-12-26,1563.33
비둘기의빵조각,2023-12-26,1575
힐구슬통제,2022-10-08,1375.83
내뒤의목소리,2023-04-10,302
강력하금보,2023-07-04,1442.5
사장에서눈뜨니이세계백수,2023-12-24,1460
기상미드빈약해,2024-03-05,1545
투둥잉,2021-01-27,975
조지지지주지지지,2024-07-21,1589.17
뚜띠따띠몬,2022-07-08,1460
빨던귀,2023-10-26,1457.5
쭝바드,2023-04-23,51.67
말랑카우,2024-01-12,1501.67
도아주세욧,2022-01-13,1304
얼음장미꽃날,2023-07-03,1415
뀨미즈,2023-07-20,1415
송하율,2025-02-21,105.83
깨넘이네,2022-07-15,1465
귀욤감자망곰,2024-02-14,1225
설유시인,2023-12-23,1580
미뮝,2023-12-24,1538.33
찬위아래양옆뒤잡기,2022-04-06,460
레이놀프,2020-08-23,980
죽음의숲,2021-08-24,1385
Idyllic02,2023-01-19,1490
OhSoyul,2023-07-19,1415
거칠게대해줘,2022-08-02,460
스커호동,2023-01-06,1462.5
썰렁한춘봉이,2023-09-15,1493.33
뇌드거너,2022-07-01,302
커염선생,2024-07-15,1601.67
똥글탱,2024-09-25,1640
떡국아씨,2022-11-07,70.83
워쿱,2020-10-14,915
메이블리나,2025-01-04,1640
김은연,2024-09-24,1640
미묘I,2024-09-04,1528.33
곽필이,2024-09-19,1619.17
리퍼좀치네,2024-12-22,1640
센트로이드,2024-07-12,1605.83
꼬꼬쁘이,2024-07-14,1585
호랭님기운,2024-07-18,1610.83
믕엥으,2024-07-11,1525
복둥mk2,2024-07-11,1594.17
푸포뤼취,2024-07-12,1587.5
배신한바드,2021-09-25,1370
26SAL,2021-03-26,1050
륜성기공,2024-09-16,1640
개회왕이소,2024-07-20,1626.67
민트맛부채살,2022-09-18,600
용맹주는빵지,2024-07-26,1520
하프상위호환,2024-08-08,1616.67
아구얌,2021-05-02,1342.5
카노,2024-12-18,1609.17
애기짐승기공,2022-07-07,1460
윤라타,2022-01-23,1445
태됴미,2024-07-12,1595.83
ToMyWish,2021-07-14,1435
뮤풍리퍼,2021-12-24,107.5
니비스,2025-01-06,1640
막강한파이리,2024-09-21,1640
하울최,2024-11-21,1640
SOM솜,2022-02-15,1415
이렌솔레아,2024-08-19,1540
하프탐,2021-11-30,76.67
남재난,2024-07-16,1520
드비도,2024-07-27,1560
드론은푸슝푸슝난빵야빵야,2024-07-12,1525
용맹송이,2025-01-05,1640
도향도화,2024-08-14,1602.5
럭살,2024-07-30,1530
둠둠차,2024-07-17,1576.67
쥐깡이,2024-07-15,1630
BaYeeYo,2024-10-27,1640
ECnezz,2021-08-06,1370
세연악,2021-12-31,54.17
놀고먹는기공사,2022-01-14,960
사나이펭귄,2024-09-09,1540
블루리본서베이,2022-05-02,460
꼬꼬마악당,2021-08-12,1430
저격하는곰도리,2025-01-09,1640
반격터트렸쑤,2024-09-19,1640
QQ,2023-01-18,1490
츕추비,2024-08-27,1594.17
킥베,2021-05-09,1340
초보도화가s,2022-01-26,1318.33
구루밍드,2021-02-20,1340
KC인증해외직구워로드,2024-07-14,1520
나겹곤듀,2024-07-19,1587.5
혁민잉,2024-07-15,1593.33
무모무모,2024-07-17,1520
큰일날듯,2022-06-10,600
오늘날씨맑음가끔구름낌,2024-08-13,1640
데모닉멜론,2024-07-18,1540
사타,2020-09-06,915
폴리드,2021-08-25,580
갈증나우,2024-07-12,1585
노채팅유저,2021-05-30,370
성하트,2021-08-12,1325
디퓨리퍼,2024-07-11,1561.67
공덕동흑염룡,2020-08-23,915
초슝,2024-07-12,1520
지배자융데,2021-06-22,61.67
욜카나,2024-09-06,1585
융팩,2022-01-21,1355
오뭉화백,2022-01-27,1340
Laggi,2020-10-10,1035
신비츄츄,2024-06-22,1580
잠눌,2024-08-23,1590.83
휠체어모코콩,2022-07-08,1415
Sa악,2021-09-21,1370
루넷인데요,2021-08-26,130
Sa망,2021-03-18,325
주농쥐,2022-07-06,1475
하이아,2020-08-23,810
레타르레라,2024-08-11,1540
Night바드,2021-07-24,98.33
스트라이커스진,2022-07-08,1465
달빛예술,2022-01-12,1415
나는수박날좋아할수박에,2022-07-07,1400.83
워니무인,2021-07-06,1325
지설은,2024-07-15,1555
쿨넝,2021-01-06,915
냠냠물고기3호점,2024-07-18,1558.33
댕멍하프,2024-07-14,1540
라일락낙화,2024-07-15,1520
폭발성,2021-10-13,1420
낭만으로살아갈껄,2024-07-13,1585
소인이칼을뽑아산자는없소,2024-07-04,500
일뚀,2021-11-10,1447.5
잡았당,2021-03-14,98.33
snowkite,2022-01-07,1066.67
막타드세요,2023-06-22,1593.33
귀염뽀작하기복,2022-02-02,1470
달팽링,2024-07-11,1585
강의정,2022-07-10,54.17
만티크왕,2023-08-05,1415
아우토크라토르,2024-07-20,1585
맥쿼리,2024-07-25,1520
기상기없습니다,2022-07-09,1460
애플망고쥬빌레,2021-12-26,1435
퉤풰,2021-01-30,975
엔또,2024-07-17,1580.83
철수인가봐요,2021-10-22,1302
에리꽃,2022-04-19,1445
제철꽃감,2024-08-06,1540
내가바로박지수,2021-03-04,1330
산유하,2021-09-27,1370
오라뇽,2021-12-31,106.67
왕왕뫙왕왕,2021-09-21,600
천룡열차,2020-08-23,990
찹쌸떡,2024-12-22,1640
퐁멸,2024-07-14,1520
구몬학습잘하는스윗한아이,2024-08-13,1640
메모보고,2024-08-13,1640
이슈타르6,2021-02-16,870
부촌,2021-08-12,1527.5
복또뤼,2024-07-14,1520
홀홀홀홀홑,2022-01-14,1390
이아당,2022-07-08,1467.5
잔재이도류,2024-07-10,1525
서가원,2024-06-21,500
백원성,2024-07-22,1520
진홍연,2025-01-06,1640
Howon,2021-07-05,77.5
술사취침,2022-07-07,1477.5
하다보면정들겠지,2022-01-21,1302
햄껌냠냠,2024-07-27,1610.83
함박진미감자,2022-03-29,302
봄의시린,2021-07-30,820
심바아드,2021-05-09,612.5
ryrur,2021-07-09,130
박빵엽,2024-09-26,1600
김빵야씨,2021-09-03,1303.33
미래재원,2021-03-22,1328.33
기를날려요,2021-08-12,123.5
소환직업,2024-07-11,1543.33
첵스초코우유에말아먹기,2022-01-11,1375
빛나는쿠리,2021-07-06,70
빛나는홀리,2022-01-01,1370
왈녀,2021-08-13,1302
마법고승,2024-07-11,1604.17
커마개꿀잼,2021-08-24,600
치즈c,2021-08-29,1303.83
해적여제핸코크,2020-08-31,1002.5
여왕나미,2021-01-21,1340
변신에이아이,2021-05-10,1336.67
붓루하딩,2024-07-12,1604.17
동글방울먹어주세요,2024-07-16,1600
저쩔다솜,2022-07-14,55
솜사탕구름이,2022-01-27,1100
아기토끼재현,2022-07-18,54.17
지채림,2022-01-15,1390
리퍼님님저랑같이놀아요,2024-09-15,1640
바쿱이,2020-10-14,915
알에맹독넣음수고링,2022-09-25,1340
힐주다아야햇죠,2021-08-13,1302
은하운담,2025-01-26,1640
송도오꾸닭,2024-09-29,1640
조커x,2020-10-24,930
도화가쿠니,2022-02-16,1370
카페라떼블루,2021-07-20,1370
벌수호자소라카,2020-08-22,915
카드마아,2025-01-03,1640
란홀릭,2024-07-18,1615.83
플로레힐,2021-08-19,460
하트뽀뽀어피치,2021-06-19,1050
호길,2021-04-28,1360
드레스한,2021-03-27,1325
영웅재성,2021-07-22,1302
짬짜볶탕삼선술국,2022-07-07,1411.67
혁흑,2024-09-23,1640
더라스트,2024-08-02,1640
코코마씨,2024-09-20,1620
채식중인워로드,2022-05-16,1415
촌장너굴,2024-07-11,1520
점핑권그만주라,2021-12-23,1445
프로젝트김동섭,2020-10-08,915
레드스틱보호자,2024-09-22,1640
흙르르흐륵,2023-08-28,1580
내아랫도리불망치,2021-07-05,61.67
보름달맛하늘,2022-03-09,1370
콩세린,2022-01-19,1335
Relis,2024-07-22,1540
동글동글햄토리,2022-10-05,1415
구슬싸요,2022-01-12,1508.33
김형준,2023-03-30,1591.67
슈모익드개재,2024-07-14,1601.67
백호교관,2022-07-11,1460
놀GU,2021-09-05,205.83
망내랑,2024-08-10,1615.83
흑설탕스무디,2021-01-21,970
그대를따스하게,2024-09-13,1591.67
럭키트리거,2024-07-15,1590
애플망고요플레o,2022-12-29,130
도화가의믿음,2022-05-07,1003.33
디노쟝,2021-12-23,1370
디노빵,2021-12-22,65
차차짜,2022-06-01,321.67
삐랴에이잇너클,2024-07-10,1600.83
국보31호,2024-07-12,1600
바드siri,2021-09-18,493.33
팝쿤,2024-07-26,1540
전설적존재감,2020-08-23,985
우어엉우엉조림,2021-04-25,1035
색기를잃은비아키스,2021-08-30,1360
김냥히,2022-07-12,1465
나를찾고있는가,2021-07-09,1302
오스피어쿠키,2022-12-18,75.83
마성의니나브,2022-07-22,1360.83
재이이커,2024-07-14,1595
닉넴짓기어렵다요,2024-07-14,1601.67
비단털햄찌,2024-07-22,1590
속좁은년,2024-07-12,1540
방금생각함,2021-02-27,1302
황금의수국,2021-06-26,1325.83
디엘이앤씨,2024-12-31,1640
풍류산수,2022-01-26,1460
골드내놔배틀마스터,2021-12-26,1302
워황은세상을구할수있을까,2024-07-11,1593.33
인트지아,2022-07-23,117.5
어항탐구,2024-07-18,1520
서츄안,2024-08-22,1543.33
BP수라,2024-07-14,1540
장기백을다루다,2020-10-10,915
뜸울,2024-07-21,1540
먹을품은달,2022-01-25,1475
맛난홍차,2022-07-13,51.67
시드니마라탕,2022-03-04,1415
뚱커벨도아가,2024-07-12,1520
몽몽빤뚜,2022-07-10,1379.17
얌바나무,2024-07-14,195
기고수,2021-05-09,415
COCOS,2020-08-22,1049.17
BladekrD,2024-07-06,1543.33
만해지옥참마도,2023-01-19,1472.5
칼의눈물,2021-12-09,993.33
잠두두둥,2020-08-27,852.5
본댕꾸,2022-01-26,346.67
배숙힌,2022-11-12,1581.67
뒤만때리는사람,2022-03-02,1427.5
딜버프킨거니까조용히해,2021-09-02,1415
문의고객,2021-07-08,1355
학고학생,2024-08-23,1605
남산학생,2021-07-15,110
금억,2024-08-28,1600
랜쥬쨘,2024-07-14,1520
이놈의집구석나가야지,2020-09-28,916.67
필라테스3년차,2021-08-02,1355
돌츠링,2021-11-15,460
노루맛수달,2024-12-20,1640
카레고로케,2021-08-19,1330
례쿤vv,2025-01-26,1640
가을하늘언덕,2021-05-02,90
소서니니,2021-08-12,1370
온살명궁,2024-09-06,1620
류신월,2021-03-22,925
폭신한메론빵,2022-03-24,1390
따뜻한침대안,2021-05-02,1325
굼딤,2024-07-18,1555
푸른빛어금니,2021-09-12,1302
멜리아키르,2024-07-15,1560
쁘우기,2025-03-15,1585
는오,2024-07-14,1540
쮸쌰이,2021-09-12,198.33
블레이드KKS,2025-01-05,1640
토피넛도화가,2022-04-17,302
카르완,2024-08-03,1597.5
우산잇쥬,2022-07-21,1460
지유아빠의반월섬,2024-09-15,1640
한놈만끝까지쏜다,2021-01-28,1370
감자링아르카나,2021-01-30,970
losteonwoldo,2021-10-12,1417.5
까리한레미,2024-07-13,1600
큰대협,2024-07-15,1540
앤설,2024-07-10,1633.33
화신브레이커,2024-08-28,1520
먹물을치덕치덕,2024-07-14,1558.33
드디어본캐를정한나물쟁이,2021-08-12,1415
아가흑염소,2022-01-12,1302
창술사레오니,2023-01-21,1415
금성조문국,2023-01-15,58.33
마리도아가,2022-05-10,1370
절구맛을바드,2022-12-29,600
송예춘,2024-07-20,1596.67
흰창술,2024-09-02,1640
붓꼬리는섬세하게,2023-02-07,1340
반속리퍼,2021-09-10,1472.5
촉법소년만화주인공,2022-12-12,302
파이널엘리시온,2024-07-15,1540
나선반장,2024-07-13,1603.33
승똥,2024-09-02,1521.67
귀족워붕이,2022-04-02,1345
나르닛,2022-05-13,177.5
힐떠,2022-01-21,1417.5
귀여운게TS입니까,2024-05-10,60.83
기상아기얌,2024-09-08,1610.83
isamovingon,2024-07-21,1605.83
아이즈라나,2024-08-05,1520
난폭범,2022-01-23,1445
단검으로땅파기,2022-07-18,127.5
꼬마아리꾸미,2024-07-14,1525
복숭아는딱딱이,2024-07-12,1540
열혈,2024-03-17,1100
네가과연죄가없을까,2024-07-16,1500
인싸이트18,2020-08-28,1325
재치있는형사님,2024-07-16,1531.67
현래야도심좀뽑아라,2024-07-12,1585
Sakuo,2021-08-27,1400
DIRN,2024-08-04,1591.67
진군하라태풍처럼,2023-01-19,1503.33
리하46,2024-07-13,94.17
phantomzzing,2024-07-17,1585.83
빈이아가,2022-01-12,1430
냥냥밀크펀치,2023-01-27,70
노가다슬레이어,2023-01-20,1490
은총반은언제나맑은뒤흐림,2022-08-25,1340
언제또밀어,2022-04-24,153.33
클로피버스트블레이드,2024-07-13,1540
내가있는곳으로,2021-07-13,51.67
사공콩,2024-07-14,1521.67
병원보안요원,2024-07-11,1591.67
LastIBlaster,2021-04-18,1369.17
Se0rii,2022-04-17,1340
5TYang,2021-12-29,1417.5
삼겹살짜빠게티,2024-09-17,1640
무지성3버블용맹,2021-12-22,122.5
LTwistedFate,2024-07-22,1585
물장난,2023-12-20,60.83
개묵님,2024-07-15,1610
레이미츄,2024-01-12,1602.5
몽삼이,2024-09-22,1590
이천이십사년칠월,2024-07-12,1520
보안이,2024-09-12,1640
요거트프라페노,2022-07-08,1340
쩡봉님,2021-08-12,1370.83
ad소울,2024-01-28,1480
내글러브어딧지,2023-03-17,1490
파란심슨성기삽니다,2021-05-05,1035
서머로즈,2024-07-14,1585
몽환승희,2024-08-02,1610
시흥시청,2021-10-19,1325.33
어디해봐세차,2023-02-10,1340
로코코도아가,2022-01-22,1445
대충할꺼면하지마,2021-04-05,900
이번엔얼마나할려나,2024-07-12,1556.67
잉파이뜌,2024-07-14,1600
안녕난친칠라,2023-02-09,1477.5
다섯시삽십분,2024-06-27,1591.67
윤상와이프,2023-01-20,1460
지justice,2021-10-19,135.83
솔미네,2023-01-18,1340
테변,2021-07-23,1352.5
하프는양손에,2024-07-28,1520
몇도,2024-07-13,1520
루레인J,2024-09-06,1575
끗상,2022-12-28,1477.5
01053975XXX,2020-12-07,915
Nitro79,2022-02-09,1370
지금z,2024-09-12,1600
행복쥬세요,2020-10-29,915
외않됀데어의업성,2022-01-28,1447.5
라야코,2023-02-04,420
안줭,2024-06-16,120.83
살금살금하앙,2023-12-30,1550
캔디얌,2021-08-12,1385
콰르텟비홀나,2025-01-16,1640
김살극,2022-03-19,1370
꼬리키,2021-11-26,460
EDALBLADE,2024-07-10,1520
소울이터의싱글모드,2024-07-11,1591.67
사이쇼크,2023-01-21,1445
또똠이,2021-08-15,156.67
도태한남안경찐따백수씹덕,2023-03-13,1340
로가드,2024-07-15,1540
오라방,2024-11-01,1640
운츠,2022-11-19,1535
함박눈꽃기상아가,2024-07-25,1585
깍지뻐꾸기,2022-12-23,255.17
매도당하고싶은스파이,2024-12-29,1640
이맹중,2024-07-12,1558.33
런하,2024-07-14,1565
설탕샴푸,2022-02-17,79.17
해단밤,2024-07-11,1573.33
헥망취,2024-01-19,1100
두동비비,2022-09-25,1395
황디뜨,2024-07-20,1593.33
한쟤룡,2022-07-07,1398.33
흥진흐,2024-07-20,1610
땅끝사수,2021-05-02,315
캉캉슬레이슬레이,2023-11-19,1422.5
I에레쉬키갈I,2022-12-01,1373.33
청원딸기주먹,2024-08-09,1612.5
우리동네권투장,2024-07-19,1520
슈티잉,2021-08-12,1325
리데브,2024-07-18,1553.33
너가좋아하는홀나,2024-07-14,1100
후와앙,2024-07-25,1571.67
이닌데,2024-07-15,1541.67
적당히하셨어야죠,2022-06-03,1302
진모코코절도범,2024-07-13,1520
감쟈쟝,2023-02-18,1400
AIach,2022-01-30,500
퀸꾸붕,2023-02-07,1455
킴서안,2022-06-21,53.33
구름씨하늬바람,2024-09-09,1640
핸섬토르,2021-05-31,1408.33
활잽이김정만,2023-06-05,174.17
무선자동설정,2022-12-22,1460
빛이츠,2023-02-11,1551.67
뚜론냥,2024-09-03,1640
tonvoreng,2023-06-05,1100
파릇한모코꼬,2024-07-14,1633.33
소다맛굵은죽창,2022-07-15,556.67
목표를섬멸하라,2024-12-23,1640
막내유니,2024-07-16,1520
호크아이와떠나는여행,2021-10-02,802
루나MOM,2022-08-02,1430
찹쌀괭이,2022-12-31,1460
취했땨밍,2022-12-21,1460
절구그런거몰루,2023-06-30,1415
크로우갓,2022-07-18,1340
고양이건법,2024-07-19,1563.33
소울은짱,2025-02-16,1640
벤월이,2022-01-15,1302
서예의달인,2022-01-23,1325
카단판판,2023-03-30,1600
별이빛나는밤,2021-10-09,1503.33
plains,2024-08-10,1546.67
집나온기상술사,2022-12-28,1487.5
MOoGA,2024-07-18,1611.67
우비우파몬,2024-07-13,1540
LOVEE,2024-01-15,1460
곰타버스,2024-06-24,500
BlueCoat,2024-07-17,1592.5
사곡동,2021-12-23,150
호타천,2024-07-11,1600
원영이의어린시절,2023-09-20,1415
소울낫벳,2023-07-30,1490
장사장의워로드,2024-11-21,1640
배윤채,2022-05-01,1325
우하준,2022-05-05,243.33
기요미펀치,2024-07-12,1600.83
우녕이다,2024-07-18,1615.83
Winter2005,2021-08-12,1385
KUF러셀런트,2024-07-31,1630
노샌,2021-08-19,1302
송사희,2025-01-08,1640
GCoca,2021-05-24,370
다솜한바드,2021-07-27,257.5
G홀나,2020-10-29,915
수라거부기,2024-08-31,1520
봇치형진,2023-02-19,73.33
사실나도닭다리를좋아해,2023-12-21,1340
나니사,2020-08-23,930
꿈은꿈이꿈을꿈꾸게만든꿈,2023-05-25,53.33
오예스수호랑,2023-06-29,1490
바람가르는소녀,2024-07-14,1540
단옥금,2024-07-14,1565
레전드빠꾸빠꾸버스트한방,2022-07-07,174.17
4sl신,2021-05-18,945
Lady마리아,2021-08-25,1385
김만돌돌이,2023-05-19,302
홀홀홀홀호로홀,2022-09-12,1442.5
네스티홍차,2020-11-09,920
권죵뷘,2024-12-14,1640
더블치즈라떼,2024-07-16,1523.33
빔붐,2024-09-21,1640
맨따에헤딩,2024-07-19,1560
졷국,2024-07-12,1540
심낫벤야,2024-09-10,1595
노랑미역,2024-12-25,1640
주황옥돔,2024-12-25,1640
애국부숭이,2024-07-15,1620
노루궁뎅이붓섯,2023-01-04,1340
림승아,2022-11-06,600
샤비느,2023-01-20,1490
사시니푸쾅,2023-07-20,167.5
바다초밥,2023-01-19,1340
Naively0122,2022-07-02,600
코구마라떼,2021-07-22,1340
돌스트로이어,2023-06-30,1455
낄낄무지성팔콘발사,2023-01-21,1340
이거본캐맞음,2022-02-12,1340
느그도날막지못해,2021-08-12,1325
산호랑나비,2023-08-20,1523.33
무뚝뚝홀리,2022-12-15,302
고주니6,2024-08-05,1561.67
춤용맹,2023-12-08,500
로아복귀요,2024-08-16,1530
리나소나,2023-03-15,1340
라임녹즙,2022-07-07,1340
망치질하다손쳤을때,2022-01-26,1460
홀리나이순,2020-08-22,900
예쓰의케이크가게,2024-11-13,1640
왼발슬리퍼,2021-02-20,1325
wakss,2022-08-08,225.83
kshdevil,2023-03-08,166.67
Doshim,2024-07-13,1591.67
리뀽리뀽,2023-01-27,1340
워로드안할게요,2021-09-18,960
등마디뼈,2023-07-03,1475
의준이의운기조식,2023-07-16,1415
시르슬,2023-06-25,526.67
C아디토레,2024-07-13,1520
틀니파퀴아오의어깨빵,2022-12-23,1460
일어나라성일아큰뜻을품고,2022-03-16,1415
뭐땜에대체뭘위해서,2021-05-25,1332.5
샤비주,2022-07-06,1475
댕주패까,2025-01-09,1540
피가안차,2023-01-19,1340
뜌네1,2024-07-16,1553.33
도와줘요새싹,2022-12-25,1498.33
52스커의일격,2023-06-01,1540
이거읽으면탈모,2024-07-29,1540
힐링위젯,2021-07-06,900
리예딧,2021-05-10,1370
채냐아리,2023-01-14,1460
탱글드니,2024-07-15,106.83
타티스주니어J,2021-07-22,1302
리퍼였던것,2021-03-06,1050
꽃무늬삼겹살,2022-01-30,1325
이런식으로,2024-08-04,1588.33
굴먹고싶어,2021-12-30,1302
기상술사다한,2022-07-06,1460
내소원은말뚝딜,2021-02-05,1050
콩소민,2022-12-28,1395
SMG삼각눈,2024-07-17,1602.5
루페온알박기깅,2023-03-20,1340
오해하지마세요,2021-08-29,130
로수바틴,2024-07-16,1607.5
키즈카페무장강도한초록,2021-12-26,1364.17
리미공주,2021-09-09,142.5
두런콩,2024-12-04,1640
찰나에모든것을,2024-06-08,500
응애꼰대,2022-02-24,1415
용바용바용바용바용바용바,2022-01-27,70.83
봄엔찔레,2023-01-18,105.83
시월야행,2023-08-08,50.83
종미새,2022-01-14,1415
바다소금,2023-12-23,1548.33
슈빈빈,2023-07-01,1472.5
네뷸라밀레스,2024-07-16,1601.67
붓을,2024-01-06,1587.5
Ripcoo,2021-02-20,325
비카건슬,2021-09-20,1415
By맑은빛,2024-09-07,1640
억엉,2024-07-19,1585
KylieCali,2021-04-07,1340
냣츠,2023-07-20,1500
캠니,2022-01-23,212.5
땅콩버터푸실리,2023-07-23,1490
볼빨간바득,2021-07-12,1376.67
E급헌터케틀,2023-10-09,1487.5
여름비쏟아지면,2024-07-13,1540
MyWater500mL,2021-08-11,1373.33
더블쿼파치콰트로치즈와퍼,2024-12-31,1640
분홍돼지민,2021-11-21,1430
이리슉저리슉와리가리슉슉,2024-07-16,1600
깻잎머리,2024-07-12,1540
배마키우래요,2024-07-14,1560
감귤패기,2024-12-22,1640
원소술사가렌,2022-02-01,1345
유즈냥,2024-07-08,1472.5
로즈는로제,2022-12-24,1415
방패든타노스,2021-09-23,1432.5
붓리머,2024-07-13,1565
최호두씨,2024-11-26,1640
볼륨없는사람,2022-12-06,1460
흑낙원,2020-09-30,915
62년근홍삼,2024-03-07,1523.33
두재돌,2024-07-11,1600
비니딘,2022-07-07,1470
도코모코,2024-07-28,1615.83
지랑이소서,2022-01-05,1302
금붕어뽀끔밥,2022-02-25,1455
핑크달비,2020-11-10,1360
Br4ve,2025-03-06,1640
황은쭝,2023-07-19,1490
부탁하는사람,2023-10-20,191.67
지언아가,2024-07-11,1520
새벿,2021-10-02,1490
넬유령의노래,2023-09-17,1460
굿모닝닝이,2022-01-04,106
여륜,2024-09-23,1619.17
지퍼느,2023-12-26,1546.67
라콩구슬냠냠,2023-01-07,135.83
델생,2023-12-23,1540
오호우대가리박아,2023-09-15,1437.5
김선진의원기옥,2024-07-11,1601.67
잔진의그녀,2023-07-20,1490
우다흰,2023-11-11,1422.5
보물설화,2024-07-13,1571.67
척추꺽기99단,2024-07-12,1528.33
새벽토끼꽃,2022-04-12,1520
설레니플,2024-07-13,1520
바람토끼꽃,2024-07-16,1595.83
열강슬레이어2,2024-08-13,1600
SaterNight,2021-08-06,82.67
Marsial,2021-09-27,1325
새러피,2023-02-13,1340
시로로,2023-12-24,1576.67
비좀안오게해줘잉,2022-07-13,1381.67
연한무지개,2022-01-24,1450
오의좋아김오띄,2024-07-14,1585
쿠트라뇨,2024-07-28,1620
판디시아의티비아,2024-06-20,83.33
Coldea,2021-09-06,1302
별또옹별이,2022-02-08,122.5
마나종이,2024-08-13,1540
아스테리나,2024-07-15,1520
나쁘지만은않더라고요,2022-07-08,1490
석만월,2024-07-15,1520
유기농코카콜라,2022-07-07,1340
그것이커,2023-12-21,1520
다른지역홀나,2023-03-19,1370
김장미의마지막일탈,2024-07-12,1520
초코플레버,2021-04-24,1325
수달아저씨,2024-07-13,1560
용용꿀,2024-07-14,1594.17
롤히아니트,2023-11-20,1415
뷰뱅,2023-07-20,1500
딸기맛수박s,2023-05-05,72.5
도도레시솔,2024-06-18,500
해츨링,2024-01-14,1600
추락하는달,2024-07-12,1520
꿍설아,2022-06-01,1415
콩스타,2024-07-14,1520
김태굥,2023-12-22,1540
도애기망고,2023-07-15,1460
나한테포격이란,2022-12-23,1496.67
메뭉,2024-07-11,96.67
지표수호자1,2024-07-15,1520
쁴버잔,2024-08-16,500
디폴트배틀마스터,2024-07-15,1520
뉴도닝,2024-07-16,1600
향단이의냥냥펀치,2022-07-06,1340
KimEpicBD,2021-07-05,114.17
짝뚜띠,2024-07-11,1600
솔수현,2024-07-11,61.67
리퍼슥,2024-10-12,1640
나니이드,2021-03-18,1330
현자카넬,2022-03-28,1302
윤애린,2023-12-21,192.5
정승훈로아접은기념캐,2024-07-12,1530
VlINO,2023-12-26,1540
쿠이레,2021-08-12,1327.5
딩겸,2024-09-17,1594.17
오리덕코코,2023-07-06,1445
호감바드가되고싶어요,2023-11-12,1340
네뭐든지가능합니다,2021-12-23,88.33
땡볕에낫들고춤추는소울이,2024-07-16,1600
내쁘니요,2021-12-28,191.67
기상청취직,2022-08-26,1345
여긔저긔,2024-07-11,1520
저달은너주긴아까워,2024-07-16,1602.5
안녕난소울이터,2023-07-19,1500
표숨6,2023-01-10,109.17
오세아누스,2022-08-01,1460
궁디팡팡홍초스타,2024-06-22,51.67
칸스별,2024-10-02,1640
키스나이트형,2020-08-23,920
지지를잡아버린토끼,2022-12-21,1415
하리퍄츄,2022-05-01,143.33
변신은곤란해,2021-06-13,1325
방찐맨,2021-03-09,1337.5
롤체아리너프좀해줘플리즈,2023-12-21,1510
o그름소울이터o,2024-07-29,1600
바홀나,2021-01-30,960
큰도희,2022-02-03,1306.67
라떼뜨거운바닐라,2023-02-23,1533.33
킹치찌개고기존맛탱,2023-05-02,302
사신꿀프,2024-07-12,1595.83
쥬시라네,2024-03-23,1340
맛있는빙그레우유,2022-03-16,460
시원한맥주왕,2024-07-13,1575
Disasterman,2024-07-21,1590.83
박두유,2022-01-30,130
화도뭉,2023-07-08,1490
봄설기,2024-07-10,1546.67
에르브비브,2024-07-14,1586.67
최아카,2024-07-10,1573.33
Maxibum2,2022-05-29,1405.83
리퍼몬다,2024-07-16,1540
펀치펀펀치펀치정펀치,2024-07-18,1540
망치가아닌가,2024-03-04,1490
오늘의날씨는맑음응구라야,2022-08-27,1396.67
초록을거머쥔,2022-12-23,1460
김학훈남,2024-05-04,1520
민트기상초코,2023-10-06,1452.5
넌이제부터리퍼여,2024-07-16,1543.33
도리션,2023-02-14,1380
학생,2025-01-15,1600
호박바지입고싶어요,2023-07-25,1480
Phim,2022-03-19,1415
스을레이엉,2023-09-30,152.5
CU어린진상손님,2022-02-14,1302
바악바악바악드,2021-08-12,915
s발광브레이컭,2024-07-21,1520
키위포동,2022-01-22,1445
나는기상캐스터,2024-05-31,1275
소울Re터,2023-07-22,1500
shine123,2023-09-25,1470
예찬이크림족발순대,2024-02-28,1588.33
소서혜욤,2024-09-17,1640
박력녀자,2023-11-24,1460
레트R,2022-11-27,500
딘둉햇,2024-03-04,1100
창을물면창문,2023-05-21,62.5
유유얌,2024-07-11,1540
꼬마사슬,2024-07-12,1540
소주가너무좋아,2023-07-01,1490
프로방벽러,2021-04-12,1379.17
사우동신짜오,2024-08-26,1600
악몽토리,2023-11-24,1475
기면증전도사,2023-11-27,1540
주땡땡,2024-09-19,1600.83
천공을가른창,2021-09-04,70.83
매화천산,2024-06-11,500
둥뎅딩동둥,2024-01-11,1460
맛홍산,2025-01-29,1640
세상을그리는화가,2022-07-10,130
하무가,2023-08-16,1415
공대브레이커,2024-07-10,1520
멜다의바드,2021-09-12,1302
연주하는도비,2024-07-12,1535
이체민,2024-07-13,1558.33
댕크림,2025-01-23,1340
기상이로다,2022-07-22,121.67
써니호뺏기고남은건휠체어,2024-07-12,1576.67
북괴군의가슴팍에총칼을박,2024-03-25,500
골터,2022-02-10,1365
내이름은정민이,2021-09-13,1302
청진동감자탕,2024-07-16,1525
밤하늘이,2024-07-13,1587.5
하깽,2024-01-16,1460
명태순살튀김,2025-01-12,1640
단짠식빵,2024-07-21,1640
버블보이,2024-08-04,1540
현진짱짱맨,2025-01-07,1680
딸기말차양갱,2022-07-06,1340
권영인,2024-07-12,1566.67
닝뚱부활,2024-07-13,1573.33
독털힐,2023-08-04,1417.5
응애나애기태현,2021-03-15,1350.83
블래스터잣,2024-03-15,500
펠루네,2024-07-12,1600
맞춤한방치료,2024-08-04,1540
흰쌀밥위에스팸,2024-02-18,1340
hellerrrr,2023-08-17,1415
낙인공증안빔,2024-07-17,1585
마라카농,2024-03-14,1585.83
카츄우,2023-12-31,1480
알카데이에,2024-01-20,650
잔잔4,2022-07-12,151.67
모종동컵홀더수확자,2023-07-21,1490
납작뽁숭이,2024-08-20,1561.67
뱅달무,2023-07-24,1500
장갑푸러,2024-07-19,1520
xv기공사vx,2023-05-22,1460
6분할,2021-10-28,1383.33
우리집쇽쇽이,2023-09-30,1480
숨겨왔던첫번째도화가,2024-10-18,1640
태빻빻,2024-03-06,1100
mii1,2023-01-26,130
쿠우사과S2,2021-08-16,1417.5
싹숑바람,2024-07-29,1565
김깜자,2024-08-21,1520
이련아,2023-12-24,1477.5
탕후루떡볶이마라탕,2024-05-01,1540
물음표하나,2022-12-23,1369.17
몽이질풍술사,2022-12-22,1415
스윙스도반한돈까스맛집,2024-07-20,1585.83
낫으로전부치기,2024-05-23,1540
은우레,2023-09-28,1425
l리l퍼I,2024-03-31,1520
채소미소녀헌터,2024-12-19,1640
요나얏,2024-07-10,1589.17
월개월화,2023-11-10,1420
핑크의향기,2024-03-07,1594.17
새우는사랑입니다,2024-04-30,1503.33
방동이,2024-07-31,1590
건틀릿한번휘둘게,2023-12-20,1472.5
또내연,2024-08-17,1595.83
방귀뿡빵뽕뿌직,2023-02-24,1407.5
오지존슨,2024-01-18,1460
oooomu,2024-01-14,1482.5
홀리블레이드,2024-07-15,1530
24327,2024-04-16,1430
I황용식I,2023-08-17,1521.67
사월에내린무지개,2023-11-14,1530
등짝을보였구나,2024-07-14,1593.33
S2송표S2,2024-07-10,1585
로아에찍먹오레오,2023-09-17,1417.5
현곡센텀,2023-12-25,1541.67
살랑살랑이슬비,2024-04-07,1580
계란으로싱글모드치기,2024-12-23,1595.83
막내바드애오,2024-09-08,1592.5
다냥이터,2024-07-16,1599.17
위크웨더,2024-07-30,1540
오렌지햅쌀주스,2023-08-15,1437.5
상협핑,2024-12-21,1600
소울소이,2025-01-10,1640
나는우디르맞다,2023-07-24,1445
에라모르겠다절룡세,2021-07-08,1422.5
툥툥,2022-01-23,1302
잔망그니,2024-07-15,1520
무한책임사원,2024-07-20,1535
AnWinter,2021-07-10,122.5
고래1st,2024-07-25,1553.33
오빠동생,2024-07-10,1600
쏠솔라,2023-07-20,1477.5
경부Bei,2023-12-22,1588.33
등을보여주오,2022-07-30,1465
I고니양I,2021-09-25,1395
홀리스윗나이트,2022-10-30,460
드론과함께춤을,2022-12-10,1100
르살림,2021-07-09,1427.5
붓든지교,2024-08-08,500
타라세,2023-09-15,1460
잠우산,2024-07-15,1601.67
수라난타,2024-01-03,1510
온선재,2024-06-13,676.67
최피새,2022-12-22,1460
중채경,2021-10-01,460
원조돈까스맛집,2021-05-02,920
아메리카노는건강한맛,2021-07-07,1302
토끼화공,2022-01-12,1302
하데뎃,2021-03-14,1050
87세마지막불꽃휠체어샷,2022-07-10,209.17
성수호랑이,2023-03-13,75
쥬솔,2021-10-28,1302
니뚝배기돈까스,2021-07-29,73.33
앗가,2021-07-12,63.33
미반로크,2023-09-07,1425
람국지색,2023-03-29,302
l김영광l,2022-08-04,460
김솔직입니다,2023-12-01,1250
즈라바,2023-12-21,1541.67
불굴의기집애,2024-02-06,1538.33
세상속에세상,2021-09-23,1325
시간고양이,2023-12-24,1528.33
슈슉샷,2024-07-09,500
몽크갬재,2023-12-25,1583.33
렉돌집사해줘,2024-01-15,1520
날씨의조고,2024-08-31,1523.33
유부녀와이존코박죽배한별,2025-01-15,1640
마구,2021-03-17,104.33
이커묭,2023-12-27,1580
YUEIK,2022-01-31,1375.83
llKOREAll슬레2,2024-07-11,1520
나선환쓸꺼야,2023-07-10,1415
길드서폿지원,2023-11-24,1460
서휘리,2021-09-27,1420
8차선음주고라니,2022-07-14,1417.5
금강산m,2024-07-11,1520
랐련,2024-07-25,1520
미츨,2023-06-29,1445
인섹킥을꿈꾼다,2022-01-29,1302
갈증후니,2023-02-01,460
예다림,2020-08-23,220
오란이,2020-08-23,995
또바드해야찡,2021-07-09,1317.83
권왕주세이,2024-01-14,1520
XionGoldA,2024-06-17,1540
장카비4,2025-01-03,1640
나라도살아야지,2023-07-01,1490
북조z선도발전용,2024-07-14,1540
MALTESS5,2024-07-14,1520
기상양정,2022-08-27,1013.33
박지성의골에는감동이있다,2022-12-21,1415
poety,2025-01-07,1640
류연올,2024-03-16,1520
레이드밑줄독재자김기용,2024-08-30,1540
부산당리동,2023-12-10,1415
구름에띄워놓고가겠소,2025-01-12,1640
저개발자아닙니다,2022-04-09,302
리프류,2024-07-10,1585
형이랑내기할래,2024-07-16,1540
큐티샤이,2023-06-20,460
아이도루막내딸,2022-12-27,1498.33
이뚜얼래,2020-08-23,1005
도화가신지수,2022-01-21,1370.83
로아에억까가어딨음,2024-01-15,1460
아크조작범베아트리스,2023-12-21,1580
레카v,2025-03-14,1640
블래스터N수동,2021-01-02,1325.83
크림체리소다,2022-07-17,1460
비비고해시브라운,2021-10-13,1302
브커어카누,2024-09-11,1585
다만악에서구해주소서리스,2024-09-11,1609.17
이뚝딱임,2023-11-10,1415
은해결,2022-09-08,353.67
찬렬,2024-12-19,1585
힐없는ID,2022-07-07,1425
죽빵펀치,2023-12-20,51.67
소서하는멍뭉잉,2023-01-16,1340
JSaboteur,2024-07-20,53.33
1025독도미스트,2023-08-24,1415
뉴발란스임,2023-07-02,105
우산밀수입자,2022-07-15,228.33
J칼슈타인,2023-07-09,107.5
파괴자민잽,2023-12-24,1563.33
SoulofCloud,2024-01-09,94.17
꼼지오,2020-10-05,962.5
모촤르트,2021-03-22,490
두화가도아가,2022-01-23,1370
왜가리퍼,2024-07-14,1531.67
콩은,2023-12-23,1526.67
나에리,2023-01-27,960
이제부기,2024-08-10,1540
옛사랑고래,2025-01-20,1640
하디모,2023-01-07,74.17
또럄,2024-02-18,1520
뇽디붕,2023-01-21,1490
JokerDDing,2024-07-25,1528.33
착하게말해야지,2022-04-30,546.67
마이쀼쀼,2023-02-03,1490
얘도싫은데홀나바드는더싫,2023-02-09,460
뉴비사랑헤으응,2024-01-25,1490
어쩌긴뭘어째,2024-07-10,1541.67
광명도화,2022-01-22,1415
다못합니다,2020-08-31,1320.33
부펩파지민초,2024-08-06,1520
배럭도화,2023-12-23,1548.33
탕탕퍄퍄,2021-10-30,460
1년냉동모코코,2024-12-26,1640
Asyais,2020-10-07,945
전생했더니우산상인이었다,2025-02-05,1640
캐어뤼,2024-07-09,500
플땅콩,2023-12-31,1530
꼬소한결명자차,2024-04-13,1520
달은왼쪽으로커져간다,2023-08-08,1415
쟌발발이치와와,2023-02-01,1400
최진운,2023-07-20,121.67
대학원생에게도인권을달라,2023-12-09,1540
왜이렇게더워요,2024-08-06,1551.67
단단하고푸른광석,2021-05-09,1047.5
배마고,2023-12-23,1556.67
소라고동님모닥불을줄까요,2024-09-13,1615
아침기상하는응애,2022-07-12,600
낭만죠스바,2023-04-16,51.67
앵경붓,2025-01-08,74.17
S4MUEL,2023-02-09,190
햇빵지,2021-03-21,1325
MarinBard,2021-10-20,1403.33
J마리아,2021-09-19,193.33
냠냠나레,2022-07-22,121.67
한발늦은크라테르,2021-05-24,75.83
독고옥순,2023-06-22,59.17
zx지존화가xz,2024-01-21,1472.5
민트초코머스타드,2024-01-22,1540
땅요땅,2023-12-21,1580
시훈이욤,2020-10-02,920
고요한바람속윤슬,2023-12-21,138.33
18학번개딸피,2024-07-12,1520
홀나장인소서리스,2022-11-07,1600
유프릿,2023-08-21,1467.5
스카포트,2024-07-16,1610
쿤하르트,2023-10-14,1460
몸매는섹시섹시요,2023-02-02,783.33
도래한앵화룡,2024-09-26,1640
별하나의추억,2023-12-26,1465
이끼가낀활,2021-04-24,915
밤콩비,2025-01-21,1640
기상술사하루카와,2022-07-20,1100
수상하게도돈이많은그분들,2022-01-21,1370
저똥손아닌데요,2020-11-09,960
짱나슬레,2024-02-09,1325
어깨빵골절녀,2023-01-21,1505
넬라굿사형,2021-12-23,1302
수면취한사람,2024-11-05,1640
백색왜성파랑주의보,2023-07-24,1415
나비를그리는지금,2022-08-26,53.33
볼란데르,2024-08-30,1607.5
비가오는날기다리고있을게,2022-07-12,1477.5
새벽을그려,2022-01-23,1477.5
사령잠,2023-07-22,1500
영등동참새,2023-02-28,1470
내가바로야마모토망솜비,2024-09-23,1591.67
햇빛은따뜻,2024-08-08,1520
오뜨얌,2022-12-23,1490
꼬맹이도사,2022-01-14,1445
쩔쥥,2024-06-10,635
라타만,2023-03-08,460
꽁이멍2,2021-04-12,915
늙고병든벌레,2024-07-16,1610.83
무한성장도화,2023-07-03,1415
그저소울이터가하고싶을뿐,2024-07-18,1595.83
도내최고S랭크데런미소녀,2022-07-09,86.67
바닐라일락,2022-07-14,1340
신기한북극여우,2023-12-24,1540
각곽이,2023-11-02,1482.5
낫을든골룸,2023-08-05,1496.67
임닥불,2024-09-14,1585.83
고둘팽이,2022-12-21,1415
사실이건막대기야,2023-06-12,1584.17
쥬니포키,2022-08-31,1415
닉네임을뭘로지어야하냐,2023-07-29,1415
그리해줘,2023-07-28,1415
충격받은동동,2023-07-01,1420
깝휘,2023-10-30,1437.5
송깐누,2022-11-22,1560
방탱춘,2024-02-28,1520
낫보샤,2023-07-21,1472.5
막내닭,2022-07-08,1490
꿀미쓰,2024-08-31,1640
치명안뜨면우는아이,2022-07-29,1445
장난감카타나,2024-12-26,1640
인어도둑,2023-06-30,1465
도구인줄알고받았는데딜러,2022-02-28,1370
00군신00,2021-07-09,70
미씽,2024-08-25,1540
한지원v,2024-02-11,1600
kayori,2024-04-16,1402.5
마음이큰누나가좋아요,2023-04-10,1334.17
마리린귀여워,2020-08-22,877.5
내이름은게살버거버거죠,2023-10-09,215
도아가는오늘도즐거워,2022-09-14,1374.17
제법귀여운아이,2023-12-22,1460
움윰늄,2024-10-06,1592.5
콤보하수,2023-12-23,1541.67
흐냠이스,2022-01-31,1460
원툴남,2021-03-18,1365
티세스,2021-07-30,913.33
플라앤,2025-03-08,1640
롤리폴리쉣쉣,2023-12-23,1523.33
보수금,2023-12-21,1540
피의블러드학살자눈사람,2024-09-17,1611.67
레드스틱조력자,2024-09-22,1640
성모의눈물,2023-02-15,1340
냥냥석,2024-07-29,101.67
마상란,2022-07-09,1340
오빠그건피해야지,2023-12-05,1460
저보다훨씬강하시네요,2024-01-06,1520
알알의알알,2022-01-23,1302
리썰,2024-10-13,1640
설갱쌀,2023-11-04,1490
오이카와츠라라,2023-11-03,1531.67
브커외길인생,2023-12-20,1543.33
살펴봄,2023-10-31,1500
Sarena,2024-07-12,1595
항상밝게빛나는나의별,2023-12-20,1460
o정다솜o,2023-01-18,1370
공민,2023-12-23,1568.33
류레히,2022-07-20,460
설향인파이터,2024-07-14,1603.33
귀요밍밍,2023-12-26,1545
대장종환,2024-07-24,1520
군주뢰섯,2020-10-14,915
냥냥달리냥,2023-08-01,1415
암흑x천x,2024-07-16,1520
명림선아,2023-03-15,1385
플로랏,2023-07-22,227.5
슉슉슥삭슥삭,2024-07-11,1520
리끼얏호,2023-07-06,90.83
카드한대맞아봐,2024-07-11,1560
권왕은사람을찢어,2024-09-01,880
새벽밤낫,2023-07-23,1415
리미워로드,2021-11-18,302
권황십이식,2024-09-02,1571.67
민속촌가든,2024-08-07,1520
나빛나,2023-12-20,1520
회복성없는양지,2023-08-29,500
벚꽃눈물,2021-03-01,1005
쵸코오빠,2021-03-12,1314.17
별빛으로피는꽃,2023-07-01,1501.67
권왕파천모,2024-08-09,1590.83
반했됴,2024-07-17,1523.33
권사뚱순이,2024-07-13,1565
악랄한미친빌런,2022-01-24,1475
장창부대,2023-10-28,1580
싸개둥,2023-12-20,1460
욤은파푸니카엔피시에욤,2024-10-17,55
Eavan,2023-12-23,1546.67
스카이트,2021-09-06,1415
쎄스커,2022-12-14,302
딴따라샤샥,2024-07-15,1588.33
랏폿의도아가,2022-01-30,1415
꼰칲,2021-03-22,1325
바드하는수정고양이,2021-08-31,102.5
개묵이,2021-08-25,714.17
유리프로하스카,2022-06-14,1415
버서커닷,2021-04-24,927.5
먹어개구리,2023-09-28,1415
ShinDy,2021-05-25,910
분노조절못햐,2021-05-01,599.83
난졸릴때윈드밀을추곤하지,2024-07-13,1533.33
세키밍,2024-09-16,1568.33
적이주,2023-07-20,1495
SyLove,2024-07-15,1580
소고기는발탄,2022-07-10,1394.17
Lr의Sr랑S2,2023-10-22,1600
따라서왔어요,2021-07-06,70
토리냠냠이,2022-10-07,1430
반갑슴니담,2024-01-07,1460
Hyalin,2022-03-16,1302
여우비맞는우산,2022-07-07,95
부슈슉,2022-08-11,460
Ameixa자두o,2023-07-20,1490
언뽀기븐,2023-05-19,59.17
버스트블레이트,2023-01-28,1385
한현R,2024-01-12,1543.33
리자몽도자몽이다,2023-12-20,1551.67
비바체프레스토,2023-01-13,1100
날씨식,2022-07-11,1460
미트볼티라미슈,2024-07-10,1540
디칸터,2024-07-17,1595.83
나만없으,2023-11-21,1420
아가도아가에욧,2023-12-21,1510
해치기린,2024-03-07,1520
우제의쌍용코란도스포츠,2021-08-29,1370
천양의멸화,2021-12-27,1307
또내가먼저죽었네,2022-08-04,63.33
쥐득,2024-07-30,1541.67
바드헤온,2024-10-31,1640
로아는열번째애오,2024-07-10,1605
지아1호,2024-09-05,1531.67
전Mariel생,2022-03-17,1302
새여루,2023-02-07,1495
붕긋,2024-07-12,1585
권왕군단,2024-07-12,1551.67
창술덩덩,2022-03-26,125
부채한도,2024-08-03,1640
푸우린이,2021-09-30,1302.33
마카롱샤벳,2023-01-06,1340
SNASUYA,2021-07-31,1415
응애나기상술사다,2022-08-27,1440
클럽에비뉴,2022-07-09,1415
경마공원토르,2024-05-07,1100
오늘도유지민,2023-06-29,1452.5
아가가되,2024-06-23,500
팡견사의네기,2021-10-03,1420
퍼리온,2024-10-12,1541.67
애콩콩이,2024-05-26,62.5
하지매마씨떼,2024-09-15,1540
잇져,2025-01-28,1640
도아가700,2022-01-25,1325
위잉위잉피슝,2021-12-25,74.17
이꼥,2020-09-08,1029.17
똥닦는티슈,2024-02-19,1536.67
갑자기때리고난리야,2024-01-26,1280.83
원소스테리,2025-02-13,1640
백스탭마스터,2024-07-17,1603.33
이름이뭔데이름이,2021-09-04,260
Cowpea,2025-02-21,1640
인파시잉,2021-06-14,1325
익스프레스원소술사,2022-07-21,145
이태원싼마이,2022-09-11,57.5
사이쥰,2021-03-26,1325
하늘을그리샤,2022-07-21,153.33
쇠로만든우산,2024-01-21,1460
에코강,2024-07-18,1520
SSudIS,2021-09-13,1430
별똥별이떨어지는그곳,2022-01-07,1302
세페느,2021-05-09,70.83
잠시만차지좀요,2021-03-17,1042.5
지댕콩,2024-12-28,1640
한여름배마,2024-07-12,1540
동탄미시룩북,2023-12-21,1541.67
고스트쉘,2020-11-14,1340.83
하프리라라,2024-07-20,1550
뭉사신,2023-11-08,500
채단채단,2024-09-09,1558.33
축축한눈빛의아이돌지망생,2024-07-11,1546.67
홀나츠구,2024-07-13,1520
따봉도화가야고마워,2024-01-26,1510
커피대신할걸찾고있는피넛,2023-12-23,1510
붓공주님,2022-01-23,1370
안아줘냥,2024-07-19,500
메리초롱,2022-01-22,1445
꿀밤꽁꽁,2020-08-22,900.83
애긔혜진,2023-12-29,1460
졸이어떻게려,2024-08-25,1540
뺭띠,2023-06-29,1402.5
진정한힐러는원인을제거,2021-03-24,1376.67
물몸이라도맞딜하고싶어,2024-07-11,235
허둥지둥세주아니,2024-07-15,1585
혈은지,2024-02-14,1500
제가잘바드림,2024-08-02,1630
이거방탄유리야개식기야,2021-04-10,370
아기다리I고기다리I던,2022-09-02,604.17
Teraga,2021-12-24,1302
따앜콩,2023-12-21,1540
x용기사x,2022-01-05,145
더조은황사방역,2023-01-22,1340
S2bombom03,2024-06-20,66.67
초코파이두개,2022-04-14,1460
창천K,2023-07-11,1500
뽀오함마,2022-12-25,1399.17
턱돌리는파천섬광,2025-02-10,1640
칠성사이다맨,2024-08-03,1550
눈일까비일까,2023-01-30,148.33
울라불라블루쨩,2024-07-14,1590
뭔말인지아시죠,2023-12-23,1528.33
옷감금지,2022-12-28,1500
흥부여,2024-07-14,1540
르힌,2024-08-09,1600
너가그러면안되지,2021-03-22,1336.67
건랜스도장사부님,2021-07-10,1325
도안지이,2024-07-12,1520
흠런볼,2024-08-03,1540
노모쇼,2024-03-21,1100
빡유핑,2024-12-19,1585
수령도사,2024-06-01,1620
지고의화염이프리트,2021-04-12,1316.67
24시무료안면마사지,2023-12-20,1545
아리냠,2024-02-26,1600
똑OI,2021-08-08,1325.83
등군K,2023-12-20,1538.33
호량야,2024-08-03,1548.33
양쪽이양,2023-07-22,1417.5
로헨델하프전공,2023-01-08,1414.17
블레지약캐,2024-07-12,1585
스나리치,2023-04-11,1492.5
간장치뀐,2022-12-26,1415
장시호,2024-04-12,1593.33
생명력회복시켜줌,2023-08-13,1500
안심하세요데런입니다,2024-07-13,1550
장해찬2,2024-01-09,105
충청남도고니,2023-09-20,1581.67
새로살구맛있어요,2024-06-15,500
인사가없네요,2021-08-16,1302
노블리퍼,2023-12-25,1477.5
노블브레이커,2024-05-11,95
오른뺨치고왼쪽뺨도치기,2023-12-20,1475
악바리걸,2024-10-26,1640
rdrdd,2022-03-01,223.33
익재형이,2023-10-21,960
쏭하기공,2024-12-19,1610
응애범블비,2022-07-09,260
메리츠화재손해보험,2023-07-02,1420
음대생히마리,2023-06-08,1370
하프메,2023-09-12,1415
메리파랑,2023-07-20,1490
딜임당,2021-01-28,900
미츄리쟝,2021-04-13,1362.5
아가코스프레,2023-02-01,1460
뜨또오,2022-12-22,150
서머타임ado,2023-07-19,1490
사회복지,2025-01-16,1640
고기방패팡야,2021-08-05,302
아오삼촌캣닢,2024-07-13,1587.5
스루진,2024-02-23,1520
트폰10,2022-07-07,1415
봄날에내리는별,2022-12-23,1460
자기건물깨기,2024-08-10,1460
브레이커하는라기,2024-05-10,1520
스커한나비,2022-05-20,302
감자캐러가는중,2024-07-14,1520
Strezz,2023-07-03,1440
목min,2023-07-11,1460
호왕오왕,2022-04-10,600
요즘날씨가추워,2022-12-23,1490
꿀꼬구마,2024-03-15,1540
오랜친구,2025-04-03,1640
암살고먐미,2022-07-12,1380.83
볼쪽에붓터치,2023-08-30,140
이희덩,2021-05-17,1027.5
BJ카게,2024-02-17,1620
뜌류휴쥬뮬류규,2022-12-22,1400
비니II,2024-09-22,245.83
rddrdr,2022-07-07,1415
폿꾼,2024-08-08,1592.5
꼬마즈,2022-01-24,1335
이서머너가명한다,2024-10-23,1640
레아만믿으라구,2022-07-09,226.67
남새힐,2022-08-30,106.67
연상의천주OvO,2024-09-01,1593.33
와우도아,2022-01-30,1340
킁킁오소리,2024-12-22,1640
소매치기전과26범,2024-02-27,500
또레이어,2023-01-18,1340
롤로노아세현,2021-12-25,1302
정화블레,2023-09-12,1503.33
나는전역했다,2023-12-27,1543.33
류믿,2024-03-10,1561.67
카에루칸,2022-01-24,1302
흰됴먕,2024-06-25,1490
음특한토끼,2024-10-12,1640
브레이커DD,2023-12-23,1465
호크탱,2024-05-20,500
플루미넬,2022-12-22,1340
소운이스,2023-07-21,1490
흑사자패왕권,2023-12-22,61.67
읭식이이,2024-07-18,1520
레오나스이라규,2022-02-13,107.67
무엇이든막지못하는방패,2021-07-25,1422.5
ball3,2021-03-25,1342.5
천상의아바타,2024-01-19,1480
필승투지,2023-12-20,1580
oo발컨이당oo,2021-09-18,1302
바들버들부들,2020-12-24,605
소맥소믈리에,2022-01-26,1325
고독한무달e,2021-08-20,1309
짭툴툴,2024-09-24,1610
어흥꼬부기,2022-07-11,1432.5
로헨델의여명,2021-07-08,1385.83
주신찬가,2023-10-05,1487.5
기팡콘,2023-01-08,1460
매직문지,2022-01-23,1465
INTP와친해지는법,2022-12-28,1470
검단향,2024-07-12,1520
네콩인파,2024-12-23,1585.83
벼라찡,2021-12-23,1302
그으냥바다거북,2024-07-13,1520
로봇핑,2024-10-07,1540
Leiy,2021-05-30,1000
16비트흰늑댕,2023-12-25,90.83
인턴사원죠르디,2022-12-22,1482.5
이재규,2024-09-09,1520
물빛양,2024-09-27,1600
양차스,2022-08-26,1583.33
섈럽,2025-01-05,1640
뿌링콜팝,2025-01-20,1640.83
가을에내리는,2024-09-28,817.5
하프므릿,2024-01-10,1541.67
또토낑,2024-12-31,1640
우문찬,2024-09-03,1546.67
방뚜방뚜,2023-12-27,1475
직화구이전문가,2024-09-20,1520
킴시월,2022-04-22,1503.33
핀됴,2022-12-29,130
미뱝,2022-07-11,1303.17
미국산한우고기,2023-01-14,1590.83
참칫살,2021-12-23,1325
INBACs,2022-01-23,1480
상상도못하겠어나,2024-07-10,1589.17
맑은반재하,2024-07-14,1540
사신루민,2024-09-06,1520
알원툴,2023-01-29,1340
붓으로피우는꽃,2024-07-25,1541.67
세상을구하는기상술사에요,2023-04-05,1415
삼다수명,2024-10-30,1640
졸피드,2024-12-27,1600
리쌈,2021-03-12,1360.83
재뭉크,2023-02-17,1340
좌해,2021-03-17,1352.5
No1Dustsir,2021-09-16,1452.5
초콜릿잼한가득,2023-01-19,220
로악귀서머너,2023-01-23,1415
주먹질프린세스세일러문,2023-05-01,426.67
도단풍,2022-01-12,1370
Neca,2024-09-14,1610
내이름하지마,2024-12-25,1585
여니옷장우산도둑,2022-07-06,1475
파푸댁,2024-05-13,1460
건전한사람,2023-12-27,1521.67
미호뀽,2024-11-23,1640
차냥의시간,2025-01-10,1640
강애지,2024-12-19,1585
푸른하늘반짝이는바닷별,2024-04-17,500
냥랑,2020-08-23,917.5
공멍,2021-05-18,293
장데붕,2024-12-20,1640
동탄찜질방수건도둑,2021-03-21,1035
무적의벌꿀오소리,2021-10-03,1415
13번쨰종말,2024-08-19,1580
파토아,2022-08-01,52.5
뒤에서난도질,2024-06-11,1540
안녕동스트라이커,2021-10-01,1302
윤점,2023-01-22,1385
둥그런달,2024-07-14,1585.83
알로에과자,2023-01-18,1430
피땀,2024-07-14,1596.67
낫들고끝까지따라감,2024-07-01,1460
귈러,2023-07-04,77.5
서머너님그자리제자리인데,2024-07-10,1540
단서누,2024-07-13,1613.33
요로미,2021-12-06,1415
재민D수라,2024-08-03,500
영혼의꽃기상캐스터,2023-11-18,1520
프레디복규리,2024-07-16,1520
모코코마시떠,2023-08-21,1415
앨리웁동쿠슛,2023-12-21,1467.5
쉘오,2021-08-23,1366.67
연준응애,2023-09-28,1511.67
토깽민민,2024-07-12,1595
기상캐스터수진,2024-08-29,1600
moo잎,2023-11-14,1485
마스터사이,2023-02-12,1540
무도가혈해,2021-07-15,139.17
마스터안드로마케,2023-07-22,1493.33
하카입니닷,2023-12-31,1460
도아가쿵해또,2024-07-15,1550
2024썸머,2024-08-21,1543.33
모질게포격,2024-09-09,1546.67
모질게난타,2020-08-23,1017.5
무반동박격포병,2024-07-18,1606.67
제물포의군주,2022-04-06,1385
우리집막내는붓쟁이,2024-06-30,500
중전봄,2024-08-22,1540
하얀붓으로,2024-08-31,1585
저무는달이되어,2024-07-17,1533.33
돌아간복자,2023-07-02,1417.5
아름다운숙자,2022-12-22,1332.5
애쁠,2024-12-21,1640
MadPhantom,2021-07-12,1302
무드론2,2025-03-01,1640
주인님모닥불피웠어용,2021-08-13,1355.83
똑똑한감자,2023-01-29,1340
랜스든사람,2023-10-20,1600
강플리,2024-08-10,1540
마도베비,2021-09-04,1430
석류과편,2023-01-19,1340
팬텀버블,2023-12-25,1580
츄아정,2024-09-01,1640
키티모닥불,2023-03-07,1063.33
적코콩,2024-07-11,1592.5
바나나몰,2024-07-12,1540
불빠따나가신다,2024-07-16,1520
초코빠나나깡,2024-09-22,1540
큰술,2025-01-07,1640
버터플라이라넌,2024-10-25,1620
뽀승승,2024-05-23,129.17
에드씨,2024-07-22,1540
꾸왕파천무,2023-12-23,1460
속삭이는궁둥이,2024-12-22,1640
미러커,2023-03-16,1460
도박할거야,2024-11-02,1640
바드럭덕,2024-07-11,1520
움환,2023-04-16,1580
보급형신세경,2022-08-18,1442.5
로스크스,2021-08-29,583.33
상소다연,2024-07-15,1603.33
밤영갱,2024-04-14,1520
영물아리,2023-12-22,1460
고기워뿡,2023-04-22,1583.33
자두맛서유니,2022-07-07,1460
대산불망치,2024-09-13,1600.83
스뷰쏘,2024-07-13,1521.67
삐약이드래곤,2023-01-19,1340
검도장관장조씨,2024-07-22,1520
흠낭,2022-08-12,1340
탕팝스,2023-07-17,1485
로드킬장인킹로드,2024-12-19,1640
보스컴퍼니수장,2024-07-27,635
쿤쯔쯔,2024-07-15,1523.33
오늘부터워로드하자,2024-07-16,1520
계피자,2024-07-29,1593.33
만타곰,2024-07-12,1585
예수의대속,2022-12-24,1340
흐미한모코코,2024-07-15,1521.67
첫만남너무어려워,2024-07-17,1550
씽고추,2021-09-03,1355
마리아델라이드,2023-12-25,167.5
원기옥던지고싶어서키워요,2024-02-08,109.17
xFirst,2024-08-23,1540
바루댕,2021-07-09,1370
나만살아남은,2023-11-05,1415
평택고덕삼성반도체공장,2024-09-24,1640
링기신,2024-02-27,1460
셀란느,2023-11-10,1530
토모에비즈카,2025-01-06,1640
I조화I,2021-03-09,333.33
RAltare,2023-08-13,1493.33
호호소울,2023-07-20,1516.67
겅한디붕,2024-09-04,1600
새콤초코,2022-01-23,460
벤야비,2022-02-09,75
RAYBOLT,2024-08-09,1525.83
고기마을마늘신선,2024-07-11,1520
사과마을감귤신선,2023-12-27,1477.5
필검신,2022-01-24,1325
변함없이사랑해,2024-07-10,1520
쿡잉,2022-02-02,1440
코기영,2024-11-05,1640
신마천공,2023-12-21,1595
뿌우우웅,2023-12-22,1480
야아도화가먹물시간이다,2022-01-23,1371.67
억울한오형짱,2024-02-19,500
우리집사는파OI를좋아해,2021-07-14,1415
우삽쁭,2024-06-23,642.5
최강김준혁,2024-10-11,1540
닉변추천좀해줘요,2024-08-18,1590
니키냥,2022-01-21,1302
샤르르아가,2024-07-14,70
슈펠만,2023-10-15,1425
비대면어게이,2024-07-11,1520
키보드W빠짐,2024-01-16,1521.67
새침한자몽,2024-09-10,1490
거니뷰,2023-10-10,552.5
큰거미,2023-08-11,500
모얀로드,2024-07-16,1593.33
BURUGY브레이커,2023-12-24,1510
하이터치메모리,2024-09-08,1540
해텨,2022-01-15,1330
먹물파스타전문점,2023-01-16,57.5
은규우a,2024-08-26,1526.67
모코콩우산,2022-07-08,1340
단빠,2021-08-15,1325
TRYMAN,2023-02-02,1460
혀어어헝,2023-06-20,302
맛있어서좋아,2024-07-11,1545
블덴비,2024-07-13,1520
대한유화,2021-09-01,1415
요술공주리혜아씨,2022-01-24,1447.5
뛰기,2024-09-03,1592.5
알맹이줄게,2022-10-20,308.33
홍슈냥,2022-12-31,1432.5
김밥집단무지도적단,2024-10-06,1610.83
치야야호야야,2023-02-18,1340
예꿍도적,2020-12-02,482.5
김지수보유국가,2023-01-30,1480
태풍클럽,2024-11-20,1640
욱주먹,2024-08-19,1540
암뱌사,2025-01-09,1640
가슴이하라고협박함,2024-10-10,1125
갓갓젝스퀸,2023-07-20,1415
짱수리어서오고,2021-01-02,1050
쵸우파,2024-08-21,1565
내가사나워진이유,2024-07-30,1540
rclrcl,2023-12-26,1585.83
홍기랑,2023-06-30,1490
깅로안,2024-07-12,130
효댐,2021-01-21,960
동네단검,2023-12-22,1550
상갈배틀마스터,2021-03-27,840
버프는주먹,2024-07-14,1607.5
어린마앙고,2024-08-04,1528.33
박파머,2022-09-25,1375
무력파괴카운터기믹종해종,2023-04-07,1485
월하의화원,2024-11-05,1640
신정동목사,2023-12-18,500
우산슝슝,2023-01-25,1340
갈비구신,2023-02-07,1340
또리학태,2024-01-28,1415
포리테미스,2022-08-26,466.67
질풍노도의시기엔우산을,2023-01-01,1460
하동와,2023-12-25,1540
섹싀가이훈,2023-01-19,1340
Zoo0,2023-12-20,1510
힐안쓰는누나,2022-12-23,1503.33
행복한마을의연두부,2023-12-30,1470
안먹으면x키뽑음,2022-12-21,1340
아침토리,2023-09-17,1415
도화가를죽여라,2024-07-10,1520
빛의속도로죽는다,2024-08-30,1490
아가늘곰이,2022-12-27,1452.5
바드가왔어요,2023-12-28,1460
이웃찡,2024-07-11,1600.83
대흥동개병2,2024-07-13,1520
산약초쉽게찾기,2022-06-05,1415
안녕멍문지,2021-04-18,1335.83
유뿡초밥,2024-09-27,1553.33
살궁아엉,2024-08-30,1580
스트란드,2022-07-13,70
세리아리,2024-07-11,1585
생갈치팔아요,2022-02-06,1380
재미난소개팅,2023-11-23,153.33
고양이귀컨트롤,2022-01-30,1445
빈이얼굴에범가르기,2024-07-16,1591.67
조커시치,2023-09-06,1580
철권의이소룡,2024-11-25,1640
그림자활,2020-08-28,430
갠뱅구,2024-07-14,1540
블론트,2022-05-25,302
건화화,2024-08-27,1545
개쓰키,2024-08-18,1535
Vulnere,2021-09-18,1302
JohnWiCked,2024-11-02,1592.5
따키마쓰,2023-07-20,1415
쏘씨네,2023-11-11,1584.17
야래야래쉬입덕팔봉이,2024-07-12,1585
망고를유혹하네딱걸렸네,2021-09-27,1053.33
멜현,2023-09-13,1490
지지는실드같은거몰라,2022-07-09,1415
VRE,2024-07-05,500
유먹먹,2022-01-14,1302
나도소히,2021-03-21,1005
틀니낀강아지,2024-08-29,1540
넬하비,2023-08-04,60
박닉지,2024-08-26,1548.33
폭도르르,2024-11-29,1640
바비완이,2021-11-04,1000
야마모토요시노부,2024-09-30,1520
민초오뎅,2023-12-22,1515
반또로,2024-09-26,1640
Ty뽀비,2022-12-22,1394.17
반여래,2023-08-23,1460
노랫소리퍼,2024-09-16,1640
0첼로시아0,2023-12-23,1521.67
포나다,2021-07-09,950
동네예보관,2024-06-11,1508.33
해바라기반젤리도둑,2023-07-23,1525.83
재쏭릐,2021-10-23,127.5
LARL,2024-07-30,1540
이속2,2025-01-10,1640
파구먀,2021-09-03,1415
남녀노소불문주먹,2021-11-15,460
강근식의리퍼,2025-01-22,1640
달빛속여우비,2024-07-11,1520
창든춘자,2024-01-14,1515
어둠아래의산책길,2023-08-20,1415
실랸,2022-07-17,55
starCLC,2023-07-21,1465
외국인배마,2022-03-26,1370
청안의권녀,2023-03-11,51.67
슈슉청개,2023-11-04,1550
TEL1EPORT,2022-09-19,600
뭘보노보노사람좋아보이나,2024-07-16,1540
별야운담,2025-01-26,1640
슬레9999,2023-09-12,1620
워구99,2021-11-30,1541.67
샤르에,2024-09-15,1600
barafa,2022-12-22,1490
새하얀골반,2022-02-16,1370
푸조비니,2023-09-20,1460
녹색전차해모수출동,2023-05-05,302
아이언범,2024-10-18,1566.67
슈퍼화이어다그온,2024-10-31,1640
파천섬광박으면꼼짝못해,2024-07-17,1600
가운입히려고만들었음,2023-07-30,1462.5
브레이커블비,2024-02-28,1460
멋지다김현수,2024-12-19,1610
양꼬치장어도리탕,2024-05-14,635
샤라짹,2021-03-14,1050
소서리스힝,2022-09-14,1508.33
캔디알탕,2023-11-02,1520
머터호,2024-06-15,1475
한복좋아해요,2023-10-21,1415
고덕구,2024-08-30,500
Amefan,2022-01-16,1373.33
잔혈통제할게요,2024-07-13,1565
파레커,2024-08-16,1540
FragileEggs,2024-02-12,77.5
개미다다,2023-09-18,130
파릇한모꼬꼬,2023-07-01,1475
김태일o,2023-12-20,1540
낭만의방패,2022-08-07,1100
5일굶은강형욱개를먹을까,2024-07-16,1558.33
어쩌까요,2024-06-21,93.33
우주최강우찌,2024-09-08,1541.67
쿠니먕,2024-09-04,1600
꽁빈2,2022-09-28,593.33
SAm림,2024-09-06,1520
조호잇,2024-10-17,1543.33
듀얼고수가될꺼야,2024-08-05,1525
나도못하니깐화내지않기,2022-07-06,1396.67
랄프왕응봉이,2023-12-25,1460
Scytheee,2023-07-24,1495
봄비꽃내리는,2022-07-07,1422.5
국가대표검두선수,2023-10-03,1540
노을너울,2023-10-28,805
수족냉증엘사,2021-03-21,1367.5
아가문주,2024-08-25,1610
구상키트,2024-07-14,1595
이세류,2022-01-21,1302
이여람,2024-11-05,1640
장희수,2024-12-08,1640
건담블래,2024-09-17,1540
karunani,2023-07-26,1601.67
단낭화,2023-12-27,1556.67
lv01타닥타닥,2023-11-22,1445
긔여운딸긔,2024-07-15,1595
라부릅,2024-08-24,1566.67
엉덩이잡아줘,2023-07-01,1490
잠실날씨맑음,2022-12-22,1340
베어는그림쟁이,2024-07-11,1520
주먹깡미,2024-07-11,92.5
몽니네슬레,2024-07-15,1580
빵디뽈록빵빵,2024-04-13,1447.5
Fail노트,2022-12-24,1370
혜뜐,2023-03-12,1475
썽규님,2024-10-05,1563.33
슈뢰딩거의아가,2023-04-10,600
쌍띠망,2024-04-02,1540
블니딱딱,2024-01-26,1580
백스텝잘못밟아서죽음,2022-04-06,1415
히사쥬쥬,2022-02-16,1365.83
스노노,2025-02-14,1640
분노의밤,2020-08-22,1037.5
딩바오,2024-10-29,1528.33
브레이커김용기,2024-07-14,1521.67
야옹여도리,2021-12-30,1562.5
enda1,2022-07-28,1430
숙지안함,2023-09-20,192.5
뇽룡이,2024-06-15,1611.67
땡주화,2024-09-18,1640
김코코로,2021-05-23,370
하프라코,2022-07-09,1340
잔연화,2022-05-25,513.33
우산때때,2022-12-18,51.67
찍먹펩시파인애플푸라닭,2022-12-25,1480
궐증,2021-02-12,1335.83
멀쩡한닉을생각할수가없어,2022-07-18,1340
님도아가야,2023-04-29,1540
배꼬비꼬비,2024-10-07,1520
바드땅,2024-07-12,1520
뿔렁,2024-05-26,500
홀에앵,2024-07-15,127.5
이인디,2022-07-15,1408.33
Armata279,2023-12-27,1510
제이디슬,2023-05-08,1415
눅눅한도리토스,2022-09-26,1490
팬지야,2022-07-14,460
nacgi15,2023-11-21,1415
올피건스,2021-03-08,1336.67
쵸링비,2022-07-10,1340
겨울비잉수,2023-01-23,1445
초승달밤꿀,2023-02-07,1460
줄리마네,2020-11-13,1355
흥개,2022-10-03,1302
메론듬뿍크림빵,2024-07-15,1600
호떠기반죽,2022-01-14,1302
THE10,2023-07-09,1490
아비융,2024-12-11,1640
석양의퀀,2021-06-02,1050
아무튼머리없음,2024-07-17,1590.83
FirstWiskey,2024-10-29,1640
Sakarin95,2023-01-21,1340
xHYANGx,2024-08-22,1540
뛰에도뛰에바,2022-10-31,573.33
햄례,2024-07-12,1533.33
대재학지지해,2024-05-01,500
사이동살쾡0I,2023-10-30,1437.5
파파브로트,2022-04-30,600
과즙소율이,2024-10-12,1541.67
홀뎃,2023-10-10,110.83
차헤은,2022-10-01,361.33
찬란한순애,2024-07-30,1520
엣셀,2024-12-19,1640
복부기상,2023-01-20,1340
스요이,2025-04-02,1640
길드에바드가없음,2024-09-03,1610.83
가아가도아가,2022-09-30,503.33
피카쑤,2022-01-24,1325
슈르디루,2025-01-25,1640
영혼없이기도중,2024-07-17,1520
겨니닝,2024-11-19,1640
디붕이강해요,2021-08-12,1302
리넘강,2020-09-29,927.5
미션잉파서블,2024-04-12,1340
카드캡쳐쭈,2023-07-20,1490
섯툴,2021-07-09,1302
모코코스트리트,2023-07-19,1415
경주초,2024-04-23,190
김삿갓내놔,2022-05-06,1325
저녁별그림자,2022-07-21,192.5
아에리002,2024-07-13,1540
자기야침착해기다려,2024-12-16,1640
김치민트막걸리,2024-07-25,1520
노래A,2024-07-18,1528.33
KN3,2024-05-06,1540
블래스터에진심인편,2021-08-13,1325
엘단테,2021-11-09,65
뢇룷,2021-09-03,1370
l어어때리지마라l,2023-10-14,1415
르루피,2023-01-19,200.83
창쓰는너굴맨,2022-02-18,302
내월급251550원,2024-08-12,1520
여리여리한브레이커,2024-01-16,75
건낙송,2023-03-09,1472.5
내가그린먹물기린그림,2024-09-18,1587.5
넋혼,2024-03-02,1581.67
Sonoir,2021-09-16,1445
레골라스레골라스,2023-08-25,1475
냥타림,2022-12-21,1340
소울이터의권위자,2023-08-01,1415
저스트뉴클리어런치,2021-10-08,1370
순은으로정화를,2020-08-22,900
제로히메,2024-12-13,1640
노새신,2022-06-07,95.83
카리나4,2024-07-22,1523.33
월하사자,2023-08-06,1472.5
Beinglazy,2022-07-07,1370
꼬마대파,2024-04-16,1465
홀리쮜옛,2021-03-27,1325
눈꽃에비치는달과별,2023-08-19,1415
훈이빼고놀자,2024-07-17,1588.33
빈최고다,2022-03-09,1337.5
개파이떠,2024-08-15,1560
응앵앍,2024-07-29,1591.67
봄루몽,2024-12-24,1640
믜남,2023-12-22,1487.5
색칠햐,2024-09-10,1601.67
김채원y,2023-10-26,1460
브레에에에,2023-12-20,1515
로아쉽나요,2024-04-29,1292.5
일기예보모르는기상술사,2024-02-14,1578.33
달큰바삭붕어빵,2024-09-30,1520
안지영이랑손하트해본사람,2024-01-25,1525
종이캔,2024-08-13,1531.67
좋소기업회장,2024-09-13,1610.83
i4M,2024-07-14,1586.67
별하미르,2021-04-25,221.67
제로슈가팝핑캔디,2024-01-03,1510
새벽결정체,2024-05-01,72.5
Thaw,2020-08-22,1341.67
쿠앤크브커,2024-10-31,1520
창술프뤼,2023-07-20,1560
AppleDrops,2021-03-27,900
파티원에게먹칠,2022-08-30,1340
초코코디담당,2024-12-15,1640
아가수냥,2023-12-23,1575
죄송합니다제가그러려던게,2024-11-23,1640
오이숙코,2023-07-03,1485
아키르없다니까,2024-07-10,1548.33
HealWeGo,2022-02-26,783.33
치료사가물리면물리치료사,2023-12-29,1584.17
공증포션,2024-07-13,1533.33
레메디아,2024-07-16,1520
젤라또토마토,2024-01-04,1460
블래스터가즈아,2024-07-24,1540
aquaS02,2024-07-14,1585
영일권,2021-09-04,460
꿀밤강정,2024-01-24,1520
달달헌터,2024-07-10,1536.67
응애가호해주면안아파,2023-05-20,486.67
민이몽셸,2023-10-18,1501.67
오늘날씨는설렘,2022-07-09,1361.67
찬지연,2022-03-18,1314.17
홀리바림,2021-05-13,61.67
아닉네임뭐로할지정말모름,2024-07-14,1520
벽자완두콩,2024-07-13,1526.67
어디가뇽,2023-02-05,600
내일날씨이슬비,2022-12-24,130
너의작은도아가쨩,2022-01-22,1445
도래미파소울,2023-07-22,1450
오수경,2023-12-21,1580
다다우다,2024-02-09,1580
고구마인가유,2023-09-21,61.67
강한동빈이,2022-01-09,51.67
오늘의칼침,2022-12-23,1445
타대딜러가되고파,2022-10-10,111.67
낫나냥,2024-07-09,500
재오버한,2024-06-17,500
밥오바,2023-01-18,1467.5
류롕,2023-09-30,1447.5
그사연,2024-05-02,55
밥남기지마,2024-09-02,1563.33
유이텐,2024-07-14,1523.33
혜쪽,2024-09-02,1575
묘란,2024-07-13,1602.5
왕고래,2023-12-21,1543.33
모광,2024-06-22,108.33
아브냥둘러치기,2022-06-08,1325
염형령,2023-11-14,1415
EGAKU,2022-04-08,1437.5
구름유치원달님반,2022-08-01,586.67
도아가씅씅,2022-01-22,1415
삥쀠,2024-07-13,1600
만개꽃Baby,2023-11-11,1460
99세피철인의마지막축오,2024-07-13,1563.33
하니퍼,2024-04-03,150
돌돔맛석류,2023-01-21,1460
홀리버섯나이트,2022-07-08,1415
단앨,2024-05-12,1541.67
꾀요,2023-12-25,1548.33
스노우플리크,2024-07-08,58.33
킹스몬골든서클,2023-07-01,130.83
소현아르,2023-06-23,1505
NYAU,2024-01-06,259.17
피치빈,2021-11-05,1445
하양빈,2021-09-15,1370
로로기상임,2023-08-15,127.5
동네워황,2024-08-02,1526.67
포르투나북치기장인,2022-09-01,546.67
김서남,2024-10-28,1620
일식재생기,2022-07-11,1465
모르핀한방,2021-09-21,1302
뚜라,2024-02-15,1543.33
xaehyex,2024-08-21,1585
쾌락의뇌호격,2021-12-22,1302
냉수좋아,2024-07-12,1540
입솅로랑,2023-02-17,1490
생활그림자,2020-10-24,915
또유정,2024-07-07,500
조연소,2023-02-22,1460
예술가90,2022-01-29,1302
원더워뭔,2021-04-25,1343.33
진중권,2024-09-06,1526.67
달걀푸링,2021-04-25,1355
유리노이어,2021-08-12,1331.67
바서희,2021-03-22,975
심리불속행,2025-01-06,1640
앵시주닝감자,2023-07-01,51.67
불꽃의비행,2023-09-01,500
저무는냥,2024-07-11,1545
리코타도넛,2021-10-29,1377.5
냥산양뿔,2024-07-12,1575
due아가,2024-07-12,1520
꼬마오땅,2021-01-21,1340.83
건강한육포,2021-01-23,1355
댕집네디붕이,2022-02-23,1326.67
동양화과새내기,2022-01-23,1455
baby여누,2024-07-16,1520
진페이지,2021-08-29,633.67
우리집개이름모니카,2022-08-23,1417.5
어둠의바나나,2024-08-25,1540
Mungkiki,2024-07-22,214.17
쏘울포바,2023-07-20,1415
조폭링린,2023-08-11,1503.33
무지성건우,2023-11-28,1415
화룡점아가,2023-12-22,216.67
대검에서,2024-07-15,1540
응애는패턴몰라,2023-08-12,1460
이웃집소울,2023-12-24,1460
1박2일,2023-07-01,1457.5
발등차,2024-08-26,56.67
온양이동욱,2024-07-13,1600
오행검,2023-07-19,1540
배틀로스,2020-12-25,962.5
시구른,2023-12-25,1545
그믐모찌,2024-10-04,1550
NWTK,2022-07-07,1415
이시루귀여워,2024-08-26,1540
수라쉐파,2023-12-20,1460
믕디밍디,2023-01-28,1420
일축갓,2024-05-07,1310
시꺼먼속내의홀리나이트,2024-02-21,1100
딜서폿의꿈은이룰수있는가,2022-01-21,1460
존잘원빈,2021-07-18,1326.67
치즈김밥b,2024-04-21,1520
홀리뱅님1,2022-08-30,1100
다시천천히해봐요,2023-07-25,1460
패서북,2022-02-20,1445
천문격,2023-12-20,1518.33
이쿠눈나,2022-08-03,1460
실리데빌,2020-09-08,962.5
공장노예1호기,2024-10-06,1640
왕주먹어르신,2023-12-24,1560
크브레커,2023-12-26,1540
SBS야인시대시라소니,2024-08-17,1550
L요지,2022-12-28,1073.33
Lipstik,2023-03-17,1340
도아라스,2024-11-11,1640
클럽미러볼도둑,2024-07-05,51.67
데궈,2021-07-09,1430
떠오른만월,2024-07-13,1595
송소미의친구,2024-01-05,1460
쳐다보면휘둘러버린다,2023-07-21,1510
20살의종건,2024-07-14,1530
참제비고깔,2024-07-25,1533.33
낙인미채용아가,2024-11-12,1640
신실성없는양지,2024-05-23,500
루체화,2024-09-03,1560
매으나아가,2025-01-02,1640
Hanlla,2023-12-23,1556.67
생동감,2021-09-11,1536.67
도라솜,2021-05-23,118.33
두방워황,2021-11-16,193.33
빠마한곰돌이,2021-05-02,1325
민쓰어,2024-03-31,500
포식하는파이리,2024-07-28,1540
자란당,2024-10-24,1585
나는커서김뚜띠가될거야,2024-04-07,827.5
포쏴맨,2022-12-23,1460
짱슬이,2025-01-05,1670
웅들갑,2023-01-21,1508.33
페르엘스네즈브나,2024-07-26,1540
술비,2023-12-20,1585
응애블레애오,2023-03-08,1380
akimi1118,2024-10-13,1585.83
뀨우리,2024-03-13,1460
흑피사냥꾼,2024-04-13,500
강남구불주먹,2022-10-15,1570
보급형폰지,2024-01-30,1526.67
유리빙수,2023-12-22,1540
메카죠커,2021-09-06,1427.5
이탈리아여행,2024-07-04,500
낫윤하,2023-07-21,1510
유근일,2021-01-28,1334.17
데쓰파더,2024-09-26,1640
랴뽀,2024-08-08,796.67
아우렐리우스,2025-03-25,500
L린트,2022-03-27,302
미어캣발바닥말랑,2023-01-30,1340
징춘식,2024-12-19,1640
김박신민우,2023-12-20,1460
0o극o0,2023-12-01,1540
기상청홍보대사뉴네,2022-07-11,1340
조뽕딱,2024-08-25,1540
하마는뚠뚠해,2023-12-20,1465
견춘설,2022-07-25,1475
가볍다아아,2024-09-23,1640
홐홐아미안해,2023-07-08,1475
에퍼론치노,2024-08-09,500
옐사이드,2024-05-08,1520
준영찌야,2024-06-08,500
알까먹기,2023-08-31,1455
힐밟으면내남자,2024-11-06,1640
티모대장,2024-02-07,1560
유성짱,2025-01-08,1585
ANGEL다현,2020-10-10,960
뮤구름,2022-12-25,1490
키샤멍,2022-02-18,1370
리드량,2023-10-05,1515
광기하는버섴,2023-06-16,302
크레페이프,2022-07-17,137.5
뚜기두밥오뚜기밥,2021-10-02,1370
뚭인,2023-07-19,1490
보어아웃,2022-11-15,1580
하프준이,2023-09-27,1445
시나모롤쿠션,2024-03-20,70
StelIaSteIIa,2023-09-18,1250
롭시,2023-10-04,500
해그리는천혜향,2024-09-29,137.5
도리야슬레할래,2024-10-02,1550
먹물로끄적끄적,2024-07-18,1460
토용빵,2023-04-06,1391.67
S2버프S2,2023-07-05,1530
방패든만두,2024-09-21,1610
성인웹툰무료보기업로더,2024-10-05,1610.83
바줌마가미안해,2024-12-20,1640
건렌스어딧지,2023-02-05,1340
딜한번해볼려고고기로만듬,2023-12-22,1580
조댕히,2020-10-16,915
연티즈,2024-07-12,1520
제주그린밀크티,2020-08-23,902.5
JJ9,2024-07-12,1528.33
하프공주지은,2023-02-08,1437.5
평온한댕댕이,2024-08-04,500
엘하은,2024-06-19,50.83
왕찌소녀2,2024-09-05,1540
팬다원숭이,2024-12-20,1600
냥코주먹,2021-05-30,1555
꿈을전하는말,2022-12-31,101.67
뀨피커,2023-12-20,1580
HighxxHi,2022-02-16,1425
얼음비늘이,2025-02-07,1640
개미사료절도미수사건,2024-04-27,155
토마토셰이크,2023-07-22,1490
킴수길,2024-07-12,1546.67
도환상,2024-09-08,1585
으럇으럇,2024-07-11,1600.83
iHOONi,2024-01-10,1460
삶이고달픈노인,2024-12-19,1640
오하이오급,2023-02-06,1533.33
하익진성,2022-07-07,1340
서머너숙해,2024-05-15,1580
뚝배기시키신분,2022-07-15,210.83
릴리마초,2024-11-05,1540
얼른나아,2021-08-13,1357.5
슈크림맛까까,2021-03-06,1050
아이엠찌찌에요,2023-12-21,1510
실링전승자,2022-08-20,960
기상술사인가요,2022-07-09,1460
양쁘,2023-06-29,105.83
밥하준,2024-12-24,1640
99년생이쁜이,2024-02-27,1546.67
칼레스테,2024-07-12,142.5
법사물개,2024-12-19,1585
고고학의달인이지요,2024-10-27,1546.67
받아라김개둥냥냥펀치,2024-07-13,1586.67
빵하준,2024-12-26,1640
임버드,2024-07-12,1563.33
기상아유,2023-08-16,153.33
젤리중독B,2024-10-09,1540
박효신콘서트좀해주소서,2023-06-27,302
어푸치치5,2025-01-14,1600
다홀탱,2024-10-01,1523.33
반숙계란아님,2023-10-12,1415
누나이번엔내가할게요,2022-11-13,460
그저젖원툴,2024-08-27,500
낸하,2024-12-16,1640
그활명수,2021-10-16,600
내일은고척돔,2024-08-24,1541.67
하만브커,2024-08-10,1520
문씨네콩이,2024-12-26,1640
지글보글기사,2024-07-12,1538.33
신청받아줘벌세우지말아줘,2024-08-27,1540
호이JJi노라,2023-12-23,1516.67
뇌호격만믿어,2022-02-04,1400.83
635흐미왕서강준,2024-09-15,1540
호감치적,2023-11-07,1594.17
일본변태,2024-05-03,500
룩뽀,2023-11-07,1415
제댐,2025-01-23,1640
맞긘희,2023-12-21,1470
홍쓰리,2025-01-09,1643.5
기홍1,2023-07-24,1445
이세계반더스,2024-12-19,1585
척미네이터,2021-09-28,1302
저달용맹축오감사합니다,2024-11-17,1661.67
청아아씨,2023-08-08,195
꽃화주,2024-07-11,1526.67
영화같은스토리의끝에,2024-07-12,1563.33
전설의도구,2021-04-26,61.67
으휴아니이게어렵나,2022-07-10,1460
쮜쏭,2023-07-19,1415
호연이아빠,2024-08-29,1520
꼬마하하,2021-07-09,1302
설이네망고,2024-11-02,1530
서폿황,2022-09-11,460
한방마자욤,2024-07-14,1541.67
현요욤,2022-01-05,51.67
슬레화닝,2023-01-20,1465
데렌소,2024-05-01,1520
말랑멍멍이,2023-12-25,1475
삼치캔따개,2024-07-22,1540
네위스트,2024-07-18,1530
D여비,2022-02-02,1512.5
먹고또먹어,2024-07-22,1520
베루도르나,2024-07-16,1568.33
모코코도아줘요,2023-07-12,1415
귀여운버스트,2023-10-07,1415
포도맛블레이드,2022-07-19,1386.67
몃동그라미,2024-01-05,1535
며센세,2024-02-24,143.33
날씨를담은푸른별,2022-07-08,1490
z타락파워레몽z,2024-07-20,1520
바스코우,2021-04-05,1022.5
보흐릿터,2024-01-20,1460
호로요이원샷,2024-10-13,1556.67
억억닉,2023-12-27,1520
검은쿠로미,2024-07-11,1585
WKdRotlqkffu,2022-08-15,1415
미칠때까지도화가,2022-01-22,1415
빈시온,2023-07-19,1490
HF한노스,2024-10-15,1640
이허물들불이붙는것같아,2024-03-10,1520
화랑디스트,2023-07-04,1415
부희련,2023-07-01,1417.5
제육좀볶아온나,2023-12-30,138.33
기다리는슬이,2023-04-09,98.33
시애를,2024-07-14,1540
니면상에슈퍼노바,2025-01-07,1640
니나브할머니는싸움이싫어,2024-09-06,1551.67
콩븨,2022-10-10,1373.33
스카동쿤,2021-10-15,1370
악마동쿤,2021-04-24,1325
지섭섭,2023-12-21,1610
인기버섯커,2021-08-24,600
무너져요,2023-04-01,1490
Nwolc,2023-11-02,1490
물금읍박점례,2024-10-04,1585
서명하시오무틀닥,2024-08-27,1540
표독스러운한녀제레,2024-07-19,1620
또띳기상,2023-11-05,130.83
이아침햇살,2023-05-09,202.5
김가으닝,2024-11-13,1640
조제주,2023-12-20,1553.33
5shy5,2025-03-28,1640
튄거,2024-08-24,1172.5
지돌이커,2024-11-15,1640
캬옹캬엉,2023-11-24,162.5
타건이,2024-07-17,1550
소울레이즌쿠킈,2023-12-22,1540
겨울이는못말려,2024-07-17,1585
저는커서도아가가될거에요,2022-05-22,600
부융신,2024-09-19,1640
토토총판성윤모,2023-10-26,500
QQRRZZFF,2021-11-23,960
Churiring,2021-05-02,1050
처음부터마지막,2024-09-01,1520
뽀송순무,2024-09-04,1540
CERCUSS,2023-02-14,1398.33
인천미남,2021-12-09,53.33
어딜때리면좋을까,2024-08-19,1520
아가곤듀지켜,2024-07-24,1566.67
만두김빱,2024-10-13,1551.67
투따경,2025-03-13,1640
가짜폴라포,2024-11-12,1586.67
신현탁,2024-03-21,1600
은요지,2024-07-13,1550
초대디렉터빛강선,2023-12-20,1580
체리간,2024-08-25,500
출근거부협회장,2024-07-11,1520
엄툐리,2024-03-07,101.67
애기냥취,2022-12-30,1400
키키자두,2024-07-15,1563.33
텔미노바,2021-03-30,370
지코솔의눈실론티데자와,2024-01-11,214.17
소하의낭만을찾아서,2024-08-30,1540
유투버지망생,2020-10-19,1325.83
망고야잉,2024-07-12,1523.33
달콤한사운드,2021-09-28,341.5
ESH,2023-12-26,1513.33
버클리음대졸업생신념,2022-09-18,1560
세아레미,2023-07-21,1415
유진차,2023-05-19,302
엉큼한냐옹,2024-08-23,1541.67
포얼경준,2024-09-29,1533.33
깨낙은,2024-10-04,1561.67
우형입니까,2024-07-29,1540
IIIICE,2024-07-14,1540
숙련바드5호,2022-12-27,1465
냥므웅,2023-07-02,1496.67
노노부부부캐,2021-08-12,1325
빚나는별의춤,2024-08-29,1555
패작의검,2021-05-11,915
뮤리엘S2,2022-02-15,1302
그린OIL,2023-03-05,1340
욱와이프은정,2020-12-27,1310
즈복,2022-02-18,1415
도아가파티해줘,2022-01-27,1302
나도화가출신,2024-04-01,500
리퍼만해요,2024-02-14,1582.5
눈꽃팥빵,2024-08-17,1541.67
푸휴a,2021-04-05,1037.5
눅눅한프링글스,2022-09-06,125.83
신의칙,2022-06-25,1302
오은초,2024-08-09,1590.83
방패들고버팀,2024-07-24,1530
큰곰별,2023-12-21,1565
인중더쌔림,2025-03-09,1640
말썽쟁이나린,2022-01-27,1445
혈빙설,2024-08-20,1553.33
우비가잘어울리는그녀,2024-02-11,1520
핫하이,2022-12-22,1340
FA레몬,2021-09-23,1372.5
II정수아II,2022-03-24,447
펭무이,2024-08-01,1100
아프리카먼지도둑,2024-01-16,1340
중가수나문,2024-04-27,198.33
처음뉴비,2021-08-14,1305
폭유,2023-12-22,1460
어떻게이렇게아플수있죠,2024-12-26,1640
히냥술사,2024-10-26,1640
Asiago,2024-02-28,165.83
융덩잉,2023-12-21,1520
리에볼,2024-07-15,1538.33
호크건아이,2022-04-20,556.67
TOPAZ소울이터,2023-07-22,1467.5
말랑말랑콩콩콩,2022-01-23,1432.5
초밥에와사비를얹어주세요,2023-03-18,1500
HanJihan,2023-01-14,1317.33
놀져,2024-07-16,1530
PV는nRT이다,2022-09-27,1485
새로시작하는버스트,2023-12-25,1460
띵떙좌그립읍니다,2021-05-02,915
아까부터죽은나무,2024-07-13,58.33
토끼잡으러갈래,2024-07-18,1600
응애나아가정현뀨,2024-07-23,1540
이진순,2025-01-02,1640
탄탄꼼스,2022-02-17,1442.5
정독살,2025-01-06,1640
단릐,2024-03-23,1100
강도살인,2023-12-25,1580.83
a미아민a,2022-04-05,1460
달이움직이는소리,2024-01-05,124.17
막내익명,2023-12-26,1555
서수호의연주,2023-06-29,1415
시영e,2021-01-30,1050
NOXNIUM,2024-07-14,1568.33
되능교,2024-11-17,1640
딤떡,2024-07-13,1520
꽃보다홍,2024-11-15,1520
지옥에서온프시코폼포스,2023-07-22,1457.5
CrownAlex,2024-11-28,1640
타댝타댝,2023-12-23,1540
임요은,2024-12-21,1640
TRISH,2021-06-10,1340
온뉴,2023-12-20,1550
블토티,2022-08-22,1490
벌화백,2022-01-22,1370
카드몽키,2024-07-29,1526.67
아가은율,2022-02-05,1370
까냥아루,2022-11-02,580
도화묘은,2024-09-05,51.67
주행성빙수,2024-02-21,1558.33
리퍼한나비,2022-10-13,125
원슥,2024-04-20,1576.67
디붕이였던내가암살자,2023-01-27,1415
무다무다무다써니,2024-03-19,1520
차르R,2020-10-15,1340
봉이혁,2024-04-14,925
미댕댕이,2025-01-04,1640
나없이,2024-11-05,1640
엄우리,2022-07-10,1340
Howl0602,2024-10-13,1553.33
쎈바드,2024-09-13,75.83
서원하지,2022-01-24,1302
할라할라코니,2022-12-22,1467.5
텔라환,2025-01-09,1640
지샌달의,2024-12-29,1640
쿠키두부,2025-01-03,1640
로스카츠히레카츠치즈카츠,2024-12-31,1640
네노링,2025-01-06,1640
수확하세요,2024-08-07,1540
이건맞추겠지,2021-01-22,1325
샴푸향도아가,2024-05-06,1597.5
한라산17도에테라요,2022-07-10,460
복숭아산도,2024-08-02,1540
나멜론6위가수야,2023-09-01,1490
나련,2023-12-24,1540
JUSOLW,2022-12-20,302
말랑묵직이,2024-07-14,1566.67
슈크림은언제나맑음뒤흐림,2022-07-06,1460
슈크림이터,2023-07-20,1422.5
히드리퍼,2024-07-18,1560
힐라이,2021-08-24,1304.5
스티브box,2023-12-23,1526.67
대검반드시가야지,2023-11-26,1422.5
원야유야,2024-06-24,500
접힌인생,2024-10-14,1545
쥐갈량,2021-05-14,214.17
커비짱,2024-01-04,1590
아크라시아는내도화지,2022-01-28,600
중력수라의길,2024-07-12,1520
전재홐,2023-06-28,1432.5
뒤지기싫으면입닫아라,2021-12-26,1302
대검박아영,2023-01-24,1340
섹시여신율,2022-08-23,1376.67
코즈믹워터,2023-03-15,1340
새콤바른,2024-01-05,1520
죽어도빡딜,2024-10-19,1640
로제떡볶이어떄,2023-02-14,1340
Shavasana,2024-07-23,1520
켈순이,2022-01-13,1415
멋있지요,2022-09-26,53.33
신의이쑤시개,2024-07-29,1543.33
만개드려용,2023-12-31,1510
빵을자주먹는사람,2022-03-04,1302
해피해피클로버,2022-01-26,1388.33
슈의리본가게,2024-09-09,1640
종수오빠사랑해요,2024-11-02,1600
노가da캐릭,2024-07-18,1520
힘든직장인,2021-08-12,1325
빡셔언,2023-12-21,1523.33
김시면,2023-12-25,1460
내무기는낫,2023-07-22,1460
팔랑해요,2022-07-14,1413.33
럭키우서,2021-01-31,1376.67
블레이드는암살중,2022-02-06,140
진티컬,2024-10-03,1640
김으이영,2024-09-19,1540
초고밋,2021-01-30,1002.5
이댄씽,2024-07-14,1585
백스텝헤드도발증함배쉬,2023-10-25,500
돈까스로만들어주지,2023-08-27,1362.5
솔라빔마스터,2022-07-06,160
선돌풍후판단,2022-07-06,1490
마월명,2023-12-22,1526.67
LunazNueva,2024-09-30,1640
환멍멍,2024-10-08,1610
할활활활,2024-07-12,1531.67
아양아양,2024-08-25,1100
낫들고전역날기다림,2023-08-16,1460
BK포이,2023-12-21,1477.5
기상성만,2023-12-20,1520
언더카드,2024-07-18,1590.83
여자력높아서미안해,2023-12-25,132.5
똥배뽈록띠,2024-07-16,1568.33
주님한사람더올라갑니다,2022-01-31,1415
공워리,2024-07-30,1545
모코코그잡채,2022-08-30,1415
무옹짱,2022-03-15,1370.83
모라앨,2024-09-24,57.5
노구마,2024-07-12,1520
아직사기임,2024-01-21,1480
너에게선율,2023-02-03,52.5
데드맨션의착한아이,2024-09-06,1543.33
모래OvO,2023-12-30,1510
콩지야줘때써,2023-11-05,1415
생귤탱귤탱글,2024-07-18,1600.83
아득바드바들바드,2023-08-01,1415
민국이너겟,2023-07-21,1460
쁘뻥,2022-08-02,110
레이저용접,2024-01-27,1520
우아한휴지,2023-02-13,1385
디트도엄배,2024-07-14,1593.33
ye0ng07,2023-06-30,1427.5
돈톡식부로,2024-07-13,1520
감자목화,2025-01-18,1640
연두홀나,2024-01-04,1485
LOOP2DA,2023-09-11,1485
니내버프아이받니,2023-06-06,302
제육사주는오빠,2023-09-26,1510
화가규딕,2024-04-06,960
아몬드봉봉홀릭,2024-08-17,1540
언니의은밀한스태프,2024-02-02,1275
강한김용기,2023-12-25,1477.5
영혼냠냠이당,2023-08-02,1490
홀맇낳힣흫,2024-07-15,1585
미움받기시러,2023-12-24,1460
구냥냥,2022-02-14,1302
기토롱,2024-04-27,500
포비든이글,2024-07-16,1610
류서림,2022-12-30,152.5
몽끠몽,2024-09-07,1340
알카가황후합니다,2022-09-25,1445
에엩,2022-01-24,1302
후추루퍽,2024-07-15,1521.67
라마성의시대에살고있다,2023-07-13,145.83
판타즈마,2025-03-01,1640
잔재지원,2024-07-17,635
치킨조아30,2023-07-25,1510
골드랑,2025-02-07,1640
여황검,2025-01-09,1640
다리짤린드라군,2021-04-03,1343.33
크림소다빙수,2023-12-26,1485
아기토깽이기상,2022-09-25,1415
flartist,2022-02-05,1345
정화있는애니츠,2022-08-25,1370
대동바폿,2023-07-31,1415
만스뎅,2024-07-12,1585
re퍼시작하는이세계쿠크,2024-09-05,1520
태권아샤,2024-07-22,1540
뱁새뚝빼기원툴,2022-10-05,460
오히려디붕,2023-12-09,500
포옹당포퐁당,2022-08-24,204.17
원주아연맨,2022-01-21,1415
영월조,2024-10-05,1535
쓔퍼스타개똥이,2020-08-23,1022.5
보신탕집터줏대감,2025-02-06,1640
오들오들바들바들바드,2024-02-16,1523.33
문종말,2024-10-01,1582.5
신고소녀도비,2024-11-15,1610
산할,2022-07-12,1457.5
쉽세끼,2024-08-30,1580
도쪽,2023-02-06,57.5
은월의향기,2024-07-14,1543.33
노을진하늘고양이,2024-07-22,1600
o명이o,2021-03-26,1337.5
스커자쿠투,2023-11-14,1560
주먹식이,2024-09-14,1545
달빛아씨,2024-09-17,1590
붓대,2022-08-15,1475
18crn,2023-12-26,1558.33
붙임성없는양지,2023-10-23,500
고죠선생님,2024-05-03,1275
발큐클레이모어,2023-01-18,1370
매화신법,2023-08-10,1415
3제이,2021-07-06,1325
같이놀아줘요,2021-09-23,1420
MC콩순,2024-07-25,1520
커피뿌리는감쟈,2022-12-30,1490
군청아가,2024-08-03,1541.67
킹윈터,2021-08-26,1425
쭈승달,2024-05-31,500
명에회장님,2024-01-22,1511.67
OvO,2025-04-08,1733.33
고요한밤별빛가득,2024-08-17,1520
짜가꿀,2021-01-07,915
새싹단주,2024-08-09,1520
노루의아가,2022-07-06,1462.5
심연의민초단,2024-07-15,1600
엔페얀,2021-08-19,1302
83세최홍만의마지막넬라,2022-01-11,90.83
MakaAllbarn,2023-07-19,1490
어떻게든뭐라도,2023-01-18,1415
F창창,2024-04-03,1510
둠칫한도요새,2024-07-17,1523.33
아람치그미,2022-10-06,1490
변슬,2023-07-23,1584.17
잉파이터추노,2020-08-22,900
캡틴헨리,2022-08-01,161.67
싱싱한계란이왔어유,2024-02-29,1550
상무님커피탈나이,2024-01-08,582.5
InfinitiArt,2024-07-16,1565
파스칼의희생,2023-07-01,1415
섹전땡,2024-07-12,1540
류상화,2020-08-22,900
꺼촌,2024-04-14,1551.67
네키엘,2023-08-30,1530
도아가냥e,2022-12-17,59.17
워텐더,2024-02-06,1521.67
꼬저씨좋아하는여중생,2024-08-03,1560
릴루미노,2024-07-19,1560
준2004,2021-08-12,1302
앞머리깐누나좋아함,2021-07-18,108.33
렐뭉이,2023-12-25,1480
은향달,2024-08-13,1585
설봄빛,2024-08-26,1561.67
리퍼다그죠,2024-07-19,1340
숨니,2024-08-13,1310
쫀주,2024-05-01,1520
잉딧,2022-08-24,1400
낫들고벤치프레스,2024-07-15,1536.67
사아과맛쥬스,2022-01-14,1370
여키드나,2023-12-21,1555
성소향,2023-12-20,1460
Cheezenya,2022-11-27,1445
다하찌,2021-03-07,77.5
한빙유장,2024-07-11,1545
슼일병,2024-07-16,186.67
앙초코빵띠,2024-06-18,1603.33
흑해달,2024-07-12,1601.67
붉은달이떴어요,2024-11-23,1640
일단키우는워로드,2022-03-28,151.67
카드끔,2024-07-08,67.5
바드으아아앙,2021-09-18,1370
비아키스팬티,2021-12-23,1302
푸레야,2024-11-11,1640
행복하기때문에,2024-11-16,1640
꼬마누리,2022-07-18,1405
암살데몬,2020-08-22,909.17
티버어,2024-07-18,1540
궁크리프리셋,2024-07-14,1620
카즈하김채원조유리,2023-06-29,1420
렌서방패,2024-08-31,500
냐옹이의몽유도원,2024-09-18,1640
범같이,2021-03-20,1335
뀨비니얌,2022-11-19,1500
신신성성한한보보호호막막,2024-10-21,1520
꼬맹이사냥놀이,2022-07-30,1302
왜또뭐가,2023-07-28,500
지금나뽀야뽀야해요,2024-01-04,1523.33
화백꽥꾸,2023-09-25,254.17
도죠요로시뀨,2022-01-22,1460
에핑제나,2023-02-19,1380
총잡이태호,2021-06-21,536.67
학예연구관,2024-08-02,1520
빨간망토파파,2024-07-20,95.83
빛빌헌터,2023-01-29,143.33
따뜻한익룡,2024-07-16,1546.67
안냐쎼우,2024-08-01,193.33
Cha먕먕,2023-06-30,1415
손든,2022-07-09,1460
둘쩨알,2024-12-18,1585
화사한느낌,2025-01-02,1640
용갈증,2021-08-19,1370
슈모리,2022-01-14,1370
극한의역겨움은단단함에서,2022-07-07,1401.67
모coco응애,2022-01-25,130.83
냠얌푸딩,2024-08-15,1540
한I지아,2023-06-01,1321.83
준발롬,2024-07-10,1600
적단하,2021-02-24,61.67
일어나우산,2022-07-18,1475
성징이,2023-04-08,1490
꺽파,2022-07-06,1437.5
돈먹는냥펀치,2023-12-21,1543.33
l백연희l,2021-12-24,112.5
천하량R,2022-02-04,1445
온듀부,2024-05-31,1543.33
장또솔,2023-12-27,1543.33
류샐,2022-03-15,1422.5
죄송해요심판자켰어요,2023-06-13,302
나다리동궈,2024-07-12,1575
권왕미후왕,2024-01-22,1520
꿀스턴,2023-06-12,596.67
울룰루찌,2022-07-27,150
폰빨,2024-02-26,500
극환류,2022-07-15,1435
경딕,2024-07-23,1520
햄버거로하늘나라보내주지,2021-10-30,460
좋까치,2024-10-24,1593.33
불꽃남자이남진,2022-03-10,225.83
쯔뎔,2024-07-21,1526.67
이안무,2024-07-25,1520
하깐돌쓰,2021-10-14,1375
유나주라,2024-07-16,1540
오늘의날씨는뭘까요,2024-07-20,1580
두번째끼니,2024-12-08,1640
홀나아토리2,2022-08-31,90.83
도비잇터,2023-07-23,500
쁠링잉,2024-07-31,1530
소율에리,2025-01-04,1640
레피테아,2021-09-18,1302
웃다가토한년,2024-08-25,1600
호크는,2023-12-21,1551.67
호로롱락지,2024-07-15,1531.67
글러스트니,2024-02-08,254.17
블그린,2023-12-24,1520
수비성없는양지,2024-01-05,500
Lunette,2021-03-21,398.33
애으으응,2022-03-11,78.33
린서포,2023-12-20,1510
엄슴이13,2024-07-13,1540
ProJectTeaM5,2021-07-10,130
쵸콜릿민트,2022-03-06,1370
BD부윤,2022-12-25,1370
신의제자스커,2023-09-14,1460
잉어킹은튀어오르기를썼다,2023-01-24,1340
우애쑬,2022-12-23,1490
진수와부르는가성비듀엣,2024-08-03,1606.67
부우웅파바밫,2024-07-12,1540
황미남,2024-12-21,1640
새하얀그자체,2023-03-09,1345
타대도키워볼게요,2023-06-29,1415
솔렉,2022-08-01,1340
koy99여자스커,2022-11-21,1585.83
LunaVista,2024-01-06,1510
윤아공쥬,2023-12-25,1521.67
나는양산,2024-02-10,1600.83
죽이되든밥이되든살아보자,2024-08-08,1603.33
세인트로지,2022-07-07,1467.5
통통한무냐냐,2024-07-13,1525
큐티섹시러블리프리티,2024-07-14,1540
소현젤라또,2024-08-09,1565
범내려가유,2024-11-15,1530
화나게해봐보여줄게,2024-08-12,1520
이건칠,2024-12-31,1640
띵이니,2024-07-19,1520
새로12,2024-10-24,1550
소단울,2023-07-19,1415
지영지영지,2024-11-15,1614.17
노엘리쉬,2022-04-13,600
3성크산테,2024-07-13,1600.83
투랄리온형,2024-09-02,1540
매우미친사람,2021-01-30,1045
고객님볼그린에있어요,2024-11-25,1570
외교대통령문제인,2021-04-17,1350
류화워리,2021-04-04,1337.5
스토브판타지,2023-12-29,1518.33
빡잘,2022-02-23,1302
진짜존내맞는거다,2024-07-14,1591.67
맥반석계란팔아요,2024-11-06,1548.33
축오줄까말까,2022-07-13,1470
찬밥에갈치구이,2023-07-13,1425
카X9월출시,2024-10-07,1560
버프잘주는예쁜눈나,2024-11-05,1640
혜또냥,2022-01-12,1475
에픽텐,2021-02-25,1327.5
마님돌쇠왔씨유,2023-01-20,95
초록루피,2021-07-22,1302
예디안S,2021-07-25,1450
시냅스7,2022-12-08,600
시냅스5,2022-08-26,1460
시냅스6,2022-09-06,103.33
mchoca,2023-11-02,1340
도화가트레이너,2023-05-13,1513.33
보람팀서폿,2024-11-16,1531.67
잼떵이,2025-02-26,1640
잼민파워,2022-07-12,1415
너의대가뤼는,2024-09-08,1573.33
호잇뜨,2024-07-24,1520
누구도변신을막을순없으셈,2022-11-13,1588.33
맘마무yo,2024-04-16,1088.33
망기적,2024-08-01,1540
후방주의위협운전,2024-01-26,1565
곽두팔할아버지의한손검,2022-07-06,1460
안산하프,2023-08-11,1415
호크쑤아,2024-07-13,1520
또똥까쓰,2023-09-07,1472.5
도겸사랑해,2023-06-16,1541.67
아가둘째언니,2024-09-26,1540
Cosmos타락,2021-07-20,92.5
아이왕맨,2021-09-20,1430
조지보까,2024-07-18,1540
먹물생생가득,2024-01-11,140
야드밀라,2023-10-04,1580.83
지훈아구슬챙겨,2023-05-07,1560
유베레,2024-08-30,1540
냥젤리타투,2022-01-22,1503.33
치명두,2024-07-14,1545
아라네막내딸,2024-05-03,845
브커루룽,2024-07-15,1545
DCLARE,2024-07-16,1523.33
맛낄마,2024-08-05,162.5
Minch3,2021-03-05,221.67
타민아가,2024-01-07,1462.5
aotylm,2023-09-04,1415
아가정은,2022-10-30,1450
Fummy,2023-11-27,1515
l영혼을냠냠l,2024-10-03,1590.83
써어폿,2021-04-25,1340
이플피,2022-03-10,1335
곰이솔,2023-09-05,1498.33
Alphien,2022-01-27,802
흑섬연타,2023-12-24,1543.33
고결한치유사조다영,2024-10-01,1580
안산빵이,2023-12-21,1543.33
변하지않고한결같이,2025-01-05,1640
플라댄,2020-09-13,1005
락팝,2023-10-20,1465
arcAeromance,2024-07-15,1525
백야권투,2024-08-16,1460
붓이말하길먹물이짜대요,2022-08-23,150
코붕이살인마,2024-07-23,1530
설화도마뱀,2024-08-31,1541.67
눈뜨니다크소울,2023-11-13,1415
하프치는뒷숲,2022-10-21,600
슬레한나비,2023-07-09,1462.5
이상한나라의꼬리별,2022-07-18,1340
공벼리,2024-07-18,1551.67
레드향키위쥬스,2025-03-02,1640
청주시데스사이드,2023-07-24,1495
ningEU,2023-09-25,1415
브루탈병팩트,2024-12-25,1640
해머든메뚜기,2023-08-22,1470
귤바드,2024-01-15,1535
청홍식,2024-07-10,1587.5
서폿가넷째딸,2022-04-07,1445
히메양지우,2024-07-28,1536.67
Shiro,2024-05-13,1581.67
하트n,2022-01-15,1325
이게내실력의한계인듯,2021-03-16,181.67
염원의끝,2024-09-29,90
뱃펀맨,2024-07-20,1600
뱃뚜띠,2024-07-20,1580.83
천신의포효,2020-08-22,1032.5
5714,2024-07-19,1600
어쩔딸래미,2022-02-16,1440
서리S2S2,2024-07-14,1520
유기회,2023-05-16,1100
이거내그림,2022-01-30,1373.33
잉여하고싶당,2023-08-13,1560
예둡,2024-08-29,1550
모코D진다돈까스,2022-08-05,1548.33
모래시계되돌임표,2023-10-30,1516.67
v덩이니v,2022-10-13,460
감성돔서더리,2022-06-24,629.17
가을샐러드,2021-02-26,1325.83
공주규태,2024-12-21,1640
부먹솔의눈칡즙코다리강정,2023-09-28,98.33
due소울이터,2023-07-28,1415
라박폿,2024-09-01,1540
뽀뽀나무,2020-08-22,900.83
파닭사줘,2022-02-16,1370
Erinni,2023-09-24,500
차원파쇄권,2024-07-10,1520
피면없엇선,2023-12-21,1523.33
나도화가,2025-03-30,1640
우시휴,2023-06-30,1502.5
BGK치즈버거,2021-05-14,1335
리라슬레이공주,2023-01-21,1420
엘리자벳의그림판매,2022-02-07,1400.83
강히나HINA,2024-09-05,71.67
무력화를잘넣어여,2023-12-21,1543.33
모콧쿼,2023-09-26,1100
훌럭훌럭,2024-05-08,1590
손털었어요,2024-01-04,1460
현윱,2023-01-02,94.17
라온엔터테인먼트,2024-09-07,1595
도화가하지효,2024-11-29,1640
eioom8,2024-07-12,1573.33
날씨가슬퍼,2024-08-22,115
달의대천사,2022-07-06,1490
OsfriClass,2022-08-05,1383.33
먹고나,2024-03-16,1580
도화세란,2024-02-22,75.83
리딩소서,2025-01-11,1640
늘가루,2024-09-24,1585
smmll,2023-01-27,1340
쩔미야,2024-01-07,1485
짱짱재철,2022-12-21,1382.5
도툐리야,2024-07-17,1540
블루베리쿠키치즈케이꾸,2022-07-09,165
목줄채워야하는사람,2024-10-27,1530
평화를만드는미사일,2021-01-30,1342.5
아가태권V,2023-07-28,1460
판다고기,2021-09-03,1370.83
노헌,2025-02-07,1640
서이천,2024-09-29,1550
힐줄게기달,2022-02-15,302
말년화가둘기,2024-07-26,1608.33
애기은쪽씨,2023-02-19,1340
허브향디퓨저,2023-10-09,1515
듀두리기,2024-08-09,1540
피깅,2023-12-21,1592.5
아직꾸지않은꿈,2024-10-27,1640
슬레이어의시간이왔다,2023-11-16,1490
됴아가네,2022-01-28,1445
하앙겔,2024-03-09,94.17
하니홀리나이트,2022-12-24,1460
자본증권,2022-08-08,1430
누룽지크림라떼,2024-09-18,1560
안개빛마을,2024-09-24,1570
rtx3090삼,2024-10-30,1605
양념치킨은위대하다,2021-12-26,77.5
혁서머,2023-01-24,1407.5
투페이슨,2024-07-25,1596.67
까치쿵야,2024-09-24,1617.5
원펀치쓰리현둥,2024-01-17,1520
스머프마왕,2024-07-19,1585
두둥실콩콩,2023-12-20,1340
14794125,2023-12-25,1541.67
됴홀나,2022-01-21,1302
내신발좀신지마,2024-07-11,1525
도시빈민,2024-11-11,1541.67
따뜻한량슬,2024-09-13,1640
상은낑낑,2023-01-17,1390
검은나히니르,2023-09-28,1515
사내의길,2021-02-05,1310
페브릴헌트,2021-04-24,1325
태무에서산우산,2024-12-24,1640
선봉기업,2023-12-21,1571.67
스안지,2023-07-02,1475
고구마꿀라떼,2023-01-22,1340
백영소서,2022-10-06,302
쏘울두박,2024-01-02,1530
재벌집첫째공주,2023-10-06,1415
천하무적전투왕,2024-11-07,1606.67
짭짤하이처찌기네,2022-12-11,466.67
쫄지마오빠야,2021-03-29,1340
말캉복송화,2023-02-21,1340
ReCarmilla,2023-10-02,1415
남봉,2024-09-19,1600.83
드림,2024-11-24,1640
킹방울김두식,2023-01-26,1340
기술스카떡상할끄니까,2022-07-12,1340
아카먀보호자,2024-07-12,1520
단지콩,2024-07-14,1556.67
흐물흐물페럿씨,2023-07-21,1452.5
리퍼중지,2024-10-07,1606.67
복숭아나무그늘아래,2024-07-14,1540
행보관의곡괭이,2023-07-23,1415
적절한브렠,2024-08-15,130
도화린이,2022-01-23,1302
로래스,2024-10-25,1610
피자블래,2024-11-07,1520
시혁강,2024-03-22,1432.5
머리냠냠,2021-10-21,1360.83
수환짱,2022-01-27,460
영미는아가야,2022-01-21,1325
JommyYa,2022-11-02,1460
얘도하긴할거,2024-07-21,1520
바부쿄하,2023-12-05,1465
밝은빛누리노조콩,2024-07-14,1520
레몬시럽추가해줘,2022-02-12,1302
믹싱달인안소정,2024-09-03,1340
김영명,2024-09-03,130
소서러파티,2022-07-12,1417.5
oO김흑용Oo,2024-07-26,1543.33
곧휴가철이군용,2022-02-02,260
소울피엘,2023-07-22,117.5
정신이차분한사람,2024-10-14,1520
한청산,2023-06-22,51.67
물약기싸움,2024-07-22,1540
테오드린,2023-08-30,177.5
브커가좋다고해서왔습니다,2024-11-05,1540
헤응헤응하응,2024-03-27,1580
폰팔이나지민,2023-01-18,1506.67
배마아니올시다,2024-07-11,1586.67
파인레이디,2023-07-20,1415
리스와소서,2024-10-04,1640
적혈겸제,2023-07-20,1415
방혼카나,2024-11-17,1640
흔들리는밤꽃속에서,2021-06-18,534.17
보라색뉸누,2023-09-10,1462.5
너에게반해써,2024-07-21,1560
새콤한보리차,2021-05-02,65
도발하는,2021-09-09,960
드마꿈,2023-12-25,1556.67
낫질좀하냐,2023-12-22,1460
아니마엘스톰안쓴다니까요,2021-10-02,302
달이도,2021-04-25,920
별봄비,2022-07-11,1472.5
떵침변신,2023-04-18,1410
너의벗,2023-01-20,1457.5
뺭튜,2023-07-12,1482.5
고이현,2024-03-22,1595
화가뚠뚠,2022-01-12,1370
깡깡깡준,2024-10-24,1555
포식설화,2023-11-30,1560
AprilFox,2024-06-19,500
바이엉,2024-07-16,1540
귤지영,2020-08-23,1042.5
좋은블래였습니다,2023-09-26,1100
기상믹꼬,2022-09-02,1460
rasp,2024-08-26,1536.67
아린꽁쥬,2022-02-18,1306
타라소프,2024-08-30,1370
정답별,2023-01-21,1445
이한설양,2024-10-08,1545
양쉽,2023-08-18,1415
응리월굴,2024-09-17,1531.67
다사랑기미상궁,2020-08-23,1040
절구네욧,2023-01-20,1340
지리산나이팅게일,2021-11-04,1302
피식팡,2021-11-23,523.33
견누나,2022-07-30,1415
사발렌카,2025-01-29,70
미희술사,2023-07-07,1462.5
한투,2023-01-19,1490
솜주먹브레이커꺠돌,2024-07-23,1540
건슬전나구림,2024-07-13,1540
해머Red,2025-02-05,1640
아크라시아힐러담당,2023-10-11,1420
리퍼의매력,2020-10-11,915
나는야정헌,2021-07-24,1370
과일팬케이크,2024-10-07,151.67
딜넣는리퍼,2021-03-06,1325
예부는아가야,2022-01-22,1385
응애석훈,2022-03-21,1365.83
내힐만받아라냥,2024-11-13,1545
골드케어,2024-09-13,1340
떠띄,2022-05-18,460.33
혹시츄르좋아하시나요,2021-08-14,1302
킹꼬밍,2024-07-30,1551.67
달이빛나는밤하늘아래키스,2024-07-11,1523.33
골린이2,2022-07-28,1351.67
흄냐링,2023-08-14,500
뮥삐,2024-08-10,1540
냥만나르,2021-09-21,88.33
이브단아,2024-10-29,1535
불량소울,2023-07-23,1500.83
GeronBRK,2023-12-23,104.17
Gyres,2023-01-21,1340
다시돌아올친구,2024-07-20,1540
고스트타입관장동붕이,2024-08-02,1531.67
생명을믿어요,2021-03-24,900
서쪽하늘샛별,2024-07-13,500
너좀맞좌,2024-07-12,1520
쮸요랑,2021-06-06,990
붓소래담,2024-09-07,1540
고장난무기상인,2024-07-12,1540
스토리에타라신지,2024-10-05,51.67
휠윈드상향필수,2023-08-11,1415
식어버린말,2024-01-22,106.83
버프날아감,2021-09-12,1432.5
아기상아가,2022-07-10,1460
너만은부디,2024-11-24,1640
쿄큐뀨,2023-07-22,79.17
사아아향,2024-06-10,1240
우만동본가옛장터,2023-02-16,1347.5
마찰풍,2024-02-24,60.17
제양후오의,2024-07-21,1531.67
C210317,2021-03-18,77.5
천민노비,2024-08-29,500
인술쓰고싶어요,2024-09-02,1541.67
민하루님,2024-07-22,121.67
진니다,2025-01-04,1640
레다희,2024-03-18,1460
땅땅땅땅펑,2023-09-23,1415
물리적인치료사,2021-04-02,1340
서폿가다섯째딸,2022-04-07,1080
나에게샷건은사치다,2021-11-20,460
등골이휘어브레이커,2024-05-07,1200
홍표레이드,2021-01-12,1325
장충희왕족발보쌈,2023-12-20,1525
파이에게,2025-01-14,1640
zl존울식이,2023-05-13,302
이세리S,2023-01-18,1490
아테나지민,2020-08-23,930
밀리샌트,2023-01-21,1520
시르닝,2023-12-21,1541.67
임초봉,2024-09-30,1604.17
레몬커밍,2024-07-17,1540
다이아냥이,2023-12-20,500
막사내전병력들기상,2022-07-21,1462.5
도리도리k,2023-09-05,1415
쿤슬레이,2023-01-23,89.17
영혼의한방천격,2024-10-17,1600
악마지,2023-12-24,1541.67
천기심권브레이커,2023-12-20,1565
장한삐,2022-11-12,1550
사찰풍경,2022-09-24,179.17
OI벤,2023-01-20,79.17
물병v,2024-10-14,1571.67
막내휘들램,2024-08-05,1540
FM도살자4,2022-01-29,1370
기뿌미,2024-01-26,1600
무도2단,2024-11-03,1540
예쁜이때호,2021-05-21,61.67
메마르다,2022-06-01,1445
혜지신희승,2021-07-09,1370
분팡이,2023-01-27,1490
Mio미오,2024-11-19,1548.33
공기밥헬리콥터,2023-12-21,1555
NaDoII,2022-07-10,1340
퓨어달빛,2025-02-01,1640
낭만어둑시니,2024-10-25,1581.67
도아가키우는애아빠,2022-02-10,1440
자고있는기상술사,2023-07-24,1475
soul없는사람,2024-09-11,1540
잼민크림,2025-03-08,1640
악행도명성이죠,2021-11-08,1412.5
되지되지돼지,2022-01-21,1302
찌멍이라구요,2022-04-18,1302
이렌타,2023-08-19,1415
휘쓰리,2024-09-13,1580
내앞에적,2020-08-22,919.17
마리버섯,2023-06-25,1528.33
클레네티야,2024-08-11,145
밤S2,2024-08-29,1540
폭죽을사람에대고쏘면,2023-08-17,1415
잔망팍스,2024-11-27,1640
금벽미찐육수첫고백입니다,2024-10-27,1535
뿅망치태연,2023-08-02,1457.5
료y,2023-12-24,1543.33
n7owo7n,2024-11-03,1520
비비하은,2025-01-30,1640
애견카페간식도둑견모찌,2023-11-20,1501.67
Jackput,2024-07-13,1600
정의로운바둑이,2021-03-21,1325
워매이징한여자,2023-08-14,1460
순무s,2022-05-02,141.67
이천엔지니어,2021-12-24,1411.67
이천모닥불,2021-08-22,1302
비기제I장도발플,2024-09-12,1585
오이메리,2024-07-17,1531.67
고독한서기,2024-05-13,1520
다이너마이트키드,2024-09-08,1575
혈룡의설,2023-12-25,1513.33
멍1,2024-09-11,1540
숙코중인홀나,2023-09-17,1508.33
수라상차린장금이,2024-11-22,1560
주먹광택장인,2022-03-15,1393.33
힐바드면나랑사귀는거야,2024-07-27,1528.33
안단단한창술이,2024-12-14,1640
밤단검,2025-03-12,1640
잼민플리,2022-07-06,1355
혜으링,2023-03-06,1587.5
늘아가야,2024-08-18,1581.67
월령충모,2022-11-08,1053.33
수수수박쥬스,2024-08-22,500
무의한계,2021-03-23,1330
서울중구가시키드나,2024-08-13,1520
가나다라아오아,2025-03-01,1640
아우리엘의붓,2022-01-22,1445
Sirkaa,2024-07-17,256.67
시련의미카엘,2023-09-10,138.33
호그와트3짱,2024-10-06,1540
별꽃하,2024-09-29,1525
2영재,2024-07-14,1520
붓으로맴매맞을사람,2022-07-22,55
민지언니리퍼,2024-12-09,1640
시트루스피,2023-12-23,1460
꾸벅이넹수,2024-08-18,1520
레인후드,2024-07-12,1540
공룡홀나,2022-10-06,443.33
x오듀x,2022-01-23,1409.17
변민선,2023-01-30,90
도아도핫,2024-07-08,500
주힐딱,2021-10-08,426.67
담슈슉,2024-08-23,1600
돈민맨,2023-07-19,187
BohemCubana2,2025-01-11,1640
ThamesR,2022-07-10,1370
BENTRO,2023-12-07,1482.5
축오셔틀홀리,2024-08-17,1250
매의눈호크,2022-01-05,1370
아빠카드훔치는아르카나,2023-06-27,51.67
DOKBORO,2021-12-30,102.5
방깍퐁퐁이,2021-03-10,970
우정c,2023-12-20,1515
과즙혜지,2023-07-19,1415
죽이지마히잉,2023-07-19,1508.33
권왕파칭코,2025-01-08,1640
퉁뚱퉁뚱퉁뚱퉁뚱퉁뚱퉁뚱,2025-01-01,1640
마당쇠맙소사,2021-08-13,1303.17
사과티코,2023-07-30,1490
36년산원기옥노크리,2023-12-23,1540
초밥이얍,2024-06-11,500
방탄아가,2023-06-29,1415
x미노x,2023-12-26,1571.67
멋진하루되세요,2022-12-30,1460
주상붓,2025-01-09,1640
삼도류냥이,2021-04-21,1370
수라상브레이커D에이스,2023-12-21,1510
기분좋은젬뽀,2022-12-25,1400.83
Fernanda,2023-12-19,171.67
코리안머포사나이,2022-02-13,82.5
크림빵중독,2024-10-20,1525
맥도나르도디카프리오,2024-07-17,1594.17
마린루비,2022-01-04,223.33
lIl배럭lll,2024-07-19,1520
빌어봐울어도좋고,2023-05-03,1573.33
냥삐쭈,2021-05-24,995
유찌땅그지,2024-07-29,1568.33
귄성태,2024-07-04,500
탯환,2021-08-29,1302
디스샐이,2023-04-18,1377.5
준메,2024-11-07,1616.67
98세박춘배마지막미폭,2024-12-23,1640
5위,2022-02-08,1550
쟃블붕,2024-07-16,1520
고기광기비기유기,2024-09-17,1588.33
브레이크래커,2024-10-14,1590
세금펀치,2024-01-16,255
미니바이올린,2022-01-21,1460
육회낙지탕탕이전문가,2024-07-16,500
Msaf기상술사,2023-01-25,1340
반루한,2024-07-20,1540
역시기상은아가야,2023-12-21,1580
어흥지햄,2024-07-29,1541.67
엔젤핑블리,2022-04-06,143.33
고용상인,2024-09-25,1520
닝례,2024-08-31,1563.33
벌꿀곰탱2,2024-11-12,1540
바리하리,2024-09-10,500
카마또,2023-12-21,1580
장사호,2024-09-01,1540
빨강머리닭,2021-08-12,1302
초코비내꺼야,2024-11-10,1560
손소진,2024-10-19,1520
내성적,2024-02-19,1460
꿀벌은언제나맑은뒤흐림,2022-12-29,1460
편군소서,2021-08-13,1302
황혼여우밤,2024-10-27,1558.33
요망한나니,2022-08-28,138.33
깅풍,2022-07-07,1415
쟁반쨔장,2025-01-27,1640
나안락동홍마룬데,2024-08-14,1520
쀍뺇,2024-08-31,1540
용긍정,2021-01-21,1341.67
붓이여내게힘을,2022-01-29,1414.17
날씨핑핑,2024-12-11,1640
뽀짝디트,2023-07-13,1462.5
DeiDie,2021-04-29,1350
바드야용맹주라,2023-08-13,1415
풍선나이트,2024-08-28,1541.67
할아버지당뇨에요,2023-04-17,1490
원케어,2024-09-16,1540
숨쿵,2020-10-01,1050
치명포강,2024-10-07,1515
그게무슨말이니족두족두야,2023-09-10,1415
누가뒤통수치냐,2023-12-21,1541.67
미카미밍,2024-09-12,1541.67
이누워샤,2024-07-23,1520
뉴도하,2022-01-23,1325
배지윤,2023-12-21,1510
쭈왓,2024-08-29,1540
창순,2023-12-20,1510
시저키스,2021-03-09,61.67
기본에충실한인간,2023-11-14,1415
세피니하,2021-02-13,1391.67
홍철,2021-06-10,915
귤망나니,2021-12-16,53.33
또도구하네,2023-11-11,1415
곰코코는우산을찢어,2023-11-06,1550
부교관,2024-07-18,1595
편하게살고인,2023-12-23,1467.5
치즈볼공장,2022-06-23,500
도체아린,2023-12-20,1460
월하청사,2023-01-13,1445
우리가문가장,2021-07-24,380
아안돼멈춰,2023-12-21,1475
하유현,2024-03-03,55
지옥버스,2020-08-23,843.33
디붕이오늘도차징한다,2024-07-13,1520
메오메오울지요,2023-11-12,1415
태권도0초록띠,2024-10-09,1540
능글방글WL,2021-12-26,53.33
일뤼아스필,2022-01-23,1460
수롸라라,2024-05-01,500
할때마다스트레스,2025-02-01,1640
시사브레이커,2023-12-29,95.83
쟈뎅시그니처로얄헤이즐넛,2023-09-26,1415
홀리쪼,2020-08-22,915.83
분노조절못하는충모닉,2022-02-07,1302
애우치,2024-07-12,1540
우리팀멘탈브레이커,2024-10-21,1590
블랩니다,2024-09-29,1530
nwhdtn,2021-10-16,1302
디노디나,2024-11-12,1550
앙칼진로리,2024-07-30,1520
하늘을나는아리,2022-07-18,1460
옥돌꿀떡,2024-09-09,1561.67
말걸면헤드돌림,2024-07-13,1576.67
짱현명,2022-03-24,1370
넬라아니라니까,2023-03-13,1460
유서리l,2024-07-24,1540
Shalru,2024-10-10,1585.83
먹물족장,2023-07-23,1445
운추설,2023-09-04,1520
별이수행한밤,2023-12-21,1521.67
별이불안한밤,2023-01-22,1340
도아가는라임맛이야,2022-01-22,55
슬레뇨,2023-07-04,1490
강투먹는체술인파,2025-01-01,1640
패왕색매력,2023-08-23,1490
마라장어매운탕,2023-07-21,1472.5
공둥이누,2021-08-14,1460
바삭하고바삭한바삭칩,2024-08-31,1540
안녕띨빵,2023-12-21,1513.33
낭만주먹김오의,2024-07-15,1595
야쯩,2024-08-26,1506.67
청순한애기,2020-09-20,830
너덜흑마,2023-02-15,212.5
조퇴는않조퇴,2024-07-12,1526.67
갈증엔민트초코라떼,2024-07-10,1531.67
말코야밥먹자,2024-09-14,1520
가슴에서분노가솟구친다,2023-02-06,1340
aKa바등,2024-07-10,1585
안녕하살볍,2024-10-28,1594.17
바람에흩날리는가시,2021-12-12,1417.5
카드캡터낑깡이,2021-09-23,1080
무한성장블레,2024-08-20,1585
고대펫,2024-08-23,1520
심방,2022-02-14,1450
한방에사르르,2024-12-15,1640
제육복근,2023-12-24,1545
파랑고양이네로,2021-05-02,107.5
감귤마시쪙,2022-01-26,1061
슬레달쿠,2023-10-08,1490
오로지뚝심만,2022-12-25,1467.5
잼샤,2023-11-24,1415
기상호짭,2023-01-23,1460
뚜둔이힐이뚜두등장,2022-01-23,1333.33
소울잠행,2023-07-30,1490
낙뢰토르,2024-03-09,1510
땡근,2022-12-12,1565
최봄솔,2024-12-31,1640
너냐브아가,2023-10-30,1520
심포삐,2025-01-04,1640
진실된귤,2024-08-31,1530
계란국엽,2022-07-14,1425
밍이예요,2024-01-01,1536.67
아리여비,2024-10-08,1540
귀류비,2024-09-17,1520
태양의수호자아가,2024-03-21,500
래피Mee,2021-08-17,1385
데굴데굴집,2021-03-09,945
다시썰러와따,2023-01-28,1340
키위자식,2022-01-15,1302
근접샷,2022-09-04,1563.33
류딸램,2024-07-14,1590
쌉관종응봉이,2021-02-12,900
시간아천천히가렴,2024-10-28,1563.33
공녀,2021-09-10,1457.5
흑영홍련,2024-01-07,1580
백우근,2023-09-15,1415
처형하는모코코,2024-04-04,1520
홍대떨어진아가,2022-11-27,460
쬬르듸,2023-07-03,1495
비도오곡크랙커,2024-09-09,1576.67
캐모마일은허브티,2023-01-14,1467.5
극의쳬술,2024-10-29,1640
scytherider,2023-07-24,1415
주인님이절길들이셨잖아요,2021-08-11,1327.5
훅학훅슥,2024-07-17,1523.33
뭇별마리,2024-07-05,500
영호람,2021-09-18,1303.33
GunSai,2021-01-30,945
바드쏘이,2023-07-02,1490
Gemmma,2021-08-15,1415
배빵맨이야,2024-07-12,1602.5
도황씹간지나네,2024-10-28,1520
쫄면한대울면두대,2023-12-20,1460
허언님,2022-05-22,1415
힐러중,2021-11-08,1415
윤사향,2024-05-13,500
기상청위성사진,2024-09-16,1585
엘바라02,2024-01-12,74.17
베틸다,2023-07-19,1500
김도돗,2024-04-07,1531.67
변신중에공격하는게어딨어,2021-08-17,1302
섭뢰,2022-07-07,1507.5
UsieI,2023-12-21,1490
온다고했음,2023-06-29,500
문도혜,2023-02-05,1100
수라의결,2023-12-22,1475
등뼈찀,2025-01-22,1640
도태구,2024-07-22,1520
EstherKardan,2023-06-01,302
귀찮으면밥굶어요,2023-08-14,1460
오나홀나입니다,2023-11-12,1415
까프,2024-10-12,1540
민트초코맛돼지고기,2023-09-28,70.83
예똔,2022-01-23,1399.17
동쉴,2021-07-09,151.67
요즈체아린,2024-07-12,1560
노진이는귀가안들려요,2023-08-13,52.5
s달빛여우s,2025-01-09,1640
앙키용,2021-08-16,1302
노뇽녕,2024-04-10,1520
하프민짱,2024-02-13,1510
써렘,2021-03-27,900
미키니포,2022-08-27,1340
와기쿠로미쨘,2022-01-29,1302
삐리비리비리빔,2020-08-22,873.33
이세계보내드림,2024-07-12,1531.67
후니이이,2024-07-11,1520
Annieress,2021-08-13,1302
파김치담금,2024-12-11,1636.67
모라딘,2024-11-03,1566.67
햄에그김치버거,2024-07-18,1556.67
얼굴부은도아가,2024-07-15,1535
중정,2024-08-20,1245.83
돌치씨모,2022-12-11,1422.5
대게마녀,2022-01-16,1415
헬전용기공사,2021-04-11,1316.67
진하퍽,2021-03-27,925
시오인요루이치,2024-09-27,1520
분탕구리,2024-12-24,1585
깜도양단,2022-07-06,1408.33
고독한동동,2024-07-15,1594.17
강선이형왜섬마안줘요,2021-09-14,1302
빅대가리맨,2021-07-07,1345
배루한,2024-12-24,1640
앨루,2024-10-19,1566.67
폭렬폭렬랄랄랄,2024-07-16,1585.83
슬기로운규량극딜생활,2023-07-20,1500
랑공무,2024-07-19,1545
다월,2022-01-12,100
축복누연,2024-12-23,1640
서쪽호랑이뮬,2021-03-21,1022.5
하사동키,2024-07-12,1560
갓뱅이,2024-12-19,1600
복학생소울이터,2023-08-14,1415
신수군단장,2024-07-15,1520
바람타고날아간사람,2023-01-16,1340
주먹이어떻게무기,2023-12-21,1520
정윤싱,2022-05-27,967
골1통분쇄기,2023-12-23,1540
리듬요정,2024-11-26,1640
블래사기캐,2024-12-19,1640
케케오몽쉘,2024-12-19,1640
안수달킹비버해달보노보노,2024-12-19,1640
Booool,2024-04-21,53.33
호엥워로드,2021-10-28,1417.5
안전관리계획서,2023-07-21,1508.33
세이유미,2024-11-29,1460
SOULRIDO,2024-12-19,1640
불꽃튀김왕,2024-12-20,1640
아타댕,2024-06-24,1520
단쁑,2024-01-31,1460
도잼미미,2024-07-17,1585
유아기,2023-12-20,1525
묵아키,2023-12-22,1558.33
공익홍시,2024-12-19,1640
지존활잽이,2021-07-13,1370.83
음러버러버,2021-08-12,1302
어떻게한다냥,2024-09-28,1615
황교진의왼쪽검,2024-12-19,1640
츄로하,2024-12-27,1640
제티맛메론,2024-12-19,1640
CalmSung,2022-09-25,1340
꾼냥즈,2024-12-19,1640
전라도고지,2022-03-30,1370
민영원,2021-08-13,260
하마치즈,2022-12-29,1415
현기나이트,2024-12-18,1610
LMS1,2024-10-27,1640
걸음이느린아이Ten,2023-02-18,87.5
GoJa01,2024-12-19,1640
제로초콜릿칩쿠키,2024-12-19,1640
호크유쮸,2022-08-27,58.33
제데헌은잘죽어요,2024-12-20,1640
디트의몽둥이,2021-03-21,1330
c매화,2024-07-14,1540
더키상,2023-03-12,1340
선조수정실록,2024-12-19,1640
아니근데내가뭘잘못했는데,2024-12-18,1615
한캐릭만묵묵히,2024-12-19,1640
만월순진,2024-12-17,1640
응애나애귀데헌나이스,2024-12-19,1640
아담츄츄,2024-06-22,1605
SChloe,2025-02-20,1640
NInanis,2023-07-19,1415
카드준석,2024-11-05,1540
도심뽑는법을모릅니다,2024-12-24,1640
2년의마루,2022-01-21,1370
레베쓰,2024-12-18,1611.67
트라이캐릭으로만들어진놈,2023-01-01,1490
냥라프,2024-09-03,500
윤라솜,2024-12-19,1640
내가널좋아하는걸아르카나,2024-08-17,1530
모앵모엥,2024-07-22,52.5
테쎄라,2024-11-09,500
블블섭,2024-08-03,1100
꿍디콩,2024-12-18,1585
힐주면조아함,2024-12-20,1640
보석돌려쓰는윤뉨3,2024-12-19,1640
고야미미,2024-03-29,1580
라디오스타,2024-12-19,1640
gadel2,2024-12-19,1640
홀나꾸,2020-09-20,544.83
SiA블레이드,2023-05-09,1460
힐러인줄아는딜러,2024-12-19,1640
중독사,2022-07-12,1460
벼농사짓다추노함,2024-12-19,1640
해랑뉴,2023-07-01,1447.5
라리하,2021-08-15,1415
이주원888,2024-12-19,1640
명백함,2023-07-20,1490
묵은내,2024-10-27,1340
1010101010,2024-12-20,1640
그래그거다애송이들아,2024-08-25,1600
댕비마를냥,2024-12-19,1640
민트초코오레오마카롱,2024-12-19,1640
있넘,2024-12-19,1640
피랍2호기,2024-09-09,1540
피랍3호기,2024-12-18,1590.83
소울넘치는소울,2024-07-12,1585
꽃별하랑,2024-12-19,1614.17
미글4,2020-12-08,1340
망치모티,2024-12-22,1640
또링,2025-02-26,1720
형냐리퍼,2024-12-19,1640
김우혀닝,2023-11-28,1415
우정우정우정우정우졍,2024-01-08,1460
까르보나라존맛,2024-03-28,1340
단단하고묵직한빽점프,2024-09-05,500
낮이밤마엘,2024-12-21,1640
핵빱,2024-08-01,1520
특별각성,2024-07-16,1550
밍채소,2024-12-20,1640
새해엔혜화로가보자,2024-12-19,1640
봄날의아침,2024-12-22,1640
Spangle,2025-02-21,1640
치즈푸린,2023-10-23,1541.67
은평구talker로인,2024-09-19,1587.5
GD의Heart브레이커,2023-12-20,1460
롱스태프구코,2024-12-21,1640
롤로노아잔재학,2024-12-25,1640
은평구뼈다귀,2024-07-15,1595.83
펭귄아놀장,2020-08-22,915
버스트블레이드못참잖아요,2023-07-02,1495
단설봄,2021-03-25,810.83
다물,2024-07-14,1520
기공상향나이스,2024-12-19,1640
카스충,2020-09-03,915
바드토모,2024-02-16,1340
겨란장수전윤진,2022-12-24,1460
tory서머너,2022-08-20,1480
레베뚱,2024-12-19,1640
연한혜,2021-09-04,101.67
파쇄종이,2023-12-22,1540
별이랑은별이랑,2024-12-19,1618.33
망치든빤쓰맨,2022-05-29,1445
말티즈솜이,2022-12-22,127.5
랏화가4,2023-01-19,1460
츠바러마,2024-09-30,1563.33
흡입신공,2024-07-17,960
종말의또,2024-09-13,1566.67
왜앵무새,2022-09-14,1525.83
서머석,2022-10-17,1415
연출하는사람,2023-03-03,1396.67
섬열파하하,2022-07-06,302
로팡걸붓미,2022-01-21,1345
panda314,2021-07-09,1326.67
떼바시시전중,2021-08-25,1360.83
굠츄,2024-12-27,1640
굠뿌,2024-12-17,1520
림땅,2024-12-20,1640
개쎈총,2024-12-19,1620
고독한슈,2024-01-08,1518.33
서포터필요없으시죠,2024-12-18,1640
봄굴비,2022-10-28,208.33
목덜미내노아,2023-12-27,165.83
우이비릿,2024-12-14,50.83
인사동ZI존도화가,2022-01-27,1475
헉밍,2024-12-19,1640
I뎀프시롤I,2024-12-19,1640
연우l우연,2022-03-20,155.83
고양이는먉옹,2024-12-21,1640
구코기상술사,2024-12-25,1640
쪼팔,2023-07-23,1490
뒤통수때리기좋은날씨,2022-07-11,1425
우리팀잔혈생성기,2024-12-19,1593.33
신속정확버스트,2021-11-23,1325
whadada,2020-09-15,442.5
wadaden,2021-07-09,1415
태생,2024-12-29,1590.83
디트공장장엔쵸,2024-12-19,1640
나는비버,2022-03-23,1310
요리륑,2024-12-25,1640
주먹희,2023-12-24,1560
운명의나침반,2024-11-22,1580
딸귀한아가,2022-07-18,1467.5
노웨잉,2023-12-22,1528.33
깽빽,2021-07-15,1330
느라리커,2024-10-29,1540
시카큐,2024-01-14,111.67
애니거츠,2024-12-19,1640
메기튀김,2024-12-20,1640
뽐제나,2024-12-20,1640
마너바드,2024-12-20,1640
안하란,2023-12-21,1540
저달온,2023-07-02,1250
문월,2024-10-03,500
헤르쯔드,2024-12-19,1640
여홀나출시하면캐삭함,2024-12-20,1640
뽀뾰인데왜혀넣어,2022-10-15,1460
칼칼맹,2024-12-20,1640
원대랩301,2024-12-19,1640
황제옆에황후옆에나,2022-12-27,1480
1월4일기준마지막여캐,2023-01-05,1340
공보현,2022-01-12,1475
슬레큐우나,2023-12-24,1540
코마르법,2024-12-20,1640
LIoyd,2024-12-20,1640
붓으로만족할수있나,2024-09-22,1589.17
엠소울페,2023-11-13,1500
셋이서탈수있는차는인삼차,2024-12-20,1640
탱커가만만셋,2021-05-21,990
진오의멸,2024-12-24,1640
서폿입니다,2023-12-22,1540
주먹왕민식,2024-12-19,1640
배드테이스트,2023-07-20,1415
보드카는앱솔,2024-07-11,1540
다솜하나,2024-12-19,1640
악귀셀느,2024-12-19,1615
김이옐,2023-12-22,1477.5
미리노아,2024-12-20,1640
빡붕이딜한다,2024-12-20,1640
채뚀오,2024-12-19,1640
전빵진,2024-07-15,1535
60st,2024-01-31,1510
단유붓,2024-11-06,1551.67
이바노브,2024-01-02,1536.67
쵸코코코넛밀크,2025-03-02,1640
칠리나줘,2024-12-19,1590
기상이가우산이,2022-11-10,1370
S2이브,2024-12-21,1640
춘향핑,2024-12-20,1640
피치모찌파르페,2023-06-28,1415
존예보스,2024-07-11,1590.83
슈슉궁당장,2023-01-31,1340
전재경,2024-12-19,1640
여보사랑해,2023-01-01,1390.83
칼해나,2024-12-19,1585
제리카노,2024-12-19,1640
흑랑우,2024-12-19,1610
시티팝로파이리듬앤블루스,2023-01-19,1460
솨류,2024-12-19,1617.5
서리파,2024-12-19,1610.83
텐애옹,2024-07-11,1540
영쑤제자,2024-12-21,1640
복실복실우주,2025-01-01,1640
삼송민주,2022-07-12,1415
역가시,2024-12-18,1640
렌눈나의명기,2024-12-19,1640
돌잔치때건랜스잡은사람,2024-12-15,1600
추효진,2024-11-08,1540
불주먹솔빈,2024-12-18,1600
오마이갓김치치즈버거,2024-12-19,1640
몽기몽몽,2024-12-25,1640
또신속이야,2024-01-05,1520
숙코머리두동강,2024-12-19,1618.33
라일레이잉,2025-01-03,1640
서머너무시하지마용,2024-09-19,1600
졸맨,2024-07-18,1520
흐윽,2024-12-19,1585
장진홍,2024-12-20,1640
열심히하는전탄데헌,2024-12-22,1640
치즈듬뿍피자,2024-12-19,1611.67
하얀로아,2021-07-09,70
현서라,2024-12-20,1640
느린날씨,2024-12-24,1640
일단하기,2024-12-19,1640
버터모찌,2022-01-29,1385
지존왁굳,2025-01-10,1640
호왕은맞고가,2024-03-30,1540
뜨겁게떠오르는해야,2024-07-14,1520
서윤이는개드리퍼,2024-07-24,140
우승신,2024-12-20,1640
3S0,2024-12-19,1640
에키드나팬티를훔친이슬비,2024-12-19,1640
재즈클래식가스펠보사노바,2023-06-29,1490
쿠우깡3,2022-01-31,1302
옛날바람,2024-12-19,1585
케트라이커,2022-02-16,1325
캔디소다빙수,2024-02-12,894.17
하12,2023-12-23,1470
소울거니,2024-10-08,1520
유아참교육과,2024-12-19,1585
깐식2,2024-12-24,1640
유티루,2024-12-24,1640
우동괭이,2023-01-28,1340
아르카디아루시안,2024-07-13,1520
등채1호,2024-10-12,1540
미코시바슈리,2024-09-16,1540
엘리어스봉선,2023-07-20,1415
구민수1,2024-12-19,1620
오퍼론,2024-12-19,1600
우쑬,2022-08-09,110.83
달쪙,2024-01-29,1520
수라멋진듯,2024-12-19,1600
9번디트,2024-12-19,1640
밀떡뽀끼,2025-01-12,1705.83
깡낑깡낑깡,2021-08-28,1415
민나래,2024-09-17,1275
김디뿡,2025-01-06,1640
로아는하프펀치,2024-07-27,1520
Fruitvery,2022-02-17,1302
중년의성기삼,2023-11-05,1565
뇽뇽창,2022-01-07,1420
도화주러뛰쳐나감,2022-12-26,1415
홀리쉣트으둘째딸,2023-01-20,1472.5
제정신아닌사람,2024-12-19,1611.67
윤아혜,2024-12-19,1640
아가마시로,2024-07-13,1551.67
갓현지,2022-01-16,1325
큣봉,2021-08-13,1370
파뉴쨩,2024-12-19,1640
파뉴짱,2024-12-19,1620
라임색도화가,2022-01-28,1302
실링수급이시급해,2021-06-16,1050
초뾴,2021-03-22,1325
파송1,2023-12-12,1490
꾼이라고불러주세요,2024-12-18,1613.33
순수의지,2024-07-12,1550
겨울을전하고싶다든가,2024-12-20,1610
레펠리스타,2024-12-20,1640
시골총총,2024-12-20,1585
스링0,2024-12-19,1640
히히절룡쉐이,2024-12-20,1640
늠구,2024-12-19,1600
댕구서방님,2023-09-06,1325
이병김윤상,2023-01-30,1460
쁘쟁,2023-11-04,1550
기아공,2024-12-19,1610
점화너스,2024-07-10,1556.67
기상큐우나,2022-07-11,129.17
벨매2호기,2024-12-20,1640
광접속보호관,2021-04-24,1325
냥꼬미,2024-01-08,1580
달달쿨피스,2023-07-22,1508.33
뚱카롱존맛,2024-06-16,500
몽먼,2024-12-19,1640
특별한돈까스,2024-12-20,1640
꼰똘비,2023-07-15,1490
댓츠크레용팝,2024-07-15,1612.5
엑스쿠비토르,2023-02-11,1415
남궁진율,2024-12-22,1640
강피터,2022-07-07,1370
엉분,2024-11-01,1540
백병지왕,2021-03-22,1223.33
돌려베기,2024-02-12,1525
전준전,2024-12-19,1640
서폿모별거있나,2024-12-19,1600
댜라랑,2024-07-31,1250
쌍촌동여심용광로,2024-08-01,1605
밧쟁,2021-12-25,1372.5
시비걸면탈벗고빡딜함,2024-12-19,1600
바드팅요,2024-12-19,1640
로요일되돌임표,2023-06-10,1460
KwonEunbi,2024-12-18,1585
김시사신,2023-07-21,1490
박구박,2023-11-03,1603.33
별그리밍,2024-12-19,1614.17
같즈스,2022-03-07,1325
CheckTest,2024-12-19,1640
톰포트블랙오키드,2024-12-20,1640
절대하고싶어서키우는거아,2022-12-27,1420
마왕박태정,2024-08-29,1575
훠궈도훠거,2023-11-12,57.5
우솹쁭,2024-12-20,1600
낙인바드세요,2024-12-20,1640
백체린,2024-11-08,1540
눈혜지,2024-12-20,1585
펄스트건,2024-12-19,1615.83
톡젤리,2024-11-03,1520
못참거든요,2022-03-11,1302
꽃이되어줘,2024-08-29,60.83
우산국지킴이,2024-12-20,1585
빙하고룡,2024-09-04,1540
킹갓슈퍼모코코익스프레스,2023-06-28,1467.5
히비스커스유자에이드,2024-07-10,1545
TheStranger,2024-12-19,1640
데헌입니다,2020-08-27,992.5
이럼에도힐러에요,2024-11-18,1609.17
사뮤엘콜트,2023-07-02,1420
귀요미쀼몽,2023-03-13,1445
꽃돌이는배고파,2024-12-20,1640
대마법사리아,2024-12-19,1640
홋낫,2024-12-08,1610
림레이크최고아읏픗도화가,2024-02-13,1520
껌토,2024-07-15,1530
호호호호홍홍,2024-12-19,1600
라미띵밤,2024-12-20,1640
튼튼합네다,2024-12-14,98.33
유리지아,2024-07-26,1520
은서아가,2024-12-19,1640
김덕춘할머니의세번째눈물,2024-07-11,1521.67
선쿠션,2021-08-15,1370
딜초보라구요,2022-08-20,71.67
뭉모닝,2024-10-08,1540
두혀닝팬,2024-12-19,1640
꾹댕이,2024-07-22,87.5
솔플,2024-09-21,1610
펑블,2024-12-18,1640
계란은빼고주세요,2023-07-22,1415
IBS임플란트,2024-12-26,1640
슈메뷸락희소종,2024-12-19,1615
기상술사나이스단2호,2024-12-20,1640
육군특수전전단,2024-12-20,1640
아아아몰라걍지어젠장,2024-12-20,1640
연휘님,2024-12-20,1640
민초파전,2021-02-27,802
하나만더주세요,2024-08-22,1536.67
분홍뿅망치,2024-12-13,1490
챌딴따,2024-12-19,1640
87세왕복할배최후의한방,2024-12-19,1615
엄마잔소리호신투기로방어,2024-12-19,1615
드론과스카우터,2020-08-23,915
삐딱하다,2024-12-20,1640
공퀴,2024-12-24,1640
Macallan블레,2024-12-23,1640
미절희,2023-01-24,1370
청소용망치,2024-12-20,1640
괴도렐라,2022-05-16,1480
때문에,2024-12-22,1640
Felix33,2021-11-17,513.33
몽키렌치,2024-12-21,1640
갸온야옹,2024-12-18,1585.83
맘놔니,2021-10-17,346.67
갈증나는데어쩌지,2024-01-08,242.5
담쌤,2024-12-19,1600
푸푸,2023-10-18,680
s최강잔재s,2024-12-21,1640
Launchsite,2022-11-25,1100
광기라이칸,2024-08-11,1580
재원촌,2021-12-18,1270
HMShadower,2022-10-08,1370
요즈양,2023-12-24,1540
이번생은고창이되겠습니다,2022-11-24,1548.33
핌월,2024-12-19,1640
무딘Shotgun,2024-10-25,1225
매콤단단주먹,2024-12-19,1616.67
광피씨우산도둑,2022-08-30,1385
쿠엘탈라스황금총,2024-12-19,1612.5
도발내부쿨완화좀,2023-12-21,1460
차해삐,2024-12-20,1640
아리모코꽝,2024-12-19,1640
마춘장,2022-01-31,1341.67
우비차니,2024-12-24,1640
디붕5,2022-03-16,137.67
까불면죽음,2023-12-21,1580
시꺼먼악마,2024-12-15,1460
황카숙,2024-12-19,1605
한서구름,2022-01-27,1345
성사신,2024-12-21,1640
데bini,2024-12-21,1640
손가락오작동,2022-01-28,1370
뚜시뚜시와따시,2023-12-23,1565
낫소히,2024-12-19,1600
종말시간,2024-12-21,1640
코기익,2024-12-21,1640
두려워도괜찮을거라고,2021-07-16,1430
수촉,2024-12-19,1640
자이스윗트,2023-07-23,1415
절달햇,2024-12-19,1600.83
물냉면계란도둑,2024-08-02,1540
호신투기딸깍오라오라오라,2024-12-19,1640
버들나무잎,2023-10-18,500
섭속,2024-11-03,1275
맥주운송병,2024-12-18,1640
라비씰,2024-07-25,1540
강져니,2024-11-06,1580
홀리조이,2021-09-03,82.5
상병이정우,2023-07-23,1472.5
주먹왕백강혁,2024-12-19,1600
창봉진,2024-12-18,1617.5
석윤장장윤석,2024-01-02,1543.33
에치퐁,2024-12-19,1640
자광이아들,2024-07-23,1175
내맘오디,2024-09-03,1615
방긋방토,2024-09-03,1640
진화불가,2022-03-22,960
성공의반대는실패입니까,2024-12-19,1613.33
설냥따,2024-12-19,1600
마슐파르페,2024-12-19,1585
힝구디붕,2021-07-09,1415
벨링엄종신,2024-09-08,1600
암데드,2024-09-08,1600
랜스댕멍이,2024-12-19,1617.5
뭣냥,2023-11-16,1541.67
콩춘향,2024-12-19,1610
토먓토케쳡,2023-11-07,1588.33
갱얼쥐야옹,2024-12-19,1590
수현이a,2024-12-20,1640
L0NER,2021-12-18,1370
TRESPAS2ER,2021-12-28,113.33
달천리데빌헌터,2024-11-02,1340
쓸레롸붕이,2024-12-21,1640
큐티프리티러블리섹시,2023-12-23,1540
음싸,2024-12-21,1640
니코임,2024-12-19,1640
밀키스쏘주,2022-08-07,1460
슈수수퍼노바,2024-12-19,1600
특급신앙,2023-11-02,1545
닭권왕,2023-12-24,1541.67
끄룡,2024-12-19,1640
키어님,2021-01-29,1340
83세오순자의태극기알바,2024-12-21,1640
봄에찾아온,2024-12-19,1640
섹시한신문,2024-08-15,630
SoulYiter,2023-07-22,1498.33
감자는살려야제맛,2024-10-10,1592.5
소울이런,2023-07-19,1460
스카우터야내가간다,2024-07-13,1520
녹용9호,2022-07-07,93.33
비매너틱장애금지,2022-02-17,1302
소답동삼도류장인,2022-09-24,460
잔카페,2023-01-07,1302
I묘엘I,2023-11-27,1490
모닥불on,2024-12-21,1640
SouIsEater,2023-07-21,1495
법제이이,2024-12-18,1640
창술사가하늘에서겠다,2024-11-30,500
쎄네용,2024-12-19,1640
능루,2022-09-25,1563.33
뜌땨이따씨,2024-12-20,1640
낫그녕,2024-07-17,1560
국번없이131,2022-07-25,95.83
241203윤두광의밤,2024-12-19,1600
진현지,2022-01-29,1475
10겁작입니다,2024-12-19,1615
정한울,2024-12-19,1640
CeleStormy,2024-12-19,1640
푸데덷,2024-12-23,1640
설레슬레,2023-02-04,1340
데퀴엠,2023-07-20,1490
더킹크로스카운터,2024-12-16,500
쭈비보리,2024-12-13,500
하젤딘,2024-12-19,1600
산정상에서외치지,2024-12-20,1640
붉은주먹에이스,2023-12-21,1460
SOULCURRY,2024-11-07,1520
쯔졔,2024-05-31,1477.5
나는야고수바드,2024-12-19,1600
귀여니6호,2024-12-19,1617.5
템빨템페스트,2024-09-23,1540
서칸C,2024-12-20,1640
누겜,2024-12-25,1640
랑드랑드나랑드,2023-08-19,1460
사요마요,2024-12-19,1600
스카웃된스카우트,2020-09-14,915
제롬Akd,2024-08-01,1540
kladivo,2020-12-13,1005
랑쁘랑쁘랑,2023-07-22,1495
장건웅의땅땅땅빵,2024-12-20,1640
디붕씨일어나,2023-09-01,1415
돔맹,2024-12-24,1640
나홀시에루,2024-12-20,1640
HHHunter,2021-04-07,1370
신선한조류,2020-12-31,1302
주땅술사,2021-03-25,1354.17
노트필기,2024-12-19,1600
뽀투의상상은현실이된다,2022-12-09,302
웰케,2020-10-16,917.5
ironVis,2020-10-20,915
박밍아,2024-10-07,150.83
어쩔깅상술상,2024-12-22,1640
까미초롱,2024-12-20,1640
도화먕,2022-01-15,1452.5
SHERI8,2025-03-19,1640
알시강,2024-05-18,1528.33
LightBD,2023-07-03,1498.33
와뽀뿌,2024-07-17,1520
네놈을타다다당,2021-08-12,1432.5
기믹케어마스터홀붕이에욤,2024-12-23,1640
매칭을돌린순간팀을믿어라,2023-12-21,1545
꼼짱잉,2024-07-16,1520
문음파,2024-12-19,1615.83
가람겨울,2024-07-11,1520
휠라봉,2024-12-19,1640
재학랜드딜러홍라온,2024-12-19,1585
다카모모,2024-12-19,1616.67
달또용,2024-11-07,1520
백랑유키,2024-12-19,1610
강혀기와쪄염,2024-03-21,149.17
스나봇A,2023-10-06,1415
스나봇E,2024-12-21,1640
LoveBallad,2021-09-10,1445
도람시,2023-11-20,1450
포링나이스1,2024-12-20,1585
누누인더박스,2024-12-20,1640
밤루잼,2024-12-20,1600
소울이래,2023-07-21,1415
김낙써,2024-10-15,1540
대한검존,2023-03-02,1340
오진옥,2020-12-31,1385
참새의도발,2024-12-20,1640
낙타관절꺾기,2024-12-20,1605
카피바라좋아요,2024-08-25,1530
부빡이,2023-06-08,1568.33
마취코끼리,2024-12-22,1640
Xcalibur,2024-12-20,1610
설향배마아,2024-12-20,1585
midblue,2024-12-20,1640
따리따리체방따리,2024-12-22,1640
알카해보세영,2022-07-10,108.33
잔재배찌,2024-12-19,1600
예민노,2022-07-08,1475
쇠냄새풍기고다니는야풍이,2024-12-20,1615
용바없는세상,2024-12-18,500
찬애,2024-06-16,1590
겨울귤킬러,2022-12-29,1345
현들갑,2024-12-19,1600
연애경험이전무한편이야,2024-12-19,1611.67
개빡친황후,2024-08-05,1490
루라이트닝,2024-08-22,1540
빛날윤여름하,2021-03-21,1315
생크림복숭아,2023-07-22,100.83
시즈시,2021-06-12,985
시즈닐,2024-12-19,1640
시즈오니,2021-06-03,896.17
조아햐,2023-01-01,1340
무네링,2024-06-22,75
StellaAurora,2024-12-22,1640
하요카,2022-07-11,160.83
왜이라노,2024-12-16,1603.33
앞대쉬받은워로드,2024-12-21,1640
애기도룽,2024-12-19,1600
여홀리출시하면캐삭함,2024-12-19,1615
문서작업,2024-12-19,1640
아가동각,2022-01-12,1430
파이처럼,2024-12-21,1585
기상동각,2022-12-23,1470
스커가최고가되는그날까지,2024-12-22,1640
향월격,2023-08-27,1417.5
본숙,2021-10-22,1420
RANNO,2024-12-20,1585
예쁜멤모닉,2024-07-22,150
우주햄토리,2024-09-22,1528.33
도화가는빙글빙글,2024-12-24,1640
숭닷,2024-12-20,1640
불금네이드,2024-10-31,1520
블앙코,2024-12-20,1640
브레이크없는브레이커,2023-12-21,1573.33
Nvdu,2024-12-20,1610
힐러야받아줘,2021-10-08,486.67
씨네마천국,2024-12-21,1600
김만술,2024-12-20,1585
바드굿잡,2024-12-20,1585
퓽권,2023-12-25,1580
님들아나에게기운을모아줘,2022-03-15,1302
아야츠노효니,2024-12-21,1640
바럄송곳,2024-12-15,1100
원준싸개,2024-08-06,162.5
RuuGiiT,2022-07-11,1340
5825,2025-01-04,1640
에무르,2024-09-19,1580
블레이드대장,2024-12-19,1585
폰즈레타,2023-03-29,990
이누즈카임동현,2023-10-31,1490
영원히자세요,2024-12-21,1640
귕귕깅귕깅귕,2024-12-22,1640
잔혈머신소울,2024-07-18,1600
노노부부부부캐,2021-09-04,1385
억억모모닉닉2,2024-12-20,1585
어쩌다보니이걸키우고있네,2024-08-01,1535
주제알기,2024-07-11,1530
킁거시기,2024-12-23,1640
moooo2,2021-03-07,1325
마루비꽃,2024-12-20,1640
솜주먹진현이,2024-12-22,1640
투사유산스카,2023-12-22,1460
웅데헝,2024-08-05,1520
비욘드알잘깔았센,2024-10-30,1540
광기호뺭,2024-12-20,1640
하나전용노예,2023-03-19,1415
전티짱짱맨,2024-12-22,1640
뛰봉방,2024-12-20,1610
질투로즈,2024-12-21,1640
무주택자입니다,2021-08-10,1302
가지와당근,2024-12-21,1585
점화쓰는소울이터,2023-08-13,1415
이게맞나싶은캐릭,2024-12-21,1611.67
봄의리안,2024-12-18,1585
곤듀파워,2023-01-20,1340
용호왕,2021-12-25,1370
바훈띠,2024-10-26,1550
카멘의허리가활처럼휘엇다,2024-12-22,1640
즈야,2024-12-18,1640
욕망군단데모닉,2023-07-23,1415
반창고아바타,2024-12-20,1616.67
엄마저는커서잔혈이될래요,2024-07-16,1100
쿠키욘,2024-12-19,1640
꼬꼬그자체,2021-01-20,1340
허미연,2024-06-11,1540
공혀누,2024-07-14,1540
악마인간18호,2022-09-24,1340
유이공주님,2024-12-19,1640
건슬권위자,2021-02-20,1325
Jee깟네,2024-12-24,1640
특공무술호날도,2024-12-20,1640
임그음,2024-07-12,1546.67
아관,2024-09-09,1600
장리휘,2024-12-20,1640
만월금,2024-12-18,1590
창긍결,2024-12-20,1600
이달의주머니,2023-01-26,1506.67
Xarim,2022-03-17,1302
메리베리맥피즈,2024-12-19,1600
악마화보고함,2024-09-27,1482.5
대미칸,2024-07-20,1565
명랑명랑,2020-08-22,907.5
여친있으니까찝쩍대지마라,2021-07-15,92.5
가슴을울리는도라에몽주먹,2023-12-21,1526.67
죠키스터,2023-04-07,960
라쿠가키스트,2022-12-27,1490
나의사랑은함초롱바탕,2024-12-20,1640
인파속에날지나칠때,2024-02-23,500
개복도리,2022-08-31,123.33
존윅블비,2024-10-24,1540
민상춘,2023-12-06,1503.33
기상청쿨큐티에이스,2022-07-12,1460
리충워로드,2024-12-20,1640
민초블랜딩,2024-11-09,1415
세레로즈,2022-01-22,1325
낭만보다숙련장인초밥,2023-06-13,1460
테나옹,2024-07-17,1460
파인애플민트촠족발,2023-05-06,1460
St순니바,2022-07-08,1414.17
굼몰닉,2024-12-22,1640
호록록,2023-07-22,1415
늑펀2,2024-12-20,1640
난쟁이에요,2024-12-20,1600
바이올린연주하는소녀,2023-01-09,1400
쥐가아닌작은귀코끼리땃쥐,2025-01-04,1640
싱글모드는브레이커,2024-12-17,1340
몰리슈트,2024-09-01,1528.33
하프슈트,2023-06-12,1560
구엿,2023-06-22,1545
v종합비타민v,2024-12-19,1585
선부동고양이,2023-12-26,1467.5
넬씨눈,2024-12-19,1585
최강삼성,2021-12-20,1310
뮤하프,2024-12-21,1613.33
따뜻한옥수수차,2024-12-23,1640
약믐,2024-12-19,1614.17
디붕이날아욧,2022-02-24,1370
먼지5,2021-05-17,1325
현하셉,2024-09-09,1520
뚜드려패고싶다,2024-07-30,1540
제썽,2023-08-01,1625.83
사족보행필존스,2024-04-23,1585
꼬마이토,2020-11-09,915
치킨버터구이,2020-11-10,870
핑크피치블라썸,2022-02-05,1325
몰컴배마,2023-10-19,1506.67
감사응원격려배려도움친절,2024-07-13,1540
맨채스터유나이티드,2024-12-20,1600
피카츄팝,2024-08-23,1540
붓들고안그리기,2022-07-28,1445
땅깨,2024-01-04,1460
어둠의힘을가진창이여,2024-12-20,1640
함청초,2024-12-04,500
날카로운고기방패,2023-05-07,1370
도아가는도움이필요해,2024-07-19,1604.17
콩콩햐,2024-12-19,1613.33
와이파이끄지마라,2024-12-20,1610
베이더리,2023-01-22,1340
뿌뿌디니,2024-12-20,1600
차은우닮은현둥님,2024-12-19,1600
애옹리퍼,2022-07-27,1415
지노인파,2024-07-19,1526.67
김꿀벌,2024-07-15,1520
세컨PasCalK,2020-08-23,450
돌이굴러가요,2024-12-22,1600
Mollyer,2021-09-17,1417.5
명월체,2024-09-17,1540
너의뒤를바라볼게,2021-03-24,1370.83
로아는디트다,2023-08-04,91.67
왜우리탑은복귀텔이야,2023-12-20,1460
whasd9,2024-12-18,1640
NineTailAhri,2022-01-01,55
히새,2020-10-01,1355
멘아토,2024-02-08,545
구러하,2024-10-22,1640
로보틱3,2024-02-26,1600.83
플이슷후의안사람,2024-12-18,1640
아세로라이창우,2024-12-19,1600
서브총,2022-01-22,91.67
Cripo,2021-03-21,915
쇼지키,2024-12-19,1585
가인이에요,2021-01-29,955
B1raK,2023-12-23,1580
금빛용병,2024-12-22,1611.67
아가진영,2024-12-19,1610.83
LD라하오,2022-10-25,63.33
블레야날아라,2024-12-20,1585
버프키까뭇다,2024-12-23,1640
버스커버스커S2,2024-12-21,1640
사이버펑크2075,2022-12-26,1460
왕망치모코콩,2024-09-28,1520
숙코시치,2023-08-24,1585
우산쓴망나니,2024-04-13,1460
모청이,2022-09-02,1502.5
릴리어택,2023-07-09,1475
낭뫈칼잡이,2024-04-02,515
슬레하셈,2023-12-25,1510
응애니퍼,2022-12-30,1450
지나가보던가,2023-07-19,1490
말랑쪼꼬미,2024-12-19,1600
무우서운애옹,2024-12-24,1640
게임에목숨건바드,2023-01-27,1340
수샤이어슬레이어,2023-01-24,1498.33
l화산신룡l청명,2024-01-19,1520
기술스캬,2023-07-24,1422.5
팡주호흡,2021-07-11,140
린쉘터,2024-12-18,1585
인파에둘러쌓인인파,2023-01-19,1340
트리플빵,2024-12-22,1640
두동두둥등장두구두구따당,2024-08-04,1540
우사게,2024-12-20,1607.5
근엄한동갑이형,2022-12-27,1370
신속전문스익서비스,2022-01-02,57.5
손구히,2024-12-24,1640
아주작은딜러,2024-12-21,1640
핫꿀띠,2021-01-05,1336.67
lIHunterIl,2021-07-27,1302
한의사도뇌파계진단가능,2024-01-04,1460
갈증오둥,2024-08-15,500
좋은날컴퍼니,2024-09-25,1540
스카신희표,2024-09-29,1580
응애아기리퍼찡,2023-11-03,1250
남버서커왜함,2024-07-21,1570
미르새겨영,2024-12-20,1640
일당백모다피,2024-06-20,500
AquiIegia,2023-07-23,1508.33
HONG005,2024-12-20,1585
병두갓,2021-07-09,1417.5
매콤달콤새콤상큼,2024-07-16,155.83
유성도둑,2022-12-22,1462.5
푸푸고래,2023-12-21,1580
노상강도L양,2021-12-26,59.17
하프의사연,2022-09-16,92.5
지냥츄,2024-03-04,1610.83
강현탁2,2024-11-25,1100
수달우산,2024-02-23,1520
청화순,2024-07-13,1605
헤르타정거장,2024-12-19,1600.83
가브리살통통메론빙수,2023-07-23,1490
순디OvO,2022-07-06,61.67
규방이,2024-01-05,1540
워니퍼,2021-01-14,1045
나는하리밍,2024-08-30,1566.67
삑빽빽빽,2024-12-19,1602.5
모코로롱콩,2024-03-23,1571.67
당근감자고구마,2023-12-20,1460
꽁낑깡낑꽁,2024-12-23,1640
유지멍,2022-01-23,1325
신시드비,2021-11-11,1415
육밀수,2023-09-10,1490
귀염둥이사리,2024-10-26,1592.5
홀쭝,2024-12-20,1600
Designant,2024-12-18,1602.5
전인원기상합니다,2024-07-18,1600
지긋지긋한스커,2024-12-19,1585
흐림이애오,2024-12-20,1607.5
백지팡이,2024-10-18,52.5
아람람,2024-12-22,1640
아가마음에퐁당,2024-12-26,1640
아래3,2024-12-20,1640
낫놓고온다나,2023-07-19,1415
도덕훈,2024-12-20,1640
Compassion,2024-09-20,1540
BOB밥,2024-07-15,1520
도토리사왕,2022-07-20,1340
식후아아,2024-12-22,1640
Roel,2020-11-19,1017.5
3버블용맹받아가요,2024-07-17,1540
쿼카쮸몬,2024-12-23,1640
AJ아가퐁퐁,2022-01-13,1340
상습유치원눈사람브레이커,2023-05-05,600
진안동소울이터,2023-07-23,1490
놰조,2024-12-19,1585
디따아픈주먹,2024-12-23,1640
서퐁너,2022-07-11,1462.5
엘프레글,2021-04-12,1340
하찮은주먹휘적휘적,2024-12-20,1640
삯매삯매,2024-01-02,1520
분탕의망치,2024-10-08,1415
태영ovo,2022-07-11,95.83
무드론,2024-12-20,1600
티철,2024-09-16,1587.5
Like2,2021-08-12,1386.67
크로아무슈,2021-10-04,802
루루의순둥소울,2024-12-25,1640
bReticle,2024-12-18,1585
무과금합니다,2020-08-31,932.5
갈대무리,2024-12-19,1595
부서지는포말,2024-12-21,1610
낭만인파냥,2024-12-19,1600
닉폿,2024-07-16,1540
안해봄리퍼,2024-10-22,1286.67
검이두개였나,2023-07-27,1415
김캔두잉,2024-12-21,1600
절구억귀,2024-12-19,1613.33
딸스메,2024-12-19,1640
하미치겠네진짜죄송합니다,2024-09-07,1540
색욕의악마,2024-07-15,1585
안잉음,2022-02-23,460
냥야옹멍멍,2021-09-09,93.33
고기issac,2024-07-14,1540
예슬사,2021-03-20,1050
월상서문,2024-11-19,1566.67
내가섹시해진이유,2024-03-08,1100
쥬공이,2024-09-08,1595
요요요요들,2024-12-20,1591.67
무라조르,2024-07-28,1540
아임후추,2024-12-19,1600
초곡항,2024-12-20,1585
JFlaNatural,2024-12-18,71.67
오렌지시나몬허브T,2024-08-28,1540
도필쌍,2024-12-19,1600
한국남자3,2024-12-28,1640
붓으로그리는수묵화,2022-02-26,1382.5
후드의길,2024-05-24,500
올리브우산,2022-07-08,78.33
내가아가냥,2024-08-17,1540
타시타,2024-12-19,1600
대검찌발,2024-12-13,500
민섭이,2024-12-21,1618.33
나울마,2020-09-15,1000
인파04,2021-08-13,1302
야야첼,2023-07-06,1415
주먹쓰는세키스,2023-12-21,1571.67
술과계집을대령하라,2024-12-24,1617.5
물총싸개,2023-12-23,1540
광대을무시하면안되는이유,2023-07-06,1415
작은물범하프,2021-11-08,302
과노릿,2024-12-18,1585
사멸잔재된기운블레이드,2022-09-30,1340
붓질하는사람입니둥,2024-12-24,1640
12번째망치,2023-12-20,1460
창술사윤지우,2022-05-31,426.67
23살서예가보라돌이,2024-12-19,1585.83
다쳐주는눈나,2024-12-23,1600
창을그곳끝까지,2023-12-28,500
SktT1신창섭,2024-12-24,1640
창하고해뜬날,2024-12-19,1585
세르히자,2024-12-23,1613.33
NieRrein,2024-11-02,1340
랏딜은기상이지,2024-12-21,1585
이슬골드,2024-12-20,1585
오늘은맑은,2022-08-06,235
오락도사,2024-12-22,1640
아포재,2024-12-19,1585
입치,2023-05-28,1345.83
행복해질게요,2024-12-21,1619.17
대우주,2024-12-19,1640
오늘달빛은포근해요,2024-07-21,1540
슬레이어츄르,2023-01-20,1356.67
설탕샐러드,2024-08-17,76.67
펑키디스코일렉트로닉뮤직,2022-09-10,1340
숭화,2024-03-29,1585.83
맹독마카롱,2023-12-26,130
슬레만함,2023-07-09,1415
알뤼르옴므에디씨옹블랑슈,2024-12-19,1640
영혼찍먹부먹,2024-10-18,156.67
무명무먕2,2024-12-20,1616.67
Dirofilaria,2021-09-13,1345
음흉한숲속나무꾼,2024-12-20,1585
Sia블,2023-07-01,1496.67
쿠틸,2023-12-22,1510
철봉대거,2023-09-10,1535
주채서,2024-11-09,1565
별수호자짭나,2024-12-25,1640
차스뽀,2024-12-22,1640
홀리한상자,2025-01-19,1640
유사람,2022-01-10,393.33
응애푸링,2022-07-06,52.5
매로애히,2024-07-15,1520
하후히기상,2024-07-26,1575
말차맛쌀떡볶이,2022-07-11,1415
공대원울리기,2024-12-19,1600
여캐싫어요,2021-03-01,1385
URVeryKindUp,2024-08-19,1560
서형D,2024-12-19,1640
블광,2023-12-21,1460
최강대검술사,2023-01-18,1445
CHITACHI,2024-12-20,1640
준형취향,2024-07-23,51.67
아이디도내맘대로선택못해,2022-01-26,1370
개퍠러갑니다,2024-12-20,1595
충모콩,2023-09-12,1472.5
해안짬타,2024-08-13,258.33
바지무거워,2024-12-24,1640
이게이게억까면죽을게,2024-12-19,1640
배얍추,2024-12-23,1600
빡도주,2021-01-02,802
DreamSoul,2023-12-23,1540
이속3,2025-01-10,1640
날씨의아이동동주,2024-12-23,1640
진중하게쓰여진시,2024-12-20,1610.83
재이쿠스,2024-12-20,1600
두대피고올까요,2024-12-23,1613.33
배틀시티,2024-12-24,1640
그냥바다거북,2021-07-27,1063.33
하프든골룸,2024-12-22,1587.5
변신아바타,2022-02-04,1415
설산의산군,2024-12-18,1606.67
돌고도는네개의계절,2024-12-22,1615.83
HZC,2022-12-22,1340
한국서울,2024-09-04,1585
배마냥멍이,2024-07-11,163.33
월화수목금토일데빌헌터,2024-09-23,1596.67
왜포강안하냐,2024-12-20,1610
슬레이어이름은최대12자,2023-01-18,1342.5
광전사가즈아,2021-03-22,1325
숀발필중,2023-07-22,1460
못하는블레에요,2024-01-31,1100
이보크들어갔어요,2023-06-29,1490
요아소비아이둘,2024-07-13,1531.67
커밋이안돼,2022-07-22,1460
선경님,2024-12-23,1640
자칭금손밑잔MVP딜러,2024-12-18,1585
아케이니아94세,2022-07-06,1477.5
카시와기스미레,2023-07-19,1482.5
구슬이양,2023-01-07,1340
김밥속밥알,2024-12-19,1619.17
나혀스,2024-12-19,1640
보약통,2024-12-16,500
티끗,2024-12-19,1300
JRiHO,2023-12-26,1561.67
햄르카나,2024-12-16,500
sss룡이sss,2024-12-25,1640
알통그립,2023-08-02,1415
PAN판,2024-12-19,1640
참우울해,2024-12-19,1640
부계무녕주두번재딸래미,2024-07-21,1540
은제5,2024-12-20,1585
코너에맥도날드,2024-10-17,500
국내도화가,2022-01-23,1450
곽하준,2024-10-08,1593.33
건살규,2024-12-24,1640
새콤달콤꾸워먹는사과,2024-12-25,1640
대재학맛만보자,2024-12-23,1640
민희은,2024-10-29,1347.5
동구르르굴,2024-12-06,805
수라챰챰이,2024-12-19,1603.33
나나바이,2024-12-22,1640
스티레오,2020-09-20,867.5
1ov5,2024-12-23,1640
MarllinSeven,2023-07-28,1452.5
시루뭉,2024-12-18,1600
준비된점화,2024-12-20,1640
달빛마디,2021-04-04,1392.5
느삭띠,2022-01-11,1370
짱짱맴매,2024-07-15,1520
야통악비,2021-03-13,275
미친우산질,2022-07-07,1490
홀나아저씨자리비켜주세요,2024-09-13,1540
다혈이,2022-07-07,1415
알재된기운,2024-12-22,1600
닭슴가살스테이크,2024-12-22,1640
수퍼이나즈마킥,2023-10-22,1415
우디챠,2022-08-17,184.17
존잘맨현준,2023-09-22,1480
늑대랑,2023-07-02,1415
소울이터님파티나가주세요,2024-12-20,1640
낫쥬기,2024-04-05,53.33
구름에반지,2024-08-30,1546.67
냥섭아,2022-01-30,1302
뿅뿅성민,2024-12-19,1600
마리꽁사,2024-12-20,1585
헤냐설,2023-12-25,1580.83
열두글자론담기힘든나의창,2022-12-23,107.5
쁑아리아리아리쁑,2022-01-22,1100
이르간느,2021-01-09,1347.5
깨롱롱,2024-12-18,1590
대현동뿅망치,2020-08-22,922.5
세드창,2024-10-30,1540
은경이는아가야,2023-06-30,1415
길드탈취장인,2023-03-01,1340
머하머함,2021-03-22,1325
별도닐,2023-01-25,1445
모코코때려줘,2024-12-23,1585
고세구였습니다킹아,2023-12-22,1563.33
yyy브레이커,2024-12-23,1640
변신봄바,2024-12-20,1600
여하륜,2021-04-27,1365
억녕지,2023-08-13,1460
유산화이티잉,2022-02-13,1302
동탄포레,2024-12-20,1610
Adore,2022-01-21,1462.5
리셰중독,2024-07-15,1520
올리비홀,2021-12-23,1370
캔얌,2024-12-21,1600
너무잼드거너,2023-02-10,1415
줌하지마,2020-08-23,802
저놉,2021-12-12,1050
밖에비온다람쥐,2024-11-21,1605
연림,2024-11-01,1520
힐하기싫은절구쟁이,2021-07-17,1370
비버러스,2021-12-07,302
붉은색충전기,2024-11-06,1605
보석변환12344,2024-12-21,1640
모쮜는이쁨,2023-05-14,460
하이퍼영감,2024-12-20,1640
io디붕,2022-04-06,1302
Senepul,2024-12-18,1600
샤브으,2022-07-06,73.33
억제를꿈꿨지만돌이충동용,2025-01-07,1640
머리빈희주,2021-01-30,1037.5
용맹멍,2024-04-01,500
박광일,2024-12-19,1611.67
CapelIa,2025-01-14,1640
아이디는낌이름,2024-12-23,1600
활이렇게쥐는거맞나요,2022-04-30,138.33
사시윤,2024-09-14,1565
연말의브커,2023-12-24,1543.33
유번식,2024-07-13,1563.33
낫모양적혈구말라리아,2023-11-16,1415
마다요,2024-10-28,1590
보섴틀린,2024-09-10,1540
바드가피우는꽃,2023-01-13,1482.5
맹유리,2023-12-22,1487.5
등군2,2022-06-10,1375
앞쪽이좋은남자,2024-12-24,1640
복덕복덕복덕복덕복덕복덕,2024-12-20,1597.5
쁨냥,2024-12-03,500
유부남의대검,2024-01-13,1460
너무억울한게많지만참겠다,2024-12-21,1608.33
어른카스테라,2021-11-25,1415
아가가하고십어요,2024-07-26,1540
YosoolJerry,2021-08-23,1325
기공블레어,2021-11-02,1415
뜨거운멜론에게믿음을줘,2024-07-12,1528.33
뚜잉얏,2023-09-07,1415
겁화산군,2024-12-19,1585
코쉨,2021-07-09,1415
딥땅새,2024-12-25,1600.83
야망있는디붕이,2022-03-20,70.83
천현설,2024-09-24,500
임홍건아,2024-08-16,1540
돌격대장김둔기,2023-09-16,500
이세계밀라,2024-12-25,1600
옹수도태,2024-12-19,1585
우리바드는도대체뭐함,2021-03-25,1365.83
백모찡,2024-11-07,530
멍멍띠트,2024-12-24,1640
xza,2024-12-20,1600
대단한워로드,2023-12-26,1460
12자까지입,2023-12-23,1543.33
쁠마단연전연승,2024-12-20,1612.5
cookie123,2022-12-27,1352.5
중수는다음생에한다,2024-07-16,1600
블레씨젯,2021-12-11,127.5
원영스프리,2023-01-21,1370
서동양,2025-01-09,1640
04붓아가,2023-03-18,1340
단발눈나최고양,2021-07-09,1302
응애아기런처4,2021-12-23,1445
먀됴,2021-09-09,51.67
베리모히또,2024-11-12,1640
롤리팝쿠키,2022-01-21,1415
반종언,2020-08-23,915.83
잇츠도화가,2023-12-26,1540
서전트사신,2023-07-24,1420
체크2,2024-12-25,1640
낫유비,2024-07-17,1600
윾슬,2021-03-21,920
MirBlade,2022-01-28,1302
김차둘,2021-09-30,1435
예리엘마티나,2023-07-24,1415
앞산창술사,2021-09-22,1415
배고팡BK,2023-07-05,1498.33
수뜨라이커,2024-12-19,1640
아니배마님,2024-10-06,500
케어하정,2024-07-10,1520
엉클흰둥,2021-06-29,77.5
팬텀엘르,2023-12-25,1460
대위김지석,2024-11-06,1540
우산속빵칼,2024-12-19,1640
10겁작알카,2024-12-18,1585
꽃뭉치,2024-12-21,1600
춘봬,2024-08-17,1587.5
약코양이,2022-05-30,1302
플라랜,2025-03-08,1640
간호천사조형기,2022-12-03,1528.33
하세가와이쿠미,2023-09-19,1415
위켄,2024-12-11,73.33
자연인방림처자,2024-03-27,500
운동해서양양가자,2024-12-23,1640
저도도아가시켱이에요,2024-10-21,1362.5
행복했으면,2024-12-24,1605.83
사면초가버프좀,2022-04-12,960
돈많은백수가될때까지,2024-12-23,1612.5
소서청낭,2023-01-14,1340
자색대머리첫째아들,2024-12-23,1600
수타반죽전문가,2024-02-17,1460
츠키미노사쿠라,2024-11-09,1540
봄바람을불어봐요,2025-01-08,1640
디먕,2024-12-16,500
민초파인애플밥,2024-12-20,1640
왼플이,2024-12-19,1640
소울우드,2023-07-20,1511.67
난슬플때퍼스를땡겨,2024-12-26,1640
숙취해소에는갈아만든배,2023-07-03,1417.5
배럭캐,2024-12-23,1600
도머닉,2024-12-24,1640
슬레가참하네,2023-01-19,1490
기상콜라냥,2024-12-19,1612.5
기린인척,2024-12-20,1585
피에굶주린사자,2024-12-18,1600
유세하찌,2024-12-23,1600
다음단계로계속,2022-12-27,1425
스메라기레나,2024-07-11,1525
스메라기유나,2024-07-23,1540
모코코를구하는빛,2022-07-20,1462.5
센녀언,2024-12-19,1606.67
고독한기사양반,2022-01-26,1302
프린세스카실,2024-12-21,1640
야호붕붕홀리나이트,2024-12-19,1615
밤투,2023-12-25,1580
갤럭시휠체어플립플립나트,2024-12-21,1640
평캔할줄몰라요,2024-12-19,1616.67
원소술사도화가,2023-12-24,1540
찌찌괴물사육사,2024-12-24,1640
수입산펭귄,2022-03-05,526.67
무서운주먹쟁이,2024-10-21,1520
슈모익456,2024-12-25,1614.17
후라이드치뀐,2024-12-21,1612.5
떡머거,2024-12-24,1610
우아조재희,2023-07-20,90.83
바람기상,2022-07-07,57.5
기공사는신일까요,2024-12-18,1610
망고복숭아아이스티,2024-12-25,1585
날고3세,2024-08-01,1520
껌항,2023-01-19,1490
슴풍,2022-07-19,1460
토마토가될기상술사,2022-07-17,1462.5
화랑1호,2023-03-13,1605.83
또지응,2023-02-17,1340
하명하소서,2021-08-29,1415
슼갈처단,2022-02-02,1302
여섯개의나폴레옹,2021-05-30,605
슼갈총살,2022-07-12,1460
광폭혈랑태도,2023-01-19,1415
주랑시,2022-05-10,1370
쓱싹쓱싹쓱싹,2023-12-26,1541.67
무당파소녀가림,2023-09-08,1460
오의가출,2021-03-26,1310.83
HollyBunny,2020-11-05,915
모코코사랑꾼,2020-10-07,915
뭔영,2023-12-20,1528.33
학살사미라,2021-04-25,1362.5
보잉콘,2023-07-21,1490
여리디스트로이어,2023-12-22,1521.67
요미세례,2024-05-18,1611.67
디붕이는응애하고울어요,2022-07-07,191.67
어떤이른새벽,2023-09-24,1503.33
규은이의스카우터,2023-08-18,1620
신성기사모찌,2022-01-22,1370
따뜻c,2021-09-28,1073.33
땅꽁펀치,2024-07-16,1636.67
메론맛코코,2021-11-13,1302
집태우는비버,2022-12-24,1415
호랑이가어흥흥,2021-08-20,1325
평온한수수씨,2022-11-17,1445
광저우서머너,2022-12-25,1460
문호천,2023-12-21,1540
하얀나비달,2022-11-30,51.67
사야초,2023-09-24,1420
잔소리주의,2021-05-01,1447.5
잿빛의모란,2022-01-13,1467.5
MARO45,2021-07-18,105.83
꾸이소서,2021-08-12,1445
월시브,2024-01-13,1510
솜주먹나쵸,2020-09-10,325
퉁이,2022-02-26,1570
민초모코코볶음,2021-02-05,1042.5
바하수,2021-08-24,1302
권왕냥,2023-12-23,1581.67
배신금지,2022-07-11,1500
날씨의아이l,2022-08-01,57.5
푼나브,2023-09-03,1580
밤부터낫까지,2024-07-15,1630
카르디스트,2020-08-23,935
스이시스,2022-08-19,600
녹서스사이온,2022-03-03,1403.33
보리빠앙,2023-12-04,1422.5
오늘같은이런창밖이좋아,2021-05-12,1340
연탄때는백인,2024-03-15,1616.67
Qplaying,2021-04-05,514
생활법칙,2024-02-09,1520
슈팅중,2023-08-10,500
권왕Zone,2024-02-14,1533.33
금다로미,2022-12-27,1340
버스트맛블레,2022-07-19,210
제발랏서폿좀,2021-10-29,1432.5
알파쿤,2021-07-13,51.67
액션참치,2023-10-02,1593.33
쫀듸기,2021-03-11,1332.5
주먹주쇼,2023-12-25,1541.67
크림슨베리스무디,2021-10-07,1370
쁘뜅,2024-07-14,1620
샤펫,2022-12-25,1482.5
CeramMist,2023-09-20,1580
달고나잼,2021-08-14,1302
브레이커조리법은불에익혀,2023-12-20,1561.67
마엘하영,2022-02-17,1435
시로덱,2023-11-07,1610
코숑이요,2023-01-18,1490
낭만가득광전사,2021-08-14,1330
콩콩이슬,2022-12-24,1498.33
둥꽃,2022-09-26,1585.83
히스홀,2021-05-15,61.67
돌열,2021-02-02,1340
쫀심이,2020-08-23,1035
화설권,2022-07-09,1477.5
여고생이다엉,2024-01-10,1467.5
히덩찌,2023-07-20,1516.67
질풍찌,2022-12-02,58.33
설렘의별,2023-02-25,1462.5
키워서잡아먹어11,2022-01-22,1417.5
뚜뚜띠뚜따따,2022-12-21,1475
wds327,2024-01-27,1520
팍팍찔러,2020-08-23,928.33
폰무,2021-03-21,945
이바총,2021-07-20,119.17
달빛브레이커,2023-12-21,1521.67
아춘덕,2021-08-13,1422.5
모닥불이모락모락,2021-07-18,1415
캔디플로스,2020-08-31,1302
신수월,2024-07-14,1540
초코시럽바나나,2023-01-19,1490
폴리페놀카카오,2022-10-27,1415
한우불고기피자,2021-10-10,302
소주든호랑이,2021-09-26,1340
바르게성장하기,2022-01-23,1467.5
두라의길,2024-04-26,1520
심해왕,2024-07-16,1640
레온v,2024-07-16,1640
김맛전병,2024-07-16,1640
검정검정검정검정검정검정,2021-11-21,1100
네스치,2021-03-07,1364.17
ep,2022-07-16,1460
FoFoZ,2024-03-07,1604.17
신궁마지,2021-07-08,1370
너와본영화는다기억나,2024-07-16,1640
바갈,2022-06-03,1500
삼대삼백삼십,2024-02-18,1520
아이고이런지인장,2023-02-07,1460
아이고이런쥔장,2024-07-14,1585
어이예리미,2023-06-29,1415
콩콩탕탕,2021-01-28,1325.83
Appi,2022-01-15,1415
유우키양스나,2022-05-05,1445
류령선,2021-03-20,1325
암카드,2023-02-02,1570
불닭x스카,2021-07-06,61.67
불닭x리퍼,2021-06-06,1472.5
도톰한민트초코,2022-12-26,1480
홀리나이트맞거든요,2023-09-24,1415
킹너지싸개,2021-11-06,53.33
인챌,2022-09-13,1390
Rpakouleater,2023-07-25,1495
다나트리스,2023-12-20,1510
문나벨,2022-01-13,1370
굴화리7,2023-12-20,1580
굴화리9,2021-11-11,1370
도루바겟뜨,2023-07-23,1584.17
토킘,2023-07-20,1490
붓쟁이아가,2022-01-14,1355
고여가는과정,2023-12-27,1485
세기말로아와함께하는건슬,2023-06-29,1500
츠채복서,2023-12-21,1465
즐겜하는한량,2023-07-20,1490
로아슬레,2023-01-18,1490
찐레듀,2022-03-13,205
덩이괭이밥,2022-05-08,400
힐은없는데,2021-03-22,1340
쌍붕어알,2021-01-29,1032.5
쏭컷,2022-05-14,51.67
방탄미어캣,2020-09-22,960
SoulJynn,2023-07-22,1340
전생모닥불,2022-03-08,1302
치우몽,2024-07-12,1605.83
그대행복봤으니,2023-12-21,1548.33
별던지는웅이,2022-10-25,1482.5
줄기백,2021-04-14,915
네로은,2023-10-28,1595
꼰대몽,2020-09-28,915
큐레이션,2023-11-23,1415
하프들면사망,2021-07-09,51.67
방구석밍범이,2024-07-13,1615
과일먹은마시멜로,2021-08-12,1302
도구형우,2021-08-12,543.33
숨어서딜넣을게요,2022-10-05,1385
냐미리퍼,2023-01-18,1560
펠샨식빵,2021-08-31,192.5
브레이커셍,2024-07-10,1602.5
힐만줄거에오,2020-08-30,922.5
스티로폼대거,2022-03-12,1302
벤슬레이어,2023-01-18,1493.33
금강불괴쀼쀼,2024-02-26,1520
아무슨매화야,2023-12-21,1565
LoveWingBell,2022-01-21,1370
우리들은지금속에서,2021-09-03,130
킹잼건슬,2021-04-04,1005
스티로폼단검,2022-02-04,1370
애커나,2022-07-07,192.5
혼자였던밤하늘,2022-06-26,1550
깜뚠,2024-07-17,1640
터보레이커,2023-12-22,1580
잔라희,2022-01-13,1460
치킨블러드,2020-08-29,1012.5
홍삼석박지,2024-01-06,1472.5
한문철카운터잼민이,2024-07-12,1613.33
죽어가는잉어킹,2021-09-25,1340
관자백김치수육,2023-07-21,1498.33
칼련화7,2021-07-08,1370
로테트,2021-04-26,1378.33
문윤수,2021-10-23,1400
가슴을움켜쥔자브레지어,2023-12-26,1580
홈디붕,2022-07-08,1420
뽀신술,2023-12-23,1553.33
모태솔로찐따,2022-08-03,52.5
잉도화가,2022-01-12,1490
앤캉,2022-01-30,1302
소울리스꼬꼬,2023-07-20,1452.5
ss짹짹이ss,2021-03-07,1340
자두앵두의단검,2024-07-13,1618.33
VioletVex,2023-07-21,1510
누나는화내도예뻐,2023-01-19,1460
소울이터지요,2023-07-19,1511.67
닷브레이커,2023-12-26,1560
만두에서아무만두안나,2023-07-20,1513.33
쪼동동,2020-10-29,917.5
노루배럭,2021-09-28,600
창설냥,2024-07-17,1640
케이가방패,2021-01-09,1325
달프린,2022-01-22,1302
도미너스,2023-12-23,1460
누텔라맛토끼,2021-06-11,1050
몰디브흰동가리,2023-06-28,1460
홀리성기사입니다,2020-10-28,915
소울냥2e,2023-07-19,1520
애기서폿도아가,2022-01-14,1376.67
정석수,2022-01-30,1422.5
성북천메이웨더,2023-12-22,1565
방패로내려찍어요,2021-07-09,1302
솨울이터,2023-07-20,1493.33
방패용사볼터치,2021-01-28,1047.5
쿠구쿠,2021-08-16,1415
레몬단풍,2021-09-09,1326.67
주먹왕고래,2024-01-20,1460
스피츠양갱이,2020-09-28,920
김짤루,2023-12-22,1560
배마혜미니,2021-05-13,1328.33
눈치빠른인파이터,2021-02-27,975
한밭교육박물관,2024-07-14,1600
장군나이트,2021-02-25,841.67
진심이게마지막,2022-01-21,1445
쉰린,2021-07-11,1422.5
사이카의집사,2022-03-16,1066.67
숑숑이의성기사,2021-03-22,1325
원투펀치첼지현,2023-12-26,74.17
유그나엘,2022-10-15,1460
젤님버스,2021-04-04,900
HarpistTMT,2021-12-25,1302
모먹나,2023-01-18,1374.17
다방소서,2021-12-23,1417.5
MagicSeed,2023-09-17,1415
이예혁,2021-08-23,1370
나이팅게일,2023-04-23,1455
할짝할짝,2021-08-19,1417.5
태백오,2021-01-14,1325
갓반닭,2021-04-05,1326.67
핸나콩,2023-01-21,1415
폭음,2023-04-04,1582.5
감정없는인간,2021-06-26,302.67
묵법미리네,2022-01-19,1480
까칠한이화,2021-02-14,1480
물먼지,2023-12-20,1510
방패든이코,2021-11-23,466.67
이다사,2023-12-24,1520
백차추천해줘,2022-07-23,1340
66년생,2021-01-26,870
강력혜,2024-01-25,1460
마음한가득,2021-08-08,1432.5
DKO8,2020-08-22,1022.5
솔이옐,2021-11-09,1435
유링게이슝,2021-08-24,1415
모코코써는칼,2022-07-25,1460
나선망치,2022-01-28,1361.67
솔밍,2022-01-12,1475
xboob,2023-08-23,1100
잿빛추적자,2021-03-14,1310
케난,2022-01-30,494
곤포식,2024-07-13,1630
이사랑바드해,2024-06-07,1610.83
라리는귀염둥이,2023-12-22,1460
변하지마,2021-11-25,302
쵹쵹냥,2021-06-13,1040
치스즈,2024-07-11,1600
쳐맞지말고버프받아,2021-01-02,1340
Orte,2023-11-09,1415
짱구머리밥,2023-06-29,1457.5
유리별,2024-02-03,1560
잌스플로러,2020-09-18,905
데폭이커,2023-12-22,1520
하나초리,2023-12-22,1485
븝맹,2022-07-09,1460
구름한점없는하늘,2020-12-22,835
아서공쥬,2022-01-23,1447.5
브레이크고장난봉희,2024-01-09,1546.67
데스페라도장인,2023-06-28,1490
LOOKAS09,2021-08-12,1415
그리운너의뽕,2020-11-14,915
우냥우냥브레이커,2023-12-20,1475
고개를돌려나를바라봐다오,2023-12-05,1550
오해라고,2021-10-28,1370
오직한가지간직하고있는건,2021-07-22,1415
네맘을훔쳐갈금석홀,2021-06-28,177.5
오해브레이커,2023-12-22,1561.67
일상청,2022-07-09,1492.5
일상소,2022-11-03,1370
디트타지마할,2021-10-24,1342.5
스토리스킵안하는사람,2021-03-07,175.83
ROK크루엘라,2021-12-16,1467.5
수라요,2023-12-21,1586.67
금화좀반납해10,2021-11-30,1405
발바닥시리즈의마지막,2023-07-21,1420
내화살은심장을향한다,2021-08-12,1415
벼베는모코코,2023-07-21,1415
빛의테티스,2020-12-26,255
Separase,2022-12-29,1495
우꾸꾸다,2022-01-14,1403.33
수라결더맥시멈,2023-12-24,1580
꽤지름,2022-10-11,1445
법마,2021-08-16,1447.5
아니진짜안맞았다니깐요,2021-11-27,302
뚜뚜재,2021-03-02,1355.83
달루인,2022-03-19,460
II디티라II,2023-07-11,1515
아침인사헬로,2022-07-20,1430
홀나둥딩,2021-09-18,302
오늘은사직서를냈습니다,2021-12-01,51.67
닛향,2022-07-23,81.67
락시시,2021-07-25,260
모코코유치원도화가,2022-12-21,1340
에피프렘넘,2023-12-26,1582.5
귀뚜라미보일러기사김춘자,2023-07-05,1415
민트초코앙몬드,2021-12-23,1415
너쿨이,2021-08-09,1365.83
Szi존바드xz2,2021-05-24,1344.17
미리냇,2022-01-28,1507.5
무취미,2021-07-06,1425
물향내,2023-02-02,1608.33
강남침수범,2022-09-15,74.17
졔킹,2022-04-02,1302
졔퀸,2024-07-13,1620
슝펑레카,2021-04-24,544
노예시장모범상인,2021-09-20,1450
기상청운동회때도비오나요,2022-07-08,144.17
테라비온,2021-01-21,1050
Zl존광대,2021-12-10,98.33
노랑이도화가,2022-01-27,1370
째믠,2022-02-14,1316.67
후추뿌린사골육수,2024-01-28,1590.83
미랑q,2024-07-12,1617.5
주먹의맛,2023-12-22,1540
펠샨빙,2023-07-26,1100
l0000,2021-10-11,95.83
이웃집화살도둑,2023-12-22,1546.67
카디v,2021-04-08,1374.17
힐주는혼술러,2021-11-17,1415
넥슬라이,2023-06-30,635
모텔카운터녀,2021-03-01,870
사랑해난너의모든순간,2023-12-24,1570
LI거,2023-12-21,1475
오빠그만좀슬레,2023-12-23,1575
천연방향제,2022-01-12,114.17
떠블가츠동,2023-07-20,1415
마후마후유,2024-01-10,1576.67
땃쥐파이,2022-08-15,1540
소후,2022-12-22,1340
시어도르,2022-09-03,78.33
셀라씨,2023-01-19,1360
그랜딜,2021-09-06,1370
검유니,2023-01-21,1447.5
쁘화,2021-01-05,1050
애니츠붕어빵,2023-02-14,177.5
아바타입힐려고만든거에요,2023-01-19,1340
민트맛타로,2023-06-29,1495
사랑꾼곽철용,2023-01-18,1465
레드망고링,2022-02-03,1415
호로로롤럥,2022-12-23,254.17
JeongHee,2024-03-16,1541.67
피스콩콩,2022-01-23,1370
홀리량,2022-02-02,1450
이세계회귀암살자,2022-01-24,600
난인파이터남,2024-01-16,1510
버섯왕박승인,2022-01-19,1310
보더리스,2021-03-22,860
감고피,2023-09-28,1490
누운듯앉기,2022-05-06,1370
재서폿,2022-11-15,1595.83
분노조절잘해임마,2021-05-01,1050
무야펙스,2024-01-25,1460
이짓,2024-03-18,1528.33
버종,2021-04-23,302
꼭똘이,2020-08-23,901.67
홐홐충,2020-09-03,915
문승혁,2023-10-23,1465
hoyaman,2021-04-12,1335.83
곰이홍시,2023-01-08,1593.33
소미니아,2022-11-09,460
가람h,2022-07-31,1370
침몰함,2022-12-23,1460
으른어른오른,2022-02-15,1415
검났,2023-07-20,1490
쿠르잔전속모델,2023-12-27,1582.5
별보는네코,2020-11-16,297.5
찍기먹상,2022-07-06,1470
사랑해요블랙핑크,2021-09-02,1415
환즉곡,2023-06-30,1415
아잠만장전중,2021-02-04,1035
뚤기슬레,2023-01-18,1490
홀나탐구생활,2023-12-22,1583.33
워로밍담2호,2021-10-24,1370
콜라는팹시제로야,2023-01-19,138.33
기상해요,2022-07-07,1480
소담b,2021-12-03,1430
분당6800발대공발칸,2023-08-24,1415
주님한번만믿어주이소,2022-09-20,1555
나를웃게만들아이,2022-11-20,1415
코코넛죽빵,2023-12-30,1580
퐁퐁퐁팡팡팡,2023-07-24,1415
제아트네,2022-07-06,1500
관공어찌하여목만오셨는가,2024-01-29,1540
워로드너프절실,2021-01-06,1340
창술잇,2021-07-07,1302
씨앗반으른이,2023-12-22,1548.33
새싹반구름이,2023-09-13,1487.5
해피자두,2024-07-16,1620
힘의뿌리,2023-08-17,1420
드라곤,2021-08-20,1475
흑심녀,2022-02-01,1462.5
왕망띠,2022-02-03,820
배달쟁이,2021-08-02,1340
반듯한콩,2021-07-12,1332.5
꽃이핀다,2020-09-09,569.83
플리오스창술사,2021-04-04,52.5
버쁘,2021-05-31,1310
문찌디트,2022-07-06,1340
우리동네백화점,2023-07-21,1415
황카인,2022-07-07,1403.33
쿠아카왈라비,2024-01-10,1540
쁘띠애기검성,2023-03-19,206.67
카루마메이,2023-12-21,1580
땅버빔,2023-09-20,1462.5
죽치고,2024-01-23,1580
맙이넉이,2021-02-05,1340.83
망지버서커,2020-11-04,915
Finoa,2021-06-14,1027.5
가슴털수북힌여고생,2023-12-22,1570
안녕하세요저는전라남도목,2023-07-03,1415
뿡빵우산,2022-11-21,52.5
케이에,2021-07-07,1325
아메리카노3000원,2024-04-04,1591.67
꽁숼,2023-07-23,1480
헬컨테츠용악사,2024-07-17,1640
팽나이트,2021-07-05,61.67
그림은이렇게그리는거에영,2022-01-14,142.5
아이돌송멍챙,2023-01-07,1604.17
뷰탕,2024-07-17,1640
산림속숲속숫사슴,2021-07-08,1430
문어랑낙지,2023-03-08,1452.5
너무귀여운블레이드,2021-08-27,1325
허니문베이비,2021-07-12,1302
칼레타,2023-07-23,1508.33
버서커의근본광기붐이왔다,2022-01-23,1460
갤럭시M15,2021-07-09,1302
오의이스,2022-12-22,1460
바드실현,2021-04-05,1387.5
홀리깐,2021-10-23,110.83
꼬바해,2024-07-17,1640
디트깐,2022-05-29,460
이진호,2024-05-28,1540
그레칼레,2020-09-30,915
백일때머신건잡음,2021-10-06,503.33
벨스커트,2022-01-22,1475
낫배드난배드,2023-12-16,193.33
데뀰이,2022-07-06,1462.5
넉백황,2020-08-22,927.5
파찡이,2023-09-16,1415
하프맛고드름,2021-07-27,77.5
수줍게핀백장미한송이,2021-12-23,1512.5
캐시빠드,2021-08-22,1370
도로롱챠,2024-01-12,1485
운림이뒷통수세대,2021-09-13,1415
인생횟집,2024-07-17,1640
말라야가넷,2024-07-17,1640
깨잘,2021-03-24,402.5
소울텅,2023-07-23,1540.83
옥돌권,2023-12-20,1580
솔라시도레미파,2021-01-02,1325
토지이용계획열람,2023-09-10,1520
너만바라옴,2023-12-23,1585
맹구8,2021-08-13,1340
ID강남미뇨,2021-05-13,185.17
I비니주니I,2020-11-26,975
무노스,2022-01-06,55
또랑mk6,2021-12-16,1370
hafemo,2021-08-22,1361.67
돌아온치유성6,2021-03-27,1325.83
사멸집효녀,2022-07-06,1462.5
zl존캡뿅뿅,2021-12-23,1370
분홍머리분홍눈,2022-01-30,1370
네틱이,2023-07-01,1490
민속슬레,2024-07-17,1640
소울소울열매능력자,2024-01-05,1510
쌀힛,2022-01-26,1445
뱅크시급도화가,2022-07-19,1340
달EZ,2021-08-05,1417.5
까삐차,2021-11-11,1325
나지금뭐하겡,2021-07-09,1415
서머너버리고소서리스,2021-08-11,1460
시희라,2023-07-22,1540
깽피스트,2023-12-24,1582.5
읻피,2021-07-26,77.5
30년원조태양기사단장로,2022-01-22,1370
풀강낭,2023-07-10,1415
가마아앙,2021-01-08,1050
블래튠,2020-11-08,915
호v크,2023-04-04,346.67
아v서,2023-10-27,1610
랑빵y,2022-12-13,240
JaxKingxxx,2024-07-17,1640
아음음,2023-02-14,1490
남궁채윤,2022-07-10,254.17
노브스카,2022-09-02,1506.67
쌀신,2022-01-27,1302
Beluty,2022-04-06,1415
크로콘,2023-09-26,1581.67
지지우산은지지해,2023-07-02,1490
검동건슬,2021-08-26,67.5
처단쿠키,2024-07-17,1640
김끾끽,2021-08-20,1370
지린덩,2023-12-20,1580
포포리마공사,2023-08-28,1472.5
징병남녀,2023-07-20,1500
마토로또,2021-09-04,1370
카카오월드,2023-01-21,1391.67
지영이술사,2022-12-25,1340
뉴진스의하리보요,2023-12-04,1580
흑혈마검지존,2021-12-19,1415
힐랴랴,2021-11-11,1500.83
첫절구,2024-07-17,1640
햇빛알레르기가있는권투가,2023-12-22,1460
뷰방,2022-03-31,1302
돈먹는데런,2023-01-23,1475
기모잏,2022-07-21,60.83
수산류빠아그론,2023-02-05,1580.83
댕득구,2024-07-17,1640
이쁜희주,2021-01-11,1325
쭈밤,2023-12-22,1610
파투티아칸,2024-07-13,1563.33
자아깅,2020-08-23,928.33
이세카이스레이브,2023-01-18,1485
넞쯔,2022-01-24,1302
공이속버프룰루,2024-07-17,1640
주먹흔들며,2023-09-10,1467.5
장남디붕이,2021-08-26,51.67
치바견,2022-01-25,1430
붉은소,2020-12-04,960
서울대드론학과,2020-11-04,915
현옥,2022-01-12,1490
빈센트카시오,2021-05-11,1325
정령술찌,2023-07-11,1493.33
치적싸개쥐새기,2023-12-20,1526.67
에포케,2023-12-21,1620
우앙너구리,2023-09-13,1490
모나미붓칠,2024-01-26,1520
땅콩해달,2024-07-17,1640
끋음,2021-07-08,1422.5
삐용삐용빠삐용,2020-08-22,1005
맛있는버스트,2022-07-07,1370
날아다니는초파리,2022-11-23,1493.33
열피넘는반자동,2022-03-02,993.33
리눅스바드,2021-08-02,302
돌쇠로묘,2023-11-07,1585
란리스,2020-08-22,940
지호랭,2023-12-27,1600
리온마루,2022-02-13,1430
맨자,2021-10-24,1427.5
battlnet,2021-08-05,81.67
헌터서브라임,2024-01-24,1600
salblade,2023-12-20,1523.33
우미타마고,2024-03-09,1475
강이쀼,2023-01-18,1340
SSouIEater,2023-07-23,1506.67
10만원,2022-07-02,1583.33
빤스쌥니다,2022-12-22,1490
강강홀리,2024-01-28,1590
달의방랑객,2023-01-16,1445
대박이어디갔지,2024-07-12,1610
닻덫돛,2022-04-26,1370
란이듀,2020-08-22,941.67
3남블래스터,2024-07-17,1640
배마잇섬,2023-07-21,1566.67
요셉씨의슬기로운데헌생활,2023-02-04,1541.67
처음만든케릭이전사,2021-09-25,1445
절이싫으면너가먹어,2023-06-29,1415
슬레이잇,2023-07-02,1490
배마발,2021-09-08,1344.17
세진홀리,2021-01-30,1035
건들면힐안줄거에요,2022-03-15,460
블두유,2021-12-23,175
쪼꼬이커,2023-12-23,1597.5
홍쟝언,2021-01-29,1347.5
벌레의호흡나비의춤노닐다,2021-08-19,900
오하늬,2023-12-23,1540
밤토리의붕붕권,2023-12-21,1540
이잉쯔읏,2023-12-24,1553.33
유미잘해요,2021-07-29,1460
별사탕브레이커,2023-12-22,1520
내부지표지킴이,2023-01-18,1490
초보자,2020-09-04,990
SUNVALKYRIE,2023-01-21,1475
o기꿍o,2021-07-10,1325
손똥땅,2024-07-17,1640
Faladin,2021-07-09,1370
짱짱탱커,2021-04-11,1390
히로유키야,2021-04-10,1385
뚠뚜니핑OI,2021-07-24,960
청주소울이터,2023-07-20,1500
neopox,2024-07-10,1520
묭정,2023-11-08,1496.67
성빈팍,2022-10-12,73.33
버서커승철이,2021-09-18,1302
신뢰제로,2021-12-28,104.17
퀸냥이도아가야,2022-09-11,99.17
순순,2023-11-14,1581.67
달달무슨달계란같이둥근달,2022-12-23,55
라퓰라스의마녀,2023-12-22,206.67
Quinsha0,2022-07-06,1460
lI교내ll,2023-07-22,1490
민국이백만볼트,2022-01-27,510
춘아가,2023-12-25,1460
서핑은내취미,2022-09-01,1371.67
뭘봐부끄러,2022-06-05,460
뚜은제,2021-03-21,1325
우효민,2022-01-20,1505.83
오늘비와여,2022-07-06,1380.83
holo스바루,2022-07-10,1470
우리애는요,2021-04-02,1352.5
설움아,2022-01-21,1302
축오아저씨,2024-01-27,1540
레드응애,2022-12-22,1460
낫이아니라NOT,2023-07-21,1513.33
밥좀잡슬레이어,2023-01-19,1467.5
컹몽이,2023-06-26,228.33
키부츠지무진,2022-01-21,1302
날씨가꿈,2023-12-27,1511.67
박선인,2023-12-22,1582.5
힐구슬힐구슬,2023-07-22,1415
76세김꽃분할머니의드론,2022-02-02,1304
프랠루아,2024-03-14,1606.67
롤로노아기므인,2022-09-08,1570.83
쮸리양,2022-08-07,1340
슥샥슬레,2023-12-06,151.67
인도성기사,2022-02-10,165.83
아크의날개,2021-07-20,1337.5
도화야화,2022-01-13,1370
명빛,2023-12-21,1546.67
사술기상,2022-07-06,1460
이썽마,2020-10-02,985
CoCo바드,2021-08-25,1509.17
옆에서우산터는사람,2022-07-08,1370
별헤는라이츄,2021-04-25,1317.5
극락왕생초전자포,2020-08-23,1015
포폰,2021-03-14,1340
위인체켱,2021-05-02,1342.5
니나브할머니,2021-07-06,1341.67
발등브레이쿠,2024-03-31,1540
버캐파스,2024-06-26,1560
걸까용,2024-07-11,1551.67
바람새는,2024-05-02,1570
그레이다아,2023-12-21,1510
매력댕댕이,2021-09-10,1302
블레지던,2023-11-19,500
디푸공,2023-07-01,1415
송공파,2021-01-08,1037.5
시주닙,2023-07-24,1490
들마녀,2022-09-26,1594.17
뭥이커,2022-11-05,1370
서l온,2023-12-28,153.33
DDingKing,2021-08-16,1302
치명적검객,2020-10-28,915
tmakxmzlem6,2021-08-13,1302
MYORA,2024-02-27,1620
절대로블래를키우지마절대,2023-01-21,1495
얀테우,2021-03-19,1340
신짱나,2021-08-24,1302
친구없는슴레이어,2023-12-29,1580.83
주문중이에요,2022-02-10,1445
베베박격포,2022-10-28,1415
오도도,2023-12-21,1575
워오,2020-11-20,1334.17
싸렧,2023-09-12,1415
예림이전용마나탱크고창석,2024-05-02,1521.67
BamReaper,2023-07-24,1415
려은령,2023-12-27,1580.83
칼슘콩두유,2021-07-09,1325
얏Ho,2023-07-01,1415
ICANET,2022-11-24,1460
주먹으로패벌임,2021-10-24,460
프렌즈탱,2020-10-03,1025
유키츠네,2023-12-20,1550
긍정콩,2021-07-05,61.67
바니누니,2024-07-11,1520
곰춘식,2021-04-02,1335
하프깅,2022-12-20,302
낑깡스커,2022-05-12,302
전초파,2021-05-30,1325.83
s영단s,2021-03-04,1325
프랙,2021-03-22,360
스모어카라멜쿠키,2023-12-24,1460
우산핀야옹이,2022-11-11,58.33
약품처리된모코코,2021-09-26,1010
나비조아,2020-10-14,1000
부두교의망자,2022-07-07,1415
타파핫,2023-12-21,1585
CatchEyeblow,2021-04-24,1345.83
태풍칼,2023-02-03,600
띵수고,2024-01-06,1482.5
팀원들억장와르르슬레이어,2023-09-24,1452.5
호불호,2024-01-02,1513.33
밤새하얀,2023-01-19,1490
길로틴피하지마,2023-12-26,1518.33
하룰비,2023-01-18,1490
두둠뚬,2020-08-23,875
8O,2024-01-14,1582.5
김빡탱씨,2022-05-04,1370
진메키미,2021-04-24,1348.33
상대미드안보여요,2021-07-09,222.5
너자꾸그러면목성,2023-08-26,1601.67
나도화가꿈나무,2023-12-23,1565
성기사구요,2023-09-21,1555
52분,2022-11-16,1576.67
견우슬,2023-01-23,1460
한국남자민혁,2023-01-19,1490
활쏘는앤디,2023-04-06,1430
벌초지지자,2023-07-21,1340
Or린,2020-08-29,1334.17
띠용뾰융,2022-07-16,1460
슴허프,2020-08-22,922.5
호크아이회장,2021-08-23,966.67
말랑거리는주먹,2022-09-20,145
연두는말안듣지,2021-12-23,1355
l아뵤l,2022-08-12,1381.67
우산으로전부치기,2024-04-15,1596.67
모코코망치를들다,2022-09-17,590
펩시제로30캔에만오천원,2023-12-20,1510
창술사로버스타기,2022-07-21,257.5
부러운도아가,2022-08-23,302
SO나기,2021-01-22,1360.83
카드들고설치는아이,2021-07-22,1302
버스트를왜헤드에쳐박냐고,2024-07-11,1600.83
인도말마스터,2021-04-23,612.5
망겜전문가용,2021-11-12,302
찰크이터,2023-07-19,1452.5
서머너군단장,2021-07-20,1430
예민하눼화났눼,2021-07-07,1340
DawnHalo,2022-12-21,1490
나약딜러,2024-03-23,1600
포인트관리중요,2024-07-10,1615
벙왕,2023-12-21,1533.33
퍼벙,2021-08-19,1492.5
낭만타로점,2022-12-25,1415
강핵,2023-12-24,1530
겨울보름달밤,2024-01-13,1521.67
박제니퍼,2024-07-12,1600
절정창슈리,2021-09-14,1415
행복도아,2022-01-12,1445
구디링,2023-01-19,1505
CatOri,2021-02-28,1326.67
보꿀이,2022-01-18,1445
붕병,2024-04-24,500
나는인파인가,2023-12-20,1460
어리둥절뎀프시롤라태준,2024-01-18,1460
분망화종,2022-12-01,1460
둑고바,2023-01-03,1490
단검잘쓰는누나,2020-09-29,915
꾸리팡양,2024-02-05,1465
무하마드안리,2023-12-23,1460
임연서,2024-04-21,1540
소울이터승연,2024-06-01,500
알수없는졍민,2022-07-20,142.5
우로귀,2024-07-11,1636.67
갤럭시W15,2020-11-03,917.5
자기주장이확실한분노통,2023-01-21,1490
건슬잘못함,2021-11-08,1422.5
하루의크게한입,2024-07-13,1520
콩잉파,2021-07-08,1302
할머니폐지강탈,2021-05-09,915
콘이콘이,2022-07-20,1500
오오도발왜하냐고아주그냥,2020-09-25,960
오늘은홀리나잇,2023-09-06,1620
슬레장,2023-08-07,1415
거대주,2023-11-08,1585.83
브레이커약해요,2023-12-27,1580
그믐이그린달빛,2023-12-20,1540
팡머버섯,2020-09-11,600
멀록형,2023-12-22,1561.67
머츄다보냥,2023-11-15,1610.83
홀리몰리카우,2021-05-23,1007.5
코코니아루요,2022-02-13,1302
은잽이,2023-08-07,1415
댜웬,2024-07-11,1604.17
뉘캐,2020-10-25,1362.5
자취하고잘취하는김틱쟝,2023-07-20,1495
몽십,2022-01-12,1302
벼루킴,2022-01-25,1370
신학생지노,2021-07-20,1430
Kariyan2,2020-11-07,1005
깡레이어,2023-06-30,90
맥아더외동딸,2021-08-06,945
너희도멸종되지않게조심해,2022-01-24,1302
하가슬레,2024-01-17,635
미나리가지뮤침,2023-02-21,1340
아가뭉치고모,2021-12-23,110
프로릿,2021-07-06,400
사다리로고른캐릭,2020-12-20,1007.5
흑탈,2024-07-16,1626.67
로션바르고촵촵촵,2020-08-23,915
금귤껍질,2022-01-16,1475
소서리스교수,2021-08-12,1370
꿀뜨는꿀벌,2023-12-26,1510
레몬만땅,2023-08-05,1415
Abbe,2020-08-22,900
강망극,2024-04-15,51.67
왕흐앙,2024-07-12,1601.67
엄덕근,2023-09-14,1415
폭쇄격,2023-03-03,302
국화꽃인형,2023-07-19,1500
한님딸,2024-07-17,1640
아가붓미는애껴야해,2022-02-02,1462.5
당연히가능합니다,2024-06-11,500
마법학교입학생,2021-12-08,302
tetrisgames,2023-01-12,1500.83
순록방패,2021-09-04,1302
넬라떨이,2023-12-06,500
화성인파이터,2024-07-17,1640
칠흑의종말을불러내는홍염,2021-10-20,1465
LMiru,2023-07-22,1536.67
카베Reaper,2022-02-15,1340
뉾솈쌹,2023-12-20,1580
서브쟝님,2021-10-05,1415
경호기상,2023-06-29,200.83
너구리다,2021-12-23,1315.17
BETBET,2022-03-08,1302
거제육좀볶으시나,2023-07-02,130
불로동카운터머신김득출,2022-07-19,107.5
니가깜둥이,2024-07-12,1620
아르핸도화백,2024-01-14,1460
포도젤리쿠키,2023-07-27,1490
안전공학개론,2024-03-01,1460
뇌명각뇌명각각,2024-07-15,1620
옹용히,2023-10-30,1583.33
시르에릴,2020-08-23,977.5
로아사랑견,2023-07-21,1340
스탠쓰,2021-07-12,172.5
쁘찍,2024-01-24,1515
세번만말할게,2021-01-27,960
몽글몽글카드,2023-07-05,1490
주먹플,2024-07-11,1600
계란칼,2022-11-11,1417.5
비산동꿀주먹,2023-12-24,1580
한줄기빗물처럼,2022-09-25,154.17
강배라이커,2023-11-05,1592.5
EinsQ,2024-07-17,1636.67
꼰대케인,2024-04-17,1520
봄봄하누,2022-08-21,1462.5
라피셀,2022-02-12,51.67
정위,2021-08-11,500
너만보면취해,2021-08-12,1430
박효신행복기원,2023-01-21,1340
미니에어로,2022-07-17,210
포식베르,2024-03-13,1603.33
종종만월,2024-07-14,1602.5
날보고반겨주던,2023-12-21,1510
icepeack,2021-04-10,1365
우깅니야,2021-12-26,109.17
태양을닮은아이,2023-12-21,1510
소녀전봉준,2024-06-06,500
예나도,2024-07-14,1630
왈화백,2022-01-12,1460
술래잡기술래슬레이어술래,2023-01-18,1400
foxrain,2023-12-21,1520
X치우X,2021-01-08,1325
탱글땅희,2022-04-29,1475
까균쑈,2021-03-26,915
원민은괴로워,2024-01-01,1588.33
우유빗깔워로드,2021-04-03,1340
소닉레인,2022-12-23,1492.5
넝끼,2023-08-30,1415
르엔,2024-07-16,1611.67
땅꼬르,2023-07-20,1503.33
강와지,2023-12-23,1582.5
드르이터,2023-12-20,1561.67
발키리파이터,2022-04-12,1445
마지막증표,2021-07-20,1445
슬레이츄,2023-01-18,1340
스피드펭귄,2023-01-19,1490
백화열,2024-01-25,1540
뉴진스어텐션,2023-01-18,1340
냥냥토템,2021-09-09,1389.17
지미지미지미지미지미,2024-07-12,1626.67
낫소율,2023-07-20,1500
단류온,2023-12-20,1520
도시관리계획,2024-01-08,1580
슬레이어복숭아,2023-01-19,1490
꼬마바드aa,2020-12-31,1325
러시아우크라이나감자콩,2023-12-17,1580
태권도보고연습중,2024-07-18,1640
김선정의523비트제로투,2024-07-12,1563.33
죽으면와드박는사람,2021-04-24,1340
일단무적기,2024-01-19,1511.67
초록색잡초,2024-02-15,182.5
먹물날달걀,2023-11-19,106.67
펀펀노였던것,2024-06-14,1620
깨마,2024-06-23,1620
블랙블라우스,2021-07-16,1302
이슬채리,2024-07-14,1630
포격맞아볼래,2023-01-19,1360
주모힐,2022-01-21,1520
밍꽁바,2023-07-01,1460
0r수연,2022-07-19,1415
내일할일도오늘하자,2023-01-05,1585
bloodroxy,2021-04-25,1340
소울린나,2023-07-19,1505
고라니상조,2023-07-24,1490
보석한번봐주실래요,2024-07-18,1640
홍차온도조절장인,2021-04-12,1331.67
복음행,2021-08-15,1492.5
서주현전용반주자,2022-02-15,1413.33
바드는바들바들바들,2020-08-23,900
원턴,2023-12-22,1460
푸슝푸슝II블래II,2021-07-06,1340
실르넨,2023-10-23,1415
사멸힘들다,2023-07-20,1415
TIER4,2024-07-11,1595
하얗고하얀것,2023-05-02,302
냥냥펀치메리,2024-07-12,1520
두덩반,2023-04-14,1580
천나랑,2022-05-21,1460
비비비디바비디바드,2023-07-28,1485
데이빗간디,2022-07-12,1460
윰머너,2021-04-20,945
계산없는공버프,2023-10-02,74.17
세레이아,2021-05-29,1370
ll냥냥펀치ll,2021-03-08,870
의부증,2024-03-14,1620
악청이,2023-01-21,1560
임재임,2021-09-05,600
모닥불홀슬아치입니다만,2021-07-25,1417.5
정거늬,2021-04-04,1379.17
튼튼해염,2023-09-05,1510
TREVI레몬,2021-03-07,87.5
펠샨열,2022-08-01,1460
호나시온M,2022-01-28,1447.5
지금많이아파,2023-12-28,1540
불사의군인,2021-03-02,1352.5
절망시,2023-07-02,1435
쪼매작은,2023-01-18,1490
별헤는시,2022-02-01,302
받아줘여,2023-11-08,500
미친쇄골,2020-10-16,915
스텐다드A,2022-06-09,600
오솔지,2021-10-25,917.33
무낭힛,2022-01-27,1445
치킨송이,2020-08-23,1365
하안동유실장,2022-02-23,1388.33
프리푸린,2023-07-22,1415
Nuclear싸대기,2021-02-12,915
점화소서버프좀요,2022-11-15,1560
vpvj,2021-08-16,1325
밤비렌,2024-07-11,1600
ID강남미뇽,2021-07-29,133.33
덕후,2020-08-23,990
약먹는혁이,2023-02-03,1490
강력하게친다,2022-02-20,1302
내일주자,2020-12-16,61.67
양주시고구마마스터박형목,2021-09-09,1302
손뼉을마주치는게박수제이,2022-03-10,1370
이세계최강물주먹,2021-08-24,1340
병아리반우산도둑,2022-07-21,1495
공안의악마,2023-01-21,1415
곽현근,2021-08-22,1445
권나떼,2023-11-08,1425
모기바게트,2023-09-24,1536.67
문방구제티도둑천지태,2021-12-14,1415
유비노타쿠토,2021-09-18,1302
윤난나,2023-12-22,1585
호승기상,2024-06-30,1540
린즈,2021-08-11,1460
하양티모,2023-09-08,1523.33
환영가시,2020-08-22,1315.5
장스을래,2023-09-03,1415
나쮸,2023-12-22,1582.5
과여어언,2023-01-22,1490
십삼룡문,2023-11-20,1415
내기상좀보게,2022-07-17,1370
힐구슬붓탁해,2022-01-27,1460
핫팩죠아,2021-07-24,960
게임좀3,2021-07-09,1302
시계는질서이니,2023-07-03,1415
강정2,2022-02-26,1500
귀염둥이남은혁,2024-03-12,1580
머머리아저씨가하는중,2022-01-26,1325
김슬슬,2023-12-23,1566.67
아플거같지만안아픔,2021-09-13,1302
후하하히후브커,2023-12-23,1580
해피입니다,2021-03-14,1350
요마이핥브레이커,2023-12-23,1543.33
FlN9ER,2022-01-22,1510
뇌류,2023-04-17,1540
데자와실론티맥콜,2021-07-22,1376.67
엄워붕,2021-07-13,1422.5
창천의푸른달,2022-08-11,260
그의목소리가들린다,2023-09-29,57.5
차진설,2022-07-09,1533.33
대검전사김무사시,2023-01-19,1490
그믐의소리,2023-07-21,1472.5
홀리프란,2021-02-05,990
신씨아,2023-12-21,1555
히트맨은낭만이야,2022-01-08,230.83
미대생조아가,2022-07-07,1445
호게로,2022-09-01,1460
더배마,2020-12-20,1400
하야토,2020-08-23,917.5
애니츠가막내아들,2023-12-22,95.83
밥먹을땐조용히먹쩝쩝쩝쩝,2022-08-12,460
토종오이소박이,2021-01-30,1047.5
레오환,2020-08-22,1325.83
샐하,2024-03-05,1605
스즈네린,2022-01-13,1415
Pursuer,2021-07-10,169.17
뽕짠,2023-07-23,1490
선상의명탐정,2022-07-20,1445
따뜻한한때,2023-02-08,1340
쿠이띵,2024-07-12,192.5
발도잰,2023-08-17,1415
기술할건데드론주세요,2023-10-09,500
제일검에디,2023-01-20,1340
보급형홀나1호,2024-02-15,1580
회색머리오목눈이,2021-03-27,1319.17
응애뚜뚜,2023-06-29,1420
뉴비가키우는워붕,2023-08-12,168.33
비기처단자,2023-01-19,1480
빨간달콩,2024-02-10,1475
만두빵빵최생,2023-03-18,1370
콤풍,2023-07-01,1490
MandyEllis,2023-10-07,1510
덴틱,2023-07-26,1490
붓괭,2022-01-13,1460
꼬마루비x,2023-07-23,1470
개구리발차기,2021-12-23,1302
고독한포식자,2023-01-18,1490
하얀바나나,2023-12-20,1465
간식은델리만쥬,2023-07-19,1501.67
쌀챗,2023-12-21,1540
하얀필,2023-12-20,1553.33
펠샨넷,2023-04-07,1460
펠샨총잡,2022-02-19,302
똑똑박사루피,2021-04-24,1371.67
류작,2023-01-21,460
똑똑박사뚜뚜,2023-01-21,1490
꼬마여우에디,2022-10-10,51.67
조금이상한누나,2022-12-27,89.17
칸캉,2021-11-26,1445
Sa령,2023-07-21,1490
백골창술,2020-08-23,1005
하스킨즈,2021-10-10,510
도화공비,2022-01-23,1445
이세계캐논슈터,2021-04-23,1353.33
내창은포크,2022-09-25,1523.33
쭈뭐너,2021-09-29,1415
와와햄,2023-06-30,1508.33
고양이사료먹여키운모코코,2021-10-11,460
ES5,2021-04-09,61.67
멀어져,2022-05-16,1445
우리들을누구라고생각하냐,2024-05-20,500
SuperMagnum,2020-08-22,802
셰리망,2022-11-02,600
북북노인,2021-03-22,1005
콜워로드,2021-12-28,1302
바드서식지,2021-10-10,1430
어둠화백,2022-07-12,802
Sinbby,2020-08-22,935
은어가은은,2023-07-20,1500
휠체어가움직이지않아,2022-09-03,1422.5
음산한부엉이,2024-07-12,1617.5
니카의참월,2023-12-14,70.83
슈모익복귀찍먹,2023-09-12,1496.67
모모권,2023-12-26,1581.67
낫휘두르는솜씨가낫배드,2023-07-24,1505
아르시오페,2022-01-21,1385
만두가게아빠,2023-07-16,960
하루군,2022-12-09,340
버담디,2021-05-09,1325.83
기어올라온멸치,2021-08-05,1445
이선인,2023-12-26,1550
길위에꽃을더하는거짓말,2022-01-21,1415
댕댕하면힐줌,2021-08-09,1370
머리톡,2023-12-23,1583.33
Oops눈,2023-12-28,1475
개빡숙년,2023-01-18,1460
앵두치즈,2022-02-09,1370
치즈주의보,2022-07-12,1467.5
방패로팸,2021-05-29,1325
리어카파괴전과8범빵재,2023-12-20,1550
아키죠,2022-01-27,1370
rpsejz15,2023-11-05,148.33
렘기딸,2023-01-18,1490
Honmo,2022-04-19,1302
심극살의경지붉은수라춘식,2023-12-21,1535
소봉무희,2021-05-09,1341.67
랑드르샤,2021-08-24,1128.33
물빛의화원,2022-01-24,1445
빠쿠술,2022-07-12,1460
Fe,2023-12-22,1561.67
쵝오닭,2022-07-18,1460
포식망,2023-01-21,1340
참배주,2020-08-23,875
안괜찮아도안괜찮아,2024-07-12,1630
디틱,2023-07-22,1490
천성은,2023-01-22,1420
o0블레0o,2021-12-28,1302
o0o검o0o,2022-01-30,1370
찐빵술사,2022-07-07,52.5
베른중부,2020-12-11,915
울키스,2020-12-24,915
데스바이법사,2022-04-30,1445
볼쁠쁠,2022-02-09,1415
군필여고생혈마펀치,2023-09-03,1422.5
프레데떠,2023-01-19,1490
사격은한발이다,2021-07-28,1427.5
마성의뉴비투,2021-07-09,1302.33
퐁드모트의호크룩스마리린,2022-07-07,1370
버프없는홀나,2020-09-18,912.5
그럴수도있지너무뭐라하네,2021-09-02,1460
디시르냐,2021-07-09,1302
검은해우물,2022-01-27,1485
황지온,2022-03-14,1432.5
대미안허스트,2022-07-13,1460
마대고,2023-01-22,1518.33
아래층형수님,2021-08-12,1370
신동역앞신동옆신동엽,2022-07-07,1500
냐야양,2020-12-31,1000
축복할거예요,2022-02-02,1325.83
TheJ테라피,2023-07-21,1415
뻠미네첫째딸,2024-02-13,1540
섬세한건축가,2024-07-18,1640
미워할거예요,2024-07-18,1640
데런쌍쌍이,2024-07-18,1640
워로드o따따o,2020-10-02,915
금정산아깽이,2023-12-22,1546.67
피치스퀴즈,2021-10-19,1302
닉쿤돌,2021-11-04,1355
콩쿙Ol,2021-03-17,1050
모악산의아침안개,2023-07-20,1500
초초각성,2023-12-21,1580
보름달다혜,2020-12-22,915
아가달콩,2022-01-23,1370
근자맨,2023-12-24,55
브레피더,2023-12-23,1540
첫번째슬레,2023-01-20,1490
방구석메이웨더,2023-12-21,1526.67
오늘부터자취,2021-03-28,1349.17
식초절임땅콩,2024-01-02,1585.83
낫을매요,2023-07-21,1415
꼬마크롱,2021-04-23,1502.5
모니터브레이커,2023-12-20,1460
o0숟가락0o,2021-05-09,1037.5
리퍼하는버블,2024-07-12,1561.67
울시크,2020-11-05,915
쵸키얌,2023-10-25,1340
이녀석종건급이다,2021-07-11,1302.33
안함여,2021-02-11,1342.5
박씨가물에빠지면수박씨,2023-06-29,1490
보보리어,2021-08-08,1302
헤드잡다지쳐쓰러진아재,2023-12-21,1530
꽃님이의보은,2023-01-19,1586.67
깍두쿤,2024-07-12,1620
핫한바드님MK2,2024-07-12,1540
스타비스,2021-09-12,1417.5
해별진,2022-12-22,1415
창으로할수있는것,2021-12-23,1302
버미갓,2021-11-13,1422.5
내가좀크잖아,2024-02-02,1460
배가아파요,2024-04-10,1608.33
TwinSpica,2023-12-29,1510
늒네아가,2022-01-13,1460
아이블리아,2023-03-29,1520
하나아야메,2021-11-11,600
가슴으로키우는도야지,2023-11-30,500
믄탕탕,2024-07-18,1640
사신나리,2023-07-19,1470
마엘쓰는애,2024-07-14,1630
하프말랑카우,2022-04-19,75
전국레져여행지도,2023-01-19,106
한방버텨볼래,2024-07-18,1640
햄뚜야,2022-04-20,1370
허니버터소보루,2021-03-22,1340
글래디에잇터,2020-08-22,915
캠파나이트,2021-08-22,1302
에르메라니스,2021-05-05,1356.67
차지스티이잉가아,2023-11-04,1605
베가치,2021-08-26,1427.5
어머나큰힐났어요,2021-09-18,162.5
워스프링,2023-12-25,1515
팀이죽고있는데웃고있어요,2022-01-21,1325
1L커피막듕,2022-01-13,1442.5
베키사,2020-09-05,972.5
하나맛모찌,2021-08-12,1333.33
쇨도,2023-12-21,1568.33
샤워점,2023-01-21,1450
이동기뒤로뛰는건못참지,2021-12-22,1415
혜찬율,2024-04-09,1540
참크리트,2023-01-19,1450
고오급서포터,2022-01-13,1302.33
셔아가,2022-01-26,1490
레크사나,2024-07-18,1640
백골슬레,2023-01-18,1503.33
파손주의절대때리지마세요,2024-07-12,1590
타임슬립1,2024-01-12,1533.33
HiddenBoxB,2021-04-17,312.83
냥OI두두둥,2020-10-11,915
개발제한구역수립지침,2023-01-20,1460
마을버스우산도둑,2024-07-18,1640
꼬소한보리빵,2024-01-19,1510
먼파,2022-01-16,1302
류애소,2021-07-09,1302
차가운방울이,2021-09-21,63.33
슈죠아,2021-07-08,1414.17
제총은구멍이두개지요,2022-02-08,1302
연묘향,2022-12-22,302
더팡이터,2023-12-21,1340
OlXIO,2023-07-22,1490
너의버프는,2024-07-18,1640
과내이키,2022-01-30,1302
망치받아라이야이야호,2021-12-31,1370
문샤,2024-01-13,1460
산책홀붕이,2023-07-22,1475
더럽돼랑이,2021-07-06,1390.83
오늘따라귀여워,2022-01-29,1397.5
Newhouser,2021-10-28,1420
현타온트린,2022-03-10,600
고트가세상을구한다,2023-12-19,1541.67
라멘차슈추가,2023-01-21,1500
홀리몰리펭구,2021-07-12,1370
서폿을하고싶은나,2022-09-30,1447.5
띠옹띠옹z,2023-07-23,1490
띠옹띠옹a,2021-08-13,1370
폭식이두마리,2023-11-24,750
신피콜로,2022-08-18,1430
응애나애기팔광,2024-01-09,1477.5
언월도를든미칭개,2023-05-21,960.33
힐이왔어요,2022-02-10,1445
발안로1608,2023-12-25,153.33
전북글래디에이터,2022-02-09,1302
뽐덩이,2021-05-10,1341.67
바드로떠나는여행,2021-07-12,1410.83
벗을래이거,2023-01-22,190.83
S2힐조S2,2022-07-14,225.83
skh5555,2021-12-23,1375
데이트저스트28플루쥬빌,2021-09-14,1378.33
소울랑푸코,2024-02-24,1530
칼사용,2024-07-12,1626.67
브루클린필스너,2023-12-22,1510
이고독한정의의기사장필우,2021-03-13,1372.5
나김인수,2023-10-23,1460
폰아저씨,2021-05-01,1394.17
소울하비스터,2021-12-24,1374.17
루엘리아린,2021-12-05,78.33
루프탑뒤뚱뒤뚱,2023-09-12,1493.33
민트초코맛삼다수,2020-08-23,61.67
달콤한뱅쇼,2022-10-06,1502.5
모닝홀리쓑,2021-02-20,61.67
헤드어택이라구요,2023-12-22,1500
기상술사닷째딸,2024-06-16,1520
3월생김바드,2022-12-03,1560
설레이는92세슬레이어,2023-01-20,1482.5
연푸른하늘색,2021-09-18,1302
시즌ing,2021-06-03,1460
도와줘요스피드왜건,2023-12-22,1520
기휘운,2023-12-20,1460
라이트hook,2024-02-04,1580
짱룸,2023-01-25,1340
철판요리,2023-12-24,1553.33
개포동무법자,2021-10-13,460
매고르,2021-05-30,1395
미안해요잘못해요,2021-01-11,1325
다음리셋은언제인가요,2020-09-02,205.83
바로알카,2022-12-22,1460
보들보들펭귄,2021-12-11,1445
말랑말랑마법,2021-08-31,1302
7Becks,2023-12-20,1460
햇볕아래서,2022-04-16,1370
단단한짝눈,2021-03-06,110.17
이리야컷,2022-12-22,1490
로아맛없게하는초딩,2023-01-22,1340
치즈오뎅,2021-08-28,1370
J창술사H,2023-08-29,1382.5
라비아체,2023-07-19,1547.5
아리안로드,2023-12-20,1611.67
에테리네,2023-12-30,1611.67
범둥이,2023-12-22,1580
도깨비야시장,2020-11-22,1323.33
으뜸티모,2023-10-21,1520
샤랑훼,2022-07-07,1477.5
맹덕2,2020-10-11,1340
알넘약,2022-07-09,1475
생초콜릿듬뿍,2022-06-25,1498.33
광우병미친소,2022-04-08,1493.33
한심한청년,2023-12-21,1538.33
카제배틀마스터,2021-08-20,1415
실수한번만,2024-07-11,1616.67
몽키바이트,2023-03-19,1415
쏘울사이버대학교,2023-12-23,1460
나기스파이크,2020-08-23,1313.17
낫다뚜이,2023-07-20,1493.33
종훈이뚝배기,2023-07-01,1505.83
나이스건달,2020-08-23,1042.5
붓들고날뛰기,2023-11-11,92.5
핫소스볶음밥,2021-08-15,1302
스콘콘,2023-12-22,1580
먘둥이,2024-01-01,1520
민트초코맛추어탕,2022-07-10,1415
규하빈,2022-07-10,1415
황혼이터,2023-07-21,1513.33
붕괴이전으로돌아가요,2022-09-11,1370
멍멍2,2021-12-22,1302
도뎌,2021-11-12,604.17
파푸리카바나나도둑,2024-04-21,1594.17
광명슬레이어,2023-09-04,1415
꼬맹이구구,2022-01-14,1304.17
모고바드,2022-01-07,1445
ffsfdx,2021-02-12,1032.5
거북냥이야,2023-05-01,1510
솔린s,2023-07-21,1427.5
사또블래,2021-07-09,1415
아랑솜사탕,2022-01-30,1325
권용포,2023-12-22,1580
예태리,2023-07-19,1513.33
ArtistVein,2022-05-04,1388.33
참치의마술,2021-08-12,1370
코모모낫,2024-05-09,1600
기술단단,2022-08-06,140.83
또르따르떠,2022-08-31,960
냥화녕,2023-12-21,1460
검카라,2022-01-28,1420
짱구우으,2024-07-10,1521.67
깝순,2021-08-19,1302
복귀유저백수인,2023-08-15,1600
Ruwnasia,2021-10-04,1445
세아세아,2020-08-22,845
백니스타크,2024-07-18,1640
류디니,2020-08-22,995
체리초코푸딩,2022-07-17,1460
ylylylyly,2022-12-24,1490
베리레모나,2021-07-06,61.67
리리머,2021-08-12,960
바쁜꼬마벌,2022-12-26,1445
박미쁘,2022-01-06,1480
문딩S2,2020-08-23,905
어흥무우섭지,2020-08-22,1313.67
MA1A,2020-08-22,901.67
낫기는개코가나아,2023-07-23,1415
콩붓콩,2023-11-21,1595
대쑈,2021-07-01,61.67
코니코니냥냥펀치,2023-12-24,805
쪼매난콩,2022-01-25,1385
바비언니,2024-07-05,1550
달콤달콤한캔디바,2021-06-09,534.17
슈니맨,2021-09-05,1302
홀리1234,2022-06-07,1302.33
랏폿퀸도화가,2023-03-13,1340
빵냄,2020-08-22,1325
뽕냠,2020-10-13,960
짙은어둠은잠시뿐일거라고,2022-01-21,1550
비버탐구,2023-07-02,1498.33
보기좋은얼굴이먹기도좋다,2023-02-17,203.33
핔치,2021-03-27,1326.67
뇌호돌,2022-09-25,90.83
설건혁,2023-06-16,302
야한성,2022-12-30,1381.67
버스트가안나가요,2023-12-30,1553.33
각설탕배마,2022-10-18,1460
Rovu,2022-12-22,1370
한손에총드냐,2021-04-24,1340.83
슬레이어조빰임다,2023-01-20,1370
별또시치,2023-09-26,1588.33
치츠아가,2022-10-21,473.33
찍어먹는깡깡이,2022-07-10,1462.5
체리루비,2020-09-11,917.5
우산끝에서피는꽃,2022-07-06,1465
아가화가아,2023-06-29,1340
호이는둘리야,2024-07-13,1600
뉴엘쉬드,2023-07-22,1490
아저씨재밌지,2023-01-21,1340
로겸겸,2021-09-06,1370
연핑크핑크,2021-01-11,915
힘이소서오르는소서,2022-09-04,1490
소래소니,2024-02-28,1531.67
류우가세헤라,2023-07-20,1470
퐘하늬,2023-07-24,1490
불꽃다람쥐스파크,2024-01-10,1551.67
신이준다예,2024-07-18,1640
Ra레티,2022-06-12,302
아크지기,2021-01-20,955
버서크퓨처,2022-11-23,1565
성기사사기성,2023-10-28,1415
리퍼러붕,2021-11-27,1432.5
우어로오드으,2021-01-06,1325
HOODER,2020-08-22,1032.5
잔키드나,2024-07-18,1640
자드팜,2021-01-21,1345
몽환군주,2020-11-16,915
하므당,2021-03-15,1351.67
보건교사선생,2020-10-05,915
다섯떤해,2020-11-23,400
짙은하늘구름,2022-02-01,1415
캡틴핑,2022-04-29,600
꽃시류,2020-08-23,1340.83
빡슉,2021-08-17,1415
검은이두사나이,2023-12-28,1513.33
후룽짭짭,2022-05-21,302
장충동꿀족발,2021-07-22,70
안개낀낙원,2022-07-10,1460
핀란드산자작나무,2023-07-15,109.17
한서린안개,2024-07-18,1640
밍구리의소울,2023-07-20,1445
아주가루6,2022-01-25,1445
일선승,2024-07-12,1620
랏폿왔옹,2023-02-08,1340
버스트쓰기전에생각하셨나,2022-09-13,1415
노랑칼,2021-01-21,275
레드배럴,2023-08-05,1475
기약없는봄을기다리며,2024-01-02,1582.5
뙤약볕날씨,2022-07-09,1462.5
찐쁘니,2022-11-09,1380.83
용준이도아가,2024-07-13,1616.67
소림사출신기공사,2020-10-28,915
실수만회,2022-10-02,124.17
이커레브,2023-12-23,1585
워노바바,2021-12-26,1380
스커우터왕,2021-05-23,73.33
킹환서커,2021-12-23,1302
전진메,2023-12-20,1550
우산이친구,2023-07-06,255.83
미래의꿈은비선실세,2023-12-24,1475
앗카르나,2022-12-22,1415
샛빨간자몽,2021-04-21,1392.5
쪼율쏘율,2023-07-21,1490
반인반수세트,2021-03-17,920
이세계로전생한리퍼,2023-08-06,1498.33
큐티펀치맨,2023-12-22,1460
토끼쭈쭈,2022-12-29,1465
워꽁,2020-09-28,915
28번째파티거절당하는중,2022-11-16,1582.5
오월첫째날,2023-06-29,1415
찍먹할시간,2021-07-25,1320
설이꿀주먹,2021-03-18,900
퇴사할끄야,2022-05-16,966.67
신비한바드의나디아,2021-03-17,945
란부기,2020-12-30,1040
따뜻a,2021-09-14,89.17
실끝,2021-08-29,1415
열무기상,2022-07-06,1431.67
Liahyy,2022-12-26,130
곧찐무,2024-05-10,1540
릴제이트,2022-07-07,1472.5
스카허잇,2021-04-24,1350
최선동,2021-12-31,1302
두키어디죠,2021-02-14,85
공망선생,2022-02-01,1302
주님의말씀으로행하리라,2020-12-29,917.5
난사신동,2021-05-31,870
새앙쥥,2021-06-01,1325
Hayoi,2023-02-17,52.5
루테인맛밤,2022-01-21,1475
별샷추,2023-01-18,1340
l최리퍼l,2021-04-04,524.5
Szi존창술xz2,2021-12-23,79.17
쿠이부,2023-07-27,1500
콰광쾅쾅콰광,2023-12-26,1541.67
그비스크돌은블레이드,2023-02-28,1462.5
나아파요힐좀주세요,2023-12-21,1460
멍멍이얀,2021-07-11,1302
ARGOcarina,2021-03-07,1343.33
Cruelest,2023-12-20,1580
Jisan,2023-01-19,1490
질풍노득,2023-09-09,1460
쉬림프머쉬룸리조또,2023-12-21,1571.67
그냥약해,2020-10-19,960
그누구도이렇게될줄몰랐쬬,2021-05-09,534.17
강화도누렁이,2021-12-23,129.17
과일먹은마시멜루,2021-09-12,466.67
요뇨히,2022-01-08,1330
댕댕이장,2024-02-29,1520
포격ss,2023-12-26,1540
중계동도화가,2022-01-25,1370
이밤을지나,2024-01-01,1460
눈치빠른사람,2021-12-23,1302
도아가봄,2022-01-12,1370
딸기누텔라크러플,2023-01-18,1506.67
아가가세상을지배해,2022-03-18,600
마구아가,2022-01-23,177.5
엑셀앤체스터,2021-07-26,1370.83
Parisiorum,2021-10-04,1417.5
도담동현부양부,2021-04-17,1325
유강선,2020-08-22,1345.83
소울유니,2023-07-19,1415
최딜리버리,2024-07-15,1611.67
자장자장,2021-09-14,1415
ASMR매니아,2023-09-05,1500
252792,2022-01-23,1302
렁로드,2021-07-27,1445
배마예웅,2024-03-29,108.33
낯선아이,2022-01-21,1302
치아구,2023-12-23,1586.67
마댜마댜먀댜,2024-06-17,1620
게이는미쳤다,2020-10-12,1005
붓을든주주씨,2023-05-09,1066.67
총각김치도살자,2024-07-18,1640
골드버는일개미4,2023-12-22,1543.33
즐거운라온하제,2021-12-23,1415
초코능,2023-04-08,1437.5
어떠케무기가붓,2023-01-03,109.17
RKxRGK,2023-01-20,1460
내세상은그린에어리,2024-07-13,1609.17
강민경치어리더,2023-07-19,1415
백골리퍼,2020-10-01,1050
원도양이,2021-01-24,1312.5
마리린옆에걔,2022-08-21,1370
때렸네,2023-12-21,85.83
운이좋았으면좋겠다,2022-07-07,1493.33
하프뺏은아가,2022-04-20,600
북극여우야,2023-07-19,1415
욤마하투브레이꺼,2023-12-25,1561.67
소울청룡,2023-07-19,1540
실드안주면죽는다고했어요,2023-12-23,1460
그랬규나,2024-07-18,1640
다크에덴,2024-03-05,1630
레나리테,2023-09-27,70
우음바탕,2023-03-30,1405
마스터둥이,2021-08-13,1325
꾸삐롱,2021-07-09,1302.33
붕노의망치,2021-02-05,945
한그타,2021-02-18,1302
신설동서울풍물시장,2021-07-06,1340
반짝이는서리,2024-07-13,1520
잔혹한남자박용우,2021-03-14,1325
쏘주여섯병,2023-12-04,189.17
지민p,2023-06-06,1445
II팡팡o블래스터II,2021-03-31,1340
만수산야바위꾼,2022-02-06,1302
헤르쯔로,2023-07-25,1460
농업기후지표,2023-12-31,130
시은시1,2023-06-02,1445
활든늘보,2024-03-27,1520
금향석,2023-12-20,1586.67
세시간고민해서만든이름,2022-09-10,1445
아기고양이위스키,2022-01-12,1445
혼자먹는계란과자,2022-12-13,1560
II카시II,2021-03-22,1370
미스터선샤인파,2023-10-16,1580
켈다로,2023-12-23,1560
서예부학생,2022-01-14,1475
빅년,2023-09-24,1563.33
키에진,2022-01-23,257.5
SlashAim,2022-08-16,1415
엔젤트럼펫S2,2021-06-20,1325
몽지수,2024-07-13,1633.33
슬이밥,2023-12-21,1580
대갈도화,2022-02-05,1450
매콤소세지,2022-02-13,420
유쿠찡이,2023-01-28,1340.83
대검전사바리안,2023-07-24,1490
올해의건슬상,2023-12-24,1535
계피향o,2021-05-09,1335.83
움잠,2022-01-06,1420
스카우터기라성,2024-04-30,1465
귀여움은섹시보다강하다,2022-01-29,1302
뉴우누우,2023-07-23,1415
스프라비,2024-03-25,1580
노루대표,2021-01-09,1373.33
너는나의봄이여,2023-07-16,1490
캣닢맛고양이,2023-08-05,1415
간미리,2023-09-28,1607.5
다루상,2022-07-14,119.17
어린척하는유부녀,2022-01-13,1460
축스라,2024-03-01,1620
울뱅갈,2024-01-26,1520
방스라,2024-03-01,1620
구아달루페,2020-08-23,906.67
시흥태기,2021-07-13,72.5
버프가많은아이,2020-08-22,1005
하루과일야채,2021-07-01,66.67
충북청주시상당구용암동,2023-12-22,1566.67
초코치즈베리,2024-03-20,1520
퍼플네온,2023-11-13,1584.17
라일라0l의키보드,2023-01-26,1340
재판관,2024-07-12,1607.5
H5XAR,2022-01-25,1475
참치김밥치즈라볶이,2023-01-28,1487.5
찬악귀,2023-03-15,1340
악은하,2022-06-18,1415
롤충이,2021-09-18,1455
그울이터,2023-07-28,1415
검은색말티,2023-10-13,1503.33
수묵화견습생,2022-01-26,1415
도오수,2024-01-10,1540
은밀히누나가뒤에서,2023-12-25,1460
푸둘,2023-12-24,635
블슬레,2023-02-02,420
BigSeop,2021-02-19,1445
내바폭용창붕화나,2024-07-16,1611.67
그것도그럴것이Mk2,2024-07-14,1626.67
모자라지만착한바드,2021-07-08,1415
나타02,2022-03-04,1370
모닥불무상이,2023-01-19,1401.67
설악산꽃사슴파,2023-01-21,1415
아산깽깽이,2023-01-23,1493.33
응애바드할래,2022-05-14,460
부처가서면선불입니다,2023-07-24,1415
이게몇번째점핑,2024-07-10,1575
완이오,2024-04-30,1620
열레이커,2024-01-09,1583.33
bonchilerst,2021-01-07,1327.5
SuwD,2023-07-21,1490
김밍,2023-12-21,1580
urimii,2020-10-19,915
리앤르,2023-07-09,1425
콩다콩콩다콩,2022-01-23,1370
물주먹군단장,2023-12-24,1590
마곡딸래미,2023-08-16,1490
오디오비우지마라,2021-10-01,1371.67
발렌시아,2024-04-24,1405
청정백화,2023-01-20,1340
옥zi,2023-11-20,1415
JINSOULEATER,2023-07-20,1490
슬레이어입니다,2023-01-18,1425
우산컨,2024-07-17,1620
힝구힝구힐구슬,2023-07-24,1445
또워로옷드,2024-07-11,1610
결국엔소울,2024-07-13,1617.5
I밤길조심해I,2021-08-12,1370
칙촉캐모마일,2023-08-11,1415
프리즈불릿,2021-01-29,1042.5
HellShaddoll,2023-03-05,1455
찬란한물꽃,2022-12-25,1400
맥주친구,2021-04-25,942.5
푸룬푸른,2022-12-23,260.83
버프주는미르,2022-03-27,1050
건쮸이,2022-02-25,1325
이랴그딜,2022-07-11,1467.5
닥터호툰,2022-08-10,506.67
금괴0,2022-01-13,1432.5
죽여팸,2021-09-21,1370
띵창수리,2021-05-26,114.17
버프치킨,2022-06-15,600
림썸,2023-09-23,1604.17
사야히메,2023-07-21,1415
개냥냥삼펀치,2023-12-23,1580
런던의왕아자르,2022-09-23,1541.67
로제크림빵,2021-10-04,1373.33
신의손까락,2021-12-26,1417.5
Shinokyo,2022-05-20,456.67
강원기의리부트종말의날,2024-07-11,1540
배당킹리얼티인컴,2021-09-14,1380.83
아띠주군,2021-12-26,73.33
zi존트럼,2023-05-16,1415
뽀화가v,2022-01-16,1477.5
늙고병든아재브커,2023-12-25,1540
엘프사이캥거루,2022-03-15,1302
기상청예보기,2023-12-22,1521.67
엘라쮸,2022-01-13,1422.5
악인b,2023-07-22,1490
무도가달여우,2023-12-25,1540
싄릔,2021-09-12,973.33
협상의달인김두환,2024-07-13,1600.83
한잔하소,2023-11-28,500
청다,2023-12-23,1588.33
어둑손이,2023-12-23,144.17
어쩌다퐁퐁이,2023-10-30,1520.83
RosyBarbie,2023-12-03,1415
인파모노,2024-03-25,1100
ryeong,2023-04-05,1571.67
이단아S2,2023-10-05,1493.33
꿘섬,2023-12-22,1589.17
사각하나하나백,2021-03-19,1360.83
가위도둑,2023-01-18,1417.5
하먜,2023-10-17,1465
SIN3REAPER,2023-01-18,1400
마을용병단장,2022-01-06,1330.83
리주아르카나,2022-05-15,840
비너스큐티,2022-01-16,1450
육덕금발태닝녀,2023-09-01,1415
당신앞에데스포탈,2022-01-12,1452.5
대포공학과,2021-04-27,1331.67
Jimmy,2022-01-02,1400.83
리퍼짱약함,2022-01-27,1370
안양돼지국밥충,2022-01-08,1445
고무민들레,2021-09-03,1302
Sookey,2024-01-09,1477.5
소환냥이랴,2022-03-16,152.5
땡벌봇,2022-07-07,73.33
수컷이요,2022-03-13,1060
뇌령강림,2022-03-22,1445
잉크용,2023-06-29,1490
귀엽지만은않은시키모리양,2022-01-31,1325
표향무영,2024-07-13,1603.33
오히려도화,2022-01-13,1370
폭주금지,2023-01-19,1460
엘나스,2023-12-20,1487.5
라일라레티시아,2023-12-24,1585.83
바람의호재,2021-08-12,1302
붉은달이피어오를때,2024-06-28,1540
노랭지창,2021-12-23,1302
만원소울,2024-02-09,1520
점핑캐11,2020-10-28,915
거인가이,2023-07-23,1584.17
에그프로덕트,2022-07-23,255.83
고그냥,2022-03-24,1332.5
돌도야샤,2021-07-09,1430
소시슬레,2023-07-24,1417.5
리아부도아가,2024-07-17,1620
우지함,2022-12-27,1475
슛토끼,2023-08-29,1490
경빈술사,2024-03-08,1375
미하일하다왔어요,2022-12-30,157.5
랏서폿은도아가꺼에요,2022-01-13,1445
게이나라치질공주,2022-07-18,126.67
바닐라라임라떼,2022-12-21,1340
8치우8,2021-07-09,1302
당신만을위한작은하프,2023-12-31,1540
해플제라늄,2023-01-27,1340.83
포근포근햄찌,2023-07-20,1501.67
김은결,2024-06-23,1613.33
한파경봄,2021-12-28,1302
혜류주,2021-04-12,900
음산한수확자,2024-03-25,500
구원의세레나데모드,2022-12-22,1340
처프입니다,2021-08-27,164.17
섬마을쓰앵님,2022-07-21,164.17
골브레이커골,2023-12-25,140
바드유뚜아,2021-06-09,61.67
공소기느려욧,2021-04-12,1419.17
흐긔기상,2022-08-21,121.67
곰밍디트,2021-04-19,145.83
로아경주,2021-09-10,1325
신승선,2020-10-12,985
하루만여름,2021-10-06,1415
이엑스z,2022-01-30,1342.5
브황좌,2024-07-13,1611.67
고운동현부양부,2021-04-17,400
배마금,2023-05-02,1415
니옆에엄크,2022-01-27,1302
캔맥주반샷,2022-08-04,107.5
말랑한내펀치,2021-11-22,1415
분노한비버,2023-12-20,1581.67
워로난주,2022-08-13,1475
아무생각이없뉴뉴,2021-01-30,1340
뒤지게쳐맞기,2022-03-06,260
AT0T,2024-02-08,1576.67
shjdwhdsak,2021-08-05,1360
아레하스,2021-04-18,1345.83
불망치아카이누,2022-09-22,600
맆SYS,2022-07-17,1460
랭샤,2021-09-09,1302
오늘은귀찮소,2023-08-06,1415
그림복서,2023-12-22,1460
PhalanxG,2021-01-05,1338.33
금스리,2022-03-16,1302
겨울은정말좋아요,2022-12-22,1490
여름은진짜싫어요,2023-02-01,1580
여름은정말싫어요,2022-07-02,600
사하람,2024-07-14,1585
진동근의뚝딱뚝딱망치질,2024-07-11,1585
키캔,2020-08-22,915.83
KHIKKENN,2021-01-28,1325
힛블리,2024-06-15,500
나의소울을보여줄게,2023-11-23,1415
히글히글,2021-08-24,1325
크리스탈뿡파워,2021-08-10,1415
중유,2023-12-23,1580
KIKKEN,2020-08-22,921.67
sssagazi,2020-11-13,1355
따뜻b,2021-09-28,1355
별순정,2023-12-31,1580
장수동랄부파괴자유종완,2024-01-02,1460
분명줬을텐데,2022-12-22,1460
하지마시옵소서,2021-08-14,1336.67
대구바드,2021-03-25,1308.83
비내리는비밀의방,2023-01-17,77.5
쿠꾸다스,2022-07-07,1460
엄청빛나는파괴폭탄,2024-01-27,1525
쿠루엘레아,2023-07-22,1425
사과폭탄,2021-08-27,1375.83
홀도모,2022-03-10,1330
춘식펀치,2021-11-25,1302
귀여운휴,2021-09-06,72.5
샌드위치먹고싶더,2023-04-10,393.33
다먹킹,2022-07-06,1340
드랜,2023-11-15,1490
한놈만골라팸,2021-08-08,1415
대쓰여너,2021-08-23,1329.17
사른사른사른사른,2021-09-10,1325
강송강,2023-12-23,1515
삐악령,2023-07-20,1544.17
치킨Ai,2021-03-21,1050
인파인척하더니,2022-01-09,1415
저도레이드가고싶어요,2024-01-14,1555
선아그술사,2022-07-08,1400
두번째부캐딜러,2022-02-13,566.67
팡일님,2023-01-20,1445
적리초,2024-06-12,1610
롤라런,2022-07-06,1415
명재시치,2023-12-23,1515
권왕아영,2023-12-26,1540
사신글자,2023-07-23,1490
그린기린그림그린그림리퍼,2022-08-07,1460
서예학원임포스터,2023-03-28,1389.17
따밤,2021-11-19,1442.5
달레이커,2023-12-20,1580
찐라툴,2023-01-20,1490
천사도프라다를입는다,2024-07-14,1600
엘런섀도우,2020-08-23,1325
희워닝닝,2022-03-24,1566.67
소서리얼리,2021-08-12,1370
Handydry,2021-07-29,1385
하란의,2024-06-01,964.17
중금사,2021-07-10,1404.17
일용,2024-01-06,1580
헤릴시나,2023-12-24,1582.5
으큼,2023-08-11,1610
Q실버V,2020-08-23,1005
엑퀴지션,2022-02-03,1447.5
끄녕씨,2023-01-28,1397.5
레흑목,2024-07-13,1605
뜨아말고따아,2022-11-28,1445
개욤,2021-01-19,1000
무지사랑,2020-08-22,990
세러드쿼츠,2020-08-22,915
진짜다루이다,2022-02-28,1432.5
우리슬레는안물어요,2023-11-19,1510
커도사,2023-02-20,1415
풀참,2023-01-18,1490
진홍빛구두,2023-07-25,1460
오함마마스타,2020-09-07,1005
백골소울,2023-07-20,1508.33
추고바바,2021-12-28,221.67
슈룹꼬마벌,2022-12-31,1475
끊겨버린나의쌍알,2023-07-23,1475
에반스카,2020-09-01,915
아가가아해,2022-12-28,255.83
때릴꼬야,2022-04-18,156.67
백화백,2023-12-20,1595.83
쏘롄토,2021-08-15,1302
초록병21도,2021-06-24,400
야바라두,2023-12-22,1515
앵팡,2024-02-17,1520
고구맛용살권,2021-12-25,106.83
졸렬활잡이,2022-02-08,1435
뇽선스카웃,2021-03-21,1325
구운주먹,2023-12-21,1583.33
KatsuKnife,2022-01-13,1325
붕어즙,2023-08-18,1604.17
하리보쿠크다스,2022-12-22,213.33
아진짜눌렀다고요,2023-08-06,579.17
캐쮜,2021-11-07,1415
썰매끄는펌킨,2023-07-19,1500
싱글몰트후레쉬,2022-12-25,1493.33
게임스커,2022-05-11,302
그렇게하시면되요,2021-07-09,51.67
바나나우유애호가,2023-01-23,1340
지강캐딱대,2021-07-15,92.5
타냐바,2022-03-28,543.33
단검카린,2023-08-03,126.67
Kaiana,2023-03-28,1505
보리수야,2020-08-23,900
철푸딩,2022-04-03,1440
아기전사포롱이,2023-04-23,600
토피넛다람쥐,2024-07-19,1640
옴팡로드,2020-08-23,960
까디꿍,2022-12-21,1460
모코코새순간장조림,2021-08-21,1370
타닥맨,2021-11-24,1337.5
팬더가아장아장,2022-01-23,1400
동탄신도시신혼미시,2023-02-28,1382.5
크리스헴스워스이자토르,2021-06-29,61.67
안뜨는풍선,2021-06-23,1340
울뮤트,2020-10-31,915
CrimsonRoom,2021-11-07,51.67
짱김치,2022-04-30,1593.33
동그란삼각형,2020-09-07,900
순양의료원장,2022-12-25,1383.33
칼북이,2022-01-09,1302
셀빙,2023-12-26,1546.67
o빨주노초파남보o,2022-07-08,1370
다같이소서,2021-08-25,1302
사미이니,2023-07-20,1508.33
커리소울,2024-01-02,1510
닉네임슬레이어입니다,2024-06-07,1610.83
닉네임배틀마스터입니다,2024-06-07,1610.83
분쇄지황,2023-12-24,1590
리아로테,2022-01-12,1370
문정동김뒤땅,2022-07-11,81
듀디님,2021-08-11,1377.5
MNE18,2023-07-02,1482.5
극무배마,2023-10-29,500
블루밍버블,2022-12-16,302
간식먹자무무,2022-07-13,1482.5
일라일라일라임,2022-07-11,1435
바에상,2022-01-24,234.17
개빡침z,2023-01-20,1415
댕댕당나귀,2024-07-13,1630
퍼플레이드,2020-10-23,1370
힝위즈덤,2023-12-25,1460
갈증리퍼에몽,2021-08-20,1323.83
쥴리,2020-08-23,1376.67
조금쌜지도,2022-06-02,302
아르데기계치,2020-11-12,1025
사멸의왕슈밥,2024-07-14,1626.67
안함,2020-09-29,892.5
내덕이다,2021-01-21,915
려디머,2023-07-20,1490
까칠한디트c,2023-01-10,1490
Uan,2021-05-02,99.17
칸초후,2022-07-21,1343.33
어이김씨거기오함마가져와,2021-03-21,900
다생활이있어요,2022-01-05,51.67
신재준,2023-12-21,1582.5
Blade고라니,2023-04-04,903.33
헤으응맨,2021-07-10,90.83
출장도수치료사,2023-12-23,1573.33
ConchShell,2022-09-26,600
깅금순,2023-01-19,1370
도커포고스트,2023-07-20,1505
날씨가왜이렇지,2021-02-15,897.5
모코코자룡,2023-07-05,1447.5
트리시온의날개,2021-04-24,1325
아토믹펀치,2023-12-20,1540
강색갱,2021-12-05,1359.17
조트라이크,2021-05-20,1005
별빛바니,2023-11-03,1506.67
jaygee,2024-01-13,1460
둥료,2023-01-22,1370
이귀철,2021-09-18,1302
김밤천국,2020-08-30,408.33
유호큭,2021-12-27,1370
그림자로에,2021-10-06,1447.5
하양유아,2024-04-27,1520
로아숙제완료,2022-12-22,1490
나도아무대나치고싶엉,2023-05-24,1601.67
동현냠,2021-07-17,1374.17
화사한오리,2023-01-19,1490
우우엉,2024-02-14,1593.33
프랑스카프카,2021-08-20,1356.67
나작하,2021-05-05,61.67
자다한,2023-03-19,302
연미랑,2021-04-24,1375
토느님,2022-01-25,1447.5
채움들,2023-11-08,1605.83
헤츠키,2023-01-21,1340
쿄창고,2021-05-22,78.33
칰찹쇽,2022-03-27,400
도아가너로정했다,2022-01-12,1350.83
주님미폭떨어져요,2020-08-22,1340.83
빨강꿀,2024-07-14,1617.5
주풍랑,2022-07-16,1460
화이자접종오너,2021-08-12,600
라펠리,2023-07-07,800
만월의데런,2023-07-24,1501.67
몇시야일곱시야,2021-11-07,1437.5
무적코털보보봅슬레이어,2023-07-01,1496.67
쵸파우비,2022-07-14,1472.5
고백과함께사라지다,2024-07-12,1610.83
못난이페페리코,2023-12-31,1545
무도5,2023-12-22,1460
영타로데헌,2024-03-14,1490
안녕하세요배마입니다,2024-07-11,1601.67
DreamPainter,2022-01-29,1370
상남자D붕이,2021-07-05,61.67
언제까지그럴래,2022-02-20,1560
잇뽕따,2023-12-25,1580
클리어파,2024-05-11,1540
무넫갸,2021-07-13,1377.5
도허걱,2022-01-13,1302
쪼오오옴쫌,2023-02-08,1500
circuitbreak,2021-01-06,1325
밥은반찬,2024-01-23,1477.5
처세선경,2023-12-10,877.5
츄랴,2023-01-20,1462.5
하이눈춘디,2021-01-29,900
어제애기,2021-08-19,1302
소울파덕,2023-08-01,1415
여뇽,2022-07-18,1340
슬레파덕,2023-02-05,1472.5
주인님버프주기,2023-12-21,1521.67
요땅요땅,2022-10-24,1467.5
ll망고도토리ll,2023-12-26,1586.67
링딩동링디기딩디기링디기,2023-06-29,1485
정탄슬,2021-01-30,1350
NSTTE푸키키,2024-07-19,1640
NSTTE풉키,2024-07-19,1640
모코코참치찌개,2021-03-21,1315
찍어서보스먹기,2020-12-20,64.17
프로격투가,2023-12-20,1510
프리미엄통찹쌀수제김부각,2021-08-18,1340
양태슬레,2023-12-21,1565
광명이간다,2021-05-23,1325
코딱지공격,2023-01-10,137.5
이슬로타,2023-05-27,1540
박력남김홀리34세무직,2023-08-20,1490
퐝재,2021-11-11,1480
비연자,2021-06-03,1325
샤르타니엔,2024-07-19,1640
조무래기지현,2024-07-11,1520
매점매석1,2023-11-03,1415
꼬마쥬쥬,2022-11-08,1502.5
최재콩,2021-08-29,1302
에티라전용사멸시너지셔틀,2022-12-25,1460
바드둥바드둥,2020-11-17,1355.83
낫잡는네스,2023-07-24,1415
여자라면창하나쯤은들어야,2021-10-09,460
트루닝겐,2020-12-02,1005
진봉희,2022-03-17,1415
머슬엔젤,2021-04-05,551.67
우르르꽝광,2022-01-15,1445
린나기,2023-07-20,1500
빙빙모코코,2024-07-14,1636.67
달과별그리고비,2021-04-26,952.5
사실이거장난감칼,2023-07-08,500
Semper1,2021-09-21,51.67
백대기,2023-12-25,1582.5
레드콤보잠발라야,2023-11-23,1415
동행여행,2021-08-27,1422.5
아기수현,2023-12-20,1610.83
염홍빛,2021-01-11,1372.5
빠빠루삐뽀,2021-08-11,1370
진지한도라지,2020-11-08,830.83
참어이없네요,2021-04-05,935
하늘서린비,2021-08-12,1302
물풍선솜사탕,2023-01-19,1506.67
김석파,2024-07-11,1592.5
미아내모닥불,2024-07-14,1620
카르타가,2022-01-24,1420
다다다다,2023-12-22,1510
운토,2023-12-29,1580
카르바하,2021-12-24,1302
얼음맛메론,2021-05-17,1325
우마르카라일라이할라할라,2021-03-21,925
이갈,2021-08-23,204.17
d초아가b,2022-01-23,1417.5
진한처럼,2021-07-18,1370
하히르,2024-07-14,1620
호랑이가되고픈냥이,2021-08-16,1445
레이드중인블레이드,2021-08-23,1302
삐약이의가호,2022-09-26,1555
내일도어리버리,2023-03-11,1340
전사xx슬레1,2023-01-18,1340
하됴,2022-02-02,1415
폰슬레,2023-01-20,1340
매콤한블레이드4호기,2023-02-23,580
리사프,2022-04-16,1302
유엘란,2022-01-26,1302
찌타는야옹,2023-12-23,1475
자네나의탱킹을믿나,2020-12-22,302
윤은기,2024-07-13,1520
사람좀찔러봤는감,2020-11-08,902.5
햄스터꿀벅지,2020-08-22,1030
파베다,2024-07-19,1640
앙바주네,2022-01-16,1445
흑발의무도가,2020-11-19,965
zl존현우짱1,2024-01-16,1580
uniform,2024-05-19,1583.33
6번버스남창30각10홍,2022-11-14,1520.83
네르배마,2023-03-03,1437.5
침좀뱉는누나,2022-08-06,1380
아이엠임홀리,2020-10-21,915
브커예몽,2023-12-20,1581.67
에아카시,2021-08-23,1302
슬레이브주인슬레이어,2023-01-20,1490
보리붕,2024-07-14,1620
해방된학살자,2023-01-22,1500
취미가산책이죠,2022-02-13,1415
화룡짬뽕수촌점,2023-02-27,1462.5
저한번믿어주세요,2023-07-22,1490
꿈꾸는톡끼,2022-07-18,71.67
블레고수,2021-12-23,1302
청학동수석졸업,2022-01-13,1460
정량쩡님,2021-01-13,1428.33
파란만장워로드,2023-10-16,1503.33
Pabkon,2022-01-26,1430
번데기주름,2021-05-18,1395
설조향,2022-07-16,1385
썰어버릴생각에군침싹도누,2023-07-21,1533.33
아이스시나몬바닐라라떼,2024-07-13,1616.67
HolyOri,2022-01-29,1415
도아닥,2023-12-28,1475
g코인,2023-02-19,1340
정탄빈,2020-08-23,915
챠르기,2022-06-14,600
사슬낫의베인,2024-04-10,1520
신선계,2023-12-20,1536.67
뇨록이터,2023-07-24,1415
후후씁씁,2023-11-25,1450
사단합체도시락,2021-06-14,1380.83
지슬누레,2023-01-21,1508.33
창피할듯,2022-01-23,1340
훈련병종윤모,2021-12-22,1403.33
봄루이,2021-10-04,1415
워밑딜인사람차렷하고대기,2023-11-20,1250
예펫10,2020-08-23,1330.83
napu,2021-08-22,260
대충키운디트,2021-10-09,460
주먹의호흡,2020-11-22,932.5
랄리뚜,2022-08-07,526.67
비비앤하이드,2022-09-25,103.33
풍숩풍서머너,2021-08-24,1302
김경훈,2023-12-22,1580
오빵,2023-12-27,1540
힐을줄까나,2021-10-06,1415
뚜르메스,2024-01-16,1620
오막살이,2022-02-13,960
청포엽,2021-07-11,1302
최강곰돌이푸,2023-12-28,1546.67
딱새우B,2021-08-14,1385
웃어줄게,2022-01-21,1377.5
주혁아리퍼잘키워봐라,2021-01-27,950
쓰고보자,2021-07-09,1325
김빵순,2023-12-24,1576.67
기상루씨,2022-07-07,1500
창문을열었더니어머,2022-01-07,1387.5
박보검,2020-08-22,1361.67
단검함,2024-07-03,500
구르미잠,2021-04-05,1329.17
알연한보라,2021-07-12,1325
우산수선공,2023-06-29,1340
티에스창술,2024-01-28,51.67
무한을향하여,2023-01-19,1430
건앤비,2022-03-03,1541.67
윤혜주,2023-12-20,1545
만월힌,2023-07-24,1415
소이깡,2023-07-19,1490
YeoDaEun,2023-05-27,1590
구슬먹자,2022-01-15,1385
바바용바,2021-12-23,1302
오렌지반우유반,2021-09-09,1302
라이카게,2021-01-31,1340
호우도화가,2022-07-07,1340
독서가님,2021-08-07,55
권투,2024-07-11,1611.67
한글이안써져요,2021-04-10,1370
화장실갔다올께용,2022-01-28,1420
우리팀원딜트롤,2024-07-14,1610.83
로아록타르,2021-08-17,1370
넬라쪼꼬,2023-12-21,1580
선지늬,2022-07-06,1450
격노싸이클론,2023-01-19,1460
경아Re,2023-12-25,65.83
애기낙엽버섯,2021-10-26,600
아임낫태욱,2023-09-25,1415
세슬레이어,2023-01-18,1437.5
아이엔에프피,2021-09-28,600
도아주떼오,2024-07-16,1630
행복한영원,2023-07-23,1535
Weasel,2024-07-19,1640
밥펀맨,2023-12-26,1580
MRwarmCOKE,2022-07-08,1460
6월의눈사람,2021-08-12,1445
저는딜러가아닌걸요,2023-07-03,1510
아늑한노을,2023-07-20,1480
커피콩반쪽,2022-07-28,1415
아치꽁,2024-03-16,1600
빛남자,2021-06-14,1325
임시디렉터,2023-12-15,1340
가짱이클라스,2023-07-03,1495
도순권사,2024-01-05,110.17
심심해지루해따분해놀아줘,2022-12-06,1430
심쿵심쿵슬레이어,2023-01-24,1340
하이드라,2021-08-12,1407.5
도퍽,2023-12-22,1565
도화가지만딜이하고싶어,2022-03-31,960
망발놈,2024-07-16,1636.67
브레라크,2024-01-06,1467.5
블래스터단단함,2021-08-13,1340
블강선,2022-01-06,1302
미묘한인형,2023-07-20,1482.5
파르디팔,2021-08-13,1432.5
퍼스맛좀봐라,2024-04-16,1520
할키보카,2023-12-22,1460
단앵두,2024-07-19,1640
모르는개죽은책,2021-07-10,1340.83
쓰릉e,2021-08-16,130
민초수호기사,2021-08-14,1302
낭만의리,2022-07-10,1430
화투판의마지막낭만곽철용,2022-12-23,1490
히트비스,2024-01-17,1580
홀리몰리올인,2022-12-26,1370.83
DoNabi,2022-01-25,1445
장수여니,2021-09-10,1472.5
무제한킥연발권위자타제굴,2022-03-24,1302
공룡그림그린기린,2024-03-30,1520
일기도둑,2024-02-18,1520
문릿해머,2021-01-21,1329.17
모리린린,2022-01-21,1475
쏘울수있선,2023-07-20,1415
화가쿄후,2022-01-12,120
판교하울링,2022-07-16,1401.67
기대되는유망주,2021-07-05,66.67
카시오시,2024-04-02,1580
개구쟁이딸랑구도아가,2022-01-15,1388.33
아르뮤아,2023-08-22,635
유효악세기원,2024-07-18,1630
MainView,2024-07-14,1620
구그레,2021-04-14,875
Blueclipse,2021-11-08,1435
바드네번,2021-03-13,1350.83
비이로네,2022-08-18,93.33
바드님힐받으세요,2021-02-27,61.67
칼과책과힐,2021-12-30,1381.67
헤임달로,2022-12-22,1490
한옥마을먹물도둑애기붓미,2022-07-27,1460
아르카나만6개키우는사람,2023-12-31,1600.83
적절한워로드,2021-07-24,1368.33
SANYANG,2023-07-30,1490
별달그리고운명,2021-09-19,82.5
실링배럭용11,2023-11-01,1415
단하리리,2022-07-29,1415
고랭지한량,2022-01-24,1460
퉤우물,2023-11-05,1590
건슬할거여,2022-05-19,1415
주먹탈골,2022-12-31,1415
보라하양,2022-12-27,1405
로아산군,2021-04-03,1340
스퀴티아,2023-11-08,1540
로파솔,2020-08-22,1316.67
리퍼얌,2023-12-20,1580
버프바드세용,2020-12-18,1370.83
인러쉬,2023-01-14,302
또로록,2021-11-10,1470
갖고싶냥,2021-02-27,1325
산중살,2023-12-01,1520
붕붕펀치원펀맨,2024-01-14,1558.33
루이피치,2022-07-23,118.33
우민쏘,2023-07-25,1415
시너지가좋은캐릭,2024-01-14,1553.33
츄리맨,2024-07-20,1640
염달지,2023-07-20,1490
두클립,2021-03-17,1334.17
맑은날개,2023-07-19,1503.33
혈타늄,2023-01-19,1450
발정난제독,2020-08-23,450
잎차,2024-07-18,1586.67
막내시푸푸,2021-08-12,1309.5
송희월,2022-07-11,460
그아앙,2021-02-12,1311.67
anahg,2022-01-23,1417.5
쌍돌Syrup,2021-11-08,960
밀양박씨규정공파28대손,2021-06-11,1419.17
잘치게생겼군,2021-05-06,875.83
꽃빛,2022-01-15,226.67
허접삼류분노주머니,2023-01-19,1490
꽃낫,2023-07-22,1516.67
Gabin,2024-01-17,1462.5
헤르늬,2021-10-23,1325.83
잉여신잉,2021-03-21,1345
머리를넘기다잘못해서부심,2023-12-23,1553.33
국내산미사일,2021-07-09,1360
운동하러가자꾸나,2022-03-29,1415
자냐프,2022-01-21,106.67
마늘탕후루,2022-07-06,1490
겅레이어,2024-07-11,1595.83
샤랑v,2023-07-20,1490
비즈니스관계일뿐이잖아,2021-05-18,1325
히히마리린발사,2024-06-17,500
아크루시,2021-11-23,473.33
GS빨대도둑김민재,2021-08-23,1415
앤데모니,2021-10-15,1445
사또삼촌,2024-07-20,1640
나는머용,2020-09-24,920
소서과외,2022-05-27,1500.83
아즈사천장,2022-02-07,1302
빛환영,2021-08-15,1340.83
폭환영,2021-07-18,1415
광스더,2021-09-30,1472.5
메딕의모닥불,2022-08-09,1427.5
강서구블루베리,2024-01-29,1460
울고싶은나는고양이가된다,2021-10-03,960
BLling,2021-12-23,1302
스레기로변신,2022-08-16,1518.33
로삼로사,2023-02-03,1340
김누낭,2024-05-23,1540
KIKENN,2020-12-30,1000
Woch,2020-08-22,960
빵개떡,2024-07-14,1626.67
불교인,2024-07-09,1540
ReverseRain,2020-08-22,915.83
쿵떡SS,2023-09-04,1498.33
KKIKEEN,2023-07-19,1455
ino1195,2022-03-08,51.67
ghqkdaos1188,2022-07-10,141.67
몽실육,2023-06-03,302
융삼파,2024-07-14,1620
IOlOIOIOI,2023-07-23,1508.33
남한산성III,2020-10-16,960
젠레스존제로하세요,2024-07-10,1600.83
청사과집,2021-10-04,1430
카단불주먹,2023-12-26,1580
비가언제까지와유,2023-10-25,1563.33
낫흥,2023-07-24,1415
JK2도화가,2022-01-30,1415
물빛노을,2023-12-22,1540
마법이좋아용,2021-07-10,1302.83
필화연,2022-01-12,1370
바난아,2021-10-01,130.83
소라이드2,2021-12-23,1407.5
바삭한치킨과맥주한잔,2024-07-14,1591.67
초롱초롱7,2022-02-18,155
흑화하는엉털이,2021-03-26,99.17
수라드,2024-03-10,1540
debah,2021-01-07,1335
소라버섯2호점,2023-01-19,1415
갤럭시B15,2021-01-05,1333.33
대혈,2023-12-20,1551.67
진뚜왕쟈,2021-08-13,1302
인생늦둥이,2022-01-28,140
성원숭성원숭,2022-11-16,1606.67
heckheck,2021-09-23,1415
현지환,2023-12-21,1600
BARDENA,2022-12-23,1490
마시로칸나,2023-07-19,1415
병아리는삐약삐약,2022-01-23,1376.67
꼬마바라기,2024-02-05,1460
구실구슬리,2024-07-14,1614.17
휴멍,2021-08-14,1415
나르앞발꼬순내,2023-12-25,1581.67
극묭,2024-07-11,1620
앵닌,2022-01-25,1430
토톡토독,2023-08-05,1490
완타치성형외과,2023-12-24,1551.67
행복3번가,2023-06-30,1490
무기호미일까낫일까,2023-07-20,120
천월요화,2023-12-11,500
Lapanta1,2023-09-26,1555
잡이야,2021-04-15,1325
물불바람의법사,2022-02-09,1570
100년동안뉴비,2022-12-21,1519.17
순대파이,2024-01-12,1551.67
우산속에든것,2022-07-10,138.33
아뜨오뜨,2022-01-29,1328.33
에이레네르,2023-07-26,1503.33
빌도화가,2022-01-26,1462.5
방어담당킹,2020-10-08,802
꼵끼오,2022-07-07,1415
콩동,2022-05-10,1385
허어접도아가,2023-05-15,1548.33
바른낮밤,2021-07-17,1335.83
나비격,2022-03-28,1430
바다에리,2024-02-12,1540
카드는뒤틀린운명,2023-09-05,1608.33
영샙,2023-07-20,1503.33
행복탱탱이,2021-07-30,1370
오의도치,2022-03-09,302
얼음동동체리콕,2023-07-19,1460
힐이너무따뜻해요,2021-07-22,1391.67
운빨도박러,2022-01-29,1480
포기하지말고최선을다하자,2021-06-09,1340
안녕할까요,2023-01-19,70
똥쥬우웅,2024-07-20,1640
니롱,2022-07-07,1422.5
앵두남우,2023-09-14,1415
퍼플윤기,2023-07-05,1508.33
떡잎마트,2023-01-21,1384.17
설채영,2021-12-08,536.67
고니사제님전나중에커서,2023-02-17,1341.67
으앙뚜뚜,2020-11-23,1325
원펀치불주먹,2023-12-23,1570
도발덕분에살았다면원따봉,2021-07-09,260
토끼욤밍,2022-01-30,1415
하도재이,2022-07-12,1445
퍼프리니,2021-05-09,1365.83
망치대장키니,2024-07-12,1605
qBIGp,2024-01-14,1065
이름정하기가제일빡세요,2021-12-22,95
전태풍2,2024-04-18,1520
바속일구,2020-08-23,990
츄빌리,2022-01-21,1302
가멍지,2021-04-04,1368.33
대가리깨져도서폿,2020-12-05,61.67
하프는주황색,2021-07-17,1415
허복순,2024-01-18,1540
잔밍띠,2024-07-13,1595
신예함,2023-07-24,1482.5
아미리아11,2021-09-02,1417.5
여서커매쓰몽키,2023-01-20,1460
라이트로드입니다3,2022-07-07,960
레이벨로나,2021-05-19,61.67
헤으응나애기바드,2021-07-07,1302
간호학과홀나,2021-11-06,1420
꿀밤컷,2021-03-07,814
길서영,2024-03-25,1520
김D붕,2021-05-31,925
이깡끙,2023-12-21,1598.33
홀리냐주,2023-03-02,1402.5
찐마법사Zen,2021-08-12,109.17
유쾌하지않은망치김도원,2024-01-18,1545
지쑤니,2023-12-22,1573.33
인증만열두번,2022-12-21,1490
왕구마,2020-08-22,1050
알랙시아씨,2021-07-20,1400
반화설,2023-09-20,1482.5
나는니가도화,2022-01-23,1302
눈부시냥,2022-07-17,1460
펠샨목,2023-07-27,1100
해피강선랜드,2024-02-27,1540
우리들의여름,2022-07-13,1495
튼튼한드라군,2023-08-09,1503.33
빛나는드라군,2022-07-19,1472.5
춤추는드라군,2022-12-25,1472.5
JuLulu,2022-03-04,960
니인중에탕탕,2021-02-05,1340
Fatsia,2021-05-09,198.33
그림자낚시,2020-10-04,915
슈슈슈슉블레이드,2022-01-09,105.83
소서디뉴,2024-07-19,1616.67
무작공,2023-05-07,1460
귀접힌캥거루,2023-12-24,1540
꿈꾸는까망이,2024-01-28,74.17
여자좋아하는BJ태북이,2022-06-18,1450
준수소울2,2023-12-23,1590
준수님이다,2024-07-20,1640
낭만곡,2021-07-20,113.5
프잭V2,2021-10-27,1060
빵딱불,2024-06-29,500
캐로디,2023-07-21,1415
권다봉,2023-09-30,1563.33
칼날예술,2022-04-07,1020
파버원,2020-12-07,992.5
모코코퐁,2020-09-14,275.67
병약한아재,2023-05-02,1445
역천아님,2022-07-08,1490
ONTHEROAD,2024-01-15,1487.5
땡자이커,2023-12-22,1460
괭자,2024-05-09,1415
제로빅,2024-07-20,1640
풍무동잼민이의양궁교실,2024-06-24,1607.5
쯩블,2024-06-15,1100
달홀라,2020-12-28,915
워붕만용,2024-07-13,1610.83
낫든날백수,2023-07-22,1500
릴리마카롱,2022-02-16,1385
사이다츄,2023-09-16,500
종성이,2023-12-20,1550
초콜릿과파르페,2023-12-29,1340
게임하는시원,2022-10-19,1370
호로기사,2021-04-05,1370
리구스카우터,2022-07-07,1442.5
멜팅꿍,2024-01-25,1460
복실복실한복실복실이,2023-07-23,1498.33
PearlGrey,2021-07-16,1302
이담조유리,2024-07-20,1636.67
오순홀리,2024-02-28,1460
작은귀족,2023-12-03,1460
그저그렇케나,2023-05-25,1450
솔백희,2023-07-20,1498.33
VibeSoHot,2023-01-25,1490
크라지야,2023-08-02,1540
루나도아강,2022-09-23,106
H소용,2021-10-26,1374.17
얼렁뚱땅무니,2022-08-06,1340
이빨보이면쑤심,2021-10-18,1360
퓨네리,2023-12-21,1460
바나나우유상자,2020-08-23,940
티그레인,2023-01-18,1340
헤이돈톡식브로,2024-07-20,1640
BBBBako,2024-07-20,1640
씹망고주먹,2023-12-20,1460
건담코코,2023-12-20,1510
주안풀주먹,2021-08-23,1361.67
정싸모님,2023-11-01,1487.5
아크슈미트,2021-08-01,1385
애플푸딩,2021-08-12,1415
트리C,2021-03-19,1365.83
바미에몽,2021-07-09,1415
초코바탕후루,2024-07-20,1640
고뇌하다,2020-09-28,1343.33
HaiIey,2024-03-22,1520
Hawes,2021-05-15,556.67
추체리,2022-07-14,206.67
왕꼬집,2022-07-09,1380.83
슨카에딜프로토콜,2023-07-17,1415
남춘태,2023-07-14,1415
마음을녹일것처럼,2023-12-25,1580
푀마,2024-01-16,500
도응애에,2022-01-29,1508.33
신라시대사,2021-07-22,100.83
소서하연,2021-08-11,1302
공소기와로드,2020-08-22,980
트리잼드,2024-02-09,1520
DulcePunch,2023-12-24,1565
아가상훈,2024-04-29,500
모라헤링,2022-05-29,1302
뀰이쮸,2021-12-12,1415
폭신폭신코니,2023-12-25,76.67
우깅,2023-12-20,1460
어묭펀치,2021-11-08,460
퇴사해버렸어요,2021-08-11,1445
한울유치원,2023-09-29,1415
기온역전,2022-07-06,1465
열두시꿍,2023-12-30,1580
별랑단,2021-03-22,1370
어흥펀치아니다란말이에요,2023-12-21,1485
베꼬마2기,2023-12-20,1460
8737,2021-01-30,1050
하잇챠,2023-07-19,1415
남소절,2021-08-11,1370
ReviveReaper,2022-02-27,1430
람순이네,2021-07-12,1302
빛숨스카,2021-10-10,460
응애나아기홀나챰,2023-06-29,500
란티엘,2021-08-11,1302
무호흡적룡포,2023-09-22,1610
바래다줄게,2024-07-15,1612.5
스제블,2021-12-10,1430
버스트블레이드줄여서벌레,2023-06-13,980
아르데리샤,2020-08-23,915
영혼없는낭만,2023-07-27,1415
강변의클럽회장,2021-07-15,52.5
버서킹신,2022-01-23,1472.5
홀리가디안,2021-09-10,1370
거친트롤,2024-01-27,805
남서원,2021-08-15,1420
깡깡너리,2024-03-28,1520
세모토란,2022-04-03,104.17
팔척곡괭이,2023-08-12,1575
불주먹실,2024-07-14,1615
소울미소나,2023-07-24,52.5
퓨어요블레,2022-11-24,302
Nesotio,2022-07-08,1385
호의가계속되면둘리라구,2020-08-23,400
들배,2024-07-10,1585
느그서장이랑밥묵고다해써,2024-07-20,1640
유황후,2020-08-22,1037.5
내가너버프주면안되냐,2024-07-15,1626.67
래타루레라,2024-07-15,1604.17
귀욤뽀작이아린,2024-07-20,1640
오이귤,2023-07-26,1415
HONGHUONG,2024-07-20,1640
요리쓰고조리쓰기,2024-07-15,1611.67
도화가HONGHUONG,2022-01-22,1392.5
돌힐러원,2024-01-13,1513.33
MagicalZero,2021-10-28,302
RoHammer,2021-08-23,1302
원펀치스웨그,2020-08-23,900
인파경임,2023-01-21,1380.83
즐거운간디,2024-07-19,1630
도팔힝,2024-07-20,1640
난룬,2023-10-20,1460
상혈주,2024-07-14,1605.83
길솔,2021-04-24,1445
괴수창사,2022-06-16,1377.5
소율가즈아,2023-07-20,1415
처음이신가요이런배마,2021-10-22,563.33
바드모코콩,2022-09-12,1460
매니온,2024-07-13,1610
소워피,2024-07-20,1640
왜이러시낫,2023-12-25,1460
예교,2024-06-25,1500
C엘마,2024-07-20,1640
로아쪼,2022-02-06,1415
워사럭,2023-01-08,1415
피자돈까스먹고싶다,2024-07-15,1611.67
오의나농,2024-02-26,1460
Ble13,2021-02-27,1325
미체라,2022-07-06,1500
성장한기공사,2023-06-29,1475
무영은월,2024-01-28,221.67
우리아이는외계인,2023-08-09,130
충격브레이커,2023-12-20,1565
구할꾸,2023-07-02,1500
어떻게건슬이배럭,2023-07-01,1447.5
론데오,2022-02-27,1415
노예였던내가이세계에선,2023-01-19,1490
멍화원,2023-07-18,1460
쌈바춤을추는민들레,2022-01-21,1302
ArchSinger,2021-04-05,1050
스산한바드,2022-09-21,960
Intouch,2023-12-22,1475
갈림길에서자꾸생각나,2023-12-24,1580
밍푸씌,2024-07-11,1525
꼼응이,2021-03-07,1360
릭스테드,2021-03-19,1319.17
눈누또롱님,2021-06-17,75.83
Homies1,2021-01-21,975
이터널리턴만세,2022-07-16,90.17
김집시,2021-08-02,802
만들면우산줌,2022-07-06,1462.5
Celebritys,2021-02-02,1037.5
은홍시양,2021-07-18,1376.67
모찌소서,2021-08-12,1302
당영넹,2021-07-12,1302
적색알카,2023-12-22,1513.33
썰어버릴생각에군침도누,2023-01-28,1340
앞트임보단디트임,2022-11-07,1010
기억될블래,2022-09-25,966.67
풀피임니다만,2022-08-07,1370
제라이스,2023-01-03,1460
쪽파맛사탕,2021-04-23,1359.17
넌내마음을몰랑,2024-02-26,1553.33
서폿난지원,2024-04-18,1585
베밑무,2023-07-20,1490
똥퍼아저씨,2021-09-29,302
뀨잉꾸잉뀨잉,2023-01-22,1374.17
서예맛좀봐,2022-01-13,1370
Laurax,2024-02-01,71.67
유홍슬,2024-07-20,1640
에키드나와춤을,2023-12-27,1581.67
루씨황후,2022-03-06,1417.5
브레이커지요,2023-12-24,1580
수라잘치는아이,2023-12-22,1590
너만의밤비,2021-08-20,1370
랴팜,2023-03-21,1460
결옥님,2021-09-29,1435
선비블래스터,2022-08-25,1340
로생은뽀송처럼,2023-10-28,1415
존노정혁,2024-07-13,1540
향청월,2021-07-11,1415
각인뭐가야해요,2023-01-20,1490
슈사이어의기사,2021-03-14,1325
겐쥐킹,2023-09-10,1422.5
쩝쩝냠냠,2021-12-10,1376.67
해애주우,2021-04-22,1369.17
헤이즐넛맛자몽,2020-11-08,1370
국빈관토끼,2024-07-20,1640
디깅클럽소울,2023-07-25,1415
이나마리,2021-08-22,1445
토끼아가얌,2024-07-20,1620
와인의아가,2022-01-22,1445
라르리엘,2020-08-23,925
팥앙금단팥빵,2023-02-07,1340
변하는구렁이,2023-12-23,1580
쪼코자두,2023-06-29,1503.33
무료급식소슬레이어,2023-01-19,1460
암안개,2021-07-13,1410.83
가연서,2023-01-22,1340
달꼼바싹,2023-08-26,79.17
절구아니에여,2024-02-11,1526.67
걍선이형충성,2023-10-20,1589.17
영양양영양양,2022-02-15,1355.83
몌련,2022-08-30,1553.33
뭐하까,2024-03-26,1250
노아가도아가,2022-02-02,1447.5
개찌질,2023-12-22,1568.33
담갱바드,2022-07-07,1465
받웡,2020-09-30,960
오늘널눕힐란다,2021-02-08,990
야킁,2024-07-20,1640
잔혈못따면명치뚫림,2024-04-29,1520
로스비웨이브,2022-07-06,1462.5
복영이,2022-02-04,75.83
창고에오레하를숨김,2023-12-22,1580
워붕할부지,2022-01-03,1415
럄쮸,2022-01-23,1302
악므,2023-12-21,1580
권왕이화,2024-01-20,1595.83
S7llMUEL,2024-03-30,500
속삭이는모꼬꼬,2022-08-06,1384.17
곽빡지,2024-05-23,1520
볼프베르크,2022-12-24,1340
을권,2024-01-09,1460
목이길어슬픈실린,2024-03-07,1531.67
응애환류,2022-03-15,1302
도솔퐠,2022-02-12,1325
티르앙,2023-07-05,1506.67
바드쑨,2024-07-21,1640
뀨reaker,2024-07-11,1611.67
다이어트는포샵으로,2020-09-12,1320
카르베1,2021-03-23,1310
JordanHendo,2021-05-02,1325
하얀흑구,2021-07-11,1343.33
라떼하프,2024-07-15,1520
황서연,2024-02-11,1520
TRlPLE,2020-08-22,930
와익꾱,2023-10-19,1475
오늘안주뭐먹지,2022-08-17,1422.5
무릎부상,2021-07-25,802
소울이터요한이,2024-07-19,1620
대신맞습니다,2021-04-22,1040
리로드킹,2021-07-09,56.67
기상카시,2024-07-21,1640
다비치포터,2023-10-27,145
붕읔,2021-08-23,1325
창술사텐키,2021-07-20,1325
뽀송주영,2022-01-22,1370
루뤼리,2022-12-26,1480
나그나,2023-12-22,1460
만뉴당,2022-12-26,600
고래와노래,2023-01-02,1396.67
그대모습을잃고싶지않아요,2023-03-01,1600
코오카콜라,2022-01-27,110
별빛의우비,2022-07-20,1482.5
KDAD,2023-01-20,1475
흑마늘의향기,2022-08-25,1370
화공두타,2022-04-04,600
뒤에서지팡이나휘적거릴게,2021-08-16,1370
어화둥둥김하프,2022-02-04,1302
따꼼해욥,2022-02-08,1302
기공진짜쎔,2024-01-16,1030
누가요즘바드키움,2022-01-13,1302
유통기한,2023-12-26,1460
또롱화가a,2024-01-01,1475
착한감자,2024-07-21,1640
공짜홀리나이트,2021-01-05,1334.17
움윰움윰,2024-07-14,1610.83
핑구슬아이스크림,2023-01-15,1490
회킬러,2024-03-04,1580
짜장펀치,2023-12-22,1460
꾸꾸늉,2022-07-23,115
소리윙윙,2022-07-06,1502.5
한YOU주,2020-09-24,972.5
넬라호세,2022-07-13,460
은율민,2024-07-21,1640
구름찌,2023-12-22,1560
오선위,2021-06-06,1340
아르젠트H,2021-08-22,1445
하림곱창,2024-07-21,1640
시간을이끄는등대,2021-12-26,1302
라세린느,2023-07-02,1490
CAMTO,2022-07-21,1500
레몬수분,2021-08-12,1302
해월소,2023-07-26,1540
예쁜이기상,2022-07-08,1381.67
부뢀을탁치고갑니다,2023-10-09,1500
웃지마설레게,2023-01-26,1340
오디인,2022-04-07,1445
봄봄술사,2022-07-21,1415
파서리스,2021-08-11,1435
황후지연,2023-06-29,1500
김바쏘,2021-12-22,1302
슌라,2023-06-27,1540
히슈히슈,2020-08-22,825
꼬꼬마슈이,2022-07-06,1340
쿠이센,2024-02-14,1580
반가워요오오,2021-03-24,1340
기승전셔틀마스터,2022-04-18,1415
양윤설,2023-12-23,1521.67
스폰지붓,2022-01-26,1465
프미쨩,2023-09-08,1445
인천춘쨩,2021-12-27,1370.83
우사카미,2021-07-09,1325
5615,2023-06-30,1467.5
92두부,2021-07-22,1302
자스,2024-07-16,1626.67
동콩월드1,2021-01-30,1325
앙그레이밀크티,2023-12-25,1533.33
동콩슬레,2024-07-21,1640
동콩인파,2024-07-21,1640
돼오숙,2023-01-18,1495
셋째딸버스트,2022-10-11,80
쪼꼬만꼬맹0l,2022-01-23,1470
내방짜응,2023-07-03,1445
수박두개a,2023-01-24,167.5
찰진단검,2021-01-01,915
비에디트,2022-10-17,1460
살구소서,2021-08-26,1355
엉덩이좀볼게,2023-09-06,676.67
브레이커양갱,2023-12-21,1472.5
꽁띠기,2020-09-16,400
날씨리모콘,2022-07-06,1475
애릭,2023-12-24,145
센스없는소울이터,2023-07-19,1540
티랼,2023-08-04,1460
꼬꼬마쿠키,2024-01-07,1553.33
PaulGauguin,2021-01-14,915
슬레슈아,2023-09-28,1437.5
한방이터,2023-07-21,1490
스윗한낫7,2023-12-22,55
설레이는머슴,2023-06-30,1415
타이탄워로드,2021-11-07,1415
핫옴므,2021-04-05,1325
무민신성사제,2023-12-22,1460
그냥이기상해,2022-07-06,1467.5
상큼한레모나스파클링,2021-07-09,1370
이네아티,2024-02-13,155
콩순이검,2023-11-30,1460
네글자꽉꽉채웠습니다,2023-01-19,1490
란리첼,2021-08-11,1302
기상청서기관,2022-07-08,1355
쓔하프,2023-03-24,1475
연두깐쵸,2023-01-21,1381.67
CrossSoul,2023-07-19,1442.5
화린HS,2023-01-20,1370
미나HS,2023-07-21,78.33
남만퍼리궁,2023-12-24,1540
콩려향,2023-07-23,1460
란붕이,2020-08-22,942.5
무호흡탑승머신,2021-04-19,1340
곰젤리훔쳐가면절구안줌,2021-09-12,1370
휴식좀요,2020-08-22,600
원래이렇게아픈건가요,2024-07-16,1610
큐이퐁,2022-10-14,1370
고기한날,2024-07-14,1603.33
무지성여왕,2021-08-22,1302
까사사박,2023-07-25,1490
기상기빠졌어요,2022-07-06,1467.5
매운맛냥코,2021-07-11,1462.5
냥냥왕자,2022-05-14,1465
자이언트펭회장,2021-03-15,370
92세김점례마지막진혼곡,2024-07-16,1615
앤우비,2022-07-07,1500.83
토파구사,2022-09-07,53.33
맨손으로패자,2022-08-05,1415
데헌처음해봐요,2023-10-24,1505
휠체어가잘어울리는남자,2022-02-06,1302
Meleys,2021-07-13,1325
뭉슬레이어,2023-01-18,1490
캐릭터리스트,2023-12-21,1520
햇님애,2022-12-28,81.67
자두풍년,2022-10-17,1492.5
토르넘,2024-07-21,1640
건슬배럭이요,2021-04-09,822.5
파괴의무도,2024-07-16,1615.83
난여기저기때려,2022-11-15,1415
유콩얌,2023-11-28,1455
김라닝,2024-07-21,1640
폭발적미모의워로드등장,2024-04-08,1620
일산불닭발,2023-10-16,1100
94kg여드름안경돼지,2022-11-14,199.17
우산주세영,2022-07-07,1460
요구르트한잔할래,2022-12-25,1460
12486,2021-03-12,1325.83
향기솔,2020-08-22,982.5
염옥혈극,2022-08-31,58.33
5thNight,2023-07-22,1490
일단기공사할건데아이디뭐,2022-08-03,1420
윈삣,2023-07-22,77.5
빵토벤,2023-09-30,1600
스뜨리트파이터,2021-03-21,1050
하프소릿,2022-07-17,1475
애빛바드,2021-07-14,1405
씅세,2022-06-11,1535
흑가이,2024-07-11,1608.33
힐하는킹질,2022-02-02,1370
모근이터,2023-07-21,1500
홀리지니스,2022-12-21,1457.5
민초맛쿠쿠루삥뽕,2021-11-04,302
별헬리,2021-09-05,1302
쩡이홀나,2020-12-29,915
죽산배마,2023-11-04,791.67
용드래권,2021-03-19,1370
리베터,2022-03-22,1415
Hangureum,2022-05-19,1385
겨울낫,2024-01-24,1340
비비디boo,2021-04-12,1344.17
물팔라딘,2022-07-13,802
로리는정말최고야,2024-07-21,1640
황후리네스,2021-12-25,1302
혈화검존,2023-02-27,58.33
최보통,2024-01-22,1604.17
냐옹혼낫,2023-12-29,1580
파인맛제로,2023-08-14,108.33
하프로때려잡는펭귄,2021-09-12,600
아이러브유나,2023-01-08,1340
블레잌커,2024-02-16,55.83
테크로드,2022-01-26,1490
거짓부렁,2022-07-11,1524.17
Gladiator,2023-12-23,500
Billi,2023-12-25,1460
이완수2,2021-03-21,1005
난백발백중이야,2020-09-02,915
개쎈우주,2022-07-08,1445
천패류,2023-12-21,1460
쩡화녕,2021-03-20,1325
민첩한레몬버터,2023-06-18,1520.83
에릭1212,2020-11-03,840.83
화살창,2023-02-11,1490
멋진석,2024-07-16,1620
1가,2024-07-11,1600
머쓰카나,2023-09-15,1460
언제나비온뒤맑음,2022-07-06,105
웅애아기김홍도,2023-12-07,1415
스카우터안준혁,2021-07-06,61.67
떠나지못한,2023-01-20,960
풀찌,2024-06-02,500
진라화,2023-01-09,1370
퇴근못하면죽어요,2024-07-13,1613.33
이엘라아일린,2020-08-23,869.17
데벙님,2021-07-09,1334.17
날로먹는사회생활,2021-10-13,53.33
도로시플레어,2021-08-30,1452.5
피시방예쁜누나,2023-04-28,73.33
시반님,2021-03-28,1512.5
나사뀨,2020-08-23,927.5
초리일곱,2023-08-02,1496.67
로맨틱모히또,2023-12-21,1580
슈샤핑,2023-01-19,1340
오징어묵탕,2021-10-03,1310
정하바드,2020-08-22,1310.5
애니츠마을을부신다,2023-12-22,1541.67
김민진,2023-12-20,1586.67
고기방패늬,2021-09-13,1302
이즈배,2021-02-20,1000
현석뿌요,2023-02-17,1340
밸런스의끝은,2021-05-02,1340
따끈따끈오라,2024-03-09,1610
귀엽닭,2022-07-19,1460
맥가간,2022-01-24,1445
Caelis,2021-08-13,1302
가가가고머시기가머시기여,2020-08-23,930.83
빽어택대가,2020-10-03,937.5
망치로뒷통수까라,2020-10-03,325
돟잭,2022-01-29,600
동양의다빈치,2022-01-16,1492.5
청포도망고빙수,2023-01-21,50.83
설쏨,2023-01-21,1490
Oeir,2023-01-18,1490
더키데헌,2024-07-21,1640
로즈위크,2021-09-15,1415
Mshroomkerr,2022-08-26,1430
애공이스토커주댕,2021-06-07,920
그믐입니다만,2024-04-03,1520
천령도,2022-01-23,1370
아가긔여워,2023-10-04,1531.67
계공,2024-07-20,1630
쎄링,2024-07-02,1561.67
Quinpirole,2024-02-18,1561.67
깃쿄,2022-07-09,91.67
오가쓰,2020-08-23,1355
아르할꺼야,2021-05-31,1325
금음이터,2023-08-14,1340
성산리참새,2023-10-17,1482.5
지니꼬봉,2020-10-05,1370
사암v,2022-01-12,1417.5
오의가배마를숨김,2021-07-12,1370
권왕사랑,2024-01-14,1510
뉴삐양,2023-10-31,1460
따봉남,2023-12-21,1540
야경은슈테른이최고지,2021-08-12,1302
주간딜러슬레,2023-12-27,1541.67
와도아가다,2023-08-27,1415
옐로스크린X,2022-08-01,1415
무적수염디스트로이어,2021-05-14,1359.17
서울우유레몬맛우유,2021-10-18,150
아치스내셔널파크,2021-06-07,1360
FullMoon99,2024-01-23,1460
펭수좋아,2024-02-03,1460
내공만이,2024-07-13,1600
코믹토릭스,2022-08-26,1401.67
거북라면,2023-12-24,1540
KangInkyoung,2024-06-24,1520
낫띵니니,2023-07-29,1415
청사n,2020-09-12,947.5
복날누렁이,2023-12-20,1335
규뉴쨩,2021-04-02,1364.17
비비탄총사요,2021-11-26,1435
택연S,2024-07-16,1615
핏빛왕관,2023-01-19,1490
떡수수,2023-06-28,1470
단화차오판,2022-07-19,1415
gfajtw,2024-07-11,1613.33
나의시팅은신이다,2021-08-13,1302
악역의등장,2024-07-11,1600
하기별,2022-12-25,1500
원영의어린시절,2023-03-08,1447.5
서희정,2020-11-16,377.5
바드종헌,2021-07-09,1415
우산검나도줘,2023-03-13,70.83
서라리,2021-08-18,802
서숙코,2021-12-23,1370
샴엘,2021-08-26,1387.5
사자라면,2021-03-25,1325
l원펀맨I,2023-12-25,1540
만개나이스,2023-07-01,1415
낫쥐링,2023-07-19,1415
사스날우승각,2023-08-07,1415
루로콩,2024-06-01,1415
총창모코코,2024-07-21,1640
Padoc,2021-08-17,1360.83
화문인왕,2023-12-22,1460
말큥,2023-01-20,1340
Br두,2021-03-22,1340
딩무룩,2024-07-16,1620
우쭈쭈호야냥냥냥냥,2022-09-21,1415
솔로몬의선택,2021-07-19,1415
멸화격,2023-12-20,1460
아웃파이브,2022-03-09,1360
도사령,2022-01-21,1495
낫든칸,2023-07-20,1508.33
구름맛퓨즈티,2021-06-21,1050
98오상고,2023-12-24,1460
울피이,2024-06-21,1595
파워하야꾸,2022-09-25,536.67
에소크림라떼,2023-09-12,1460
흠슬레,2023-01-19,1490
누리바바,2022-01-13,1351.67
디붕푸코,2024-02-15,1520
도화가생일엔,2022-01-28,1385
번개를맞은오리는천둥오리,2024-03-07,1620
루프펄스,2024-07-16,1633.33
말랑뽀송송,2021-08-30,177.5
삼도류창,2023-11-29,1415
서릿빛추억,2022-02-11,302
아세이투나는올리브에오,2022-07-07,90.83
소울뇽,2023-07-29,1100
가면극,2024-05-08,500
미워하지말아줘,2023-12-19,500
앤브레커,2023-12-21,1561.67
뿌코쿤,2024-06-08,1540
HoT6더킹스톰,2024-07-20,1620
아가는귀여워요,2022-02-15,1445
그게임하던사람,2021-12-31,1100
듬잭,2024-05-20,1520
빗소리쪼앙,2022-07-08,1375
뚝군,2020-08-22,930.83
Iaser,2022-08-31,1581.67
BSKHANI,2021-01-12,1350
듸지,2020-10-06,922.5
야옹이꿍디팡팡,2023-12-01,1607.5
미워하면닮아간다,2021-07-11,1432.5
힐열심히할께요,2021-07-09,1325
나는죽이지않았습니다,2023-12-25,1503.33
담구름,2022-12-24,1400
빛이당직을세울것입니다,2023-07-27,1490
벞문,2022-07-10,1460
소울샌드백,2024-07-11,1610
사르르도화가,2022-01-25,1302
영민배마,2021-07-30,1302
힘숨쭈히,2023-01-19,1498.33
천공의성라푸타,2022-01-01,1302
근성최,2023-12-20,1541.67
멜까,2021-08-27,1375
화살이요,2022-07-20,1370
절정쇠창살,2021-07-15,51.67
뭘로지어야할까나,2020-09-11,960
워로도담,2021-08-19,1382.5
틀과젊사이,2023-01-18,1406.67
쫑이8호,2023-07-19,1490
슬레이브눈나,2023-01-21,1387.5
예민한청년,2024-01-08,1460
낫쟁이가쏘아올린작은공,2023-07-19,1465
주차,2023-12-20,1591.67
재학이형의아들,2023-12-25,1583.33
하루두시간짜리,2021-09-12,111.67
흠냠냠,2024-01-16,1576.67
PCCUS,2020-12-09,1376.67
대지를가르는망떡,2023-01-19,1490
아플꺼야,2020-08-23,933.33
렐크리븐,2022-07-06,1340
볼뀨욱,2023-03-19,1475
김현정의뉴스쇼,2021-06-11,960
혜지감별사,2024-07-16,1630
리퍼수야,2023-12-26,54.17
r니나브,2023-12-12,1500
라떼한잔요,2023-10-27,1415
넹햄,2024-07-21,1633.33
살회,2024-04-25,1560
바드김곽자,2024-07-13,1585
아일랜드맥주,2021-08-29,302
소울쿠로드,2024-07-21,1640
당첨보노,2022-01-15,1460
전채훈,2023-02-10,1490
바드도딜링이가능하다,2021-07-15,260
딸기젤라또와플,2021-11-09,1415
영종나라영종이,2021-08-24,130
갠술사,2021-11-12,496.67
세상을구하는후추,2022-07-06,1450
뭉게뭉게몽게몽게,2023-07-08,136
sazar,2024-07-17,1630
찌네,2024-07-21,1640
혼벨라,2023-12-20,1565
창묘총장,2020-08-23,1341.67
참기름네방울,2021-03-27,402.5
뱌뱓뱌뱓뱌,2023-01-20,1467.5
여캐벳세,2022-07-15,1475
누가봐도여신,2023-12-01,1603.33
홀호격,2022-05-21,1425
그라낫띵,2023-07-21,1487.5
권폐,2024-07-15,1603.33
도토리감쟈,2023-06-30,1495
캐스터여우,2022-07-21,1430
랴유리옐,2022-11-02,52.5
억니니,2023-05-26,1350
댕글댕댕,2022-01-29,1302
QueSeraSeraW,2023-07-06,1415
서은힐,2021-03-07,400
확마쓰읍팍씨,2022-06-24,486.67
쿠키오꼬끼오,2023-01-20,1490
졍마담,2024-07-22,1640
츄릅의영혼,2023-07-27,1508.33
날씨알려주는아가,2022-07-20,51.67
재민재민재민,2023-02-22,1415
아왯,2024-07-14,1603.33
우리집고양이는폭군,2022-01-23,1325
악마유진,2023-07-22,1445
SIhyuma,2024-07-22,1640
극신두동탁,2023-12-10,1585
카OI네,2021-07-13,275
밍트쵸코,2024-07-18,1610
널아가,2022-01-24,1500.83
판금갑,2023-04-17,1605.83
낑깡맛팥처돌이,2023-07-21,1452.5
이도류암살자,2021-03-15,605
이셀트리아,2022-07-06,1415
zl존스카우터동훈,2021-03-19,1360.83
연서링,2022-05-27,1561.67
두모의밤가이,2023-12-21,1580
잉스쁘각,2020-12-28,960
흰양사슴,2023-10-24,1415
리풧,2023-10-15,1447.5
바드가산,2023-08-17,1490
포브스선정제일재밌는직업,2021-10-18,1422.5
크라슈,2023-12-20,1543.33
롤로노아구리,2024-07-10,1600
칸체,2021-08-12,1370
까니바드,2023-12-07,1533.33
언홀리기찬,2022-12-23,1390
달소롱,2023-01-22,1390
스킵그게뭔데,2023-08-08,1415
재영아린,2023-12-21,1528.33
한걸음류솔,2020-08-22,900
백하슬,2024-07-13,1613.33
콩콩희,2023-12-21,1600
홀리피치애플,2022-05-25,302
윤정짱사랑해요,2023-09-24,1591.67
저지방우유애옹,2024-01-01,1460
캄팡,2021-06-12,1394.17
핑크색무드등,2023-12-26,1460
하얀토낑,2021-09-18,130
신성케스,2023-07-03,1490
일섬o,2021-04-05,189.17
이슬케스,2022-07-08,76.67
소울케스,2023-12-21,1580
홀리돔관광나이트,2022-01-27,1392.5
초우사,2022-07-07,1340
로지아가,2022-07-10,1477.5
참다행이야그치,2022-11-25,460
보듀크엔,2024-07-13,1602.5
가을김치,2020-10-13,915
요양병원틀니브레이커,2023-12-23,1580
몽실퍼,2024-03-03,1568.33
카마시옐,2023-01-19,1460
해오름달무리,2024-07-18,1616.67
말보로레드미디움,2021-05-09,810
씨니난다씨니나,2022-05-16,570
릴샤바,2023-12-23,1561.67
8차,2022-12-08,1445
박우댕이,2022-03-08,1578.33
헬다이버즈,2022-06-01,600
캐도캐도땅콩이안줄어,2022-09-28,1415
오른팔뚝흑염룡,2020-09-01,802
절대음감소녀,2023-10-10,1480
포식잣,2023-01-20,218.33
산파개구리,2021-12-19,1452.5
법은멀고주먹은가깝다,2020-09-13,960
은성이네,2021-08-12,1369.17
팡만우월,2024-04-08,1540
비폭력주의홀리나이트,2023-09-16,1427.5
하이볼4,2023-01-24,460
보랏빛호수,2023-08-06,1415
김당근케이크,2023-04-18,203.33
로드뚝,2020-08-22,915.83
격룡쌍창,2024-04-03,500
폭쮸범,2024-04-05,1540
령기백,2023-01-19,1490
히월우,2024-01-04,1465
아키르맛커피,2023-07-01,1420
공밭,2021-04-12,1325
세퍼렝,2022-01-26,1404.17
토르뚝,2021-07-13,1302
다쳐도,2023-08-10,1415
ZELAYER,2023-01-19,1490
이거진짜칼이야,2023-01-19,1490
내비도화가,2022-01-23,1370
후웃키,2021-07-20,1392.5
이게임에탱커는없다,2024-07-17,1616.67
팡폿,2023-07-02,1500
강력한도발의뭉뭉이,2020-08-22,923.33
미들스트링,2021-05-02,920
그니1,2021-08-05,1370
반젤로,2022-12-22,1399.17
파다닭파닥,2022-07-17,1445
아왜이래,2021-03-26,1340
의소양,2023-12-12,1540
Gnab매,2023-07-07,1415
주이빵까루,2023-12-27,1460
산책가자코코,2022-07-22,140
기상하목장유기농우유,2022-07-21,1467.5
꺾이지않는샷건,2023-01-01,600
지금상한가,2021-05-02,1363.33
류꿀밤,2023-10-31,1437.5
NHYO,2023-05-29,1304.5
도v화,2023-10-29,751.67
로드워가가,2021-07-18,1340
열공하는슬레이어,2023-01-18,66.67
CrimsonElite,2021-02-28,1000
병준1243,2021-12-25,129.17
병장님아침메뉴쏘야입니다,2022-11-16,600
널보러갈래,2023-12-22,1525
쌘치,2024-06-26,1550
연남킹,2020-10-17,802
청량건슬,2021-12-25,76.67
포앙꼬,2022-08-31,1551.67
느린아냥이,2023-10-13,1460
히터잉,2023-12-24,1595
베베도니,2022-12-27,1475
어떻게사람이름이응우옌임,2021-04-20,195.83
왕검눈나,2023-01-19,1490
김민뇽,2022-01-08,1310
놀아줘놀아줘놀아줘놀아줘,2022-01-20,1335.83
버베나쿨링,2023-01-27,1415
포포닛,2023-12-23,1580
L서준,2020-08-22,917.5
루우운아,2021-07-08,1415
이상해소,2024-07-14,1592.5
봄이아빠임,2024-06-24,1540
커스터마이징은프리셋이지,2021-08-17,1086.67
1임승민1,2023-10-20,1415
더블에이포,2022-08-13,1370.83
캡틴인내가이세계에선건슬,2021-03-06,1354.17
눈에띄는관종,2021-08-14,1302
군만두가먹고싶어,2021-09-03,1415
그레나딘,2024-04-07,1520
여름제철와로두,2023-06-29,1460
걸음이느려서,2024-07-10,1520
반증이,2021-07-13,1370
고기방패김다푼,2023-01-28,1460
BP알리,2023-12-20,1520
헤헤뽀,2023-11-08,1460
플라라,2024-07-22,1640
로뜨투,2021-06-06,61.67
하락장베어그릴스,2022-07-12,1340
휑민5,2023-01-19,1460
김잉어,2021-09-09,1415
라디먼,2022-07-18,1445
베이비아티스트,2022-01-27,1370
왼삼겹,2023-12-20,1475
sasimmi리,2023-01-07,1460
찐10002,2023-10-01,1490
표로이럇,2023-02-20,1340
안녕하세요토스트아크입니,2020-09-11,935
석양이진탕,2021-01-30,1320
슽컼,2021-03-18,1369.17
안녕하세영작은바드에영,2022-01-15,1460
류자명,2023-02-26,1340
TmVanguard,2022-01-31,1370
블랙디트4,2024-07-15,1600
늉닝,2023-03-01,1490
구름맛냥아치,2022-07-06,1340
대화왕스트라이킹,2021-09-12,1390.83
힐여사보초전운,2021-08-12,1302
초슬레이어,2023-01-20,170
성스러운대장균,2021-11-18,1400
또샷띠,2022-01-13,1445
진화한,2021-07-27,600
한손운전병,2024-07-12,1590.83
세번째칼은앞에있어요,2021-06-07,1005
갈마동돈까스,2022-05-13,1370
찜빵마법,2021-10-06,1390
인갓,2024-07-22,1640
taemin253,2021-10-18,1020
역기접은소울이터,2023-07-20,1460
콩슈슈,2024-07-13,1605
디트개잼,2024-07-11,1610
도루구슬,2023-07-23,1584.17
꽃따러,2022-05-14,1370
체디,2024-04-22,500
순금올리브,2024-01-14,1530
감동의멜로디,2023-07-25,1585
새우초봡,2023-04-08,302
애니츠의혼을담아뇌호격,2022-04-28,1541.67
닿댕,2023-01-03,1548.33
아드모어,2024-01-07,1540
바드바채,2021-08-12,1302
이띠,2023-01-20,1510
쮸꼬미,2022-12-25,1340
가스파드앤리사,2022-09-21,1415
uh소울,2024-07-22,1640
브레이커요,2023-12-21,1467.5
증식룡,2024-07-14,1615
장수막걸리털이범,2022-01-20,1445
마포꿍,2023-01-19,1340
마포뇬,2021-09-27,1430
규녕에먹물흠뻑,2022-12-25,1340
나도잘하고싶어,2023-12-25,1510
천하의기상술사,2022-08-16,1475
쿵착,2023-12-26,1490
유니앗2,2021-07-20,1355
척준경v,2022-01-07,1384.17
전북익산의자랑박민규,2021-08-23,1302
만년산벼셔커,2024-07-18,1633.33
Rafael2nd,2022-12-23,1496.67
판다푸푸섬골목대장푸바오,2023-12-07,1580.83
배치광이,2023-12-22,1460
섭이는못말려,2024-04-28,1600.83
쏘니캐리,2023-07-25,1470
그림속의너,2022-07-19,228.33
노떙,2024-07-11,1520
뽁칠,2024-07-22,1640
이온큐점상,2024-07-11,1610
나비바늘꽃,2023-01-20,1340
루나씨,2023-11-01,1602.5
위두복,2021-09-23,1417.5
바스프라,2024-02-02,1540
민트세이렌,2021-07-30,82.5
디비아저씨응아니야,2024-03-15,635
갓풍풍,2020-09-30,915
오늘은금일,2023-07-20,1490
미선이요,2023-11-23,1600.83
설색주,2023-02-03,1460
파전꼼이,2022-07-25,190.83
찢는자,2023-11-29,1305
라임낼름,2021-04-12,1340
망드론,2023-10-03,1460
처단자하코,2023-01-21,1460
월쳬,2021-03-27,1005
유장원,2023-01-22,1445
종말의붓,2022-01-16,1445
나비잠o,2022-02-08,1515.83
고아가아니에요,2023-10-30,167.5
디벨라의사제,2021-07-15,1302
졷벤,2023-01-19,1462.5
마검별,2023-08-23,1600.83
민트의헬블,2023-04-24,302
ritodrine,2023-10-01,155
토닭토닭알바생,2022-07-08,1414.17
타락파워여검사,2024-07-07,1580
LOATEF,2022-01-01,1445
루디먕,2022-07-11,1475
니가선택한기술이다,2021-08-22,1302
s브레이커스s,2024-02-15,1583.33
태이오프,2020-10-18,915
Q21R,2021-09-17,1355
정의성,2024-07-05,1541.67
수라는어려워,2024-07-12,1540
갈증에는물한잔,2024-07-18,1540
벤리스,2022-03-27,302
라운로드,2024-01-25,1520
황소개구리,2022-09-30,1575
포스오브포스,2021-09-28,302
다이어트오늘부터,2023-11-05,1602.5
망치들고스윙,2024-07-12,1595.83
커피도령,2021-09-17,1430
도아가카단,2024-02-19,1580
비버쟝,2023-02-27,1324.17
xin,2023-12-21,1540
세사봉,2023-01-21,1340
이루다누리,2020-11-05,917.5
된장묻은강아지,2021-03-26,229.17
누구보다너를사랑해,2021-08-12,1302
치즈와퍼에풀엑스트라,2021-10-14,1432.5
감소스,2024-07-11,1610
루시아르노,2020-08-23,1345
장인먹물유난,2022-12-24,1487.5
민초야옹이,2021-07-17,51.67
에네데이스3,2021-12-23,76.67
너를믿지않아,2023-07-21,1450
다이로우,2020-09-15,811.5
브레이커진행시켜,2023-12-24,1571.67
마지막공간,2022-07-13,165.83
쪼먀넹,2023-08-14,1415
충하나,2021-12-30,1447.5
동백꽃의향내,2022-08-30,1370
쿠혈,2023-01-22,1370
버섯호랑이,2023-04-12,302
주말은참짧아,2021-08-16,1370
관측블래스터,2022-12-22,1490
걸어봐위엄라잌라이옹,2023-01-20,1460
멘탈케어리퍼,2022-03-02,1430
브붕탁붕,2024-07-10,1593.33
이드닷,2023-07-20,1493.33
아개날먹해야겠다,2021-09-15,1432.5
카네포라블레이드,2022-07-03,302
엄지공쥬g,2021-12-14,1435
icannocap,2022-06-27,460
이른아침소나기,2020-11-16,1370
로보뜨태권브이,2023-12-01,1415
생과일쥬쓰,2021-09-26,1420
엘라스틴D,2024-07-22,1640
찐희,2021-08-07,130
그냥가게두어라,2022-04-03,1445
유화후,2024-07-12,1600
Lance들다뽀록남,2023-07-20,192.5
반격시미폭공폭조심,2021-12-22,1327.5
매먀,2024-07-22,1640
나흐긴,2022-07-06,1415
낫질화니,2023-07-23,1508.33
아름답고,2022-07-09,1490
루시퍼샤이니,2021-09-08,1396.67
큰샘물,2022-07-09,1460
루벤스,2021-05-08,1325
솟떵,2023-07-21,1415
애교츄츄,2023-11-03,1600
야옹이는미야옹,2023-12-27,1540
회오리터,2023-07-25,214.17
냥은린,2023-09-28,1415
성뚜뚜,2021-12-31,111.67
했어요,2023-12-20,1580
한국전통무술,2021-12-22,1415
부리끼도야끼,2021-06-08,1050
모찌체술,2021-01-30,925
잔나모찌,2022-07-16,1480
하연화,2024-07-16,1610.83
단비내리는날,2022-03-26,1568.33
권투연습중이유,2023-12-24,1563.33
딸기맛풍선,2024-07-14,1610
두번할까요,2020-08-22,910
베라민초봉,2021-04-13,900
화가포도,2023-09-09,1415
형키니,2023-11-11,1493.33
이커주,2024-07-18,1633.33
2udyau,2022-09-22,1460
정원바드힐러,2022-04-10,302
인겜최대난제,2023-07-23,1515
꽃체술,2023-05-26,302
앙대퐁,2024-04-15,1460
럭키암살,2020-08-22,1334.17
쎈밍,2022-07-19,51.67
설레이어7,2023-07-04,1460
By하율7,2021-12-07,1430
첼중,2021-05-19,71.67
제주고,2024-07-12,206.67
할모닊,2020-08-22,1337.5
그림라이언,2023-07-24,1480
두손에하프들고,2022-07-13,1500.83
미니밧,2021-07-04,1341.67
o완소바드o,2021-07-24,166.67
Cazadora,2024-07-23,1640
혀니뀨웅,2021-06-17,370
김권용1,2023-01-19,1340
서포터는아무것도몰라,2024-07-21,1600
또당신입니까고트,2022-12-31,1460
윤땅땅이,2024-07-23,1640
윤축복,2024-07-23,1640
온날씨,2022-09-03,1500.83
브레이커의기본,2024-01-07,1520
RwiiE,2023-06-03,1043.33
워겹살,2021-04-12,1410.83
먹물붓도구응애,2022-01-23,1475
남대문종합상가,2021-04-08,1266.67
나중에닉변할예정,2023-08-08,1493.33
행군전날비옴,2023-05-02,166.67
마누라몰래야쿠르트,2020-08-23,952.5
차가운작은달,2022-01-23,1379.17
까펄링,2023-12-27,1462.5
응애블붕이,2022-11-06,460
뜨거운수염차,2023-12-26,1551.67
맛도리봉,2024-01-15,1610
꽁로두,2021-01-30,1325.83
오설록그린티웨하스,2023-01-24,1460
silverjell,2023-12-21,1590.83
me호크,2024-07-20,1603.33
소울이토준지,2023-07-21,1490
청량함그자체,2022-08-15,460
s야옹이s,2020-08-23,915
머리깨져써여,2021-03-11,1012.5
쫌하다접는다,2021-05-21,382.5
임쨀,2021-08-12,1325
너에게닿을랏폿,2024-07-12,1543.33
협의,2023-12-20,1540
은근슬쩍스리슬쩍모닥불,2023-12-17,1340
팬티속에대검,2022-01-30,1415
노랑칩공장노예,2020-10-10,960
나루똥,2023-12-24,1460
산약쌍화차,2022-07-07,1415
기상기샹기상기샹,2022-07-14,1415
슈아레몬,2023-12-28,1548.33
룰매,2023-07-19,1490
라제니크,2022-01-24,1302
느릥,2022-12-24,1490
쿠크세이튼의뽕망치,2021-08-15,1522.5
여름그리고봄,2022-07-19,1503.33
홀리둥개,2021-03-07,850.83
데모닉보다,2024-07-23,1640
EIzaScarlet,2023-01-20,1340
그대여야만해요,2021-05-16,1340
아론헐크,2021-01-07,1340
MintChoco7,2020-08-22,921.67
모로모로모로모코코,2024-07-23,1640
Zs제로스sZ,2021-08-12,130.83
작작먹고살빼자,2023-08-13,1526.67
브레이커리어,2023-12-21,1460
하양또라이,2021-11-22,1445
별하덕순도다샤,2023-03-31,1540
오빠힐바드세요,2022-01-26,1510.83
애니동마,2022-04-15,302
도아가방긋방긋,2022-01-17,1325
구루타고,2023-05-01,1490
땅땅땅빵땅,2024-07-23,1640
진심을담아서떼도떼바,2023-01-18,1460
눅맘,2023-08-30,1490
비뎜,2021-01-05,1325
일일에포나퀘스트,2022-03-02,302
세구30올10렙보석,2022-01-21,1302
기붕맨,2022-07-07,1460
정의의여신,2023-06-16,1302
류륭님,2022-02-05,1415
마늘향의빵집,2022-08-25,1100
월급통장슬레이어이가없네,2024-07-11,1600
브이몬캡슐진화화염드라몬,2021-07-09,173.33
행운이가득한아이디,2024-07-18,1620
꾸우웅,2024-01-06,1520
도화거1,2022-12-24,130
IIII슬레IIII,2023-02-02,1490
노답냥이,2022-09-28,1340
차트고수,2021-03-01,1480
철판교주,2021-06-25,1415
승미멍,2022-07-09,1475
구찌의냥냥펀치,2024-07-23,1640
체방저받사멸,2024-07-12,1607.5
pa사암플,2023-01-01,1460
딴따RA,2021-03-22,1325
계란나눔해요,2024-07-19,1606.67
망화비,2022-12-24,192.5
촉촉한국화빵,2021-12-22,1415
극상의멜로디,2021-08-29,1340
리아탑냥이,2022-01-09,1435
진짜모코코찍먹,2023-12-23,1462.5
닿고싶은너의백어택,2023-12-08,1420
전몬s,2021-05-23,1380.83
맹귀비,2022-07-06,1415
최돌풍,2023-12-31,1460
쁠지,2024-07-12,1520
환상일까,2023-07-23,1415
데카독식응애우산,2022-07-23,77.5
위타a,2021-05-15,1005
전라도여수시,2023-07-01,1417.5
알트리아그룹주주,2023-09-23,1487.5
아리오헨,2023-02-16,1340
히야모토무사시,2024-07-14,1611.67
홐홐김지운,2021-06-29,61.67
지나가는강적,2021-12-31,53.33
안개낀천화,2024-07-18,1616.67
Nerue,2022-08-11,1340
바드맞아용,2023-10-12,1480
녕양갱,2024-07-13,1613.33
오드더블비얀코,2021-03-14,61.67
하양벌꿀,2021-02-28,950
메지컬청새치,2024-07-15,1614.17
바퀴벌레주의,2023-07-12,1487.5
지헬,2020-10-31,1325
예아얍,2024-01-09,500
혜서띠,2023-10-03,1620
파파존스콤비,2021-08-12,1315.5
샤샥지나갑니다,2023-12-25,1590
램시아,2023-09-17,1523.33
충룩뀨,2024-07-13,1560
알황카,2024-07-11,1600
일갱브레이커,2023-12-22,1460
리퉥퉥,2023-11-18,1580
키나코당고,2023-06-28,1472.5
캡코코모,2024-07-13,1586.67
건스리돈유,2024-07-23,1640
출생빵,2021-03-28,1387.5
찐빵주먹,2023-12-23,1566.67
극특인데돌대를왜못써요,2024-05-07,1500
반서쿠,2024-07-13,1610
깜장양이,2021-08-29,1415
응원해적단,2024-07-23,1640
생각이없는데요,2024-01-16,1540
크루엘야,2021-08-12,1302
제가다했죠,2021-05-02,1325
오카코로,2022-11-27,1390
씰린느,2021-12-25,109.17
셔린이,2021-08-22,460
꼬양이바드,2021-12-04,1420
스트라이커의이해와실천론,2022-11-12,1422.5
백골로드,2020-08-23,874.17
백골데몬,2020-08-23,1325
디브카,2021-07-05,61.67
보름묘,2022-01-13,1450
짱쌘망치맨,2024-07-23,1640
콩만한모코코,2020-08-22,990
박민재,2021-09-10,1302.83
twobyeol,2021-03-15,1035
리온키스케,2021-06-24,61.67
김부계씨,2023-02-13,1460
백합반행동대장,2022-07-17,1490
개실세,2021-08-05,1351.67
MacallanBard,2023-07-20,1493.33
마이밀크이즈딜리셔스,2023-11-27,1582.5
세아주의보,2022-07-18,1445
트라팔7r로우,2021-12-08,1302
제J이아저씨,2023-12-22,1580
달빛서리비,2023-12-26,1540
흑석동슬레,2023-11-14,1600
pucidyau,2023-12-07,1581.67
무지성플러팅,2023-07-19,1490
위험한스카,2021-04-02,1050
원두향o,2021-05-04,1340
민혁이삼촌,2021-07-09,90
아제나의비밀도구,2023-02-16,1480
례이파,2021-07-09,1390
먹구름뭉게구름,2022-07-14,1492.5
검브랠라,2022-07-06,1475
데카후루룹,2021-06-08,150.83
인터벌,2023-12-30,1460
어깨위에매미유충,2024-07-10,1520
로스트송,2024-07-15,1523.33
으악덕슬레이어,2023-01-19,1370
하늘링,2020-08-23,1355
델파이야생마,2023-09-07,91.67
OnTheCanvas,2022-02-13,1370
망자의군대,2023-09-09,1415
SAD방패막이,2021-07-01,61.67
DoaQc,2024-07-13,1600
야웨인,2021-08-23,1370
Maharaurava,2022-12-22,1386.67
탄허준,2023-09-04,1589.17
푸그난스,2022-06-28,1370
거친유미,2020-08-23,931.67
무마우니,2022-07-26,53.33
아련공주,2021-08-17,1302
아기제비,2021-03-07,1310
혜지의트월킹,2022-09-27,1370
빅치킨마요조아,2023-09-03,1520
랄라라모닥불,2022-01-27,1475
맥주가필요해,2024-07-23,1640
아모기상술사,2022-07-08,1415
108계단40단버프,2020-10-27,960
뵤폴,2022-07-18,1480
하늘돌고래,2024-04-25,1420
하양히나,2024-04-28,1520
벚꽃인게야,2024-07-14,1626.67
털많은누나,2023-12-13,500
예크리스탈파워,2023-01-26,1405.83
츄르양아치구찌맘,2023-08-24,144.17
쳐맞아볼래,2021-04-26,534.17
토종닭고기,2024-07-18,1616.67
speaka184,2024-07-10,1600
IMROSA,2020-12-27,1370
스카세요,2021-07-23,1440
먹물뿜는,2022-01-27,1475
아이거백스텝이지,2022-01-07,1415
이도아가는짖어요,2024-07-23,1640
레나유우,2024-05-01,737.5
화월은하,2024-01-21,1100
배드낫,2023-07-19,1490
소월유아,2024-05-04,1520
규태이커,2024-07-17,1620
예다닥홀다닥,2023-12-24,1570
여자룰루,2022-01-13,1302
당근성기사,2024-07-12,1603.33
브레블랑,2023-12-24,1521.67
오늘도마스,2021-11-14,1345
요르다엘다리온,2023-01-24,93.33
XX칼리버,2023-01-18,1340
누울수있어서행복하다,2023-07-21,1531.67
어이둠강선산타는없어,2021-08-12,92.5
블레OI뜨,2024-02-03,1100
BostonCelti,2023-06-29,1490
림그리퍼,2021-08-04,1415
플필,2024-07-23,1640
친구가바드좋다던데,2021-07-09,1302
스윽슥샥,2023-10-12,138.33
유아인형,2022-12-22,1495
윤슬래어,2023-12-27,1460
원추리터,2023-07-19,1493.33
달콤아샷추,2023-02-05,1340
타다닥타다,2022-11-21,1427.5
최광돌,2021-03-16,1378.33
니모36,2021-07-05,61.67
K쨈민이,2022-07-06,94.17
불꽃까마귀,2024-07-13,1591.67
미보씨,2022-06-11,219.17
민이짱구,2023-01-18,53.33
행신동왕주먹,2021-05-02,350
전호욱,2021-06-18,1050
리퍼가기선해,2024-02-11,1487.5
뒤잡기전문가,2021-09-05,52.5
시골진달래,2023-07-07,1500
꿀주먹배마에요,2024-07-19,1615
청룡브레이커,2023-12-22,1580
숙련도,2024-07-12,1581.67
아침햇살반,2023-04-23,302
버미스카,2022-01-30,1447.5
흑인이잘싸워,2021-03-21,915
썩괜찮은닉네임,2021-07-29,1345
임찬술사,2024-03-12,1520
건슬링리트,2021-01-27,990
리레이드,2023-12-25,1555
급소에섬열란아,2022-02-14,345
고익수,2023-07-20,73.33
모코콩아내,2024-06-03,500
박챙근1,2024-07-11,1520
랏바들,2021-11-01,1370
담덤이,2021-07-09,1319.17
뚜리안,2020-09-11,870
이몸수라확정,2024-02-16,1460
한양의검,2023-09-15,1561.67
동동주나무,2024-07-13,1610
뮤산1,2023-12-25,1490
각성폭우,2024-07-13,1610.83
대거몬,2023-12-26,1541.67
검허,2024-07-19,1630
황차차,2024-01-14,1585.83
광옥자,2024-05-22,500
호크다린,2024-07-19,1620
대흉근광배근삼각근승모근,2022-06-13,1430
대학원을가야할까봐요,2021-08-12,1337.5
뿌레낑뿌루꾸,2024-01-18,1460
니모38,2021-12-24,1460
혈천단,2020-08-22,1335.83
토레쉐,2023-12-24,1556.67
예은영,2022-02-01,1340
고1니,2023-10-02,1551.67
솔의눈으로담근종가집김치,2023-11-21,1415
앙봐주네,2023-01-31,1480
배마콘,2021-09-10,302
노움사제,2022-02-10,1340
버블셔틀김태완,2024-07-23,1640
임껀듀,2024-01-20,1600
홀리둘리과카몰리,2021-09-06,1310.83
납작한설탕,2020-08-22,987.5
잼잼퍼,2024-01-18,1540
아하늘참맑다봄이좋아,2023-07-01,1445
쏘니달,2023-12-21,1555
뚱들바드,2021-02-28,915
몹발톱,2023-01-15,1340
용댕쌀,2023-07-01,1480
쫀덕,2020-09-16,945
만월이터,2023-07-19,1415
생각할필요없잖아,2023-12-27,1540
깨놈,2024-07-13,1540
LIUES,2023-09-03,1420
핑크퐁아기상술사,2022-07-06,1452.5
태워크,2020-12-26,1359.17
스커오케,2022-02-19,1302
리퍼솔이,2020-12-02,1367.5
K낙무아이,2023-06-21,1430
답게,2020-08-23,915
숫혜지,2021-07-18,1430
유낫레인,2023-07-22,1490
영혼술래,2022-07-10,1460
후비네5번째아가,2023-05-01,1460
용기의슬레,2023-01-19,1340
트로이쉴트,2020-10-19,1333.33
설국향제주산,2023-06-29,1498.33
써니y,2022-02-14,1450
교냥이는냥냥,2023-07-22,1430
로나리우스,2021-09-27,215
잘자란서시,2021-02-02,82.5
클라옌,2021-09-09,980
연혜음,2022-08-18,91.67
Milsha,2021-06-21,1310
체리우유자판기,2021-07-22,94.17
서울별,2022-03-31,1510.83
짠돌로드,2022-09-24,1475
꾸암애기,2024-03-04,1520
니가하고싶은거다해,2021-08-15,1302
절제가할게요,2022-09-25,111.67
SpiritMate,2024-07-13,1584.17
유빈대떡,2024-07-13,1590
맛좋은노른자,2023-12-26,1610
왜화났어,2021-07-05,96.67
웨이2,2023-12-22,1518.33
Bravo배틀마스터,2022-12-27,210
바비와드,2021-02-20,1340
적빛난파선,2024-07-13,1613.33
중수망치디트,2021-10-26,1415
유니앗3,2021-10-24,1415
빵제나,2024-07-14,1604.17
도를아뉴,2023-12-20,1580
우랭누나,2023-07-24,1415
빵뚀아,2024-07-04,1540
나에게곧올거라고,2023-12-22,1548.33
사제단오스피어,2024-07-15,1611.67
바니동기,2023-07-13,1415
염월수련,2021-07-24,119.33
세느a,2020-09-05,917.5
취준생소울이터,2023-07-21,55
liavA,2022-07-22,1460
마늘버섯양파,2022-08-12,1457.5
chl3109,2021-12-23,1445
자담치킨간장,2023-07-19,1490
달래와플,2021-11-08,1417.5
얼하푸,2024-07-14,1520
MunDI,2021-06-10,900
토니스타끄S2,2023-01-23,1411.67
뉸나,2024-07-23,1633.33
금쪽금쪽금쪽이,2023-03-05,1445
모가지뎅강,2023-12-22,1540
고봉유,2023-01-01,179.17
오잉한오잉,2023-07-19,1490
엔쥬앙,2023-07-20,1415
첫타는붓질,2024-07-21,1636.67
세상을구하는빛홀리나이트,2022-04-10,1080
송영선,2024-07-15,1610.83
20년경력헤드셰프,2021-12-25,71.67
섭천,2021-03-27,250.83
스카우터김루나,2020-12-20,960
얼굴만큼마음착한,2022-08-24,1445
godo창,2022-07-10,1460
G게임머신,2023-11-05,1415
대한민국참치,2022-02-02,1375
담배한대빨고시작하죠,2024-07-23,1640
김씨새참먹고해,2022-11-11,1460
썸바리퍼,2021-07-06,275
모르틱,2022-12-29,1601.67
전고기방패에요,2022-02-03,1302
아긔도화야,2022-12-24,1460
비도전,2022-07-08,1415
카리나담배피던시절,2022-07-23,1445
껑보리,2023-02-02,1447.5
기공처음,2021-03-26,915
힐링사운드m,2023-12-21,1540
PepXicoLa,2021-03-18,1353.33
든든한리퍼꿈나무,2024-07-11,1520
슬기로운딘,2022-02-05,1330
아주작은세상,2024-07-18,1633.33
딸바냠냠,2021-03-30,1050
뽀짝지나,2023-11-09,1590
S2기상술사,2022-07-07,1505
초혜둥이,2022-06-27,400.33
BULLGOGI,2021-08-25,1417.5
모듬까스,2023-07-03,1250
기둥펀치,2024-06-15,500
젊은동민칼,2024-07-14,1540
윤천상,2024-07-22,1630
벚꽃생산,2022-01-21,1460
Zebul,2021-06-19,1382.5
체리기상캐스터,2023-05-08,1546.67
뱅쉴,2023-12-23,1540
신내린방패,2021-08-16,1340
이렇게에에에에,2021-12-18,600
가려나,2021-04-20,1341.67
노아푸,2021-08-03,1350
이도류나이트,2021-12-24,1317.33
노란방울,2024-07-13,1615
란이루,2020-08-22,940
난말로안해베서죽여,2021-04-25,1325
백골기상,2022-07-06,1490
치킨다내꼬,2024-07-14,1585
도화가척결,2022-08-25,460
피카라이부,2024-02-03,1573.33
현행바드,2021-07-12,1302
미다혜,2022-10-07,192.5
렝놈,2022-02-18,1370
허리케인죠,2024-07-08,58.33
암살제일검,2020-08-23,917.5
머퀴,2024-07-24,1640
OzAeromancer,2022-07-09,1480
쇼리씌,2022-02-15,1370
아하보라,2022-11-10,1477.5
광흥창인파2,2024-07-14,1600
쾌쾅쾅,2023-12-21,1560
와이키키시민,2023-12-20,1563.33
썸머는여름이야,2023-07-22,1490
어또캐무기가붓,2022-02-02,1302
레춘봉,2023-09-25,1600.83
써먼써먼,2021-12-21,1355
금발태닝고양이,2021-09-24,460
초삼잼민이짜니,2024-07-19,1596.67
예림이그퍠장이야,2023-04-16,1100
모골드,2023-11-19,500
SD건담프라모델SEED,2023-06-29,1430
사신혈화,2023-07-23,1508.33
새프츠,2024-07-14,1620
SoulTakers,2022-02-16,1370
에밀리로라블런트,2023-11-14,1540
겟레이어,2024-07-24,1640
뒤통수에서만서는데헌,2022-03-14,1551.67
골드전채세트,2021-10-26,1445
비가오길기다린적은첨이야,2022-07-11,1447.5
누렁나비,2023-12-25,1460
피와같이붉고뼈와같이희고,2023-06-28,1415
2302190335,2023-02-20,1415
박혀윤,2023-12-05,91.67
옷걸이추가됐어,2024-07-24,1640
강화슬레이어,2024-07-24,1640
블래보다블레,2020-08-23,1323.33
혜삐에몽,2024-07-18,1619.17
데쟈니슈,2023-07-22,1490
명랑도화가,2022-01-23,1370
돈친칸,2021-03-08,177.5
라임나뭇잎,2022-04-16,1302
신속한유혹,2021-07-06,1360
여우의구슬,2023-12-22,1460
Incheon권왕,2023-12-23,1566.67
섀도우스탭,2024-07-16,1601.67
fsdfgs,2024-01-03,1460
숭어리샘예비입주자,2023-01-05,52.5
아를레키노씨,2024-04-16,1600
쇼콜라샤레,2020-12-20,940
민국1호,2024-07-24,1640
뜨펀몐,2024-07-13,1520
뽀덩이,2024-07-14,1605
내꿈은애완용돌,2024-07-10,1596.67
펑펑맨,2020-09-21,932.5
수정한개,2020-10-03,1357.5
상아에연,2023-11-24,1620
포키5,2021-06-14,302
이등우,2024-07-10,1605.83
몰루샤린마,2023-07-20,1518.33
소우리터음메,2023-07-21,1505
덩덩이커,2024-02-13,1580
저녁송이,2023-02-18,1541.67
vv집돌이,2024-05-21,500
기상술사보다,2022-08-04,333.67
장운,2024-07-14,1594.17
TritonReaper,2021-10-02,1420
크렌베리파스타,2022-01-28,215
지니갈증,2024-04-19,1612.5
후참집눈꽃치즈,2021-08-29,1341.67
초코초코냐밍,2023-12-20,1580
황실토파즈,2022-07-14,1460
강하고이쁜눈나,2021-05-30,1355
염히,2024-07-13,1520
짱스메,2021-12-16,526.67
대마왕케다모노,2024-07-17,1585
로얄매지션,2022-01-09,1415
굳이네요,2023-08-26,1310
암살남,2023-01-25,1601.67
집으로가,2020-08-23,962.5
가마로매콤강정,2021-08-12,1302
옥수수맥주,2021-10-07,1100
퍼지덱,2021-09-26,1370
한빈성,2023-08-03,1561.67
강피즈,2023-09-28,1465
힐해줘응애,2024-07-24,1640
죽창수길,2022-01-27,1370
자아보존,2021-02-27,945
달달한돌고래,2022-12-11,1425
직익,2023-07-24,1490
소울쥬얼리,2023-07-19,260
배럭디붕2,2021-06-14,61.67
남인파의시대가올까요,2023-12-22,1551.67
매월화,2024-07-15,1560
문하원,2021-01-04,915
저홀리강퇴하고나바드셈,2021-09-11,1447.5
이터블러드,2023-12-08,1503.33
갹망,2023-07-21,1498.33
희망치,2020-08-22,1319.17
둘쩨아가,2022-07-22,73.33
오븀븀,2021-07-05,61.67
냉면에겨자,2024-05-26,500
수현바드,2024-07-05,500
EUNJ4E,2023-12-20,1550
박라슬,2023-01-19,1340
스나이퍼팽현숙,2021-07-30,1370
귀여운연두,2024-07-13,1594.17
캉이안,2021-07-22,1410.83
aquaboro5,2023-11-23,1415
서폿맛집첫째아들,2023-01-02,73.33
운섶,2022-01-24,1460
신상공룡,2022-07-09,1460
주인집히아,2024-07-11,1600.83
빨톰,2023-07-21,1549.17
푸르른폭스,2022-10-04,1415
xSlayer,2023-01-20,960
예쁜소녀,2023-12-21,1600.83
산토리니자몽,2021-08-31,1427.5
히디어즈,2021-02-07,915
뚜롱따롱,2023-08-23,1415
사형인,2024-02-10,1605
상상왕띵킹,2024-07-24,1640
오로라팝콘,2021-09-17,1490
만렙토끼의전설,2022-09-24,1373.33
나죽으면다억까임진짜임,2022-01-25,1325
비스트급,2024-02-09,74.17
샷건라이플그게뭐지,2021-09-27,1370
진실의위안,2021-10-02,1490
독사알리,2020-10-06,1005
슘댱댱,2021-12-23,1302
총기손질짬때리는블래스터,2021-04-25,133.5
배마도전기,2024-07-11,1585
노랑색노랑,2021-07-15,1415
장난을잘치는지훈,2021-09-09,1420
쌍둥이메이드,2024-07-16,1611.67
안마하는신입,2022-07-29,1405.83
BBr드바,2023-12-25,1548.33
호샤콩,2023-11-08,84.17
까리가이,2024-07-14,1610.83
Calmdownbabe,2024-07-12,1612.5
매점이,2021-12-14,600
애플새싹이,2023-01-18,1460
홈그란드,2021-06-29,930
반히메,2023-04-07,302
움직이는배템상자,2024-07-23,1636.67
저녁은연어회,2021-05-15,1356.67
님들아이거좋은건가요,2021-05-26,995
l더킹시엘l,2023-12-21,70
또바드하는여군2,2021-05-07,505
s숨결,2024-07-24,1640
소울고래상어,2024-07-14,1612.5
소울밍재,2023-09-05,1415
의장이,2023-07-06,132.5
비타민팩도화가,2022-01-23,1460
큰팝콘,2022-01-02,1422.5
손이느린딜러,2022-07-22,70.83
힘쎈니쓸,2023-11-18,1610.83
시셀미,2023-07-01,1510
블랙맘바a,2021-09-15,1331.67
강한브레이커,2023-12-20,1460
퓌흐,2021-08-17,1370
암살자가될래요,2021-07-13,1371.67
샤응,2021-08-16,1400
낫네피,2023-10-20,1415
로그Blade,2024-07-12,1608.33
알콜함유아침햇살,2021-05-29,1032.5
블루피노,2024-07-14,1615
나략,2021-12-25,1378.33
칠면초에내린어둠,2022-01-08,201.67
덕틸리티,2023-10-08,1437.5
포도먹는기상이,2022-12-26,1475
킹왕짱해선,2020-09-25,550
킹왕짱해선4,2024-07-24,1640
이지니,2024-07-14,1605.83
꾜밍,2023-12-20,1515
랑이네리아,2023-07-21,1509.17
저핌,2024-05-29,1520
부전동야생마,2021-01-30,985
치대장모모,2024-01-10,1482.5
쌈라브루,2023-01-26,1340
묵짜응,2021-12-16,460
김퍼스씨,2023-06-29,1482.5
모모로코콩,2021-08-16,1370
닐니리삐뚤빼뚤,2022-07-04,1506.67
킹따,2023-12-29,1540
소울언니곰,2023-07-19,1415
실이슬,2024-07-19,1615.83
최헤진,2023-07-19,1415
Adeler,2022-04-30,1367.5
쁘띠다솜,2024-07-12,1595
두리넛주스,2023-06-03,823.33
네덜란드맥주,2023-01-19,1475
뚱이감자,2022-02-13,1302
충남아산이곽두씨,2024-07-14,1600
소피아가,2022-01-12,1445
맹훈식,2022-01-22,1427.5
까까주팬다,2021-03-14,550
맑은눈토끼,2023-10-19,1490
건랜스는제발사드세요,2020-10-15,915
카넬은검정윙,2022-09-12,1370
서소냐,2021-08-29,596.67
하프켜는할매,2021-03-21,1345.83
미술뉴비,2022-07-12,1340
도화스토리,2022-06-19,1370
아마노쿄쿄,2021-11-09,1349.17
JuIiusKim,2021-08-22,1400
민따기0,2024-07-15,1603.33
뻑코,2022-10-19,1601.67
척추의최애피자는허리피자,2023-07-20,78.33
뜨거운불꽃밤비,2024-04-06,567.5
은도빛,2024-04-14,1540
다시배마가필요한순간,2021-08-14,1302
영호누나,2023-07-23,1415
씨에스카우터,2024-07-11,1566.67
으아닝,2024-07-13,1600.83
고고학갤러리,2024-03-19,1250
틍우,2020-11-21,915
페트라니아의앞잡이,2024-01-03,1520
노오노오노,2022-07-20,119.17
준비된건슬,2021-07-05,1370
린지스,2023-12-21,1583.33
샬럿아가에오,2022-07-15,1460
허윤온,2022-10-25,1470
호감원정대,2023-01-04,600
호박고구마는노란고구마,2022-07-11,1340
곰돌쩡9,2023-07-19,1415
뽀송뽀송캐뽀송,2024-07-20,1633.33
욜마핫핫핫핫브레이커,2023-12-22,1477.5
펭귄식스,2024-02-20,1520
보랏빛구름연두,2022-01-31,1325.83
드뷔싱,2024-05-23,500
아이엠스트라이커,2021-03-21,1341.67
민홰,2024-07-24,1640
이쭈랑,2024-07-11,1540
소머너,2023-12-20,1510
랏폿난해결사3호기,2024-07-24,1640
슬레이어찍먹할까,2023-01-21,1460
랏폿난해결사1호기,2024-07-24,1640
눈빛이섹시해요,2023-12-25,1606.67
긤벌레,2024-03-31,1620
원투브로콜리,2023-12-22,1460
가든호크,2022-05-07,1380
사랑과보살핌,2023-09-12,1415
스쳐지나간영웅,2021-03-02,550
양매드닉,2023-01-18,1400
권왕마격,2023-12-24,1540
두시의슬라임,2024-03-29,500
지애솔,2023-07-03,1496.67
페이쿤,2020-08-23,907.5
세츠단2,2023-12-20,1460
귤먹다말려든자,2022-02-02,1445
사격조무사,2023-12-27,1540
해정s,2022-07-07,1340
북영도성,2024-07-16,1597.5
효잌,2023-12-21,1520
으뜸수라,2023-12-25,1575
돼지국밥fan,2021-03-13,1325
치공듀,2024-07-13,1600
피곤한모코코,2023-12-29,102.5
사사게마스터김지훈,2023-11-09,1550
눈쟝,2021-07-19,1385
마녀사냥마카,2023-07-20,1510
오뵴뵴,2021-03-19,1340
전썬,2020-08-22,1340
밍밍한바람,2023-12-26,1556.67
팔룡거참,2024-01-01,125.83
취객의난도질,2023-12-25,1482.5
땅콩5호,2021-09-17,170.83
주먹으로명치때려,2024-07-18,1520
쪼거트믹스,2022-01-13,1302
이세카이이터,2024-02-22,1460
니면상에수라결,2024-01-07,1543.33
오스트랄로피테쿠스어금니,2021-08-17,1325
넘이랑,2023-12-23,1581.67
아크라시아백호,2023-12-25,1460
악녀링,2022-06-12,302
스타벅스빨대도둑한동숙,2023-11-13,1490
병어구이,2024-05-23,500
오리는삐약하고울어,2023-01-29,1340
펭귄을가장한갈매기,2024-03-24,1520
건슬김애용,2021-10-21,302
딱딱한남자다,2023-07-20,1516.67
오빠넷플릭스보러갈래,2023-07-23,1490
핑크빛실루엣,2024-07-25,1640
민트초코홀리나이트,2024-01-06,1460
핳챃핳,2021-12-11,1523.33
하프소녀헤라,2024-07-20,1633.33
빛닥불모코코,2021-07-09,1415
붕쨘,2024-03-16,500
앙하마찌5,2021-08-12,1302
니아라미,2022-07-20,1462.5
베타드호크,2021-09-12,1325
나부옥,2022-02-18,1302
엘링브레우트홀나,2024-07-11,1594.17
문래방아,2022-03-03,1329.17
쉽스키,2022-05-11,302
복치구조대,2021-08-13,1302
세상에서제일예쁜소울이터,2023-07-23,1460
누나버슬레이어,2024-07-13,1616.67
라그니아A,2024-07-18,1614.17
성서깎는신학대생,2023-12-25,1460
노틸러스문페이즈,2024-04-01,1600
아저씨이선넘으면침범이야,2022-11-22,51.67
네크벳,2022-07-30,1340
KAWL,2022-12-23,90.83
순대국밥에소주한잔,2021-01-20,1325
밥똥로던,2024-01-28,1528.33
분유도둑,2024-01-14,1620
빨보,2023-12-23,1521.67
카드캡터레인,2024-07-15,1545
레시브레이커,2024-07-11,1610
구마유술,2021-05-24,1413.33
헤비건틀릿브커,2023-12-21,1580
겸재꿍디,2021-06-24,1325
FireFlow2r,2022-12-25,51.67
집까지쫓아간다,2021-12-24,1302
슈붕코,2022-04-17,520
붓안에흑염룡이꿈틀,2023-03-21,222.5
린우희,2023-10-16,1575
차카게말해조,2021-07-24,1370
아유브,2024-07-14,1636.67
레전드브레이커,2023-12-20,1460
꾸르멍구리,2024-07-20,1620
레전드홀리나이트,2020-08-22,1325
브레이커꼬꼬꾸꼬,2023-12-24,1573.33
민초헤이즐넛라떼,2024-02-15,1600
잔잔한바다를일으켜세워라,2023-01-19,1340
blitzst,2021-03-19,1050
큼지막한앵두,2022-07-09,73.33
내아덴털어봐영혼밖에없어,2024-05-04,1590
아솔레스티,2024-01-11,1460
인생실전몰아주기,2023-07-25,1450
마도사루나인버스,2023-12-25,1582.5
류륭닝,2022-07-11,1460
생딸기츄러스,2024-04-06,1585.83
수뷔니,2023-07-23,1465
아흛,2021-08-13,1335.83
나노홈즈,2023-12-21,1480
삶은겨란,2024-01-17,1520
도아치어리더,2022-01-12,1330
고양이생낑,2021-07-09,1302
백어택전문직업,2022-02-16,1302
수니검,2023-01-25,1510
깝퐁,2022-07-18,1460
화가난은블,2022-01-17,1445
이것은타격이여,2023-12-23,1460
총총종,2023-02-05,1340
잉자식,2020-11-20,962.5
바균재,2023-12-23,1573.33
또너야로엔,2023-12-26,1540
나도화가나서,2022-01-13,1302
사람살리는붓,2022-01-23,1415
앉아서힘을모아,2024-07-14,1594.17
최초의날씨,2022-07-17,1492.5
숙면후기상술사,2022-07-14,1472.5
중국산배틀아이템,2023-07-03,1508.33
치즈버거입니까,2023-07-30,1430
헤헿453,2022-12-26,1477.5
쩡유뽕,2021-05-17,1394.17
왕펀치챔피언,2023-12-21,1460
곽곤쥬,2022-07-06,1450
수박쌍쌍바,2023-08-12,1415
약먹을시간기다림,2021-07-21,1417.5
망각행고속열차,2023-12-20,1550
시어이이,2021-03-14,61.67
메그놀리아로즈,2023-07-20,1490
브레이크안듣는브레이커,2023-12-27,1541.67
벼타작,2024-06-19,500
짱지나,2021-02-02,1366.67
찌르잔,2023-03-31,1415
흑운하,2023-12-27,1600
기게이,2023-12-20,1460
아침노을저녁비,2022-07-06,1477.5
페르티리아,2023-12-21,1571.67
BB넝꿀,2021-08-19,130
냣센,2023-07-21,1493.33
에일린오,2023-01-19,1490
길소배,2024-07-13,1600
뇌호량,2022-01-23,1380.83
서포터는그럴수도있어,2022-01-25,1445
민동조,2024-07-16,1614.17
뽄띤,2023-07-23,1508.33
내칼을받아라김땃쥐,2022-01-21,1361.67
수원하늘채,2022-09-11,1573.33
부천솜방망이,2021-04-12,1340
여름캐스터,2022-07-14,1460
로젠에인츠,2020-08-23,1302
타스케테쿠레,2022-08-31,1425
두돌호크,2023-06-29,1415
브파푸,2023-12-26,1580
굉장히굉장해,2021-04-12,1340.83
소울처럼,2023-07-20,1490
쾌적한날,2022-04-10,1370
1일1깡하는기공사,2020-10-01,920
산세비에리아,2023-12-25,1581.67
버스트태워줘,2024-07-15,1605
도화가보다,2024-07-23,1630
소울보다,2023-07-21,1415
페드리,2023-12-29,1561.67
화솔스카,2023-09-09,1470
얼마남지않았습니다,2021-04-20,1350.83
산소마신소녀,2024-07-18,1610.83
비마cc,2023-10-25,1415
속상리스,2024-07-14,1604.17
크아악내오른손의흑염룡이,2023-07-22,500
슉슉슉슈슉슉슉슉슈슉,2023-07-25,1460
땅끄곰,2024-07-16,1612.5
ss초코볼,2024-07-25,1640
하나삥빵뽕,2021-04-15,1050
황기중,2022-04-02,600
기일채,2023-10-09,1415
댕댕순,2021-03-02,93.33
도아가페,2023-07-01,1460
퇴사를하면행복할까,2024-05-31,500
육여울,2023-06-30,1415
현금을두고와서카드될까요,2022-09-20,1340
서풋좌,2021-03-27,915
맘모스쿠키,2023-12-22,1580
chokya,2021-05-04,915
ll적색대검ll,2024-07-21,1605.83
하이니아스,2021-07-21,1370
슈퍼그루브,2023-12-20,1592.5
위빙히트,2023-12-21,1580
행복한하루가되기를,2021-08-14,1325
헌터집막내아들,2023-01-03,1340
응바애드,2021-08-12,1302
우주손녀,2022-09-15,960
으라챠샤샤,2023-03-17,1340
대현은채라현아빠가사랑핸,2024-03-23,1520
냥냥권유단자,2021-09-28,960
항상배고픈떼바시,2021-12-25,242.5
주먹은머리보다단단하다,2023-12-27,1580
BBoko,2021-04-21,275
구름속날씨공장,2022-08-07,1040
12시의밤,2022-07-20,71.67
화이트로건,2020-08-22,1015
차녹아숭복,2023-09-30,1590
몰라나바뻐,2021-09-18,1415
운송아이,2023-04-11,1415
돈많이벌어올게,2021-04-25,1386.67
단풍라떼,2020-08-23,1344.17
벡헤드,2022-08-31,1510
이시냥,2021-08-12,1354.17
기구한운명을짊어진사람,2023-11-06,1591.67
킹닥터페퍼,2022-11-18,600
SC브레이커,2023-12-21,1460
힐러는홀나지,2022-01-13,1304.5
당근총총,2023-07-12,1490
라미리스루리,2023-02-23,460
약도,2022-01-25,254.17
칼칼한걸,2021-01-05,1050
바드Gabriel,2020-08-23,1310
수라엉,2024-07-13,1589.17
LuckyKillah,2021-02-20,1370
궁녀소울,2024-07-12,1604.17
헝그리슈슈,2021-08-19,1342.5
빛나는회오리파괴폭탄성부,2023-04-03,1607.5
쿠쿠프랑,2022-04-23,233.33
헤드에미친새기,2023-12-20,1460
응애압카,2023-07-19,1490
빌광,2020-08-23,987.5
브레이커소울,2023-12-25,1580
이슬옹,2024-07-11,1600
앙마는몽마르지,2024-07-11,1589.17
여우는아무렇게나울어,2021-07-09,1415
돈내놔홀리나이트,2021-12-19,1445
지옥을경험했다,2024-07-15,1601.67
매우성급,2021-08-14,1370
용끄,2021-03-21,1330
미나개이뻐,2022-02-03,1302
이런건더이상께임이아니야,2023-08-28,1452.5
맞고나서갈겨,2021-04-25,1333.33
도독달,2023-12-31,1540
제트엑스시브이,2022-07-09,172.5
백무흑난,2022-11-14,105.83
스타라이트애니,2022-07-06,1475
PreciousWon,2023-12-23,1520
노총각워로드,2024-06-28,1520
비올라라떼,2022-08-10,120.83
윈터곰솔,2021-09-02,1370
꿉따기,2021-01-08,997.5
에스테스,2023-11-19,1490
나상미니,2021-12-25,1370
몽중화,2023-12-26,1592.5
데자아르,2021-01-10,1017.5
하얀뚱땡이24,2021-04-20,1340.83
뇽뚜기모닉,2022-12-30,1490
보드라운배럭,2023-12-24,1460
초코맛햄버거,2024-07-14,1605
NTT,2021-03-22,155
초이양락,2022-07-07,1563.33
참치마라찍먹,2024-07-15,1593.33
세쫀,2022-07-14,1378.33
스커여울진여울,2022-07-08,130
피츠핏츠,2020-09-06,1325
김폭격기,2024-07-06,500
장효일,2023-07-19,1415
야생카멜레온,2022-09-25,1340
퐁퐁방구,2021-02-05,955
도낭랑,2024-07-20,1610
티모발바닥,2021-07-12,1302
나나S2,2024-05-25,946.67
밤뿌,2023-12-21,1525
길고양이너클도둑,2023-12-23,1520
아빨래널어놨는데,2022-07-06,1460
조조가서주대학살안했다면,2024-03-08,1520
나의피는라면도끓여,2021-01-11,1348.33
우산좀요,2022-07-13,1509.17
주도날씨창창,2022-07-09,70
더팡,2024-05-13,1600
ParkPro,2024-02-06,1523.33
아이게,2021-12-25,1326.67
혈풍마녀,2021-12-22,1556.67
갓브레이커등장,2023-12-26,1565
도찌아가,2022-02-05,1370
Euphrosyne,2023-12-22,1475
환상카카오,2023-01-01,1340
탱맹,2020-08-23,900
쫑쫑소서,2021-09-12,1325.83
해피딜라이트,2023-08-04,1585.83
평형방정식,2022-12-24,1490
초식생활러,2022-02-25,710.83
육학년,2024-01-30,1520
거너러셀,2023-01-19,1340
주먹고니,2021-04-05,551.67
한홍뎐,2021-07-13,1340
텐사이노아이도루로드짱,2023-07-24,1415
연분홍TV,2022-12-04,1531.67
떼마시찌르기,2024-07-25,1640
버서커d,2024-02-06,1568.33
시야도둑백내장,2022-07-11,1417.5
지금의내모습어떻게보일까,2023-03-03,1600
슉슈슉슉시바람아슉슈슉슉,2021-07-05,61.67
저스틴순금,2021-07-31,1302
라임애플샤베트,2024-05-02,500
블의계승자,2023-12-21,1520
세번째동료는없어,2023-11-12,1600
어깡나이트,2020-08-23,960
참빠르시네요,2021-04-19,1050
이동기좋아서로팡할때편함,2022-07-12,206.67
초신성그년,2020-09-14,915
푸아그라,2024-01-25,1602.5
윈드씨,2022-07-17,1460
인텔드론,2022-12-22,1490
크엉이고양고양,2022-07-25,600
크항이고양고양,2022-08-11,1415
까윙,2023-07-22,642.5
템페스트시온,2023-12-24,1541.67
봄봄스카,2021-04-05,1325
영도금방망이,2023-05-16,1311.33
갓엔드,2023-07-21,1490
워붕이는조금모자라,2023-11-14,1500
긍정적인삶을원해요,2021-08-23,186.67
아주부끄럽냥,2023-12-29,1580
만년돼지세은,2023-07-26,1498.33
리세드리,2021-11-19,1385
모모이커,2023-12-23,1460
길밍규,2023-01-19,1490
제르멩,2021-07-07,51.67
B급초심,2022-08-26,1460
멍청강아지조유리,2023-12-26,58.33
폭력주의,2023-12-21,1460
Book1ng,2021-07-12,1465
애기부킹,2024-03-03,1100
김민용,2023-12-25,1580
빙핀,2021-03-22,1490
zl존세환짱2,2023-05-18,1460
세칡,2022-01-19,1447.5
LOxOT,2021-11-14,600
여호황,2023-12-23,1475
안녕하은,2023-06-17,1460
부먹펩시파인애플버거지코,2024-03-10,1520
오나의여신냥,2021-06-06,66.67
축하마술,2023-04-01,1585
소서푸르,2021-08-22,1302
윈터우즈,2023-12-20,1460
도아솽,2022-12-22,1340
망치뚠냉군,2022-09-19,550
응꼬힘주기,2021-05-09,1325
너랑같이잘래,2021-01-30,900
코레니니,2022-07-19,103.33
배고픈슉슉이,2022-07-08,1370
때리면아야합니다,2020-08-23,1020
바나나맛계란,2023-01-08,1460
로건할배,2021-05-18,1370
카프나르,2023-11-15,91.67
내셔납짝,2024-01-23,1460
태양무,2021-12-31,1322.5
소서리스토끼,2021-09-05,1379.17
비슈카나,2023-01-29,1340
귀애란,2023-12-11,500
칠흑기사단장우서,2024-07-25,1640
망고망고,2023-12-20,1580
생크림붓,2022-12-24,1415
Latra,2024-01-09,1540
욍돌이,2023-10-29,1480
스옴향,2023-07-13,1530
플라이도화,2022-01-24,1302
이한빈스카우터,2021-07-31,73.33
찐따상훈,2022-01-08,302
내등꼴브레이커,2023-12-23,1550
기습숭배카멘,2024-03-03,1551.67
사상최강도화가,2022-01-22,1385
핫핑두,2024-06-10,1100
비버만두,2022-04-25,1370
소울맛있네요,2023-10-07,1415
붓발자,2022-07-11,1424.17
추수의기운솔솔,2023-09-12,1498.33
블레우정,2024-03-11,1540
찬란한검황,2022-12-25,1460
죄범성,2022-07-06,1415
듣찡es,2023-09-15,1487.5
망작,2021-08-07,802
용태식,2022-01-29,233.33
나메론,2024-07-15,1614.17
무적흑기사,2021-05-10,1350.83
demos어렵다,2022-02-06,1302
칸팩토리,2024-07-15,1580
둥지목장,2023-01-05,118.33
마음을수확하는자,2023-02-07,1340
어항워로드,2021-02-05,1362.5
빵봉싯,2022-03-01,1415
노란장미를든도은,2023-01-20,1340
설기닷,2023-12-24,1551.67
나와함께놀자에요,2021-08-12,1302
발카이드,2021-09-01,1350.83
연민트,2022-07-07,1475
릴리둘리,2023-07-31,1465
바드장인김광현,2024-07-20,1633.33
Artaleb,2023-12-05,1445
딸기뷔페,2021-08-31,58.33
우산조이,2022-07-09,77.5
OrcinusOrca,2021-08-17,1302
영령의발자취,2024-02-13,1520
피폐여우,2024-07-20,1620
지나가려는나그네,2023-01-19,216.67
그믐이화,2024-01-20,1580
천지애,2024-07-14,1585
순수과학,2021-04-07,1360.83
유치행,2023-12-22,1485
수피슬레이어,2023-07-28,1415
뉴비살려주십사,2021-09-23,1080
헤몬트,2024-03-30,1617.5
차가운하루,2024-07-14,1600.83
찰리온수담당,2023-03-24,1460
파이어브렉커,2023-12-23,1580
아메이카노,2023-12-28,1340
양산지게멜라니,2024-07-15,1615
밍뮹뮹먕,2022-03-27,302
하루는24시간,2024-04-18,1581.67
건방짐,2023-12-22,1546.67
박정무딸내미,2022-07-28,74.17
스키LI,2023-10-07,1415
나용나용,2024-07-11,1520
환영의마도사,2024-07-15,1615.83
강동구아가임,2023-09-11,1415
니영혼한입만,2024-07-15,1614.17
베베솔이,2022-01-25,1370
코코몽모찌,2023-01-19,1340
울앵두,2021-02-06,1328.33
쩝문가,2022-07-13,1415
브레이커터,2023-12-23,1561.67
BOBSpoon,2022-02-23,1302
카페꽁레체,2022-01-26,1415
전라도갤러리,2021-08-11,1302
Firecoffee,2021-10-05,576.67
뇌절의악마,2024-07-19,1620
청계천야생마,2023-06-11,302
차연두,2021-03-09,1337.5
철야빌런,2023-05-29,600
홍지솔,2021-03-10,1340
집착성그리움,2023-01-02,1490
맨쯔,2024-07-15,1585.83
Tuye,2021-03-10,1365
브레칠커,2023-12-27,1580
덩차덩,2024-07-18,1610
홀리만두귀,2021-03-22,1310
누가요즘머리를때려,2023-12-22,1460
슬레잼민,2023-01-19,1460
자매배꼽,2023-07-25,1445
자기소개서를줄여서자소서,2021-08-12,960
꿀태슈,2024-07-21,1585
혈아,2023-12-22,1460
콩콩이타는콩이,2024-07-26,1640
HokHok5,2021-04-13,1325
송파동마라주먹,2024-07-11,1590.83
유하경이에요,2023-12-23,1460
힘구릴,2022-11-30,1462.5
상훈지현,2021-08-05,600
안대길,2021-05-15,900
햇살아이,2024-07-16,1596.67
꼬돌꼬돌,2021-03-06,1378.33
호크대원,2023-08-31,1496.67
고기능자폐,2024-04-14,500
기포롱,2023-12-21,1553.33
혼나든든,2021-08-12,1302
리예,2020-08-23,980
l맨주먹브레이커l,2023-12-21,1580
도은호마누라,2023-11-10,1425
핫초코팡팡,2022-01-21,1417.5
기초지식,2023-01-18,1503.33
중화기사단A,2024-05-18,500
알오미터,2023-07-23,1420
잠자던별,2021-07-06,1370
t영원,2024-02-06,500
새콤라이밍,2024-07-16,1613.33
연아만,2024-07-26,1633.33
qNAMDUp,2022-10-25,179.17
샤쿨링,2020-08-23,900
Dook23,2021-04-22,1325
째선생,2024-06-26,500
벼녕준,2023-12-21,1480
쁘윰빠,2022-12-22,110
부처의자랑,2020-10-25,1325
누워서쓰러뜨린자,2024-07-16,1595
나는비챤,2024-05-14,1521.67
달달에몽,2022-03-15,1302
라뺭,2022-07-17,226.67
포켓규미,2020-08-22,915.83
혼미후,2022-07-07,59.17
까부리창술,2023-03-17,1460
소리또또,2021-08-12,1302
기쎈,2024-03-07,52.5
연아브,2024-07-26,1630
발시오네,2023-07-22,500
용궁구름,2021-04-21,157.5
그러게작작나대라니깐,2022-01-27,1370
나만의행복한시간을위하여,2021-07-20,1360
웨스트햄매니아,2021-08-16,1370
븤코코,2023-12-26,1525
MadhvaBK,2024-01-09,1460
루나티크,2022-02-03,1340.83
정공승재,2023-12-22,1586.67
코드네임쉴드,2021-08-16,480
힐안줘벅벅,2022-01-22,1460
옆태박살나는누나,2023-01-20,1503.33
뿌아쏭,2022-01-28,1310
최엘림2,2021-09-09,216.67
Aelita,2023-09-28,1543.33
은잠이언니,2024-07-26,1640
hyunji4424,2022-04-07,1370
미뉴믹,2022-08-24,1340
태철권,2021-07-10,1302
네네치킨도마점,2022-02-28,1392.5
슬레이어이상하다,2023-01-22,1340
이건R카,2021-10-21,1302
설탕조절장애,2022-03-30,1302
제육볶음123,2024-07-16,1605.83
DT복서,2023-12-20,1460
어차피금방질린다고했잖아,2024-07-13,1606.67
베트남쌀국수이터,2023-12-23,1553.33
터닝스타크,2022-08-07,1432.5
쟁숑,2021-08-07,1302
피치맛워로드,2024-02-13,206.67
신착,2022-07-20,1490
귀농모닥불,2022-05-07,460
흠씬,2024-01-11,1475
마디솜,2023-01-18,1447.5
명뢰,2021-09-27,802
글라이거,2023-12-21,1578.33
우민권,2023-12-25,71.67
크롱마음이슬레여요,2023-06-30,1460
쿨피스아가,2022-07-11,1500
나르는체,2024-07-21,1620
김찐똬,2021-10-13,460
김점미,2023-01-19,1506.67
HONG랏폿,2023-08-27,1415
HOGN써폿,2023-09-02,1490
HONG서폿,2023-08-25,1415
카렌B,2022-09-29,1540
트릴로지,2023-11-19,1472.5
킴티승,2023-12-22,1563.33
수려깅,2024-07-26,1640
소히기,2024-02-21,1581.67
하히후히호,2024-07-26,1640
물든령,2024-02-25,111.67
왕망치든놈,2023-02-06,1457.5
담백해물우동,2024-07-26,1640
트리프스타,2022-08-29,1400
1픽님블레이드좀요,2021-03-20,1315.83
주녕I,2021-08-12,1324.17
카댜v,2021-06-29,61.67
카리나안유진아이린아이유,2024-07-16,1600
채팅안봄,2024-01-17,1583.33
비비의냥냥하프,2023-12-29,150
사탕맛칸쵸,2023-02-23,1417.5
블니커,2022-02-09,1415
메이네티보다비싼옷걸이,2024-07-17,1620
이슬비키우고싶었어요,2024-01-30,1100
강력한브붕이,2024-04-10,1340
로짹,2024-07-13,1611.67
방패든밍기,2023-07-31,1490
바드네유아,2022-01-22,1452.5
찬란한범고래,2021-07-18,1370
시원뽀짝찹쌀떡,2022-07-08,74.17
해동검도2단최현태,2023-12-22,1510
도화유비,2022-01-23,1350
퐁밍서,2024-07-06,500
그림왕김센트반고흐,2023-12-23,1460
Sylphiette,2023-07-03,1511.67
간나이뻐,2021-07-06,1416.67
3150,2024-07-11,1602.5
라즈일,2023-02-10,1425
보채지좀말자,2023-12-08,58.33
안심하세요카운터들었어요,2023-06-06,302
카머곰,2023-02-25,153.33
이커씨,2022-02-21,93.33
퐁레에몽,2022-01-15,1460
메트로꿀주먹,2021-01-30,1328.33
일일새우깡,2020-09-24,550
아드암수점화종말익스천벌,2022-11-12,1595
지아트네,2023-12-20,1520
현우장인,2024-01-13,1520
농농애기공주,2023-12-23,1460
노래사용,2023-04-06,88.33
리나우산,2022-07-12,1462.5
하늘이올린별빛,2024-07-12,1604.17
기념문,2024-07-11,1600
연유의브레이커,2024-07-16,1600
유미사,2021-09-18,1006.67
선우치,2024-07-14,1538.33
아으귀찮아,2021-07-12,1375
철박사,2021-01-04,1325
망태울3,2024-07-28,1640
향커피,2020-09-29,980
산소같은블레,2021-12-27,160
규만다,2023-11-24,1490
씩씩v,2024-07-10,1570
돼지율율,2022-07-09,1399.17
루리엘리,2022-03-20,1393.33
돗시,2021-08-19,1366.67
유아우산,2022-07-16,1490
신설아가,2024-07-28,1640
향책보석,2020-10-19,1325
아날로그신호,2022-03-12,1370
뒤에서쳐다본다,2021-12-30,1302
해가반짝곱게피어나면,2024-07-11,1596.67
쿠모노랑,2024-07-15,1610.83
풍빅쭌,2023-07-02,255.83
커피의시녀,2024-07-11,1595
즐겨리,2021-03-23,1325
철남증후군,2022-03-04,1447.5
보상아까워서만든부계정1,2024-01-20,1580
라즈원,2021-11-01,447
그대가꽃이에요,2023-05-04,1275
DIllarllI현기중,2024-07-10,1620
중년의힘,2021-06-10,370
아잉비,2024-02-11,155.17
연원상,2022-07-18,1445
낮게나는물수제비,2022-07-07,1460
뽀석tv,2024-01-21,1566.67
아기뱀,2022-07-03,60.83
송송잉,2024-07-11,1600
테르지엘,2024-07-16,1593.33
송예링,2024-07-12,1599.17
라비세이,2023-01-20,130
웰향,2021-11-13,460
후플프뿌,2022-11-20,1580
Razzle,2024-07-19,1610
화래원,2023-01-08,1415
딘ol3,2023-02-04,600
안양케이드6,2021-07-09,63.33
설화여은,2024-05-05,1520
소서고수를꿈꾸다,2024-06-25,1460
BLADEiiii,2024-07-17,1600
밍다가,2022-01-12,1452.5
삼류무신,2021-03-17,1310.83
티아민도화가,2022-07-18,141.67
브라운미키,2022-10-07,1427.5
망치던가,2021-05-30,1027.5
샴상,2022-07-06,1340
만월이는소중해,2024-07-15,1590
재로브커,2024-01-05,1515
낭심분리기,2021-02-28,1340
충동주세이,2023-12-26,1460
델테시,2024-07-22,1595
감쟈야,2024-01-26,1530
라봉블레a,2023-12-29,95
의정부에갇힌자,2022-08-30,1415
에이탑,2024-06-16,500
배배룽v,2023-03-19,1000
와작와작츄러스,2022-01-21,1370
포테이토피쟈,2021-03-23,295.83
강화도소금,2022-02-13,1302
삼브고,2024-06-16,500
Horney,2021-06-29,1372.5
덩현잉,2024-07-10,1560
숙제하는돈벌레,2022-01-30,1385
s두레사당s,2021-03-27,1325
종혁이의삼도류,2023-08-28,1100
o팥양갱o,2024-07-08,136.67
모코쿠마,2022-03-23,1355
Verasilles,2024-03-05,1533.33
벗겨주시옵소서,2021-09-04,1465
네네참치,2024-07-23,1630
모르는데악마,2023-03-15,130
놔쇼,2024-07-13,1600.83
상남자특물약안빰,2022-08-18,1370
딸기바나나모코코,2023-07-28,1490
히힣방패발싸,2023-02-25,1435
낫을잡고서있는벌거벗은,2023-07-25,1508.33
눈먼버프,2021-01-03,61.67
효드효드,2021-07-12,1302
비건크레페,2022-12-21,1340
메챠고창,2022-05-08,302
오리가살찌면육덕,2023-04-29,75.83
트라플,2021-12-30,58.33
하루살이소울,2024-07-26,1516.67
먹칠잘하는사람,2022-01-21,1302
곰곰라면스낵,2021-12-23,1355.83
똥배나온라쿤,2024-06-16,500
불닭에짜파게티,2020-09-03,990
감나빗인데헌,2022-05-25,1560
인간학,2021-12-01,1445
빵빠레발사기,2022-07-02,302
돌애기,2022-07-06,1475
넌딜이나혀힐은나가할랑께,2021-04-27,1370.83
흐코인거시야,2022-07-07,1475
dlfdl호박,2023-03-01,302
위험한창술사,2024-04-30,1520
시여니콩,2023-02-04,1340
o안카우터o,2021-05-12,1045
박엘모,2020-09-25,995
펜네홀나,2021-12-23,1302
박손만이가,2022-07-09,1445
순무수라도,2023-12-21,1520
먈실,2022-10-16,56.67
개또아가,2022-01-21,302
홍종종,2023-01-28,257.5
잼스홀,2022-09-29,1460
마왕벨,2024-05-13,1610
조받춘,2021-08-27,94.17
가렌표정,2023-09-30,1465
상대탑노플,2023-01-24,1460
칼껴,2024-07-19,1600
도과학,2022-01-12,1302
아푸아푸아푸,2023-12-25,1520
듀냥단,2021-07-10,1330.83
전생했더니대공님,2022-05-10,1472.5
인브릴,2024-07-12,1520
깐머,2023-05-10,302
고난이대수라,2023-12-21,1540
진뢰번,2022-02-15,1445
토르비욘출신,2022-01-25,1302
슈비듀바밥,2023-08-01,1490
큰형코도,2022-07-12,1460
풋탕이,2020-09-21,1002.5
펭푱,2022-02-15,1377.5
멜쿨,2022-12-09,302
홀나인고양,2023-05-08,1540
에델민돌,2023-12-24,1460
뽀야쪽쪽,2021-03-25,1310
샤혜,2023-12-21,1460
넥슬레이어폰,2024-07-29,1640
기간틱스,2021-11-21,194.17
거대양군,2024-07-14,1585
숨은마음찾기,2023-07-20,1462.5
한지몬지,2022-12-30,1415
쮸슬이,2023-01-18,1490
아치넹,2023-01-13,1340
시니컬한좀비버섯,2021-04-27,400
옵시디언리퍼,2023-07-24,1415
뚠뚠한고양이최고,2021-08-05,130.83
후시딘형,2023-10-26,1415
레드리큐르,2023-08-31,1498.33
박권용1,2023-07-01,1490
스텔라아르말랑,2022-07-19,1430
다모바,2021-09-24,1452.5
첨지야옹이,2024-07-13,1585
춥고,2023-12-20,1490
신도시녀,2021-12-30,1409.17
MM기공사,2021-03-07,849.17
D점멸이국룰아닌가,2021-08-12,1302
자연산지팡이,2021-08-29,52.5
시르에리,2021-07-09,1302
청고리,2021-04-12,1007.5
회화연,2022-01-24,1477.5
소소밀소,2022-03-02,520
타레눈낫,2024-01-21,110
제로시러,2024-07-13,1560
김권개패는김근환,2024-07-13,1590
늘비람,2021-07-15,1430
판테테13,2023-01-23,1340
치물이터,2023-07-21,1509.17
동탄신도시기봉,2023-03-03,1415
마리오스킨,2022-07-08,1475
진다리,2024-01-08,1590
신묘사신,2023-07-21,1490
척너,2023-01-15,1460
덴냐,2021-09-06,1313.67
홀애뷔,2023-11-18,90
이워로드는무료로해줍니다,2024-07-20,1603.33
샘표핫치킨피자,2023-12-20,1460
아치꺼,2023-02-09,1340
충동데묘닉,2021-05-22,455.83
누나오늘쩔어요,2021-09-02,1348.33
루나창술전문,2022-12-28,202.5
두만강13대서포터,2024-07-04,1490
08세박서연의마지막그림,2022-01-22,1370
머리야어디가,2024-07-19,1636.67
담배한대빨고출발하죠,2024-07-23,1595
담배한대물고출발하죠,2024-07-23,1620
담배한대물고시작하죠,2023-11-06,1610
키야야캉,2022-02-07,1310
천생무도,2024-07-20,1585
꼬무록,2024-07-29,1640
백발적안블레이드너무좋아,2022-06-26,600
유위쭈밥,2021-07-31,1422.5
호재와악재,2023-08-14,52.5
판다엉덩이냄새,2021-07-08,1314.83
열공하는도화가,2022-01-28,1460
이래도난무,2024-07-13,1566.67
오빠나죽어하악,2021-09-18,1341.67
눈월sz,2024-07-29,1640
비치일식,2024-07-11,1610
멕시코스님,2022-02-01,1430
무침소울,2024-07-24,1620
스르슬슬,2023-07-25,1415
마이너건슬,2023-07-25,1415
동글멜론,2021-11-02,1340
꾸웨엥,2023-12-25,1482.5
바드태태,2021-08-20,79.17
가장완벽한버전의이준,2024-07-11,1520
귤순앙,2022-07-15,1400
읍성이,2023-10-02,1480
천이슬레이어,2023-01-18,57.5
미래소년남도일,2024-02-09,1460
우산리본,2022-07-08,1450
홀리몰리냠,2024-01-03,1467.5
와다닷다다닷,2023-12-21,1540
2490,2023-11-03,1580
4급공무원찬영,2024-07-29,1640
살아있던마네킹,2024-06-08,1520
힣힣헿헿홍헹홍,2021-07-27,1302
바류드,2021-02-20,1341.67
DD륄,2021-11-11,1420
맑코콩,2022-12-22,1460
머리가파래요,2022-01-31,1325
감사합니다GOAT,2022-12-23,1487.5
와누누,2023-03-06,1460
앤칼러B,2020-08-28,900
아맞다아,2024-05-10,500
유뛰지,2023-01-13,1411.67
모코코결혼식,2021-09-05,1345.83
배아파서알보칠,2023-07-21,1422.5
시츄밍,2021-08-12,1302
록화신,2021-01-25,1340
홀리버스,2024-07-27,1630
제발나만봐,2023-12-23,1541.67
교플필1,2020-08-23,915
묘멍이,2024-03-01,1520
은위겸비,2021-07-05,1370
사랑냥집사,2022-12-26,130
생선매운탕,2021-07-06,885.83
추세리,2022-12-28,1490
오늘따라날씨가좋아,2022-07-16,189.33
딸랑쿤,2024-06-24,1520
제발퇴근좀,2024-07-14,1545
샷z,2022-08-30,1581.67
베토디디,2022-08-28,1383.33
공복혈당250중증당뇨,2022-07-17,1340
죽습쭌,2023-11-09,1415
월아펀치,2023-12-21,1460
제너당,2022-01-21,1370
이거어케하노,2024-07-14,1603.33
써삐써삐,2022-03-05,1447.5
소들이짝짓기하면소떡소떡,2021-07-08,1325
Bumnon,2024-07-12,1585
대마법사기찬,2022-07-25,1100
바녕민,2024-07-19,1613.33
첫번째물방울,2022-05-06,1100
냥녕냥펀치,2023-12-22,1460
더리버스,2023-07-19,1490
쪼꼬미순이,2023-07-04,1475
발로하는기술은뭐든지잘해,2022-06-16,600
논리적추론과증명,2021-07-21,1415
ol훈이,2022-09-15,510
도화가봉따이야,2023-12-23,1467.5
크림존레이,2021-05-06,115
초쿄민트,2022-01-31,1550
아가됴화o,2024-07-23,1617.5
문내얘,2023-03-11,1340
비운빨,2024-07-14,1600
REEPLER,2020-11-23,915
수리모코코,2022-01-21,1302
그라누아,2020-09-20,962.5
낌낌밤,2024-07-14,75
시선폭행,2022-01-27,1435
오르르링,2023-11-29,1541.67
NastyB,2021-12-15,1420
날라기공,2024-07-19,1521.67
우에타센주우민,2024-06-07,1460
L배럭,2021-05-02,82.5
나미미야뀨,2023-03-16,1340
웨이블릿변환,2022-02-25,1445
부셔콩,2024-06-14,1520
만또롱,2022-06-28,1415
억동,2024-07-06,1602.5
Deyeol,2022-08-16,1462.5
실리안수라의길,2023-12-26,1540
kimchislap,2024-07-29,1640
붓으로그린호랑이그림,2022-02-16,1302
칠야차,2024-07-15,1603.33
차가운밤의규율,2023-07-26,1490
비를찾는아이,2022-07-07,1460
꿀주먹호돌이,2024-07-11,1560
양푼이김치떡갈비비빔밥,2023-01-18,1414.17
Modaco,2022-07-06,1472.5
여기구슬,2024-07-14,1608.33
서유심a,2022-06-07,460
막둥개냥,2024-07-19,1592.5
람가아,2024-07-29,1640
베스트헨타이쟝,2023-07-22,1415
야나바,2021-07-13,600
엘라에이레스,2023-07-20,110
키린홀,2022-01-22,1339.17
체이령씨,2021-07-20,1355
지수가벤다,2023-07-22,1450
은화이야기,2021-09-10,1340
끔직,2022-05-01,1302
나의작은건슬이야기,2022-07-24,1506.67
라맹킴,2023-06-30,1490
친행,2021-03-08,170
KTX만종역,2022-07-19,1477.5
모혔,2022-07-16,600
오늘의김두칠,2024-04-29,162.5
김태완의꺼지지않는모닥불,2024-07-24,1636.67
루나나라룽,2024-07-19,1605
흑깜자,2024-07-14,1540
OI즈니,2024-07-19,1520
곰돌e,2021-08-19,1369.17
뿌쀙,2023-06-17,55
끝로드,2021-03-03,1325
꼬마므잉,2022-01-21,1370
크고우람한자태의성기사요,2023-07-06,1460
라그모,2024-02-07,1541.67
예칫아,2022-07-22,88.33
퐉스엥,2024-07-14,1540
법사돌민,2021-09-07,1430
작은가슴의전설,2022-07-07,1460
리퍼정태풍,2024-07-17,1609.17
너딜보면나도화가나,2022-12-27,1460
기상청여자신입사원,2022-11-19,1302
소울로니,2023-07-19,1500
샤인페이쓰,2024-07-12,1610
훈련,2023-12-20,1540
앞에서하는거좋아,2023-12-21,1580
욤마핫뚜브레이커,2023-12-21,1565
패천립,2023-12-23,1460
선영곽리퍼,2023-03-19,1462.5
낭렌,2023-12-23,1460
지슬,2022-01-12,1445
히노슬,2023-07-11,73.33
삽질뒤짐,2024-07-17,1595.83
싱글남,2024-06-30,1520
웅노9,2024-07-29,1640
웅노2,2024-07-29,1640
운좋은큰고래,2022-01-21,1302
망르슬,2023-01-30,106.67
청포도향기,2024-07-15,1520
로션,2023-03-20,1515.83
먹의비호,2022-01-12,1460
우리집강아지닥스훈트쫑아,2023-01-21,1415
회복약먹어줘,2021-11-08,960
l꽃비I,2022-07-28,153.33
안산바리깡테러범워로드,2022-04-15,1417.5
음산마귀,2023-07-24,1415
이건김치,2021-04-05,1342.5
뱀파데빌,2023-09-21,1415
유후토끼,2022-01-14,1370
앙탈바둥까꿍,2022-04-28,1370
또리미,2023-12-21,1550
지브이나,2021-11-22,1328.33
토리랑석이,2023-01-28,1340
숄더패킹후견갑벤치에고정,2021-12-10,460
나의작은회오리수류탄,2021-10-21,348
유과장의분노한물주먹,2023-12-22,1540
데모에맛가닉,2021-12-23,1302
방에모기가있어,2023-01-20,1355
땅꽁련,2024-07-12,1563.33
비오면오히려좋은사람,2022-07-07,1370
사뿐사뿐흑표범,2022-01-22,1330.83
탑이지는건정글탓이야,2022-07-28,146.67
주먹탈론,2024-06-01,1535
시류u,2020-09-24,1010
exayaa,2024-02-21,1525
김창섭보단타노스,2024-01-26,1526.67
내일은모하지,2022-12-21,1460
삼선짜장이,2024-07-29,1640
도전슈퍼모델커버걸,2024-07-24,1611.67
밥에면말아먹기,2022-04-01,1480
턴멍,2022-09-23,1370
남시영,2022-06-10,1427.5
나는예나,2021-03-05,1340
야레야레못말리는아기씨,2024-07-14,1605
홀자홀자,2021-09-10,1302
청플,2023-11-22,1510
암굽,2024-07-12,1590.83
율리에나,2021-08-15,110
고졸백수모쏠30대아저씨,2024-03-08,1601.67
l배마텐닉l,2024-07-29,1640
아EI스타,2021-10-08,1415
맹블호,2022-02-01,1465
어린감귤,2024-07-29,1640
옥왕권,2023-12-21,1460
수만몬V,2024-01-28,130
메타콘아가,2023-01-21,1493.33
땅콩버터바나나샌드위치,2024-07-28,1630
검은이빨친구,2021-01-07,1415
전소서에용,2024-07-11,1563.33
Go고Top블레이드,2020-10-01,922.5
어둠칼날김쌍팔,2024-07-11,1595.83
대검사한동훈,2024-07-11,1595
사신꽁,2024-02-06,1460
종날아애해방익스천벌종날,2023-02-07,1460
웃는모습이제일예뻐,2022-12-21,1492.5
아가힐러뱀,2022-01-21,110.83
담혼격,2021-09-30,1430
도땅따,2023-03-06,1415
돌해삼,2024-07-30,1640
잉눼,2023-12-27,1477.5
찐어니,2022-07-19,254.17
붕대어딨더라,2024-02-23,1501.67
여답평지,2024-07-13,1585
김주월,2024-07-22,1607.5
l아이네,2024-07-12,1601.67
구름에흩날리는영혼,2023-07-20,1520
대충만든검사,2022-03-20,1437.5
11thSoul,2023-07-21,1490
으잉쿠우,2021-03-17,1005
슬레이어가나야,2023-05-07,1490
아리디캣,2021-08-22,1325
둔탁한시민,2023-01-20,1394.17
바람잠든곳,2020-11-27,915
시리냥펀치,2024-07-13,1570
은가누방망이,2024-01-14,1510
통닭한마리에맥주한병쓱싹,2022-06-22,1415
읏챠술사,2022-07-06,1391.67
하바별시,2024-07-06,500
구각헝,2023-12-21,1571.67
오월이지나면우리헤어져요,2023-01-20,1515
달콤커피우유,2022-01-21,1445
Bertoua,2023-09-11,1415
꼬라박을게요,2021-10-09,1415
애기냥이인파,2024-07-12,1540
길잡이Z,2022-07-08,1410
이다여,2023-12-22,1525
후냐린,2021-01-12,1340
민s도화가,2024-07-24,1613.33
제타랑,2023-07-25,1490
시카노코노코호시탐탐,2024-07-24,1616.67
SeasonOff,2021-05-09,1360.83
우는아이사탕도둑엄준식,2020-10-27,915
rsjhy,2023-03-07,1340
전국점화자랑,2024-07-14,1596.67
규아앍,2021-03-09,400
시으무,2022-03-26,1415
오해예요형부,2023-06-29,1498.33
영원한아홉수,2024-07-29,1633.33
MIDMIDMIDMID,2022-01-21,1360
로겐슈테른,2021-05-24,1035
사신저격,2023-12-26,1540
웛로드,2020-12-02,920
우울한띰땅보,2023-11-11,1501.67
아이스바닐라라때주세요,2024-07-14,1600
고양이에게마법을배웠어요,2021-08-29,473.33
방패가무거운스튜,2021-07-12,61.67
복바드시요,2023-01-21,1402.5
슬죽딜,2023-01-18,1340
서머너따위랑은비교가안됨,2024-07-13,1560
뎁갱,2022-02-19,960
깽희진,2024-06-15,500
슼삭,2024-05-27,1590
핵쏜다딱기다려,2021-04-04,1359.17
건슬챈,2024-07-19,1610
luminant,2021-02-20,1035
가슴에힘을모아모아뀽,2023-12-21,1530
박호박3,2023-01-19,1340
김오므,2022-07-06,1490
달콩문찌,2024-07-23,1610
레고밟고쥬거,2021-03-07,1325
광화문교보문고,2021-07-12,1335.83
후크디붕붕,2022-12-27,227.5
석류추출물,2024-07-14,1540
뜽띠,2024-05-01,1520
회슬렌,2023-06-29,1415
슉슈슉슉코코,2023-01-16,1395.83
깝길,2021-09-17,1415
화총운,2021-08-24,1325
권모깃,2024-03-11,1100
어서모이세요,2021-08-27,1415
로둥바둥,2021-10-19,466.67
징무유,2020-11-04,1360.83
어절키스,2023-01-21,1402.5
런던포그티라떼,2024-07-14,1553.33
란에디,2022-03-16,1302
란혜디,2024-07-11,1585
미운마흔임씨,2024-07-11,1520
흰새벽하늘,2022-02-06,1430
꿀보검사,2021-01-05,1310
창술사갤럭시,2023-08-17,1415
루비히동아기콩이,2021-10-10,1325.83
라이프라시아,2021-01-05,1340
동네전학생,2024-04-13,1595
그때그시절을아시나요,2024-06-22,1585
바닐라에스프레소,2024-02-03,1520
현대도화론,2024-07-14,1620
게임쫌고마해라,2021-08-12,1302
수아K,2023-01-22,1392.5
퍼펙뚠스윙,2022-12-03,302
네클로,2022-09-30,124.17
몸노노놈,2024-07-10,1601.67
망고는겁쟁이,2023-01-20,1460
비오면우산맑으면양산,2022-08-28,1445
l우리곰돌이l,2021-06-14,1340
장래희망은홀리나이트,2022-09-28,1475
쿠앤크아가,2022-02-06,1415
낭만리주,2023-12-24,1600
1855,2023-07-23,1475
동성마녀,2024-07-13,1603.33
리나루시,2022-02-13,1370
로아시험팀,2022-05-04,1358.33
총알이업따구,2021-08-29,1355
존잘정훈,2022-07-26,1430
폿브로,2023-10-22,1563.33
오랑케고온,2022-01-30,1340
제갈남궁독고황보민,2024-02-24,1465
드드드드됴,2023-03-14,1340
신멍이,2022-08-19,145
귤oo,2023-12-31,1580.83
용원카지노,2023-01-20,1460
꿀다방미스노,2024-07-15,1605
툥툥툥툥,2021-10-12,460
원샷원라이프,2022-04-09,1560
김미혜간장게장,2022-01-23,1447.5
유빈지리퍼,2023-03-29,1460
청년치매1호기,2024-07-15,1605
시너지는배틀마스터지,2024-03-04,1520
폰덍,2022-07-07,1475
두들겨맞는워붕이,2024-07-25,1610.83
향썰,2021-03-21,1040
아이스딸기프라페,2023-03-11,1540
조왕만,2022-05-26,1370
DIIRO,2022-07-12,1340.83
킬러꿍이,2024-07-15,1600
콩콩이혜지,2022-06-27,302
꽁치9단,2024-07-30,1640
Ninshubur,2021-04-11,1370.83
악마같은망고,2022-05-20,1417.5
푸웅덩,2024-07-12,1603.33
낭만이어도괜찮으시겠어요,2021-10-06,1415
바밍쨩,2024-07-11,1590.83
막하,2023-12-21,1580
은수향가,2023-01-07,1340
Perusal,2020-08-23,1027.5
SunHB,2022-01-23,1370
자연재해다,2021-07-19,1370
헤일리던컨아는남자,2024-06-13,1540
강철민소서리스배럭,2021-08-11,1470
라메아,2020-10-02,1355
요마하하핫트브레이크,2023-12-20,1460
슈카일,2020-08-23,915
쪼마넹,2024-01-06,1580
사령의짱구,2023-07-19,1490
cheo76,2022-04-16,1276
썽이주의보,2023-09-14,1415
요조무무,2023-07-21,1490
혈압조심하자,2021-05-02,1340.83
해린언니나안사랑해요,2023-03-14,90.83
힐소,2024-01-02,1470
숭떠,2021-02-12,1365.83
츠이슬,2022-05-17,302
슬레하랑,2023-01-20,1460
김잔글,2024-05-26,500
차드르,2021-02-05,1340
브엠버,2023-12-25,1540
변강thl,2021-01-16,1345
데드하쥬,2022-11-08,1445
미날,2024-02-15,1611.67
블루와화이트,2021-09-14,80
난폭한꼬마마법사예니하,2024-07-16,1610.83
억제되버린충동,2022-07-08,1460
너는내세상,2023-01-14,1460
이정인죽어,2021-04-22,1325
바툽,2021-05-20,1340
도비구름을그릴게요,2022-07-19,1477.5
김밥채소빼고,2024-07-13,1520
세맥을왜하지,2022-09-30,1340
사아리인,2021-03-21,1340
JaneWick,2021-04-12,95
뉴비낼름낼름,2021-03-21,1310
떵줄타,2023-06-28,1340
누룽지맛식혜,2023-06-30,1415
도는빽도지,2021-05-09,852.5
촉촉나라용사아들,2021-08-13,1325
간호기사,2021-08-14,1415
처집,2021-08-12,1302
낫띠이잉,2024-07-15,1603.33
왕소치,2023-12-22,1510
잭잭이꺼,2021-12-28,1302
방관형배마,2021-09-09,1302
뽀또가맛있닉,2024-07-15,1615
파드로네,2023-07-24,500
홍해의말봉,2024-06-16,500
오이꾸,2024-07-20,1536.67
기쁘면꺼억콩하는아가,2024-07-17,1590
신탕내연녀,2024-03-04,1490
부드러운속살,2021-04-09,1341.67
레나인파,2024-07-14,1600
푼두파이,2020-08-22,1302
낫짹이,2024-04-16,1526.67
디어사이드서머너,2022-07-13,1460
바드렁거리는중,2022-01-16,1325
랑지팝,2022-10-19,1553.33
헤비라이트,2024-07-12,1585
초대형아이스아메리카노,2024-07-14,1601.67
사탕을찾는소년,2023-12-22,1490
어르으뉘,2021-07-10,53.33
힐후유리,2024-01-04,1490
미니언창,2022-01-27,1435
샐러드매서커,2023-09-30,1496.67
고창쟁이창진,2021-12-23,1445
앙도앙바,2022-11-02,460
ReSup,2023-08-14,1415
효드매기,2024-01-28,1594.17
돈내놔워로드,2021-05-16,82.5
키믓,2022-02-05,460
대장감,2022-10-31,348
악동이니,2023-07-19,1510.83
즐거운하루되시길바랍니다,2023-09-17,1553.33
가슴이고장난8톤트럭,2024-07-12,1570
밍뚜밍뚜,2024-04-18,1520
라벤더요거트파운드케이크,2022-08-18,1460
강덕범,2023-10-11,1560
예주삼,2022-08-31,1340
뀨리가꿍,2023-07-03,1496.67
4인분딜러,2022-07-22,600
둥근두상,2021-06-06,1050
진위,2023-12-20,1540
그저힐셔틀,2021-09-04,1302
기린알카,2024-07-15,1540
이동채,2023-12-30,1460
인듀의정석,2022-03-02,1302
머검보이,2021-07-09,1322.5
안쩨이,2021-09-14,52.5
Saaign,2022-12-24,1465
샤니클로드,2023-11-12,1515
영역전개호신투기,2024-02-23,983.33
자살아가,2023-12-22,52.5
창민지리퍼,2022-07-19,92.5
열공하는바드,2021-01-17,909.17
펀치킹김배마,2022-02-13,1100
타격머신,2024-03-16,1600
지존최강게롤트,2021-04-10,1340
중쨩은앤디야,2024-05-07,1100
가챠프트수,2022-03-27,1415
꽃쮸o,2022-03-10,1302
오이반찬나오면밥상엎음,2024-07-14,1611.67
딜잘하는울아가,2022-03-27,1345
리칼아,2023-05-18,1415
내먹물은폐휘발유,2024-07-11,1592.5
죠그밍,2024-07-27,1606.67
헬로차차,2024-07-30,1640
뷰티풀,2021-10-01,1493.33
천선율,2024-02-10,805
lTX청춘,2020-08-23,1310.67
토니는모리,2022-03-30,1550
꼼양슬,2023-10-21,1583.33
토니다,2023-12-20,1545
콜라보는리제로,2024-07-19,1609.17
김군밤군,2024-01-27,1460
럭키타이거,2022-01-26,1400.83
캬루가웃으면캬르륵,2021-07-09,1340
뚜리꿀떡,2023-01-02,108.33
귀요미인가,2023-01-08,1460
츄츄정시,2024-07-20,1520
영화보면잠,2023-07-01,1415
준투가,2021-04-24,1349.17
쿠앤크초코파이,2023-01-19,1417.5
감귤맛탕후루,2023-10-22,1472.5
왜딜이그따구에영,2021-10-07,1325
Golden나이트,2023-07-02,1415
질풍채블리,2024-07-13,1560
DHGHANI,2022-12-23,1460
롱다리디붕이,2023-10-08,1487.5
집나간마리린찾아요,2022-08-15,1422.5
고장난오이,2024-07-30,1640
모코코씨앗왜숨겨놨지,2022-11-16,1550
어숭이,2022-04-02,254.17
포우찡,2024-04-12,925
충북슬레,2023-01-19,1500
채소금빵,2024-07-11,1550
통널,2023-07-19,1475
서주환,2021-08-29,1360
이햄쓰,2023-12-22,79.17
슬찬생각,2021-08-13,1370
버스찬탈자,2024-07-31,1640
장수동신춘문예유종완,2022-12-22,1385
이키c,2023-12-21,1580
모르게쏭,2022-12-14,1340
오메가수감마,2021-02-12,1311.67
신언준,2021-04-08,318.5
냐옹스는우산으로때려,2024-06-27,78.33
빅맥시키신분,2024-06-16,1370
뒷바라지Champion,2024-01-07,1600
나는종학,2023-07-20,1500
나도앞으로뛰고싶었다고,2021-09-23,1414.17
초청초빗치,2021-08-14,1302
혓바닥이기신거같아요,2024-05-06,500
슬기로운기상술사,2022-07-08,1460
도롱도롤,2021-10-07,1302
호랑이꺼,2021-12-28,1302
바곰드,2022-02-20,1355
서번트모코코,2023-06-19,79.17
나에대한기준만엄격해,2021-08-23,155.83
황제찬몹,2022-12-23,1415
떠떳냐,2022-12-23,1460
KISSSSHOT,2023-01-21,1525
안개꽃칼날,2024-07-31,1640
화끈뎐,2023-01-18,1490
드허언,2023-12-21,1487.5
비루한잔,2024-07-15,1595
리시네이트,2023-07-23,1490
풍곤,2022-09-26,1475
선지,2024-07-21,1614.17
또먹짱,2023-12-25,1460
열무말이,2024-02-24,1520
뿌뿌뿡성기사입니다,2020-09-21,915
원펀이커,2023-12-23,1545
칼로싹쓱,2024-07-12,1600
앚귀,2023-07-21,1500
고무고무노제트피스토르,2024-07-17,1608.33
그게무슨소리니코코니니야,2023-06-29,1490
cherry가이,2023-01-31,1500
BreadM,2021-12-23,1415
백호기,2024-07-15,1605.83
다른게임에서왔나봐,2022-01-12,1490
나는알코올프리근데취해,2021-09-29,1352.5
크티치,2023-08-01,1427.5
바두두3,2023-12-21,1546.67
SSS급등짝성애자,2024-07-15,1605
EngineerM,2021-03-22,1350.83
도덩이,2022-01-14,1302
원기신,2021-03-26,1310
쉬다와힘들면,2020-08-22,1350
나무하지,2021-08-14,1302
원저슈바고,2021-12-26,1460
에스더동이,2023-12-24,1573.33
뿌렐이커,2024-05-07,1225
비로역천,2024-07-13,1585
Pxssy,2021-01-30,1050
파천수라햄,2023-12-23,1568.33
우산위벼룩,2022-07-18,1100
꿀같이단귤은뀰,2023-08-05,1580
강펀치날리다브레이커,2023-12-21,1545
당근먹고털찐토끼,2024-07-19,1600
흑별룡,2024-01-02,1580
챠챠랑,2024-02-21,1460
슬한잔하자,2024-04-21,1460
광도화,2022-07-12,1415
엔커버옥수수,2024-07-14,1602.5
부처님믿습니다,2021-01-25,1340
로이더김무성,2024-07-22,1520
폰날씨,2022-07-25,1340
발으응,2024-07-12,1590
윤예영,2024-07-02,500
빗나간고창을본너,2023-12-27,99.17
워로드같은홀리나이트,2021-04-24,1341.67
쑨로드,2020-08-22,1328.33
우산도둑재은,2022-07-08,93.33
쪼꼬미야미,2023-07-05,1475
오늘점령섬슬레임,2023-12-22,1460
빨간부채,2023-09-01,1490
스타벅스빨대도둑비챤,2023-01-05,1370
쿵쾅펀치,2023-12-24,1460
삼보컴퓨터,2024-07-21,1561.67
고속버스,2024-07-31,1640
승훈이의조련교실,2022-12-22,1490
도발도발도발도발도발,2022-07-12,1415
칼D,2022-12-16,302
라흐민,2021-05-24,1427.5
이런건가,2024-07-15,1609.17
에스더의리더,2023-05-13,1595
말하렴,2023-04-21,824.67
날씨의모롱,2024-07-27,1636.67
중수모롱,2024-07-27,1636.67
난꺼거얌,2024-02-18,88.33
김피탕에맥주한캔,2024-07-13,1573.33
그이이익,2023-12-22,1610
썸머래빗,2024-07-15,1600
안그린,2024-07-31,1640
도리셉,2023-12-21,1580
박춘식99,2021-10-19,1415
쥐바타입고있는인파,2022-07-18,1427.5
망치로퐁퐁,2021-08-15,1370
블레이드는응애야지켜야대,2022-12-21,71.67
배고픈블래,2022-03-15,1302
등뒤하프로후드려팸,2021-12-06,400
기상술사하려고요,2022-07-07,1415
2일지난우유,2021-07-22,1338.33
아빠등골꺼억,2022-05-09,1370
부끄럼많은생애를,2024-06-09,58.33
변신로봇장수,2024-05-13,1580
악필그림,2022-01-22,1427.5
점프왜이래,2020-09-09,915
등골브래OI커,2024-07-26,1620
민머스,2023-08-05,1415
로0l,2024-07-12,1610.83
루나리스암살자,2024-07-15,1568.33
허예인,2023-04-15,1520.83
룰렛소울,2023-10-17,1415
주노이드,2022-12-27,1100
어마어마한걸,2020-08-23,987.5
엔왕,2022-02-23,130
화가잼,2022-01-28,1455
기태몬,2024-03-06,1540
일산휴니,2022-02-19,1427.5
서쭉호랑이물,2024-07-31,1640
티모기상,2024-07-12,1585.83
은혼,2020-12-30,1041.67
뭐든지미리미리,2020-08-30,915
땅이도,2022-01-12,1445
배매,2023-12-20,1556.67
배앙앙,2024-04-19,500
멸마왕검,2023-12-10,500
주식브레이커,2023-12-22,1558.33
망치p9,2021-07-27,104.17
편거,2024-07-17,1605.83
성실정직신중,2023-12-21,1561.67
Spitee,2020-08-22,1343.33
우산을타고널도와주러왔어,2022-07-09,1482.5
캣츠붓,2023-11-18,1587.5
고고한고창,2020-08-22,400
난민바드요,2021-03-27,606.17
고양이털공,2022-07-07,1415
세체또,2024-07-31,1640
마포구모근도둑,2022-01-29,1430
이웃집싸움꾼,2023-12-26,1580
알콩달찌,2024-07-22,1610
싸우자이기자화이팅,2021-07-08,1340
댠구슬,2023-01-21,1460
붓싸,2022-01-13,1302
함기선의조각공원,2023-12-21,1531.67
죽음은언제나바람과같지,2022-01-22,1370
혀쬬,2023-02-08,600
아뜨레나,2021-08-16,1415
숨결님,2024-01-01,1460
뽀식이랑둥둥이,2021-06-03,1050
워등워등,2024-07-26,1605
전화기로지은건물콜로세움,2023-12-22,1563.33
피스타치오민트초콜릿,2021-04-12,1318.33
연세애린,2023-07-24,1506.67
스트레이키즈,2021-03-18,1325
어느새부터힙팝은안멋져,2021-12-03,73.33
메이지퐝,2022-03-30,960
장학만월,2024-02-12,164.17
짬뽕J,2021-12-25,1302
펭귄맛와사비,2022-08-07,1415
신속캐만하는사람,2023-07-20,1460
무리델,2022-09-04,1370
루인제이나3,2023-12-26,1563.33
군캉스18개월뚝스딱스,2023-09-17,1490
강한주먹을쓰는,2024-06-25,1520
소리궁당장,2021-07-26,75.83
완르,2021-07-30,219.17
정말큰검,2021-05-02,915
오직너만이꿈을잊게해줬다,2023-01-18,1490
워팬팝,2021-09-09,600
FC김한국,2023-05-28,1470
내일소나기,2022-07-07,1460
뮤이니엘,2023-07-21,1415
분노하는가을이,2022-02-17,1302
화살비내리는날,2023-12-23,1520
사마점례,2021-08-08,1340
대마법사모코코,2021-08-13,1370
올데이아가,2022-12-23,1462.5
엉오엉,2022-07-15,1465
서량대기병,2020-08-22,955
호감도상승,2020-08-22,825.33
디스트로이어MVP,2021-11-01,460
와이프가깨기전에깨주세요,2023-08-24,1422.5
소니쇼우정잉레츠고,2023-12-25,1460
짜탕볶,2023-07-09,70
펭일펭이,2024-05-27,635
시봉끗,2024-07-11,1590.83
아가대신키움,2024-07-11,1586.67
잼탄,2020-10-01,915
여정은,2023-10-05,1415
벗훈,2021-10-24,70.83
보라빛향기,2023-12-24,1583.33
크라운산도화가,2022-02-12,1302
큐티실린,2022-06-03,1520
스카곰킹이,2021-07-09,1415
교회오빠의이중생활,2024-04-06,1520
닉넴만들기싫어서대충지음,2024-02-19,1530
세애애,2024-07-11,1595
하리보리보리쌀,2023-09-28,1460
묵직한딱밤뽝,2021-08-12,1357.5
모코코베이컨말이,2023-12-25,1475
루브이터,2023-07-26,1490
뱀두부,2023-11-25,1580
진심수라펀치,2023-12-23,1487.5
조셔맥,2023-10-25,1427.5
엔센디도,2024-05-29,500
팥낫,2024-07-23,1610
히리나아,2021-04-12,1340
둡우유,2022-04-03,1430
동물농장알바,2022-06-06,302
말랑반숙,2023-07-26,1540
아쓰링,2023-07-20,1490
원펀치다이빙,2024-07-12,1551.67
이세계구원,2024-07-13,1600.83
정희연,2023-12-20,1590.83
므룽룽,2023-09-14,1355
포이건슬,2023-12-20,1460
죽여주는편이야,2023-07-21,1460
참봇,2024-07-10,1520
숙제캐,2021-03-10,185
귀여운마우스,2021-12-23,1302
로아태여니,2023-11-19,1546.67
유링링링,2022-02-10,1370
서뫼너,2024-07-14,1595.83
얼슬이,2024-08-01,1640
악몽별,2021-09-12,1480
쿤서,2021-08-11,1505
달은은,2024-07-17,1600
리하견,2023-12-25,1520
잉프피석,2024-05-06,1610
이불속의대검,2023-01-24,1340
단팥라떼,2024-07-16,1610
젤라또체리,2021-03-19,1340
NySn,2021-03-30,1325.83
민첩한발재간,2024-08-01,1640
꾼삐,2024-07-11,1533.33
LeeSeyeons,2023-06-25,302
올림픽공원주차장,2021-09-18,1324
홀리는몰리홀리몰리해,2021-09-18,1302
리프젤리크림,2022-01-29,1445
쭌이커,2024-08-01,1640
택성오,2023-04-14,1355
밥버홀1,2023-12-31,1460
원정팔,2023-12-23,1545
므시따울행님,2024-07-14,1600
비버집줘,2023-06-03,1445
로아시작캐릭,2023-11-14,1415
곰이네도화가,2022-11-05,960
치브리p,2024-06-23,1490
에취나물,2023-06-28,1340
미뉴믞,2022-10-09,1340
기공사홀린,2020-08-22,900
감쟈에유,2023-12-30,1540
울산황제,2024-03-04,1525
비내린뒤,2020-11-16,1325
Daelong,2024-08-01,1640
별바부,2024-07-13,1540
에밤두,2021-09-23,302
니시키아스미,2024-01-29,1555
IS김영웅,2021-09-30,105
큐티바치,2023-07-14,1445
수도자림레이크,2023-11-20,1490
꽃름이,2021-06-10,219.17
본숫,2020-08-23,1010
김세구,2023-07-28,1415
빅카시,2021-09-10,1378.33
소보루호떡,2023-12-23,1560
Bardist,2024-07-23,1614.17
치어리더안지,2023-10-26,1580
토토로드,2021-03-25,1356.67
색칠이댜,2022-02-04,1350.83
동양전통마법소녀김도화양,2024-01-15,55
어쩔잼민이a,2022-07-07,1465
토르젠,2023-07-19,1415
충단조와,2021-12-30,1302
온화한려리,2022-01-21,1302
발로차곰,2024-07-16,1603.33
리코를위한보석,2022-03-14,1355
마아아초오오,2021-05-24,1400
샹마,2023-12-21,1521.67
믹스레몬커피,2024-01-24,70
jayje,2024-01-07,1460
제가홀리는익숙치가않아서,2020-09-20,915
어머나세상에이런,2022-11-06,202.5
주영수,2023-12-22,1340
창술사부,2022-12-27,1467.5
훈정재BK,2024-07-17,1573.33
허연백곰,2021-03-06,1020
에리스쨩,2021-08-02,600
오빠한번믿어,2023-12-20,1611.67
필살꿀떡,2024-07-14,1607.5
주식하다쫄딱망함,2021-08-15,1302
솟구지,2022-06-17,460
huiyun,2021-03-08,1337.5
사랑하얀,2022-07-07,72.5
단조낫,2023-07-26,500
조연정,2024-01-04,1588.33
뿡레이두,2022-09-26,55
미인영,2024-01-13,224.17
빛챤,2021-10-06,1415
성남말랑카우,2021-03-22,1350
거대한장작더미,2023-10-02,1415
기융킴,2022-07-17,1462.5
각자알아서살아남자고,2021-05-09,1352.5
쌍권총맨,2021-08-12,1370
chovy91,2022-09-14,1340
봄형바드,2021-08-13,1302
촉배,2023-09-19,1487.5
홀나빈이,2023-10-15,1415
죽몽이,2023-06-15,134
황혼맛기사,2023-12-22,1531.67
디스프링,2022-05-29,440
앨런컨저러,2021-03-27,1365.83
레이쑤니,2023-03-21,302
SunHuu,2022-01-07,1452.5
심청연,2024-07-09,500
작은아가우산,2022-07-10,1460
burstsniper,2024-02-16,71.67
돌아온몸저씨,2020-10-05,915
끄민,2024-06-08,500
한방에슝슝,2023-05-17,1086.67
관현각,2024-07-10,1585.83
싸그리몽땅,2022-01-24,130
ge51,2021-12-23,1341.67
뛰빵s,2021-09-19,302
끼새개,2024-07-11,1520
IrisRossii,2022-01-27,1370
Null슬레이어,2023-01-21,1370
라비시이,2022-01-19,1460
애쓰는군,2024-01-21,130.83
작살미녀,2020-08-23,1330
킈라,2023-12-21,1482.5
타이키온,2024-01-13,1245.83
팍팍라,2023-05-14,446.67
단네대,2020-11-01,915
설팽,2024-07-26,1595
문릿파천,2024-07-14,1595
유2I,2021-01-29,1005
레지아니토치즈맘모스번,2023-09-06,1415
내래하루주갓어,2023-06-28,1455
여와둥둥,2022-01-23,1467.5
이따커피한잔해요,2023-06-24,1415
SS사운드,2020-11-10,1015
태어나버린힐러,2023-12-24,1460
도로의스트릿퍼,2023-12-25,1583.33
내리막인데왜밀어,2024-07-13,1520
럼블파티,2022-05-02,840
토다닭,2021-07-20,1415
내이름은수경,2024-05-25,500
한번은이기고싶은다진마늘,2024-07-12,1606.67
에리여아,2021-04-26,1371.67
내가바로법사,2023-01-02,145
창달남바절,2023-12-21,1560
SlowArt,2024-08-01,1640
네아이라,2021-04-24,1340.83
부캐열,2022-11-11,302
bsjun7,2023-07-08,149.17
구찌보다찌찌,2021-07-30,1447.5
안성윤,2024-06-22,1520
짱똘정수,2024-07-11,1520
콰강악,2023-12-21,1556.67
먼저가지,2022-12-29,1460
빠르게팬더,2021-12-02,1415
절정끝에발사,2023-11-12,1581.67
스노우백작,2022-02-03,1430
영트로,2021-04-05,1340
당신은죽지않을거에요,2024-03-03,1540
하악하악기공사,2020-10-21,915
아련한기분,2023-07-19,1500
주먹왕마리린,2023-12-22,1460
호떡맛나,2024-02-03,1415
블레제이엘,2021-12-30,1370
금빛다이아,2020-10-04,1302
인기클래스,2021-04-24,1370
바드No9,2022-12-24,1485
하란다고진짜하네,2023-12-20,1462.5
붉은빛의달빛,2024-07-15,1610
임바드임임,2023-12-22,1520
4월의유채꽃,2021-08-27,1302
황나율,2022-01-22,1405
규림렌,2021-07-09,1370.83
아기초콜릿,2022-11-30,460
난쏘울이이떠,2024-01-30,1460
LP9,2020-10-04,915
지페,2021-02-28,900
이치캉,2021-08-18,1400
숙성고등어정식,2021-11-19,1415
Completely,2021-10-12,1445
딜러맞습니다,2024-08-01,1640
캔디크러시사가,2024-06-18,500
창키덜트,2023-06-14,302
Bunzi,2024-06-11,1540
가을이안,2024-01-12,1610
앙기띠,2024-01-07,1460
섹시엔이브6,2024-07-27,1620
발치발,2022-01-21,1302
llcal,2021-07-20,105.83
김새율,2024-07-18,1600
라비내나이트,2020-08-22,1329.17
치킨맛없어,2020-12-27,915
경력직계란셔틀,2023-12-22,1510
리뚝보이,2024-04-05,218.33
라쿤누나,2023-12-20,1511.67
니가슴에한방,2021-07-19,1325
행운의편린,2023-08-06,1415
날것포식자,2023-12-28,1566.67
루윤,2024-07-11,1605
어어수박아닙니다,2024-07-11,1591.67
해토란,2022-07-06,191.67
숴드,2024-05-09,500
도초연,2021-06-13,1344.17
리화양,2024-01-17,1460
여름그린비,2022-07-08,177.5
임돗,2023-01-25,1340
딩현이,2020-08-23,1040
나혼레써드소드마스터,2023-11-23,1551.67
슬레이익,2023-01-20,1460
강스닝,2023-12-27,1582.5
지일힝,2024-07-18,1615.83
귤톡톡,2021-07-18,1100
쭈니스커다,2022-07-14,222.5
임옥순,2021-05-31,1325
박현준해냈다성기능향상,2024-07-12,1608.33
간지나는AI,2024-07-17,1585
홀님님,2023-12-25,1586.67
잔혈을꿈꾸는아이,2022-10-05,125
기상기니,2022-07-18,1490
슈샤버거,2023-03-15,1596.67
민퀴아오,2023-02-21,1460
헤애우응,2021-07-10,1302
무겅홀나,2021-08-29,460
불망둥어,2024-01-11,1513.33
gelIIge,2023-12-20,1520
바드다올쨘,2021-07-09,260
지속회복약,2022-05-02,486.67
섬아님,2021-03-22,1310
위드모,2022-02-14,1302
뭉상곡,2024-07-21,1611.67
포비의저주,2023-12-22,1510
FireRln,2022-05-15,1302
MWFB,2023-10-10,1467.5
l리치왕l,2021-12-22,88.33
한국사,2021-08-23,1370
말랑찹살볼,2024-07-30,1615
니또링,2024-04-09,1520
프도디,2022-01-26,1477.5
맨생즐,2023-06-29,165.83
김막례까르보나라우렁쌈밥,2022-07-15,1460
미르테우스,2022-10-25,57.5
AD상위호환,2021-07-18,1415
에나팡,2023-01-18,1361.67
글레이아스,2024-07-27,1612.5
쾅쾅동,2023-08-29,500
조이빈의릴제노예,2021-04-10,1050
수성구피주먹,2021-12-25,150.83
재빠른꼬꼬,2024-07-11,1595.83
부캐여덟,2022-01-09,1302
부캐넷,2021-07-19,1415
야수같은내모습을바라봐라,2024-01-15,1460
먹물부리또,2023-04-03,1341.67
오렌지먹은얼마나오렌지,2024-08-01,1640
앗뼈때렷어요,2023-12-22,1460
건담전문학사학위,2021-09-14,230
체리고양이,2024-02-02,635
쫌선생,2023-12-20,1580
강중살,2024-01-19,1540
혜조꼼,2024-03-23,500
쁘루닝,2021-08-14,1415
콩자반도아가,2024-07-25,1619.17
생소주,2024-05-08,1520
미술학원영재,2022-01-13,1417.5
엄다11,2024-02-03,1480
구르닌,2021-09-12,1302
PusaCaspica,2023-07-08,1482.5
기상청은구라청,2022-07-14,460
배마레볼,2022-08-02,1460
도구긴급15774333,2024-07-24,1608.33
trinculo,2024-01-11,1485
새우칩맛쿠키,2021-06-07,534
꿀벌의탐스러운엉덩이,2024-01-23,1590
바드한번키워볼까,2021-02-27,502.5
명월수중주,2021-09-01,1340
모코코의혀,2021-03-31,1350
westean3,2022-03-11,1477.5
내버프받아볼래,2021-06-21,61.67
오다가그치는,2022-07-19,1460
말못하는넬라굿,2022-01-27,1475
비둘기튀김맛집사장딸,2024-07-11,1600
꿈꾸는동동,2021-03-21,1325.83
퐁퐁로린이,2022-12-22,1490
초심을찾는오의배마,2024-07-17,1540
청량함가득제로콜라,2023-08-20,1490
지금부터나를소개할게용,2022-01-21,1415
틀빌헌터,2022-03-20,960
어깨운동맛있네,2023-07-05,1465
저무세영,2024-08-01,1640
켈투자드의현란한사슬파티,2022-08-14,460
이게낫에여,2023-07-25,1415
윤고뤠,2023-12-22,1555
쁨삉,2022-07-06,1340
꼼해종,2024-07-11,1610.83
헤머시치,2024-07-11,1600
소울방울이터,2023-07-24,1500
하마방구뿡,2023-09-26,1415
화이트블루레인,2023-12-26,960
성태우쭈쭈,2023-12-20,1460
리웈,2024-01-01,1580
캐릭터이름때문에탈모왔다,2021-01-30,950
에르미디아,2022-04-08,1415
FiestaEdgar,2024-05-12,500
환생민쟈오밍,2023-06-29,1447.5
총잡은청년,2023-12-23,1460
천궁II,2022-07-06,105.17
맹고는맹고,2024-05-25,500
얜크,2024-07-17,1613.33
젠퀄브리엄,2024-07-14,1604.17
하늘의뜻이다하는날까지,2024-07-27,1520
웅이변신안한다,2022-03-01,1302
춘봉의속삭임,2024-07-15,1520
혈마수라결1초식수라펀치,2024-02-03,1340
오랑이브커,2024-05-07,1540
가슴밖은위험해,2023-12-21,1543.33
나공리,2023-12-22,1460
불끄빵,2024-07-10,1520
봉츄부캐,2021-03-21,900
빗스메,2022-01-03,1425
확레이커,2024-07-20,1605
챼아,2024-03-06,1543.33
나르는댕댕오빠야,2023-12-22,1580
호크는뚠뚠오늘도뚠뚠,2021-12-23,80.83
이타적플레이,2020-08-23,264.83
아람코,2024-01-06,140.83
경이로운그믐,2023-08-11,1415
도라안,2023-12-24,1580
기상캐스터가꿈이던잔나,2022-07-10,150.83
찌인셍,2023-02-14,1460
빵디네막내아들,2023-09-14,1420
스피드페인팅,2022-01-23,1460
아니진짜쟤가그랬다니까요,2022-07-16,71.67
버스트좀해제발,2024-01-31,1520
티르루디엔,2022-10-11,1388.33
미소녀인파,2022-08-08,1410
꺼먼흑곰,2024-07-11,1600
절정창술버프좀,2022-08-21,215
덜뾰족한토란,2023-06-29,1355
고사유,2024-06-15,1546.67
연심화,2024-02-05,1450
소서망구,2022-12-25,1498.33
옹씨네총잡이,2022-01-24,1445
TRNT,2021-04-03,1355
준빌,2022-07-07,1460
설꽃길,2024-07-15,1600.83
검정여우야,2023-12-23,1533.33
짬짜볶탕눈꽃삼슬,2022-12-27,960
감귤은죽어서이름을남긴다,2020-08-28,932.5
해물파줜,2021-12-24,1302
가무아이,2021-12-23,1302
응애나애기멘헤라사랑해줘,2023-03-26,348.33
진정해워워워로드,2023-11-03,1482.5
넬라맛있으면우마이,2022-01-01,1340
뺑브,2024-05-25,1540
무천원탑기공,2021-05-15,1370
갓로드R,2020-10-01,1032.5
아니홀나오내,2021-10-09,302
블래이드에긁히는사람,2024-07-11,1595.83
더야라랴,2021-07-09,1302
쩡환영,2020-08-23,940.83
이거는정말몰랐찌,2023-12-22,1566.67
채르핀,2024-01-22,1540
왕빰방,2024-06-13,1250
사신맛이터,2023-09-23,1415
럐영,2022-12-24,1535
큰일은스페셜리스트가,2024-01-28,1540
기상캐스터잔나현,2022-12-28,1460
백돌던지기,2023-04-28,1364.17
들뭉이,2021-08-12,1417.5
홀리책장,2022-02-23,1402.5
망딴,2024-08-02,1640
스터누,2023-11-22,1415
Idylic,2024-04-17,500
해장블러디메리,2022-07-07,1475
아넨느,2022-05-20,1370
백심스타킹,2024-08-02,1640
온돌방머슴,2022-01-21,1520.83
무기우산일까칼일까,2022-07-19,600
살찐양배추,2023-11-08,1490
달빛을머금은안개,2022-12-25,1450
켠왕브레이커,2024-08-02,1640
짱짱해염,2024-01-01,1580
창술나이스4,2023-10-10,1490
대낫아님,2024-07-20,1605.83
주나페카페,2024-08-02,1640
은사리칼잡이,2024-01-13,500
아오슬쌤,2023-01-22,1465
꾸륵로드,2021-08-13,1325
엘리홀리,2023-07-01,1490
Cigaretta,2022-09-30,115
기정이의소울이터,2023-12-28,1568.33
대구의아들김영대,2023-05-11,1482.5
쪼후추,2024-07-21,1590
주먹맛좀보실래요,2024-06-28,52.5
지유빈리퍼,2022-09-25,1400
설화가피어나는곳,2023-06-29,1518.33
워붕이빡집중,2021-01-30,1356.67
됴디,2022-02-28,1445
IF제로원,2023-07-22,1505
선영카단이,2024-03-14,1546.67
워로드쿠로스2세,2021-07-11,1305
두손으로패야제맛,2024-07-11,1521.67
아가als,2022-01-23,1445
어그로좋아,2021-04-05,195.83
일남오녀,2023-12-22,1580
말랑모찌라고,2022-01-27,1400
뀨뀨워붕이와쪄염,2022-08-20,88.33
갑인4,2023-04-24,1490
샤샤라네,2022-02-08,1385.83
서윤이랑,2022-01-12,240.83
치킨발사,2022-01-14,1302
a임하디a,2021-03-14,1050
삼도류야칼안쪼갰어,2021-05-31,1375
인디핑크마미손,2024-07-22,1606.67
너무쪼꼬매,2022-01-25,1495
초롱입,2024-07-12,1600
챙딸깍,2023-12-22,1530
방패는안사신벼루,2024-07-14,1540
개상남자지석,2024-01-01,1571.67
곰곰솔이,2024-03-02,1520
도비는용맹해,2024-07-30,1620
라바토르,2021-07-30,1402.5
쪼마냉,2023-02-09,1460
정권콩,2023-12-24,1525
마수군단부하,2024-05-01,500
뮤일러스,2023-12-21,1580
창작소서,2022-06-19,1415
예뿌지우,2022-11-16,1510.83
고구려제일권골,2023-12-24,1560
지정생존자,2024-07-18,1608.33
아이패드미니,2023-12-31,1520
버로얄,2024-07-13,1592.5
기상청도추리,2022-07-07,1447.5
날씨는핫도그개더워,2024-07-15,1602.5
태양산가람,2023-11-19,1415
안산귤주먹강슬기,2024-07-21,1618.33
눈이빨간사슴,2021-01-28,980
남바절30각들고왓어요,2022-01-22,1500
하옇,2023-02-15,1593.33
분홍꽃잎민들레,2020-12-29,840
개94,2024-01-07,1530
뚠화아가,2022-01-13,1370
선배는응큼해,2023-12-27,1541.67
부스터업,2020-10-04,922.5
지금수행중,2024-07-22,1605.83
엥르르,2024-07-11,1546.67
데런마마,2022-12-29,1460
쿨뷰티부건,2023-02-20,1460
잘큰케인,2023-07-26,1502.5
깝용,2022-07-19,1460
미샬터렛,2020-12-09,61.67
새벽꽃송이,2022-11-12,1535
찔러도피안나요,2021-09-06,1526.67
네구유,2024-07-16,1600
동만보,2023-12-21,1620
쉿쿵,2021-05-30,840
천공의마검사,2023-01-24,1457.5
쪼물락하트브레이커,2024-07-26,1601.67
랏폿난끝내러왔다,2024-07-16,1586.67
홍오요,2024-07-28,1630
슬혜이어,2023-01-18,1460
이태원무성애자,2022-12-21,1340
흥이슬,2023-01-24,1460
박나누,2021-05-28,1405
최총식,2024-04-18,1540
모코코의밤은아름다워,2023-05-16,302
하인방패,2022-07-07,1411.67
진라면짜파게티,2023-12-26,1525
블레란,2024-06-26,500
너만의단백질보충제,2024-07-14,1610
유아소,2021-08-04,1355
초고수땅콩,2024-07-18,1585.83
소영짱짱123,2023-12-20,1520
연갈색기상술사,2022-08-26,1460
강사장,2023-12-28,1561.67
절구탐,2023-07-24,1445
떠도는기억들,2024-07-18,1601.67
짭파이터,2021-07-07,1369.17
흐에뤼,2021-03-15,1365
새콤햇반,2024-07-11,1599.17
igx,2021-04-20,627.5
이가마03,2023-01-19,1370
치망빙,2022-01-10,1387.5
틱또,2023-11-03,1580
흙또,2024-07-22,1616.67
딜힐로스,2022-07-14,1415
은경이볼살,2023-10-10,1482.5
볼애,2020-12-06,1033.33
꿀춘기,2020-10-09,915
김쫄보,2024-07-17,1602.5
구슬손,2023-05-20,1520.83
이번엔잘키울께요,2024-07-23,1611.67
수리야,2023-12-20,1540
츄칸쵸,2022-12-22,190.83
얼굴로바둑두기,2024-06-20,500
리치챔피언,2023-01-21,79.17
집이교통사고나서요,2022-01-22,237.5
나무밧드,2021-10-04,915
윗집층간소음도화가,2022-01-26,1415
놀고먹는날백수,2021-11-23,1492.5
두대건슬,2021-07-22,1302
미로미로야,2024-02-02,90
욬즠족,2023-12-29,1460
도려,2022-01-14,1445
토순별,2021-03-21,1050
홀리Juice,2021-08-15,1302
까먕콩고양이,2024-08-02,1640
날씨요정이기상,2024-07-11,1576.67
키즈카페입구컷당한햄득이,2023-10-29,500
수국칼,2024-07-13,1595.83
베코담,2024-03-13,1415
록키더비키,2024-07-10,1594.17
겜만하는너구리,2023-01-20,1460
라즈베리레몬파이,2023-01-19,1532.5
잠구슬,2023-01-08,302
프냐프냐아,2023-07-22,1415
루이에,2020-08-23,941.67
대빚,2023-09-16,1472.5
우울할땐하채,2023-12-15,1580
꽂아칼,2021-12-25,82.5
엄마울리기,2024-07-23,1600
갈라파고스워북이,2024-06-01,1430
무슬가브레이커,2023-12-23,110
격닝,2022-01-24,802
소중한하프,2024-08-02,1640
천마삼류망꼬,2023-11-27,1540
카드모양,2023-08-27,1493.33
BREAKEREY,2023-12-20,1553.33
모닝돌체라떼,2023-07-03,635
콩단미,2024-07-16,1613.33
타밋,2022-04-15,95.83
MintGo,2021-10-24,1445
Shiicho,2022-02-05,1415
루시우입니다만,2022-12-30,1560
하늘색깜찍이,2024-03-04,1543.33
Ricemozzi,2021-04-20,1360.83
파문전사박춘배,2023-12-20,1536.67
용맹부터바드새오,2023-01-10,1340
로들로들,2023-01-19,1490
히쏨,2024-07-14,1600
카드게임한판하실래요,2022-02-03,1422.5
권권S,2024-07-18,1585.83
곶감화채,2024-06-08,500
초진슈퍼하이퍼울트라남,2024-07-12,1610.83
잘하고싶은아이,2024-02-05,1581.67
치온스1,2021-08-18,1354.17
배틀꼬니,2023-10-19,1465
쟁이빵,2022-01-25,70
송르시엘,2024-01-21,1490
주뚱커,2023-06-29,1420
래빗쟝,2022-07-07,1460
대재호의초거대재호옥,2024-07-15,1460
제로페이,2023-12-21,1460
낫로페,2023-07-28,1415
껸쓜,2023-05-14,1415
추바드,2024-07-12,1600
꿈꾸는냥냥,2021-09-09,1302
그의망치,2021-09-01,1302
뗀샤,2024-08-02,1640
하와와군필여고생쟝이애오,2022-04-04,460
우르르쾅쾅수기,2022-07-15,55
나아앗스,2023-07-28,1440
카단해교옹,2023-12-22,1460
꿀밤의미학,2022-09-21,1592.5
눈공인물,2022-03-04,1370
열심히맞는중,2021-05-23,152.5
망치맛이리,2021-08-04,1400
이나래,2024-01-21,1602.5
로스격,2023-12-20,1513.33
주먹왕기명,2022-12-08,80.83
썐또로,2024-07-12,1525
킬러자몽,2024-07-18,1600
자곡동후니,2023-10-28,1310
사과맛뚱이,2020-08-23,1005
버튼스싫어요,2024-07-21,1608.33
황족아바드해,2021-07-06,61.67
완전럭키비키니시티쟈나,2024-07-20,1546.67
국수빠따,2024-07-12,1600
황구원,2024-08-02,1640
촌장토토마,2022-07-07,1415
레이드갓운영망겜,2020-09-20,915
억까야이건,2022-07-29,1340
Ponberabo,2024-07-14,1563.33
꿀맛캐모마일티,2022-08-05,135
전누마탄,2022-12-26,1460
창술학도,2021-01-29,1042.5
쌍용동화염방사기,2023-07-29,1420
원소박사,2024-07-18,1600
Mark3호,2022-01-25,1302
사슬낫의렐리,2024-07-20,1615.83
BlackDelling,2021-12-26,117.5
고마워힘내자,2022-06-16,1475
홀나탈론,2021-07-14,1370
롤도구11년차다딱이,2021-07-27,1435
섹시한샘,2021-02-13,1365
Dr아지,2024-08-02,1640
봄벚바드,2024-07-24,1590.83
박달동복서,2023-12-21,1566.67
설화창,2024-01-05,1541.67
찌파박,2023-12-25,1555
미네아사히,2022-05-30,802
우주포격,2024-07-16,1610
뇌정지와써,2023-01-13,1472.5
백깜꼬,2021-04-24,1331.67
바니뚝딱,2024-07-11,1575
조선기공녀,2021-03-13,1347.5
도더,2024-07-14,1598.33
심포니아굿,2022-07-19,1480
나나아루,2024-07-11,1598.33
냅다휠체어타버리기,2022-12-26,1340
밍밍츄,2023-07-23,1472.5
띠모홀나,2023-02-03,1346.67
랄라영스터,2023-05-12,302
남파요원,2024-07-15,1610.83
신비로운여우비,2022-07-07,1340
KSORA,2021-03-08,362.5
안녕i나의별아,2024-01-02,1580
쓰쿄니,2024-04-10,1580
조탄국,2023-09-10,1440
제로칼로리돈까스,2023-07-02,1508.33
하트뿅뿅도아가,2022-07-26,119.17
뮤우우즈,2022-01-03,1302
요하요,2020-12-21,915
첼시10,2024-07-01,1520
쪼부깅,2022-07-12,1460
편리한지방세납부방법안내,2023-12-31,1460
나도화가나잉,2022-01-22,1445
일몰에온길을이어,2022-07-06,1462.5
양신모,2024-07-16,1600.83
섀올,2024-01-14,1465
투욱파앙,2024-01-08,1520
빤지니,2020-11-27,870
몽실니케,2023-12-22,1540
그믐아,2023-07-25,1490
갱얼쥐냐옹,2024-07-13,1614.17
망겜부먹중,2021-03-21,945
후이키,2022-07-09,1340
한개라도맥스,2021-12-06,1340
Cendrier,2023-12-30,128.33
nsry안,2023-11-11,1415
빠삐밤,2024-07-18,1615
브커카단,2023-12-25,1548.33
nsry,2023-01-22,1380.83
시로댕,2023-11-06,1583.33
nscry,2023-02-02,1415
nscy인,2023-03-24,1100
키소린,2024-07-13,1585
달려라춘배,2021-10-02,76.67
아찔한리퍼라네,2022-04-29,1370
압착시멘트,2024-05-30,500
류감자,2023-09-06,1472.5
xriou,2024-07-28,1620
봄순수,2024-01-03,1510
어떻게카드가무기냐,2021-08-11,1302
밤동덜덜,2023-05-27,1100
방깎안넣어줌,2023-01-13,1490
라임캔,2022-05-14,1370
버드리셋,2024-07-04,1460
브블팝,2024-07-13,1603.33
이화웅,2020-12-20,932.5
붕레이두,2022-12-22,1415
규쪽아,2023-08-01,1460
카운터압수,2023-12-21,1540
비와바람과햇살의노래,2022-07-12,158.33
천칠십오,2023-06-18,302
천구십칠,2023-01-28,1340
천칠십칠,2023-06-17,302
얌카페인,2022-01-30,1346.67
배달통,2024-07-27,1613.33
iloio,2023-02-08,1485
이모님국밥주세요,2021-03-21,925
텔리포퍼,2024-07-12,1540
난망나니,2021-06-27,1341.67
잠시만키웁니다,2023-04-27,302
비월수아,2024-05-06,1520
예찌땃쥐,2023-02-22,1340
디부우웅우우웅2세,2023-07-25,1485
시링소울,2024-01-16,1536.67
펄루,2023-10-11,1415
페이튼니나브,2022-02-26,1415
왕주먹이운다,2023-07-14,1452.5
혜지서폿담당,2023-12-10,1415
편의점맥주캔찬탈자김동환,2022-10-15,1490
칼밤빵,2024-07-21,1617.5
키워는드릴께,2021-04-24,1341.67
업무협조,2021-05-02,61.67
뇌낫,2024-07-16,1585
느린감귤,2024-07-28,1633.33
피하새우,2021-07-09,1359.17
앞에모코코,2024-07-30,1538.33
도화가는아가야골드줘,2022-01-29,1317.5
오척귀신,2020-09-06,990
유상아,2024-07-14,1533.33
타짜장면,2021-12-01,51.67
뿌룰2,2023-07-20,1415
Martinplace,2024-07-28,1615.83
루루는섹시한누나에옹,2023-02-18,1465
칼든김호진,2023-01-20,1472.5
야생해바라기씨,2022-07-07,1422.5
소울나그네,2023-07-20,1477.5
fdkjasf,2023-12-24,1540
랑짱구리,2024-07-25,1614.17
혜일,2021-03-17,396.67
내콩밭,2022-05-24,1370
멸치비타민,2023-07-01,1467.5
요리조리후리,2020-08-22,987.5
바드소,2024-02-05,1550
대충룩용캐릭이에요,2023-01-21,1445
도발덕후,2021-09-03,1500
리주기상술사,2022-07-06,1340
마나랩,2024-07-10,1540
야방술,2021-03-17,1415
vnfmsqkek19,2022-07-13,190.83
솜방망이냥냥뻔치,2023-12-26,1460
포시상,2024-04-28,1530
귀족희v,2023-01-18,1510.83
시미타리나스,2023-04-29,1503.33
완전럭키만월이잖아,2024-07-10,1520
고X연,2024-07-14,1589.17
비기광기다음은유기,2022-12-24,1460
삥까깡,2024-07-13,1520
매그너스의스팀밀크,2024-07-15,1603.33
우유에이드,2024-07-11,1540
앙마낭자,2023-07-20,1415
권왕윤,2024-07-10,1593.33
로미뽀양,2021-07-24,1325
카와히메,2024-07-13,1600
다비켜다나와,2024-08-03,1640
금빛달연꽃,2024-07-19,1585
네번째명왕결,2021-08-23,1325
기상술샨디,2022-07-30,150
내옆에선풍2,2021-09-30,328
Riven21,2023-12-22,1580
뭉쿠라,2023-07-22,1500
엑셀옆브레이커,2024-02-05,500
형님뒤에숨어,2024-01-11,1460
원소애,2021-08-12,1349.17
파러니,2022-02-13,1462.5
멸치근육,2021-03-21,1332.5
6도아가오너,2022-04-23,576.67
두키589,2021-04-25,802.83
푸릏고푸으른,2023-11-22,1462.5
판우의서폿교실,2023-01-08,1340
메론우유자판기,2021-07-06,1325
여미꾸리,2021-08-26,1415
천팔백연,2021-03-14,61.67
유있는아이유,2024-01-19,1576.67
SalleyGarden,2021-09-30,1402.5
니나딩,2022-01-12,1462.5
하늘달빛구름,2022-07-16,1340
니입술0시원한0빵빠레,2020-08-23,965
유그라드,2021-04-16,1336.67
좋은날만들었다,2020-10-03,922.5
남선아가즈아,2020-10-25,942.5
수유지킴이,2021-12-27,111.67
체리마루아가,2024-07-14,1600
아재의비기,2023-11-03,1620
푹고은추어탕,2024-01-08,1523.33
달서민,2021-06-15,598.67
자스밍밍이,2024-08-01,1618.33
창꼬치소금구이,2024-06-21,1615.83
죽음의향기3,2021-12-28,1302
덜내려찍기,2024-07-13,1602.5
백화난무백화요란,2022-11-13,1460
Marvelight,2022-12-23,1460
마7r레트,2024-07-14,1520
엣홈찐빵,2021-03-23,1316.67
히나히메사마,2023-11-19,1516.67
옆집우나,2022-12-26,1370
황달자,2024-07-13,1585
시리우쓰뚠뚠이,2023-03-21,1561.67
검을쥔스마,2021-08-03,72.5
새직업해보기,2024-07-11,1592.5
안녕효다,2022-07-11,1470
쥬음,2021-03-12,1350
별나라무인,2021-07-10,1302
제주약수터,2024-07-12,1520
트라슬레,2023-12-23,1510
붕붕카드,2024-07-14,1540
또다른꿈속의루시드,2021-04-17,554.17
카본소울이터,2023-07-22,1490
잔혹한모험물약탈자버서커,2021-10-26,1447.5
아니왜구슬을깔았는데안먹,2022-08-16,1570
낭만기사박숙희,2021-07-09,51.67
키암암,2023-12-23,1485
검은기적,2021-01-21,855
그것도캐릭이라고,2021-03-07,304.5
금요일은4시에퇴근할게요,2021-04-30,1340.83
포텐셔리,2023-11-15,1525
바드아린6호,2021-07-22,260
바드아린4호,2021-06-19,1050
바드아린2호,2021-04-24,465.83
벌설,2022-07-12,1340
매우든든하지않은,2023-12-22,1541.67
Ms양이,2023-07-22,1415
헤비레이니즘,2022-07-07,90.83
두부맛쿠키,2024-07-12,1594.17
박춘식7777,2021-12-23,1302
루트파인딩,2022-04-07,1415
고래05,2023-03-07,1371.67
입열면힐들어가유,2021-07-09,1415
새까만롱쓰,2022-03-26,1370
김성회의G식백과,2024-06-02,500
BIARUNA,2021-08-18,1415
그레이프얌,2024-08-03,1640
도화가응애하면도아가,2022-10-24,1462.5
등고르쁘레이커,2023-12-28,1460
파소에,2024-07-14,1520
개미는작아서죄송해,2023-12-29,1558.33
마루는아파요,2023-12-23,1460
타이니텅,2023-12-30,1561.67
야추수호자,2024-07-14,1590
하랑므,2024-07-10,1540
귺넨이,2023-12-21,1470
아크바투르,2020-12-10,920
시작또는끝,2023-11-20,1487.5
도아쭈야,2024-07-12,1526.67
Awes0,2023-01-19,1490
완햄,2024-07-12,1598.33
바삭한통닭,2023-01-19,1516.67
나미힐러,2023-07-25,1415
쌍마,2023-12-22,1548.33
쑘절미,2022-07-18,1340
맹장,2023-12-22,1600.83
계란잘주는너구리,2024-08-02,1620
스나건슬,2021-01-31,1310
괴물흥,2024-07-13,1600
만개양,2024-08-03,1640
디트또먹은곰,2022-12-21,1462.5
힘철,2022-12-21,1460
딜하고오세요,2023-06-29,1508.33
펀치펀치성균펀치,2023-12-26,1515
병아리뒷발차기,2022-06-24,1447.5
물속성롱쓰,2022-07-16,1460
인생은소심,2023-01-12,1340
아아아야야,2021-10-18,1370
이니프렌,2020-08-29,1005
자연재해간다,2021-08-12,75.83
랏폿극혐러,2023-11-15,1600
블랙술사,2023-03-17,1490
아코궁당장,2022-01-13,460
거제도노자산진달래축제,2024-07-12,1616.67
하나로마트감자도둑,2023-07-21,1475
조선유산,2022-03-09,1302
뚱냥이도조아여,2021-12-27,1302
김하므,2023-05-20,1475
테리아오아시스펄주세요,2024-04-21,1490
오메가수에타,2022-02-06,1302
란수힛,2023-07-22,1415
미야미츠미츠하,2021-08-22,1415
배마로강,2024-07-14,1600
츄레라정씨,2020-08-23,916.67
화난정글,2021-02-12,990
버퍼센세,2022-08-13,1462.5
P2ding,2020-08-23,810
쀼흐잉,2023-11-26,173.33
날만족시킬수없어,2020-10-24,1325
치적파인딩,2024-07-15,1593.33
두리안의전설,2021-04-02,1346.67
헤톡,2022-08-04,1370
이뿌다넌,2023-09-04,1506.67
류요희,2021-10-25,1447.5
바드아린3호,2021-06-15,770.83
바드아린5호,2021-06-19,1050
소울잇덩,2023-09-22,260
지으니이름,2024-07-21,1610.83
카나빙수,2023-01-19,1415
마이루야,2024-08-03,1640
heeejjj,2021-05-30,1005
노을빛징버거,2023-02-20,1460
벨타리스,2024-06-16,77.5
비지스스테잉얼라이브,2024-07-27,1606.67
FaneliaDTRA,2024-07-13,1526.67
연유맛누룽지,2022-05-05,466.67
사주역학,2022-02-23,1370
축오달,2024-03-01,1385
빼아악뽀,2021-11-15,71.67
아피트,2024-07-12,1586.67
도태심판일시불결제되나요,2022-07-28,1415
약장수달,2022-09-09,1370
흑멍울,2022-01-12,1302
느낌아는다람쥐,2020-08-23,1017.5
잔별하,2024-07-15,1566.67
호옹잋,2024-06-26,500
펀칵,2021-08-08,150
한방치료종말,2024-07-11,1600
아라여우,2021-03-11,1340
소울이터가모니,2023-12-31,1477.5
쫀하,2022-02-22,1370
얘도화가요,2022-01-13,1302
김치딜,2023-11-15,1490
도아가으니,2022-01-25,600
징베는아이유,2022-01-22,1417.5
기쮸륵,2022-07-09,1460
총총초롱꽃,2021-12-19,104.17
기상은웨덜,2022-07-12,1432.5
리펀데자리있나요,2024-01-07,1520
아몬드너구리,2021-03-14,1355.83
잠자는솔이,2021-07-09,1302
귀찮둥,2024-01-28,1520
에바다축산,2022-07-10,80.83
양배추맥주,2021-11-10,1370
버블나,2024-06-06,1158.33
바붕이임,2023-07-09,1490
애기힐숲,2022-01-14,1355
Apuesto,2023-07-29,1450
고뚜낄,2022-07-07,1500.83
변신대마왕,2024-07-13,1596.67
마스터호츠,2020-12-27,1342.5
배고파힐먹자,2022-12-22,1407.5
리카만,2024-07-14,1566.67
개루e,2024-07-12,1602.5
IIDestroyer5,2024-07-14,1571.67
기애냥,2022-07-07,1447.5
민중의지빵이,2021-08-19,1302
메타몽가,2023-02-05,1415
선선선아,2024-07-14,1560
전포동핵펀치,2024-02-21,1551.67
하루도도,2023-02-23,1592.5
츄룹츄릅보먼주머니,2022-05-03,1100
이코두,2022-07-08,1460
지옥부엉이,2021-08-20,1370
하빌,2023-01-18,1495
꾸러기망고,2022-12-13,1595
주딕스,2021-02-15,1475
사람이좋더라,2021-08-12,1302
국내산대추,2021-05-30,90
야한생각안하7I,2023-07-26,1415
기미역,2023-12-22,1580
라카이서스꼬치구이,2023-03-27,1613.33
강북구타바스코펀치,2023-12-28,1571.67
르머겅,2021-04-07,61.67
호란과,2022-01-21,1325
DevilSaint,2021-01-30,1325
리분망,2023-02-21,1524.17
알파불나방,2024-08-03,1640
망치에사랑을담아서요잇,2021-06-19,1050
빛꽃영시,2023-08-14,1490
평캔없음,2023-12-20,1467.5
잃어버린엉덩이볼륨,2021-01-06,1340
힐잘좀줘볼게,2020-12-26,960
사쿠라아가,2022-03-23,1455
멍토야,2024-01-29,1460
둥덩이,2024-05-12,1540
6시기상예정,2022-08-21,1425
속닷,2023-10-27,1503.33
램띵,2020-08-25,1355
정탄바,2020-08-23,915
남바30찍으면키움,2022-09-15,107.5
땡군이터2000,2023-07-20,1506.67
래번클로머글,2021-01-30,1325
Zl존태연,2024-07-11,1520
깡연진,2023-08-22,1490
결대의희망,2023-12-27,1540
절세미남이승민,2023-10-23,1440
카탈도,2024-07-24,1610
므군소울,2023-12-21,1563.33
냘옹,2024-05-11,1540
롤로노아주니,2024-07-16,1599.17
재부팅율,2022-07-16,1400
마름모토란,2022-04-23,146.67
말대꿍,2021-01-04,915
사신업고튀어,2024-07-11,1520
나가서일좀해라,2022-02-03,1302
스벅플랫화이트,2023-12-24,1510
714,2024-06-28,73.33
더월드의창시자,2021-09-27,1302
오의비버쿤,2022-11-03,1415
호랑소저,2022-03-16,1430
귤목장,2023-07-23,1100
뎽깡,2024-07-14,1610.83
죄송합니다알려주세요,2023-08-26,1415
카드깡앵돌,2024-07-11,1540
팽제희,2023-02-04,1452.5
89ios,2024-07-15,1600
아크툰,2021-03-11,1353.33
라오청,2024-05-05,1283.33
매듭달야옹,2021-05-31,1422.5
털보씨,2024-03-19,1613.33
눈떠보니망나니격투천재,2024-02-10,1585.83
견양EIIII,2022-01-25,1302
PeroSlayer,2023-11-05,1585.83
박하젝,2023-01-19,1500.83
천년묵은장뇌삼,2023-12-25,1485
양파아,2022-01-21,1445
요건배마,2023-10-11,1470
천대표,2024-07-13,1600
슈슉비둘기,2024-02-29,75
습도주의,2024-07-13,1596.67
어디서감,2021-08-16,1302
노예민워로드,2024-02-20,1588.33
칸벤,2023-12-22,1460
칸벤A,2023-12-23,1460
마카로니걸,2022-07-19,1460
가니배니,2023-07-02,1437.5
곡재승,2024-07-11,1528.33
북극곰집사,2023-06-29,1467.5
머리를돌렸는데왜날보져,2023-11-24,1415
맹뚜루미,2024-07-13,1593.33
비오는날출근하는김대리,2023-08-07,80
블레이드미니비,2024-07-16,1610.83
재연콩,2023-10-26,1460
lOIOlOl,2021-05-04,86
하덕꾸,2021-07-18,1358.33
후여은,2022-01-23,1325
설이녕,2023-11-03,1582.5
손짜장수타킹,2022-07-13,1540
따듯한아이스아메리카노요,2023-06-03,1342.5
상시위험,2021-09-25,1385
대물고추,2022-07-08,70
핵스터88,2024-05-17,1385
화가를꿈꾸는,2022-01-13,150
땡글냥2,2021-04-04,173.33
페럼,2023-10-25,1503.33
보석다보낼게다리띠,2023-07-21,1415
지금까지이런디트없었다,2020-11-03,915
델파이현점소이,2024-07-18,1615
뚜루양,2021-08-22,1052
호야레오미이집사,2023-01-19,1465
양계장제비,2023-09-19,1460
치즈소서냥,2021-08-12,130
요호아인,2024-02-13,1600
줭아S2,2024-07-14,1610.83
문다낫,2023-07-23,227.5
정희도,2023-11-19,1515
규정심의위원회,2024-07-13,1540
싸댕낫,2023-08-22,1490
힐해주고파,2021-10-28,1415
I바람l,2024-07-11,1600
MIJIKI1,2022-07-17,76.67
창으로절정보내는사람,2024-06-16,500
THEKING레오나,2024-08-04,1640
당넹영이뭔가영,2021-07-05,61.67
이유식으로닭가슴살,2023-08-13,1447.5
냥냥냥블레,2024-04-03,500
쿠오잡은벌레,2024-07-14,1600
화살수집,2023-12-21,1541.67
건빵햄3,2020-08-22,944.17
으앙흐앙,2023-02-27,1415
멈맆,2023-12-07,1500
초속측정불가,2024-07-13,1601.67
이농리퍼,2022-10-09,1462.5
탱탱아들,2022-05-19,1582.5
탱탱등장,2023-09-10,1515.83
꿀벌을위해,2021-07-04,1407.5
리프졔,2024-07-11,1590.83
다하는거,2021-04-03,1340.83
데모닉가즈아2,2020-12-26,915
꼼수구단,2024-07-30,1620
Kabutops,2021-07-10,1302
도아가도아가어쩌구,2022-07-21,51.67
밍새춈,2020-08-23,1035
야르테,2023-08-26,1465
옥향단,2024-08-04,1640
라리마바렌체,2024-08-04,1640
ISETYNUSI,2022-11-17,142.5
회귀할거면도와가접음,2024-07-16,1605
고똘슬레이어,2023-01-18,1482.5
기홍이형등골박살,2023-12-20,1580
잘주는동네오빠,2023-08-16,1490
슈사라,2021-12-24,163.33
계란과자하나,2023-06-14,1540
다이옥시니시니,2022-09-03,1445
은밀한너굴맨,2020-08-23,1355
남법사왜없냐,2024-07-28,1602.5
X성민존버,2021-01-13,1349.17
스카우터렛트,2021-02-05,1325
배럭될운명,2020-08-22,942.5
이소페테라,2024-01-11,1340
추르빵,2023-07-26,1415
힐문의는DM부탁드려요,2024-01-14,960
브레이커납시오,2024-07-15,1585
F킬라오렌지향,2024-04-19,1541.67
뱅뱅이는엄마애기냥냥이,2023-11-23,1580.83
어둠의의군주,2022-05-05,1316.67
두리뭉시리,2021-07-17,1460
1일1깡금강썬,2021-03-07,1340
동동까스,2021-11-14,53.33
체술좐,2023-02-26,1503.33
길을잃은설표,2021-12-25,55.83
가슴이터,2023-07-21,1490
빨간맛입술H,2024-07-26,1620
고똘버서커,2021-07-28,1415
관악산블레이드,2020-08-26,1012.5
Dionnur,2023-03-13,1352.5
연주하는깐이,2024-01-15,1520
퐁이수,2022-07-19,1445
민초불호마스터,2023-07-02,1498.33
까만콘,2022-01-29,1460
에리토바,2022-12-08,460
밤하늘반짝이는별,2024-07-14,1600
낫악령,2023-09-18,1526.67
봉골레파스타도시락,2023-07-22,1500
빠에트,2022-01-05,1302
저아이는,2022-09-26,1553.33
행복한개창준,2024-08-01,1600
깜장o,2024-07-30,1630
데드샷,2021-11-07,1561.67
마왕최득춘,2023-06-29,1420
너에게시시한기분은없다,2023-10-09,62.5
엘즈비에트,2021-01-30,960
배켄인파,2024-05-08,1520
밀어도안움직여요,2024-07-31,1607.5
하익하는버서커링,2023-01-30,1445
INoEl,2022-06-24,600
키스장인,2024-02-17,1540
아가지켜잇,2024-02-14,1520
hnhnnwrwew,2024-01-27,1580
들판바람,2022-07-12,195
남작리븐,2022-07-13,1340
홀뤼나이2,2021-05-31,1325
몽굿즈모모,2024-05-31,1581.67
여릿이,2023-01-23,1470
김리밓,2022-01-21,1460
치명없는ID,2024-03-01,635
달곰만쥬,2022-06-22,960
폰호붕,2021-05-27,61.67
일러브커,2024-07-13,1560
HustleNgrinD,2024-07-13,1525
전민규오타쿠,2022-02-01,1370
말파리뿡,2022-09-18,260
비타민D2000IU,2023-01-26,1341.67
페퍼로니빵,2021-01-25,1335
모닥불켜주는남자강카넬,2022-12-01,460
먹설호,2023-07-29,177.5
귀여운캬앙이,2021-01-30,915
앵옹코,2021-06-07,565
망고당,2020-11-28,1095.33
후얖,2023-10-05,1467.5
쑤도령,2023-12-20,1580
주륵주륵주륵주륵주륵,2022-07-30,175.83
밖이너무시렵다,2022-01-10,1437.5
BN슈터,2024-08-03,1620
휠체어탄썽우,2024-07-16,1600.83
주먹으로똥꼬긁기,2023-12-20,1510
티모서폿터,2023-08-14,1490
매콤매콤불주먹,2022-05-28,1370
긔요미츄,2023-07-18,1503.33
참치권사,2023-12-25,91.67
뿜뿌뿌뿌모찌찌찌,2021-11-10,1462.5
잘지내자,2023-01-19,1490
힐링음악,2023-06-30,1496.67
라니냐o,2022-07-27,1445
쌈무와파랑새,2021-07-09,1430
냥냥빤쯰,2021-01-01,1390.83
폭염검,2023-02-03,1415
정버프,2023-04-03,1370
하겐다즈뿌링클맛,2023-01-19,1420
곰팡1,2020-08-23,90.83
리퍼만할거야,2024-02-23,500
힘을숨긴키무,2023-12-24,1510
하리딘,2022-07-09,1457.5
잔유연,2024-07-12,1585
진딸깍,2024-07-12,1521.67
하늘을나는클로버,2022-03-16,1302
교향악,2023-11-07,79.17
강멩디,2024-05-30,1276.67
뼈해장국은조마루,2021-12-23,1350.83
촉쵹한초코칩,2023-12-24,1560
알렉션,2020-08-23,900
체술굳,2024-07-12,1600
극신속오의인파,2021-08-03,1460
크레이지소서,2021-11-27,1370
옥이꼬야,2022-08-04,1583.33
스치면바이바이,2021-05-12,1358.33
니얼굴검열,2023-07-03,1445
거너티엠,2023-07-18,1495
민머찌,2021-07-09,1340
이미존재함1,2023-12-23,1521.67
슬레견본,2024-01-29,1234.17
후칸,2024-02-26,1460
하나띠,2021-08-14,1302
해결사가왔어,2021-01-29,1360.83
chicken285,2021-09-16,1370
손도움질,2021-07-25,1415
호수도화가,2022-01-22,1430
고운꽃이피고진이곳,2021-12-02,1367.5
낫무,2023-01-11,1556.67
명이뤼,2024-07-12,1540
로즈해프닝,2021-06-20,275
쓰레기가되고말겁니다,2023-11-04,1500
이젠대들지마라,2023-07-20,1490
리르렌샤를,2021-12-23,55
니코세리노,2020-08-23,982.5
아라트리메듐,2023-10-23,1467.5
FullMooner,2024-01-02,86.67
생연어납품,2023-02-22,1462.5
뿡블레,2022-07-21,57.5
우사니나스,2022-07-18,1460
맛동산홀리22,2023-03-26,302
도심운수,2022-07-28,1462.5
버스좀타겠습니다선생님들,2024-07-18,1570
나도아프긴해,2021-07-09,1333.33
금화조유이,2022-07-19,1460
궁무린,2023-07-21,1500
만월소울,2023-07-19,1490
쨍준,2023-07-22,1490
필뿩킹포든,2024-05-19,1520
건조기,2023-12-21,1523.33
아기점화소서,2024-07-15,1520
탕탕후루후루탕탕탕후루루,2024-05-14,500
인생의묘수,2020-11-08,158.33
알낳는홍시,2023-01-26,1417.5
흑통밀,2024-06-04,500
하코a,2021-05-21,1340
우산애귀,2023-12-26,1510
분노의단과자,2023-01-20,1408.33
평생놀고먹게해줘,2022-12-25,1399.17
뜌라의길,2024-03-18,1520
다진마늘덕볶이,2022-02-10,1435
MonsterX,2023-12-22,1530
갓성비유산,2021-11-20,1420
깡깃,2023-03-04,1492.5
성당다니는홀리나이트오빠,2024-06-09,500
허니버림,2023-06-17,1415
고먐미맛젤리,2024-08-04,1640
건함마,2024-01-08,1322.5
훈이랑,2023-12-24,1475
집백,2023-07-19,1490
LordBell,2023-12-24,1540
머브루,2024-07-14,1600
랑꾸니이,2024-07-13,1588.33
Mound,2021-08-09,1528.33
청깅,2024-07-17,1571.67
아뒤점,2023-11-09,1496.67
바락시,2024-07-21,1600
어디두들겨드릴까요,2023-12-26,1593.33
릴루비,2024-07-17,1612.5
숨고싶은기술스카,2022-07-28,1415
깨월야1,2023-12-08,500
째루인,2023-06-22,302
헬리오SU,2021-07-17,1340
중계청사람,2022-07-07,1415
울어라지옥참,2022-06-07,1385
왈송,2023-12-27,1566.67
속삭이는여우비,2022-07-18,193.33
퍼이설,2023-12-21,1460
감정개물,2023-11-04,1415
웨슬리나우,2024-01-29,1460
리착영,2022-03-17,1302
퉁퉁이의하루,2021-12-30,57.5
분노로가득한슬레이어,2023-01-19,1515
권남e,2024-07-14,1561.67
도연야,2022-01-25,1445
김밥좋아해요,2022-01-24,1420
포덬,2022-10-12,1370
바아드응,2023-12-22,1520
앞잡는정상we,2022-02-15,1302
엔탑창술,2022-04-06,302
욕청도지,2023-01-18,1457.5
빵이a빠,2020-11-25,915
말도안되는상남자,2024-08-05,1640
두가지모습을가진이형누님,2023-08-08,1415
파워이커,2024-07-14,1585
햣슬,2023-11-04,1614.17
팃쎌,2022-02-20,1427.5
도넛펀치,2023-12-24,1460
죄다사용중인닉넴버서커,2021-04-12,1340
천마복서로환생하다,2023-12-21,1460
mozmoz,2024-07-28,1617.5
공아J,2024-06-26,1620
YuuDi,2021-03-13,1050
레인5,2021-05-14,77.5
아가딩글,2023-12-21,1470
언럭키도미,2023-12-21,1580
달소의노래,2024-07-16,1520
천재적화가,2022-07-08,1340
배틀마스터어쩌라구요,2021-09-18,1302
꽝슈o,2022-07-11,145
로만GOAT레인즈,2024-07-11,1585.83
로켓동방패조,2021-07-05,61.67
조수링,2023-07-20,1495
펜리붓,2022-01-22,1302
레이젭슨,2021-11-16,1415
이태리펑,2023-12-20,1540
에으치,2024-07-11,1603.33
Artist람촌,2022-09-25,1370
파견나온담,2024-07-11,1565
리퍼읨,2024-06-10,727.5
산이두개면두산,2024-07-10,1540
뭘로하징모르겠음,2021-12-23,51.67
하락장얼마나버틸수있을까,2024-01-16,1521.67
많이빛나는회오리수류탄,2024-08-05,1640
lii소서리스iil,2021-08-21,1427.5
령이는브레이커,2023-12-20,1570
심스는흰띠,2021-03-18,1050
SummerJoo,2022-02-13,1356.67
인파이터커피,2024-07-11,1541.67
검정색정장,2022-10-08,1472.5
절실한용맹들어가요,2024-01-05,1258.33
오뚝이펀치,2021-02-27,1325
x쿠이x,2023-02-13,1490
뚜잉,2021-09-28,1496.67
수진풀,2023-08-23,1460
홍두깨부인고은애,2023-07-21,161.67
리치는아가야,2022-01-25,1445
소울이터봉라에몽,2024-07-13,1600
theDevilHunt,2021-09-21,546.67
팡이웬수,2024-07-12,1600
대키창,2024-05-07,500
마왕이돌아왔다,2021-09-17,1335
양데렐랄라,2024-08-05,1640
엄청붓질함,2023-06-12,1612.5
구슬드시면안될까용,2023-07-20,1460
고산떡갈비,2020-08-22,915
무사고,2024-08-05,1640
뷰뗀,2022-07-08,1490
큰거온다이랴,2022-01-22,130
아노리이잉,2022-12-27,1460
칼찌마렵넹,2021-12-23,1302
카리나브,2024-07-12,1531.67
그려효,2022-12-28,1503.33
두둥디붕이등장,2022-07-08,1340
SlayerMys,2023-01-19,215
기공수빈,2020-12-22,1005
깅디,2023-08-26,1490
선율의태양,2024-07-20,1623.33
쿠나비,2021-07-09,1302
배마슈아,2020-08-29,915
보배이커,2024-07-26,1611.67
배지기,2020-08-22,927.5
혼우루,2023-07-22,1415
순이꼬꼬마,2022-01-25,1447.5
왕녀출신여전사,2023-01-19,57.5
양세다자기,2023-09-15,1462.5
힙업녀,2020-09-22,803.33
이거보세여어,2024-07-12,1585
일상속천상,2020-10-11,915
델리만쥬맨,2024-05-13,774.17
재깡시치,2024-01-17,142.5
도내최상S급절구통우효민,2022-08-16,1425
Zl존최강검존,2023-07-03,1420
찹찹아물먹자,2021-08-30,1415
홍월초,2023-11-24,1490
꼬기버거,2022-09-25,460
대아느타,2022-07-14,1432.5
토영배,2024-02-07,500
SunSupreme,2022-01-04,53.33
신속정확고급대리,2023-12-22,1460
벌크업파트너,2023-01-04,1415
난앞공격,2023-12-21,1546.67
SIMDONG,2021-07-12,1329.17
잃어버린서폿을찾아서,2024-07-20,1600
리퍼의성장을두려워합니까,2022-05-27,302
아델하우스,2021-02-05,1355
푸시치,2023-07-20,1490
일데카예약,2021-01-29,1037.5
뽀작곰돌,2022-04-26,1370
레이지모드카트킹,2023-01-21,1340
메론to,2022-07-21,1480
이슬서리꽃,2022-12-12,386.67
미장장인,2021-01-19,1340
도동갓,2024-06-27,1580
호라챠,2023-12-31,1460
이브이사냥개,2022-07-07,1490
5번배템,2023-04-21,1417.5
푸딩스프레이,2023-02-07,302
귀하게모셔,2024-07-30,1615.83
저희애가낫을조금가려요,2024-07-16,1606.67
1225호유학생,2021-11-18,1445
봄여어어름갈겨우울,2024-03-12,1460
밤에피는꽃블랙로즈,2021-01-30,1325
환자영,2021-04-27,1385
seopwoo,2021-08-17,900
퀸리코,2023-11-12,500
테노동,2024-07-10,1520
약골광기,2022-11-25,1370
나기누나옆자리,2022-08-20,1395.83
씅게,2024-07-13,1611.67
장화신은쵸파얌,2022-07-07,1422.5
성기사모코콩,2023-12-21,1540
도리다엘,2023-06-12,302
마데카솔분말,2022-01-03,74.17
지나던서당도,2022-02-05,1302
옥수수맛고구미,2023-07-17,1490
따리사장4,2023-01-21,460
퍼플키스,2020-08-23,325
아크라시아모코코시터예나,2022-07-09,1460
성사카,2023-11-27,1415
피자나라둥아가,2022-07-11,1397.5
Breaker5792,2023-12-26,1472.5
땔욤,2023-04-24,95
밍호천,2024-07-10,1587.5
유치원개동산,2024-07-12,1541.67
에레네마,2023-07-28,500
성형실장둥그린,2022-08-18,1340
쑈퍙,2020-10-31,915
잇꿍엣꿍,2023-10-13,1475
청룡혀니,2023-05-21,600
아셀리크,2022-01-21,1430
로또르,2021-09-02,1302
바는신이야절구는무적이고,2021-03-29,900
Aou세린,2021-01-18,1340
도마기상청,2024-08-05,1640
뮤샤,2023-07-24,1513.33
부래이코,2024-07-16,1593.33
나도너랑같은데런이야,2022-09-13,171.67
구실잣밤나무숲,2021-05-21,1340
시나몬크레페,2020-10-19,1349.17
보로포로1,2023-07-01,1415
울부짖어대라지옥참마도,2022-03-22,1302
지정면디붕이,2022-08-09,1397.5
I앨리스l,2023-06-30,1540
힐러빗,2023-08-12,1415
열무비빔국수맛있다니까,2023-12-22,1460
종말의불씨,2024-07-14,1603.33
나울이터,2023-07-29,1490
임미경씨,2024-07-15,1585
뀨꾸만잡는다,2024-07-13,1603.33
칠푼,2024-07-12,1590.83
호미맛모코코,2023-07-20,1477.5
사진카드,2022-03-05,1550
안궁쓰,2024-03-22,56.67
개그치냥,2023-07-22,1500
레나HS,2022-03-23,1370
낫놓고몰래자도모른다,2023-07-20,1415
학교가싫어요,2023-12-27,1585
해머해머님,2021-02-20,1035
세오롱바오,2021-12-27,145
음희,2024-07-26,1602.5
텅스텐도핑,2023-09-29,1415
한비B,2024-01-02,53.33
2대멸족,2022-09-22,460
브라질에서브라질리언왁싱,2021-08-02,70
지건아파,2021-08-25,1302
사막에사는마녀는샌드위치,2023-03-12,1460
이별하기,2024-07-14,1520
오렌지레몬에이드,2024-01-21,1580
독수리솔이터,2024-07-21,1550
더뉴건스리,2022-12-22,1414.17
뒤에서사람죽임,2024-07-31,1613.33
따이디,2024-02-29,1510
섬소민,2022-11-05,1560
이스시,2023-12-21,1561.67
소서리스HG,2021-08-12,1302
기술호랑,2023-11-15,153.33
히동구라미,2020-10-03,902.5
사연의,2023-07-22,1500
수연을줄게,2023-10-01,1415
육두신권,2024-03-11,1584.17
맨주먹으로두부를으깬열쇠,2023-12-24,1510
Cooki,2023-12-26,1480
모르트제,2023-09-24,805
알아서알까드셈,2022-12-27,1506.67
플래쉬유민서,2022-07-15,1460
라스텔라루나,2022-12-22,1340
기상청분석관,2022-07-13,1460
GuJaL,2020-08-22,967.5
섣나흘,2022-12-23,142.5
샨댕,2024-05-18,1460
묘샤,2022-04-05,260
산균스비버,2023-08-15,140
호랑0624,2022-06-27,140
짱슬연,2023-10-03,1415
왘블레,2024-01-13,1580
이쁘둥이성박사,2022-05-12,51.67
총권충,2024-07-12,1601.67
이런광대가,2020-08-22,415
어떻게주먹으로세상을구함,2023-12-26,1580.83
롤빗,2024-01-16,1600.83
초심덕,2023-01-03,191.67
박격포mk2,2024-02-17,1583.33
둥글2,2021-03-27,1314.17
심선생,2024-08-04,1630
소여공주,2023-07-07,1100
모리리린,2020-08-23,862.5
삥빵,2023-12-20,1600
럼노비보석,2020-09-24,325
포실토실,2024-07-19,1610
찌녕이귀여워,2024-06-13,1603.33
서희얀,2024-07-16,1520
눈뽕만두,2022-01-28,1445
추녀죠니,2022-02-06,1370
커다란슬레이어,2023-11-16,1415
나르샤닉변,2023-12-23,1566.67
핑크코트마피아,2022-07-21,1460
날아간다앍,2024-03-30,1585
남성모델,2023-06-14,360
Rules,2024-07-14,1611.67
여황녀,2024-08-01,1620
밥먹는브커곰,2023-12-22,1510
부동산은입지,2021-10-14,1370
구운마카롱,2023-12-24,1541.67
이제는처음이라,2022-12-24,1445
쮸댕x,2021-09-05,1415
89세김춘배의마지막스윙,2023-10-04,500
소서느루아,2024-07-16,1600
헬파티슬레,2023-12-23,1550
홀나네개키우는사람,2022-12-28,1412.5
띠뗵,2023-11-14,1592.5
이열창,2023-06-29,1462.5
경미니,2022-01-25,1415
솔찐,2021-04-17,1050
일단침,2021-12-23,1445
숙코코스프레전문숙코,2022-02-28,1302
슈퍼스타젠틀,2021-04-29,1519.17
로룡,2020-08-23,1345.83
인천불꽃주먹,2023-12-28,1581.67
버프신고,2020-08-23,600
효이,2024-07-27,1600
그리워진길,2021-04-24,534.17
쎄게차도안아픔,2021-03-26,1340
꽁붕,2021-12-23,1302
상현석혁,2024-07-17,1606.67
모자란황제,2024-07-11,1604.17
흑사귀마,2023-12-21,1565
루민창,2021-11-27,84.17
쎄도떼바,2021-12-15,1332.5
망치든머용이,2020-12-07,915
HONG써폿,2023-08-27,1415
아가는당당해,2023-12-30,1525
보끄형,2020-08-22,921.67
사탕준다고오빠들이꼬셔요,2022-01-22,1465
레니카나,2021-07-12,130
빠그빠규,2023-12-24,1540
스피릿세이비어1,2022-02-10,1302
prehand,2022-03-03,1302
홀리t,2021-01-25,1310
힐둘어가요,2023-09-08,1498.33
매너릭,2021-08-31,1417.5
로스트엘리나,2022-02-24,1432.5
폭폭에그볼,2023-12-22,1460
마즐켓,2021-11-10,1430
이름블래,2022-01-21,104.17
도화카단,2024-08-05,1640
구미호아가씨,2021-03-05,217.5
평화동예림이,2023-06-09,1585
귀신면상갈아버리기,2023-12-21,1460
데모닝과맥모닉을,2022-09-13,1465
말뚝딜자신없어요,2022-06-15,786.67
앙망개,2022-11-20,302
내로생에바드라니,2024-03-14,1540
헌똬,2023-07-15,72.5
응원하는민아,2023-04-18,302
Ricardo4,2021-12-10,600
아이폰무상리퍼,2024-02-17,552.5
대검든광년이,2023-01-24,1340
123a,2021-01-11,1374.17
정보보안오홍전문가,2022-12-23,1450
워로드의기본,2023-01-04,1415
마장동한우한석봉,2024-08-05,1640
아이네은니,2023-01-28,1390.83
내몸속의밝은진주,2024-06-26,93.33
동혁95,2024-07-02,1490
도화가카와이,2022-01-21,1370.83
나만왜,2024-07-18,1586.67
육칼면,2020-10-11,915
꿇어라이게너와나의,2023-12-23,1520
김참새브레이커,2024-07-13,1520
증초제,2021-04-10,1330.83
앙큼년,2023-07-21,1532.5
단쭹,2023-08-26,1437.5
도아가기다리는중,2024-07-16,1555
누나한번믿어,2023-01-19,1490
부사관이다,2021-12-18,1370
버블버스트,2023-11-26,1300
하프치는수호천사,2022-08-11,1415
김리밉,2021-02-01,915
풍초밥,2023-07-21,1500
백살공주을찾아,2021-12-24,190
기상마브,2022-07-12,1445
프로미슈,2024-02-03,1555
2갱모,2024-07-31,1600.83
서야노,2021-08-12,1302
모닥불도피차거든,2023-11-04,1100
메론주이스,2024-08-05,1640
nbin4,2024-01-22,154.33
깨엥,2024-08-05,1640
브레이뀌,2024-01-15,1462.5
리복동,2024-02-10,70.83
미니빤치상,2023-12-21,1541.67
섭보명,2022-12-30,1490
파리만팬다,2024-07-16,1540
새로운나를위한,2022-03-04,1302
란두권,2024-05-12,1540
방생회,2023-10-17,1523.33
푸르니푸르나,2023-10-12,1457.5
비브린데이어,2021-06-13,1411.67
도남페인트건,2023-06-18,302
곽국태,2022-07-10,1415
부추아범,2023-10-06,1490
신호올나,2023-07-18,1415
나아님의심니은,2021-09-18,1302
원미구낫든살인마,2023-07-20,1415
브강선,2024-07-16,1612.5
떨어진영혼,2023-07-22,1498.33
아칼리인로아,2023-07-23,1506.67
흑탄틴,2024-07-13,1520
바늘바느바드,2024-08-06,1640
소울치미,2023-07-20,1495
서릿발달빛,2022-12-27,1490
여니삐,2022-04-07,302
데빌헌터를대신할캐릭터,2021-12-26,1450
Egrro,2024-07-21,1576.67
nb디붕1,2023-12-25,1475
아나타노스키나히토,2024-07-23,1556.67
겨우비노,2021-06-03,1415
칵테일맛있어,2021-02-10,915
반죽숙성중,2023-12-21,1551.67
뺠강참새,2022-08-23,1100
버순버섴,2023-01-20,1520
과리나,2021-04-27,1358.33
만월개구리,2024-02-25,1460
흥웃기는소리찐을더주시게,2024-06-19,500
와나리퍼,2021-03-21,1345
세탁요정,2022-03-02,1330
우리잼민이,2024-07-16,1540
씽컨,2024-07-14,1602.5
PRD고추마요,2021-07-07,1302
s레모니아s,2021-08-27,1460
MERIME,2022-05-24,108.33
콩순읭,2022-01-22,1447.5
푸루니치,2024-07-03,53.33
이리뭉,2022-01-22,460
왜그런지알려종말,2024-07-05,500
버터스카치에이드,2021-08-24,1325
대검맛좀보실래요,2024-07-12,1590.83
팽구르,2024-03-29,1402.5
먹물떡튀김,2022-01-21,1370
태종가슴,2021-07-18,1340
하루부터,2022-01-22,1302
몽몽방망이,2022-12-22,1498.33
빛의신Shu,2023-10-27,1415
CIOoOIC3,2022-02-26,143.33
간당간당하게강당에간당,2021-07-31,85.83
강자o,2022-12-26,1470
또레인,2023-12-21,1580
아베스타시아,2021-09-05,302
곰인주,2021-03-22,1362.5
성기사용,2024-02-16,1525
설중백매화,2024-08-03,1604.17
루치쿵,2022-07-19,1370
데이지라떼,2021-07-06,910
붓이영,2023-11-15,1496.67
유화팔이소녀,2022-01-12,1445
페퍼민트모카,2021-07-06,1325
셰레브,2021-06-01,1325.83
인페르니티바르,2024-07-12,1543.33
듬직한여우,2023-07-22,1490
시계태엽순보와나나격,2023-03-14,1340
찌둘,2021-05-27,1497.5
제3군사령관,2023-09-07,95.83
전설의아바타,2021-07-06,935
쥬님한명더가유,2022-12-14,90
작은지슬,2022-01-30,1302
스나이뿡,2024-07-11,1586.67
긍꿍,2024-06-27,1520
라이안시온,2024-07-13,1566.67
꾼이까미,2021-12-05,593.33
누텔라바나나생크림크레페,2023-09-09,1472.5
호텔우산도둑,2024-07-19,1610.83
혐자돌이,2024-07-17,1608.33
홀몽빈,2021-09-03,1422.5
수석어시,2022-01-15,1415
못된짓만골라,2024-07-11,1593.33
지루한개구리,2024-07-14,165.83
리떠비,2024-05-31,500
익스이비,2022-04-16,1302
잘자는워로드,2022-02-01,122.5
흰우유찹쌀떡,2023-12-28,1600
고백합니다,2024-07-18,1600
종말이쁜소서,2024-07-10,1546.67
짭도채,2024-07-19,1605
따큐,2024-07-22,1617.5
오네코,2023-08-21,1556.67
모두의사랑,2021-07-18,1415
홀닥불아임다,2023-09-19,258.33
이세계기사단장,2023-01-18,1490
뭄쟝,2023-11-15,1460
솔련즤,2024-07-11,1596.67
샤런,2024-03-04,1460
삐이인드,2022-07-12,1340
붓칸케,2022-01-12,1370
겨울에핀꽃한송이,2020-08-23,975
오의오윙,2023-12-21,1065
요놈들,2022-01-13,1370
명슉,2022-07-08,1415
창술치사,2024-07-14,1600
홍색유황세균,2021-05-23,1338.33
허어엁브레이커,2023-12-31,1460
배틀마스터막둥이,2024-07-17,1600
한밭도서관,2022-01-23,1377.5
이센들라,2021-08-13,302
Gun5lin9er,2021-04-13,1400
퓨즈득,2024-08-06,1640
뒤로돌아이제내차례야,2022-01-08,251.67
질러야뜬다,2021-01-27,900
다이나믹쭌,2020-10-17,915
도동삿,2024-02-25,1580
주거주거때찌,2022-11-27,1302
좋아햬,2022-04-02,1510
슈모익개꿀,2023-12-22,1580
기남애기백설,2022-08-16,1040
데모닉웨퐁,2022-06-05,460
홐홐3호기,2022-07-24,1460
바드꼬양,2024-08-04,1630
스카우터구려서시작함,2023-03-13,1370
거기징징이동전좀주워주게,2023-12-25,1548.33
나라궁,2024-01-25,1520
풍선껌999단,2024-08-06,1640
워망둥,2023-02-18,177.5
광기용사버서커,2021-07-13,1415
유소보,2023-07-24,1490
인송쟁이,2023-03-14,1340
QbalI,2022-07-06,1340
서을전세사기당했다,2023-12-23,1460
리온고기,2021-12-19,302
뚠뚠블리,2022-01-31,1515
로생의오점,2023-10-24,1610.83
빠르통D,2024-08-01,1615
나는사멸이다,2024-07-14,1587.5
아가쟝의비밀친구휘재,2022-01-12,1370
선공이,2023-10-24,507.5
블젭이,2021-05-15,171.67
해드헌터오징이,2024-01-18,1460
보미나리,2021-04-24,1341.67
생존불가,2020-08-23,1355
기우그,2023-07-23,1490
SUET,2024-07-14,1601.67
꿀꺽장어구단,2022-07-08,1465
먹태칼,2024-02-02,1595.83
플금,2020-12-07,875
칼날곧바꾼다,2024-08-04,1620
실링실링좋아,2022-08-22,1475
탸롬,2022-07-04,302
홀리씌잍나이트,2021-06-09,1325
돌가누,2024-07-15,1603.33
에리스이터,2023-07-23,1490
놀라운이사원,2021-10-19,460
도아가는콩콩이,2022-01-12,1460
곽희나,2023-07-21,1510
왁냥냥,2020-09-08,922.5
케릭터정보열람시주의,2024-06-02,1506.67
뭐든지다가능,2022-07-26,1340
알벳바드,2021-12-06,1415
지민기상,2022-07-06,1485
평타가주딜,2021-05-21,1340.83
크르응,2022-04-20,230
카리아의왕홀,2024-07-11,1594.17
앙즈H,2020-08-23,1354.17
르립,2022-12-26,1515
츄우우,2024-07-16,1603.33
HarpShin,2020-08-22,911.67
춤추는샤갈,2021-07-10,1340
무릉술사,2022-12-22,1460
계승자님,2023-10-14,1503.33
쪼꼬에위스키,2021-08-05,1370
행난나,2023-10-22,1610
김치치즈라면,2024-07-11,1604.17
새콤소울,2023-07-22,1460
따삐,2022-07-12,1370
다카라즈카,2021-06-30,475
레인타리,2022-07-14,97.5
전부다얼마죠,2021-04-20,1005
낫으로패줄게,2023-12-21,1515
나무를주으면우드득하하하,2023-01-20,1460
멘타트론,2024-07-04,59.17
현닝s,2022-08-13,1445
휴랑,2023-12-21,1540
낫놓고기역자도모르더냐,2023-07-25,1495
PTSD홀리나이트,2024-03-15,1620
슬레이어찍먹하러왔음,2023-09-20,1523.33
설화소울,2023-12-13,1500
괴무루쥐,2024-06-23,500
코카콜라제로체리,2024-07-02,500
햄찌의계란계란먹물쇼,2022-10-31,1487.5
밪우,2022-09-26,1430
12월17일수직사태,2023-12-23,1475
찢어지면붙지도않을나이,2022-01-27,1370
BAHAMA,2024-06-20,1550
햇반냠,2024-01-06,1460
범구디트,2021-01-08,1340
소울쯔냥,2023-08-01,169.17
리밤바,2020-10-11,915
앳버,2023-09-29,1415
갈증좋나요,2024-07-12,1593.33
마타화가,2024-07-18,1602.5
베여,2021-03-11,1325
지옥뀨,2024-07-14,1605
김응급,2024-06-06,1581.67
공깃밥3개,2021-02-01,915
임팩트웨이체리맛,2024-08-06,1640
터프둥이성박사,2023-01-19,1490
엘나스소녀,2022-07-16,1475
니똥당나귀똥,2023-01-20,1340
에프타니아,2021-05-09,1335
도하가가가,2021-12-23,1415
올떄월드콘,2021-07-08,1435
MidNightDALL,2021-07-18,500
삐약이Mk2,2024-07-11,1560
응애억제조,2023-06-29,1340
브레이커BV,2023-12-20,1460
돔돔황챠,2021-07-09,1325
해굦,2023-12-27,1543.33
흑돌던지기,2023-05-22,1445
봄도도,2022-01-22,1415
개르닉스,2024-07-16,1585
따끈따끈따슴이,2023-12-21,1553.33
보석바맛없졍,2024-02-09,1520
저주받은각인서,2024-07-15,1600
매콤브레이커,2024-01-02,155
몽노비보석,2020-10-19,802
유인드론,2021-05-16,1325
동노비지망생,2023-08-10,1462.5
사기령,2023-03-15,1340
칠하는아이,2022-01-27,1490
정떠기,2021-07-06,1325
망치춘,2024-04-05,1520
트리시엔,2022-01-31,1445
또화가모야,2023-10-27,1583.33
빵꾸똥꾸뚜기,2024-07-11,1543.33
바키볼레,2021-12-23,1460
냥호블,2022-04-07,1460
꾼쯍,2023-07-03,1475
미친7H,2021-09-27,1325
Chisme,2021-09-03,171.67
리퍼에몽도와줘,2023-03-13,105
만두권왕,2023-12-21,1475
채원묭,2023-12-25,1560
하늘빛입니다,2024-07-19,1600
고양이스페이스,2024-01-20,1518.33
펑지아야시장,2024-07-15,1603.33
까까호이,2022-02-01,1437.5
겨울웜톤,2024-01-05,1510
보라쪼,2021-03-22,900
차라라라창창,2020-08-23,909.17
디디센트,2023-01-26,106.83
이노샌트S,2021-10-10,1445
새우등살,2024-02-11,1580
석도아,2024-07-16,1531.67
솔레여,2023-03-13,1490
전사바리,2023-12-23,1518.33
히히반갑,2022-07-06,1460
얼룩소보루,2022-12-27,1460
쁴혁,2021-05-23,558.33
내맘에핑크가보글보글,2023-12-22,1540
모르판크로의여행,2024-01-13,1520
오더래,2023-12-21,1530
kaitskyy,2021-03-07,1343.33
따끔영,2024-07-29,1615
민트초코리퍼,2022-03-09,94.17
홀려놔,2021-05-02,1005
되는닉네임이뭐야,2021-05-06,1343.33
캣폿,2022-04-12,1385
Breakorc,2024-07-17,1521.67
조따랑,2024-07-15,1610
저마찰,2024-08-02,1600
카드값줘제리,2021-08-14,1302
찌삐,2024-04-13,500
도동닷,2023-10-17,1540
라블래,2023-09-06,1490
댕댕이는멍삐약이는삐,2024-01-07,51.67
s멜론s,2023-09-11,1540
CatSL,2023-01-19,1340
여우비아톰,2022-07-12,142.5
붓들뻔한꼼이,2022-12-09,460
팡쪽이,2023-09-15,1415
레드스틱수호자,2024-08-03,1610
망나니여동생,2022-12-26,258.33
옹퍼,2020-10-04,915
크래프톤응원한다,2022-07-28,191.67
세이킬로스,2020-10-09,1370
배틀페이지,2023-12-23,1576.67
하늘무채색,2023-04-26,1530
생각못한곳에서,2023-10-14,1340
UNMP,2024-07-18,1610
솝드,2024-07-13,1606.67
망고점화,2024-07-28,1555
페퍼엑스펀치,2023-09-27,1460
샤이나a,2024-07-28,1520
회소의존,2024-07-12,1590
치아뽀가각,2021-09-18,1302
한방조무사김병욱,2021-07-09,78.33
지금은소울이터,2024-07-22,1595
핑크주모,2022-01-21,1589.17
세젤귀서연,2023-12-26,135.83
봉난옥,2024-07-12,1600
랭울이터,2024-07-11,1600
만셰리,2021-03-26,1385
Toez,2021-06-17,1330.83
덜덜뾰족한토란,2023-12-25,1580
블랙짐빔,2024-07-12,1600
로켓호빵,2023-01-03,1445
버블안써요,2024-01-22,500
흑당맥콜버블티,2022-07-15,1487.5
여시니당,2022-03-21,361.33
바깥진성,2024-07-15,1612.5
의미나이트,2023-09-16,1415
소울마리아,2023-07-25,1490
우리집왕만두,2024-08-06,1610
구동아가,2023-01-05,1447.5
크로테르,2022-05-08,600
뷸레이드,2023-12-22,1462.5
화염의색채,2023-01-21,1475
할인권7000원,2024-07-18,1600
bit1000,2021-01-30,1340
유먀양,2024-07-12,1593.33
정화싸개,2023-05-31,1585.83
병허,2024-06-15,500
세상에나쁜기상은없다,2022-07-07,1490
마블포스터B,2024-07-12,1600
사대창술사,2021-12-29,1366.67
아웃사이드히터,2024-01-21,1520
아이숔,2023-07-16,1490
슈팅슈팅슈팅스타,2023-10-02,1560
웅토템,2024-07-12,1551.67
mudaery,2020-09-02,975
정열암살,2023-12-21,1460
두키떡보끼,2024-02-15,1600
스페셜아가,2022-01-15,1385
홀붕3,2024-01-15,1594.17
배마조사,2021-07-05,1325
뿅낭만,2022-07-17,1460
짜증대장,2022-12-23,1460
페코리토,2023-12-28,1510
참아봐요,2023-01-20,222.5
낭만가득한주먹,2023-11-28,500
20240614,2023-02-10,55
6lanc,2023-02-08,1480
서울고양이,2024-07-11,1601.67
리얼레귤러,2023-01-20,1490
힐구슬은셀프입니당,2024-06-14,500
브래드데헌,2024-07-11,1595
혁굴,2024-07-13,1610.83
제주밀깡삼춘,2023-01-22,54.17
아카료,2023-10-19,1415
보보루스,2023-12-25,1500
말랑네꾸,2021-11-28,55
소서링이다,2021-09-05,1415
슈샤이어걸,2021-09-05,1370
붕디워,2021-07-09,1315
우린조심스러울필요가있죠,2022-07-06,1340
까먹냥,2020-09-29,962.5
씨스루레이스,2022-07-18,1403.33
와극치에돌대래,2024-05-06,500
리즈kubera,2023-01-23,1508.33
찌폿,2021-12-28,1415
고기먹엉,2022-07-07,164.17
만나꺼,2021-10-28,1417.5
엉둥망뚱,2021-12-30,1325
진라면순한맛에치즈풀기,2024-07-12,1520
블래도리,2021-07-26,1352.5
와녁멍,2023-12-21,1520
하프바드새오,2021-07-18,1325
실렌토,2022-09-08,106.67
민들레화원,2024-07-12,1589.17
샤방아가,2022-01-21,1420
츤츤한별이,2023-06-30,1480
잇히이,2021-08-17,1325
시라소니친구,2024-04-01,1520
마개조기계군단장,2023-07-29,53.33
Rapier3,2022-10-24,1490
댓머너,2021-02-18,802
문찬영이키우는바드,2023-11-20,1457.5
세다아모,2022-07-07,1460
귀여운데미지,2021-04-22,1370
아화유,2021-07-09,76.67
회복실린,2024-04-11,1600
코난용범인,2024-07-12,1595.83
에포나캐러옴,2021-10-04,302
v아는오빠v,2023-06-08,960
어머나세상에이게뭐람,2021-07-05,168.33
Bovington,2021-05-21,887.5
A바,2022-08-11,1445
차이석,2021-03-26,1350.83
무료한일주일,2022-10-16,1460
여우비에홀딱젖은땃쥐,2022-12-21,1452.5
오늘은화화화요일,2022-07-28,820
바드님두등등장,2024-07-12,1548.33
해피한디붕이,2022-12-23,94.17
WIO5,2023-07-20,1508.33
샤인핸드,2024-01-18,960
표왕식,2020-11-03,915
폴로네에,2021-07-08,1302
넷째손녀,2022-06-19,460
다르디앙,2024-04-13,1590
어떻게총으로아크를찾아요,2024-07-18,1610
뀨잉로드,2023-10-16,1580
느그마로,2021-05-23,1005
IroomI,2022-07-07,1415
데모데모뀨,2023-02-08,460
바이스데,2024-07-16,1605
냉바람,2022-07-09,1415
이쑤시개든모코코,2023-10-22,1541.67
로기의길,2024-01-03,1460
도태전태,2022-01-09,1450
재이투더문,2022-07-20,202.5
혜지제로,2022-06-18,1475
거울도화,2022-01-22,1417.5
먀넬라,2023-10-09,1445
전생했더니암살자가된소녀,2024-07-13,1600.83
광기어린탁,2021-01-07,1365
쒜에엥,2023-01-01,1550
뜌띠뀽,2021-07-09,53.33
소울왈츠,2023-07-25,1415
아수라오의,2023-12-20,1516.67
챠쁜,2023-01-08,78.33
라바바라,2024-08-07,1640
영끌해서한방,2023-07-29,1415
nothisone,2022-01-26,1325
칼잔혈,2024-07-11,1585.83
다오블,2022-07-07,1457.5
SD40,2022-01-12,130
기상캐스터비니,2023-01-07,1460
옹졸한펀치,2024-06-10,500
시안테스,2024-08-04,1620
초코머쉬멜로우,2022-02-25,1302
성운을먹는자,2024-01-06,1520
따스한도화지,2022-01-14,1370
mainof7,2021-09-20,1447.5
도아가아이가,2022-01-31,1445
쏘붕이의스치면가는인생,2024-07-20,1611.67
쫘앎,2024-07-25,1607.5
우니초봡,2023-06-24,302
주넌바드,2021-03-18,900
배드에잇,2022-07-30,1417.5
강력왁스,2023-07-23,1415
SANHAE,2023-11-20,1496.67
앙마티야,2024-06-07,1520
신공비,2023-12-23,1565
월달이,2020-10-04,378.33
사비포르,2021-06-13,252.5
데스타키,2022-12-20,1563.33
사이다가필요해,2024-08-02,1633.33
않이마춤뻡틀릴쑤도이쬬,2024-08-07,1640
블레에요블래아님,2022-09-21,1370
실키나인,2024-07-19,1600
젠젠이를바드세요,2021-04-05,98.33
광교날씨는맑음,2023-08-31,1415
키위칩,2023-08-06,1415
평생카드,2021-09-28,302
닥스리버우디,2022-07-25,460
하츠네우리딸,2022-02-23,1350.83
도화가sw,2023-10-17,1475
달콤한소울,2023-07-19,1100
레옹파드,2023-07-19,1501.67
블레이드처음봄,2021-04-13,1340
도화가93,2024-08-03,1620
뿔러스,2021-02-28,95
정크루,2023-09-11,1415
매옹모찌,2024-03-17,1520
베개였던것,2024-08-08,1640
U44,2024-07-16,1620
Xohan,2022-04-19,1325
뻥이래용,2023-01-01,143.33
신항마린타워,2022-09-22,1460
쥬뿜빵,2021-03-07,945
내리그은,2022-01-12,1490
백소곡,2024-07-19,1600
진희블레,2024-07-23,1590.83
MagicalRuby,2024-08-03,1620
윈져웨일,2022-01-04,1445
쩌누x,2023-07-22,1415
저달없는힐셔틀,2023-06-29,1462.5
허곰팅,2024-06-21,500
바닐라데이츠,2024-07-13,1520
딜슐랭,2024-03-21,1520
심플봇,2024-04-17,1100
내가바로항구도시장첸이야,2024-03-30,1275
맹투맹,2021-09-10,1445
달림보리,2022-12-22,1445
크로마틱Harp,2023-12-22,1475
오드유라,2022-01-29,130
싈드쿨이요,2021-03-03,1047.5
건강한언니,2021-03-27,1360
비오네우산줘요,2022-07-13,1415
거유갸루,2021-04-10,167.5
호로관야포,2021-03-30,1310
Vthe,2021-01-21,1310.83
쁘커곰,2024-07-15,1590
낫츄릅,2023-07-22,1415
권지야,2024-02-11,206.67
엪온아,2021-08-02,1302
숟9,2021-10-05,1427.5
울프향,2024-08-08,1640
스케치별,2022-01-27,1370
수고영,2024-07-10,1445
윤홍규버섯농장,2024-07-12,1563.33
권왕박세현,2024-04-10,717.5
리체투스,2024-07-13,1531.67
하아템,2023-01-19,1380
포봅슬레이어,2024-07-17,1550
수라의심장,2023-12-25,1580.83
도토리뭌,2022-01-25,1445
인광미,2024-07-11,1526.67
설탕으로된깡총거미,2024-04-18,1460
실리안서버홀리나이트,2020-08-22,850
편의점2천원우산,2023-09-11,1452.5
아기무법자,2021-07-18,151.67
블낙이,2024-07-14,1595
이거입어블레,2022-01-23,1422.5
모짜코,2024-05-13,1340
모코코핥인사건,2021-06-21,526.67
뿔수리,2022-02-01,1370
끼룩끼룩갈매깅,2021-05-06,1368.33
파라블럼,2023-12-22,1580
델루마나,2023-01-18,73.33
르아메,2022-07-06,1340
멜론망고치즈,2024-02-11,1520
여자라서로아잘함,2024-07-19,1611.67
요즈마네,2021-10-13,51.67
유니크소울,2023-07-19,500
오레가마모르,2023-12-27,1553.33
동키요한,2023-07-17,1490
킹코카콜라,2022-07-22,57.5
공주선주,2022-03-20,600
테리로제떡볶이안산점,2023-01-20,1490
라예쉬,2022-02-15,1406.67
내산내돈,2021-02-03,1325
네버언더에스티메이트,2022-07-15,1302
프로틴부작용,2021-10-11,460
민중eee,2023-12-26,1460
어여진,2022-06-21,802
새싹나나쮸,2022-03-03,1475
비오뉴,2022-07-08,1472.5
바닥조심해,2023-01-21,1450
지잡대음대생바드,2024-07-10,1543.33
조노,2023-12-21,1580
칼로리의역습,2024-07-23,1590.83
따꼼해요,2023-12-20,1611.67
달새는아가야,2023-11-07,1415
힘깨나쓰는,2021-09-26,1415
푸른빛을띄는보석,2024-06-13,1575
상엽이의다섯번째딸내미,2023-02-04,1340
양손도전왕,2023-12-26,191.67
로브커아,2023-12-25,1541.67
쿄지닝,2022-08-13,140
쓴커피싫어요,2022-02-24,1370
huiyap,2023-07-22,1415
훤한소나무,2020-08-22,990
난콩낭,2023-07-22,1442.5
성격이또라링,2022-01-27,1325
니나브스카피,2021-09-09,1302
히틀러가될뻔한미대생,2022-05-23,1385
순이갓,2020-12-13,915
윤윤초,2024-07-22,1520
44년근드림카카오,2024-03-10,1520
서폿지정좌,2021-11-12,802
쁘랑쁘,2024-08-08,1640
돌비의작은우산,2023-07-03,52.5
낫들고뭐하는데,2023-07-19,1490
정여룸,2022-01-21,1460
샤야카사,2024-06-09,1601.67
찬미소울,2023-07-23,1460
교황청,2021-09-30,1460
맵고짜고달고,2020-08-23,859.17
인파화린,2021-03-19,1374.17
DelLennu,2022-10-16,1565
으앙왜다있는아이디래,2024-07-13,1585
폭식아재,2024-07-17,1598.33
길나다,2023-01-22,1370
로악귀스캬,2024-02-15,82.5
소블버,2023-01-21,1580
블랙핑크홀나,2023-12-21,1558.33
서도화가나,2022-02-06,1370
피곤해랑,2024-07-18,1585
무자본백호,2021-04-05,915
떡잎마을명사수,2024-07-12,1610
아미달라퀸,2021-01-30,1325
CloudSker,2023-01-02,1475
추천좀하지마라,2023-01-18,1380
냥구구,2022-07-06,1455
브레이커로가요,2024-07-11,1585.83
배틀마스터펭상,2021-04-26,1340
침착한술사맨,2022-07-22,1340
우다다팟쵸,2022-07-20,540
정신없는망나니,2023-12-30,500
쿵야쿵야콩콩콩,2024-08-03,1616.67
스카도우,2021-10-21,1100
쁠양갱,2024-08-08,1640
별류비,2023-12-21,1580
Zettelkasten,2023-10-19,1415
로디별,2024-01-22,162.5
IDealive,2024-01-05,105
열공하는배틀마스터,2021-08-14,1385
핑크빛주르르,2023-02-01,1345.83
영쾅,2020-08-23,810.83
은서례,2021-04-12,1365
행복브링어,2023-07-24,1490
니모니모니,2022-07-13,1100
소더글,2023-12-21,1563.33
빽환자,2024-04-01,1340
대차월,2023-07-19,1490
새콤달콤소서,2021-09-23,1460
소녀해린,2023-03-13,1490
무너라면,2024-05-18,500
날씨쩐당,2022-07-06,1370
구름물방울,2024-07-22,1611.67
스파르타의망령,2024-01-31,1550
알트하우즈,2023-02-16,1347.5
내망치는청와대기둥,2021-07-09,1415
아리모모차차,2023-08-14,1480
군쿠,2021-04-24,1317.5
그거냄새나나요,2024-07-12,1605
휘노06,2023-12-21,1540
동재동재동재,2022-04-12,1370
해솔별,2021-02-12,935
버스땅사줘,2024-07-13,1600
아픈캐릭터,2021-05-02,1035
서초구사시미,2023-09-20,1415
와인한잔웅로드,2023-09-24,1415
술사딱,2022-07-20,108.33
퉁퉁소서투,2023-11-16,1415
죽이고죽여,2023-05-28,601.67
타샹,2020-08-23,1020
새우깡더블랙,2024-07-24,1595.83
산림청씨앗,2024-07-13,1595
내고버스트,2023-12-28,1546.67
융의각,2020-10-06,915
검성군단장,2022-09-13,1462.5
아름닝,2023-01-18,1500
Blade부산,2021-12-28,71.67
맆태,2024-07-13,1605
케사로,2021-03-07,1400
극한의도박중독,2021-11-06,1006.67
오썬더,2022-12-30,1543.33
쑴기상,2022-07-12,1445
뜨겁게타오르는모닥불,2023-10-04,1415
상소퐁퐁,2022-12-21,1490
널모닉,2022-01-29,1445
피카소의미술수업,2022-01-26,1415
호잇초,2024-07-11,1603.33
천안호두갈비,2024-07-17,1565
카르템포,2022-12-21,1490
요염한냥히,2023-11-11,110
짱션몬8,2022-12-26,1560
별무리고양이,2023-03-13,1490
여기모닥불요,2021-11-21,1415
레이드공략속독한돛학,2021-08-10,1325
제르아드,2023-01-20,1340
누날보는내가슴은슬레여요,2023-12-25,1515
일심쾌도,2021-08-13,600
두두봇1,2021-03-22,110.83
송송구,2022-07-14,1415
신성신성신성신성신성,2024-08-06,1620
풍요귀,2024-08-04,1620
이시런,2022-02-19,1415
무기가안보이눙,2024-04-14,1490
디붕닥,2021-12-29,1415
단씨,2022-01-12,1302
서머너를살,2024-07-28,1613.33
코코넛핏자,2022-01-26,1302
기히나,2024-07-11,1531.67
쿠리린린,2022-07-07,151.67
심플쓱싹,2023-10-11,500
팔라딘입니다,2021-01-24,1325
김람우,2024-07-09,1500
기만경,2022-07-17,1477.5
쁘람쁘,2023-01-18,1585
느트,2024-07-15,1598.33
텔쪽이,2023-07-11,1477.5
초코비도둑의모험,2022-12-30,57.5
북해빙궁제일검후윤금산,2022-01-28,1452.5
한들우,2023-09-18,1415
쿠크세이튼의쇼타임,2022-10-23,302
나는베맥임,2024-01-01,1573.33
모자람이없는최대리,2024-03-14,1595
아니슬레이어님뭐해요,2023-01-18,1467.5
희은이,2023-12-22,1611.67
임금님수라상받으세요,2024-01-22,1460
아따왜이라여,2024-08-08,1640
별박사,2020-10-19,915
브리에커,2023-12-22,1460
삭제당하기싫어요,2023-08-31,1415
반상회,2024-01-01,1487.5
구스케,2024-05-19,1100
서희브레이커,2024-08-08,1640
양고기는냄새가너무나,2021-03-21,900
s깜순이s,2021-04-05,1325
사신경밍,2024-01-02,1520
a티카,2023-07-28,1437.5
딩글c,2022-08-13,1452.5
렴법사,2021-12-23,170.83
춤추는브로콜리,2020-08-23,987.5
다봄x,2023-12-20,1560
천공의신인드라,2023-12-23,1546.67
따봉뿡치,2024-02-13,1460
배끄빠끄,2024-08-04,1630
소울띠터,2023-07-25,1415
캐앙이,2022-02-25,1520
여눈,2023-12-21,1521.67
가나디공주,2024-07-16,1565
뺘순이,2024-04-11,1460
뢰루릐,2021-02-27,1005
C7CT,2024-07-20,1585.83
살아남으리랏,2022-01-30,1435
석류주,2024-05-17,1608.33
찐스소울이터,2023-07-26,51.67
키카블,2023-12-25,1543.33
사광,2023-12-20,1580
여우볼따구,2024-07-11,1600
만년기공,2022-12-02,302
수정과한잔,2022-03-16,130
분도화가,2022-01-31,1445
좋킹,2023-12-21,1460
넬라공주님,2022-05-23,460
악녀다솜,2022-05-15,500
데런막내,2020-09-30,917.5
버스트로콰쾅,2024-07-20,177.5
엘라지니s,2020-10-13,917.5
라이플개선,2021-12-23,1415
바람의실피드,2023-12-22,1580
미닛메이드키위,2023-12-29,1460
민영공주님,2023-08-08,1475
KK크,2024-08-09,1640
정사장,2022-02-08,1415
꿀찌,2024-07-13,1520
서밈재,2024-07-13,1600
AMURvolk,2024-07-14,1600
갓빙오,2022-10-06,373.67
대나리펀치,2023-12-25,1540
부적써드려요,2022-01-26,1450
축포쏠게요,2021-09-21,1415
우산술녀,2022-07-06,1490
억모너,2021-03-20,1310
피치라거,2023-05-28,135.83
핏빛리퍼,2024-01-12,1526.67
따뜻한빈이님,2022-07-13,1465
위빙랩터,2023-12-24,1561.67
온지유,2022-11-11,1447.5
나는예리,2024-04-18,122.5
링코도,2021-02-21,1042.5
우지직꽈지직,2022-07-27,61.67
찍먹냥코,2024-07-11,1591.67
수빈이가지켜츄,2022-12-23,1385
오레오백설기,2021-04-12,900
에이블리지그재그브랜디,2023-06-13,302
내계란이따뜻한이유,2024-02-26,1550
붕어유랑단,2023-01-19,1490
김도베르만,2024-06-19,52.5
본캐가너무약하다,2021-03-07,880
배수딩,2022-09-26,1551.67
Il영월Il,2024-07-16,1545
포항hs,2020-08-23,1358.33
뇽뇽한아침,2023-01-20,1415
울서폿도화가,2022-07-15,1370
다크블러드배마,2021-03-21,1325
새결이는속상해,2022-07-09,1392.5
패턴도잘해용,2024-07-12,1525
일자리좀주세워오,2024-07-19,1555
규타리나,2021-12-31,1425
우리그만하자,2024-08-09,1640
오이쁨,2024-08-09,1640
꽃불꽃,2022-01-21,220
이상한청포도,2022-05-30,1370
갈수밖에,2024-07-16,1611.67
펩허로닝,2021-08-31,1302
야인멘무사시,2024-07-11,1585
모코코튀김우둥,2021-03-21,1325
남원시내리,2021-07-12,1302
중력왕자디트공주,2023-12-24,1561.67
손의지,2022-12-21,1470
빅존트라볼타,2024-01-20,1475
동글동글토심이,2024-07-15,1591.67
수고하,2023-03-03,1540
돈칸,2024-05-18,500
수비드개발자,2023-11-19,1427.5
백종원체술볶음,2022-07-20,600
아이스망고맛,2024-04-24,1520
투명물감,2022-07-25,177.5
동원공예,2024-08-09,1640
어서와스커,2023-12-27,1475
창민지지지,2022-09-22,1400
체술지표밑잔밑강으로올림,2024-07-15,1600
멸린말치양근당파,2024-07-12,1563.33
쌘곽곽곽이,2023-12-26,1540
구구삼삼삼,2022-10-23,60
QWER고민중독,2024-04-30,1520
무력안넣는워로드,2023-03-14,1415
조디악십이신,2020-08-22,960
슬레이어이없어,2023-01-19,1460
스트라잇꺼,2022-05-06,460
티어4모닉,2024-07-16,1595.83
병풍도화가,2022-01-12,1373.33
언더헌트x로스테일러,2022-11-24,1565
저잘합니다진짜,2023-07-21,1510.83
데헿햏,2023-06-29,1250
그리라드,2021-06-25,475
흐려진그림,2023-12-21,1510
아무튼찍먹중임,2022-01-02,1415
대충키운디붕이,2021-11-30,302
대충생겨먹은블레이드,2021-08-30,107.5
냥이의오르골,2023-12-21,1570
왔도,2021-12-23,1309.67
아그야민국이들고와라,2024-07-24,1600
내도화가도화가나,2022-07-12,1460
마도산반달곰,2022-08-27,1340
냥냥판치맛집,2022-07-10,1490
레몽맛레몽몽,2023-01-18,1405
로즈센티포리아,2022-03-01,960
남바30,2022-03-15,1370
넬라베리굳,2023-12-22,1580
스몰스코어걸,2022-01-26,1370
꼬드러웡,2024-01-03,1570
악마하늘구름,2021-02-05,1310
달콤한음률,2024-04-12,1490
초코쵸코콩,2024-07-12,1556.67
어쩌다이게,2024-07-14,1609.17
창든모코코,2021-01-30,885
스이z,2022-07-06,1340
또또동까,2023-08-08,1475
소울이한칸,2023-07-20,1415
앤티엔즈,2022-07-17,960
낭만창술창진이,2023-12-24,1526.67
뿌뿌스리,2024-07-20,1595
나의가호속에서,2021-06-27,1407.5
너를내가도아,2023-10-31,1490
마싯는크림,2023-08-26,1415
반찬전사,2020-12-08,915
나작바말고나작워할랭,2024-07-16,1548.33
예용이,2022-07-15,1506.67
mandu08,2023-08-05,1415
니나재뽕,2024-02-09,1480
SweetOnYou,2024-07-14,1600
빅잉음,2024-06-19,1520
도화다꾸,2022-01-14,1430
icee1,2021-03-06,1333.33
데모역기,2024-07-14,1601.67
23UN,2022-01-23,1325
더블쿼터파운드치즈,2024-04-13,1595
섬딱제조기,2022-02-11,1420
김가을H,2023-04-19,60
귀엽뜌,2022-01-21,1385
냥냥바드냥이,2022-02-04,302
네마음에버스트샷,2024-01-10,1520
디카페인주세요,2023-08-13,1422.5
여너몽,2022-12-21,1490
호왕의길,2023-12-20,1540
쫑쫑토끼,2023-07-21,1490
아싼다티나짱,2023-12-21,1583.33
지민카드,2022-03-29,1546.67
논리왕이총쏘면타당타당,2022-07-11,1415
뽀하뚜,2023-09-13,1445
개준우,2021-05-09,1487.5
울샤샤야,2024-07-20,1585
한성무접점,2024-01-30,1543.33
량귀비,2021-03-08,950
회색에,2024-04-16,1507.5
억교수,2021-08-14,1302
독실한크리스찬베일,2020-09-18,825
스떼른,2021-04-24,1340.83
모두고생하셨습니다,2021-07-10,55
십연발,2021-10-04,1400
봉난로,2021-12-23,1302
라티뇽,2023-09-20,220.83
경린97,2024-07-12,1523.33
치즈버거6,2024-02-01,1520
카나나아에,2024-07-14,1591.67
방패잘들어요,2023-08-07,1415
개하서,2021-08-13,1370
취향타는아가,2024-08-09,1640
DMMK14,2024-08-09,1640
훅훅슉주먹소리랍니다,2024-01-17,1520
조성현입니다,2024-01-06,1460
진이라,2024-07-26,1609.17
어허말하면안댕,2023-07-29,1487.5
지금12시30분,2022-10-08,960
저친구창비어있어요,2024-08-09,1640
두가지마법,2021-08-12,1302
홀트리나이,2021-11-21,1325
갓냥삐,2024-07-15,1520
다시마매직,2021-08-12,1302
뿌라디붕,2022-09-09,1460
으앗킹,2021-07-09,140
제타쿤,2023-07-20,1415
죠세쁘죠스타,2021-09-13,600
도박중독상담1336,2023-12-23,1578.33
엄근빈,2024-03-12,1556.67
사이타마콘티넨탈,2024-03-16,1521.67
수호와바카,2020-08-23,916.67
엄정면농막브레이커,2023-12-22,1540
태무림,2024-03-25,1520
비오는날은해물파전,2022-12-17,302
돌구의발냄시,2023-04-29,302
슬픈눈을가진노인,2021-08-10,1417.5
의무병왔습니닷,2023-12-23,1460
역겨운데런년,2021-10-05,140
참이슬향,2024-07-03,500
진보라우산,2024-07-15,1600
산양바,2023-01-05,1304.5
스러플오틱스,2021-07-23,1363.33
작고귀여운참새,2022-01-21,1475
피빨강마틸다,2022-03-03,1460
소리지르면힐함,2021-05-29,1005
퍼런요정,2021-10-08,1314.83
얀이는타닥타닥,2024-07-03,500
소울아화,2024-08-09,1640
Shubavila,2023-01-20,1460
이소룡의후예,2023-12-27,1490
연꽃이피는,2024-08-09,1640
하프음표뭉치,2024-07-13,1575
매탄동팔콘펀치,2023-01-02,1447.5
야미노유쿠찡,2023-07-22,1415
신다냐,2023-02-19,107.5
RiaRonE,2023-07-23,1450
깅하뮹,2024-05-21,500
링gggg,2023-02-06,1490
주먹질하는수빈이,2024-07-15,1490
크리스마스미니핫팩,2023-12-20,1482.5
인형꾸러미,2022-01-18,1325
라이플들고굴러,2022-02-01,1334.17
콘크디트,2023-11-04,1580
친구하고싶어,2022-11-13,1100
달걀이욤,2023-12-20,1460
네동료,2024-08-09,1640
엘라니마,2021-07-05,150
그대의첫사랑,2023-07-03,1500
대형고추절단기,2022-12-30,1370
못배운집자식,2020-09-19,900
롤로노아한정우,2024-06-20,500
BallsBreaker,2023-12-24,1583.33
사탕처럼,2024-07-14,1611.67
김구쯰,2024-01-27,1520
낫쁜딸,2024-03-24,1460
둑희둑희,2020-08-22,905
런런런리퍼,2023-12-27,1580
뚱뚜루뚱보,2024-08-09,1640
밳설기,2023-12-23,1510
해운대왕비님,2023-10-23,1601.67
피에타,2024-06-09,500
블러드앨프,2024-08-06,1616.67
치브존맛,2024-08-09,1640
재주냥,2024-07-17,1600
모코콩패밀리,2024-07-11,1541.67
SweetCoca,2023-07-17,1480
킹힐바드,2022-12-26,1460
명치잘치는아이,2024-01-04,1490
민뎀,2024-07-15,1600
핑크공쥬의사랑을담은낭만,2024-05-24,500
저랑무기바꾸실래요,2021-12-26,1302
예두해,2024-06-15,1250
화련한불꽃밤비,2024-04-06,560
핸우,2024-07-12,1520
아라소서리,2024-08-09,1640
oI기상술사lo,2024-06-18,500
산딸기젤라또,2022-01-12,1325
LikeTheHail,2022-11-30,302
쨩몽,2021-08-19,1500
상냥한그녀y,2024-02-21,1585
천아기상이,2022-07-07,1400
물약먹었더니절구,2024-07-12,1600.83
아이니에요,2022-03-04,1306
표순옥,2024-07-14,1520
감사콩하면계란낳아요,2023-07-25,1493.33
다부진루돌프,2021-05-28,1397.5
뱀프,2023-01-20,1520
버거이터징버거,2024-01-10,1566.67
붓은무기가아니야,2022-01-25,1373.33
목욕탕집누나,2022-01-13,1415
지드로,2022-12-12,302
뜌얀,2021-03-14,915
오른손엔공포왼손엔절망을,2023-12-27,1580
베니스콘,2021-12-05,1415
라크샤사,2023-12-20,1467.5
지컐,2023-08-04,1415
티리안s,2024-02-10,1540
괴수8호김재표,2024-07-12,1591.67
아르로카나로버텨라,2022-01-23,1475
도담뀨,2023-12-23,1482.5
92세거봉식의첫손녀,2022-01-23,1447.5
Spaderesh,2021-10-10,460
황사단검,2024-01-01,1520
서운한시금치,2023-07-19,1490
약취,2023-12-20,1541.67
암살자은실,2023-12-30,1551.67
꿀주먹창술,2023-07-13,1415
파오우르무,2024-07-14,1520
Papacard,2024-01-09,1485
혜e,2024-07-13,1590
조홍나,2022-12-25,1490
리가르데런,2023-07-30,500
다에르마,2020-10-19,915
팡팡배츄,2023-12-28,1580
외식맛있지,2021-08-31,1415
레맛1,2023-12-27,1566.67
적립식주식투자,2022-08-02,1415
형우의호흡,2021-05-10,925
앵두파,2022-06-17,140
광이유,2020-10-02,1007.5
바드in,2021-08-06,802
행동하는양심,2024-07-16,1603.33
Balentina,2023-07-19,1460
ll그믐달ll,2021-07-06,61.67
핑핑이는핑핑해,2024-08-04,1620
묘연미,2021-08-12,1370
화이트스크린X,2022-07-07,1460
우체국우유보관함도둑,2024-03-17,500
다다당한다다당,2024-08-10,1640
더모s,2021-08-12,1302
JOJAC1,2021-04-09,1372.5
딜로이트,2020-09-18,920
배마히르,2022-09-23,1350
한판우산,2024-07-15,1613.33
프부,2023-04-20,1465
데은동,2022-03-27,1417.5
억제마하,2022-04-30,600
슬홍비,2023-01-19,1340
은빛백로,2024-07-19,1605
최백균,2024-07-27,1610
마카롱서포터,2021-07-05,61.67
휸기루,2022-07-09,1340
긴꼬리아메리카너구리,2023-01-20,1340
쵸죱춉춉,2024-07-12,1600
계란서비스주는분식집아가,2023-02-26,1340
5일장강냉이절도범,2024-07-13,1587.5
일렉트로닉,2022-07-19,1585
여차하면통통튀기,2024-07-12,1585
애니츠작은오빠,2023-12-22,1580
아가꼬꼬타르트,2024-03-16,1100
옆집3대500헬창누나,2023-01-30,1340
다힝구우,2022-02-18,1430
Rainbb,2021-08-12,1302
금강로드,2021-04-30,1340
아오지츠카사,2022-12-22,1460
건슬빛,2021-01-28,975
바드구덱,2021-12-14,1373.33
엉덩이딱두대,2024-07-12,1587.5
브레스피해요오오오오욧,2021-01-21,975
인류최강의사나이,2024-08-10,1640
샤니크로사,2024-01-27,125.83
하프콤,2023-06-30,1250
무투패,2024-03-17,1460
아가터,2024-03-24,1582.5
말랑빡이,2023-01-19,1410.83
bosomi654,2024-07-21,1602.5
검정너구리,2021-12-24,1450
폭열각의고수,2021-03-21,1302
도아가는아가가아니에유,2022-01-22,1526.67
삼류삼도류,2022-02-20,1330
럭끼푸르니,2024-07-14,1530
하철이,2024-07-13,1540
이거버섯아님,2024-07-23,1586.67
liwush,2021-09-21,1415
암살세자매막내,2021-09-06,1302
이웃집도화가짱,2022-01-26,1370
똥그링,2023-12-21,1487.5
오늘비온댓는데,2022-07-08,1340
안리후,2022-07-07,1370
재택슬레,2024-07-12,1540
비빅슬,2023-01-26,1495
밥아가씨,2023-12-22,1520
달동네물펀치,2021-05-30,520.33
스달,2024-07-14,1600
주먹쓰나미,2022-12-27,1340
히키리G,2021-04-14,1325
화가잎새,2022-12-30,1513.33
Type칠사,2022-02-06,960
오나의사또나으리,2022-11-26,573.33
MikaQueen,2023-07-21,1500
여기책임자어디갔어,2024-01-23,1520
꽤빠른다람쥐,2022-07-12,130
면진몬,2022-03-14,1370
체리타크,2023-12-25,51.67
강이운,2023-12-21,1580
로아자리스틸전문가이만희,2021-04-12,86.67
바드몰,2021-03-22,238.33
0I태백,2024-03-16,500
살육의시간,2023-01-19,1370
빨리사세요,2022-08-01,259.17
별보다빛날거야,2023-01-20,105.83
홍서연,2024-07-18,1600
샤이넬,2024-01-28,1523.33
득득이마을3,2021-08-12,1302
말랑한망곰이,2023-08-28,1585
로아온우산도둑,2022-07-08,1460
gold핸드,2023-12-22,1582.5
ooEVANoo,2022-08-26,1370
S2유니S2,2024-02-22,1601.67
빙그레새우깡,2024-07-28,500
캬라멜화이트라떼,2024-06-16,56.67
디미과김경민,2024-01-01,1521.67
주디브레이커,2024-02-23,1540
치킨용소스,2023-12-25,1545
숙제로봇1,2022-08-16,1501.67
영원의혼돈,2024-07-26,1585.83
까마귀신부,2022-05-18,1020
삼두사평타싸개,2021-12-07,302
츠네화가,2023-10-18,1595
쟁이주의보,2022-07-19,1500.83
자워로드롭,2022-04-02,1344.17
내가가용,2022-07-20,1462.5
재이꿀,2022-12-29,111.67
아들딸힘내,2022-01-27,1447.5
뚜나모,2021-07-06,350
칙찹쑉,2022-07-21,1477.5
시름시름앓음,2023-12-31,1530
태성초이3,2024-07-16,1100
세상을구하는삼도류,2022-07-09,1467.5
맛소맛이갔소서,2021-12-23,1302
윗집아재,2021-03-27,1355
세오이터,2023-07-21,1490
맛만볼꺠요,2021-03-22,1325
mojeong,2024-07-10,1520
지싸,2024-07-14,1596.67
Soulcollectr,2023-07-22,1480
영원히빈,2023-07-21,1500
Versachi,2022-02-22,1368.33
반월연,2022-07-06,1415
호에놀라,2022-02-17,1370
랄부커,2024-07-11,1610
코크팟,2021-03-20,1370
웡도류,2021-12-25,90.83
로헨델주민,2021-06-19,65
노랭이어,2023-01-21,1430
버스공제,2021-08-20,1370
나는건슬임,2024-07-18,1596.67
민트찹찹,2021-12-24,1302
COINAGE,2024-06-17,195.83
마포구사시미,2023-09-20,1415
연노랑씨,2023-01-19,1415
아장술사,2022-07-08,1475
요거트스무드,2022-02-27,1302
블루베리요플레,2024-07-16,1545
섹시한비온향,2024-07-15,1600
말랑제비꽃,2020-09-30,1045.83
브레이커재밌냐,2023-12-21,1550
유아에오,2022-04-29,1445
해풍월,2022-07-09,57.5
달빛스민,2023-12-26,1550
호로쇼,2022-02-04,1370
소서왔츄,2021-08-12,1325.83
도아가는화가가꿈이에요,2022-01-12,1440
제레슈나,2021-03-27,1338.33
달콤달콤요카,2023-06-29,1415
어이쿠바드,2023-12-22,1581.67
감시해,2023-01-23,1475
도아가애교,2022-02-01,1370
IRIWarload,2023-12-23,1580
팀워크바드,2021-09-21,1460
물방울떡자판기,2023-08-12,187.5
자애의바드,2021-04-26,1360.83
배배부,2023-11-10,245
지존건슬오너,2023-12-30,1520
건슬전문유저,2023-12-29,1520
하늘과푸름,2023-03-11,1415
나만때릴꺼예요,2023-02-10,500
불백악개,2021-09-17,1349.17
샤딘,2022-07-08,1543.33
미즈도아가야,2022-01-15,1460
캬팽,2023-04-28,1100
오라오라오라시켜줘요,2023-12-20,1510
곳간도깨비,2024-07-16,165.83
지구에서제일강한남자,2023-01-02,1460
묭이네1짱,2023-11-05,53.33
소울이닼,2023-07-23,1510
명탐정석장미,2023-01-09,1415
i슬레닭i,2023-01-26,1362.5
슬레이어대세,2023-12-20,1580
해물뿡,2024-08-10,1640
푸른달과흰구름,2020-11-30,61.67
앙기스킼,2022-05-10,51.67
하프아넬,2024-07-11,1611.67
내이름은유기당해버렸죠,2022-12-21,1435
백어택치는수라,2024-08-10,1640
나여기있어요살려줘,2021-07-16,1376.67
룹페옹,2023-10-03,140.83
모짜레라,2020-11-07,923.33
곽마인,2022-08-23,74.17
KongHana,2023-01-21,1520
서리의시리우스,2024-07-14,1615.83
카구야님은낙서하고싶어,2022-07-14,1370
쐈다머포,2024-07-16,1558.33
퓨리메,2024-07-18,1546.67
악마의꽃아우쿠소,2021-08-19,91.67
여우본능,2023-11-12,1506.67
히메컷이조아영,2024-07-08,500
세니딴,2021-07-09,1325
경성함바드,2022-01-31,1430
Sul이,2023-04-29,1490
매일이썬데이,2024-02-08,1540
히희희히히,2024-07-16,1600
윤애겨,2024-07-15,1600
방패만땅,2021-05-09,1325
스위티콘,2022-12-24,76.67
맛있다붕어빵,2023-01-18,1437.5
햩브레이커,2023-12-26,1590
가슴S2,2024-05-29,1555
은명미사일,2021-09-03,1472.5
하프로조팰거임,2023-07-11,1467.5
안죄송해서죄송합니다,2024-06-25,725
너는첫트부터장난질이냐,2021-01-29,920
지구가운다,2023-09-18,1425
에우세비오,2022-03-10,1422.5
뽀또피넛버터,2024-07-16,1610.83
코너맥거리거,2024-07-15,1592.5
별이었네,2024-07-12,1540
자산홍,2024-07-14,1593.33
딜러처음해봅니다,2021-12-24,1302
쉴봉이,2023-06-08,1080
춍총춍총춍총춍총춍총아가,2024-07-16,1600
기상간나,2022-07-07,1465
능이백숙티버,2024-08-10,1640
갠플,2024-01-07,1460
봄더캣,2024-05-12,500
에히오르,2022-01-24,1445
루은신,2024-06-19,1580
정쟁슈터,2021-01-30,945
서진냥,2024-07-11,1595
선티,2024-07-11,1528.33
슈라비,2022-01-14,1325
우주비행사삐뽀,2023-11-06,1490
MilkBurst,2023-07-19,1455
나만의커다란브레이커,2024-07-17,1560
아카넨치,2024-08-08,1636.67
몰리브,2024-06-15,1420
포식자AI,2023-11-25,1415
웰시코기빵댕이찰싹차알싹,2020-08-22,450
바둥바둥여우,2022-12-07,1460
블레이드라이샴푸,2021-09-17,302
리쿠마쿠5924,2023-12-20,1560
추르저금통브레이커,2023-12-21,1541.67
바질물주러가요,2024-07-16,1606.67
춘앙시대,2024-07-14,1520
솜주먹보리,2024-05-12,1520
기태X명석,2022-09-27,1430
아기꼰두,2023-06-30,1415
셬붕,2023-07-18,1587.5
마지막엔다그래,2022-07-21,147.5
매우행복한돼지,2024-06-21,1445
뀨띠뾰짝,2024-07-13,1545
숑을,2024-08-10,1640
겅을,2024-08-10,1640
스카브리,2021-04-15,61.67
생각없이그냥하는중,2024-04-21,1520
봉남국비구름,2022-12-23,1450
날쌩,2024-07-13,1600
소용없는도아가쨩,2024-08-10,1640
콘지키노아카,2022-03-18,1302
RuGiiiiT,2022-01-26,1422.5
열라예뻐너,2024-07-24,1603.33
체체먕,2024-07-12,1587.5
쿠마미미도감,2024-06-22,500
홀리른,2024-08-10,1640
아니삼두사필요없다니까요,2021-11-18,1415
싱왕출현,2024-08-10,1640
히매잇,2023-11-19,1415
셔누슈,2024-07-15,1576.67
종합전병,2024-08-10,1640
블루리퍼록,2023-08-21,1415
Sabin4,2020-09-29,950
찌끼찌꾸,2022-04-03,1435
절구이또,2024-08-11,1640
우산없고튀어,2024-07-13,1520
The금쪽이,2023-12-21,1460
윌리엄춘식,2021-10-13,1370
ShadowSstaR,2023-12-25,173.33
숙희는쿠크루삥뽕,2021-07-09,1415
가산동국밥열사,2024-07-15,1600
니빵댕이에방천격,2022-01-23,1415
죽창우현,2022-12-10,406.67
용담양은,2024-04-28,1585
우리팀나이스,2024-07-11,1597.5
검단황태자,2024-03-13,1545
망고스무디국밥,2022-01-24,960
심심꿍,2023-01-18,1490
붓줘로아콘,2022-11-22,1490
나도화가될래,2022-01-14,1460
블래스터졸업,2024-01-23,1340
나오늘좀이쁜거같아,2024-07-10,1520
차가운옥수수차,2024-03-27,1580
옷야,2022-07-10,1302
박수프,2023-12-28,1560
훼능,2023-04-09,64.17
넘실넘실서핑보드,2021-09-28,600
미덕훈,2023-07-21,1490
하애욘,2024-05-11,1615
zi존유화,2024-07-12,1526.67
너의달걀은,2022-09-25,600
똥싸는햄스터,2023-07-14,1496.67
더캔,2021-10-16,77.5
우끽끼,2023-12-22,1340
화창한깨꾹,2024-07-13,1528.33
3R2,2021-03-22,266.67
22년1월1일토요일,2022-01-07,1386.67
냥냥기계,2021-03-18,1370
소울마스터희동이,2023-07-27,1415
마포구낫쟁이,2023-07-22,1490
수민고모,2022-04-04,1445
방수현,2024-06-18,500
붓토란,2022-01-15,1460
친희스터,2021-05-23,915
나름잘하잖아,2023-01-25,1414.17
헤븐러,2023-01-19,1425
우유묵구자2,2024-07-25,1613.33
쏘울이댬,2023-09-01,1490
두두두둥팍,2022-12-04,58.33
홀딱불이,2022-12-27,1412.5
버프미스,2021-03-12,922.5
모하프,2024-07-10,1520
키토바드,2021-06-06,455.83
엥너지버스터,2023-10-06,147.5
가끔참을수없을때가있어요,2022-07-31,600
송애겨,2024-06-23,78.33
싹뚝로빈,2024-05-23,500
초코츄러쓰,2021-02-20,1032.5
성원잉,2024-01-14,1540
서현진I,2024-04-24,1340
봄이는아무것도몰라요,2020-11-11,915
요즈의미래,2022-07-14,1500
꼬꼬마티라노,2022-01-29,1370
연아는사춘기,2022-01-23,1445
나나나향,2020-09-14,935
느낌있찌기공사,2021-01-30,900
고운말바람,2023-12-24,1568.33
아덴마린,2021-04-12,1340
CeceNa,2021-07-24,1302
온꽃벗,2023-01-19,165
청색보미,2024-07-28,1540
강원랜드얼굴마담,2022-10-13,1447.5
힐했엉,2024-01-24,1340
잉준0305,2021-08-24,1370
심하루슬레,2023-10-20,1100
나이키프리즈,2022-06-13,600
씩씩한걸,2023-08-02,1546.67
올라홀라홀나,2023-09-13,1526.67
오늘저녁은민국이닭,2021-09-12,1340
싱글벙글지명,2023-09-07,190
줌마데스카,2023-01-31,1415
실험물리4,2022-09-25,1100
워로드의레나,2022-05-12,1370
역회전돌개차기,2021-03-21,1342.5
기해상,2024-07-13,1596.67
이건살아남은이몸의승리야,2024-07-11,1590
끼워줘,2024-06-18,1475
솔간지,2021-04-05,1340
제로오렌지,2022-09-16,1460
nov00,2022-02-17,302
사스부찌,2024-07-28,1610.83
WllM,2024-04-29,1520
탕탕탕팡팡팡탕팡,2022-09-24,1475
차이슈슈,2021-09-18,960
해피타임과현자타임,2021-08-16,1302
광전사밍이,2023-01-19,1490
새하얀휘장,2022-12-30,108.33
광기에물든휘장,2024-08-06,1630
냉곽,2024-07-11,1593.33
우산펴줄래,2022-07-25,1340
플레블레,2021-03-08,1340
현리꿀주먹,2024-03-10,1520
블레님마엘굿,2024-07-26,1600
남자바드가주는절구,2023-03-18,302
크멜,2023-06-22,1430
진로이어,2023-05-21,302
아파트안,2023-12-21,1477.5
안아파지는버프,2024-08-04,1611.67
다시한번총을잡아본다,2021-07-12,1340.83
이앨,2022-06-10,1490
오전냥,2020-10-20,1037.5
공기맛화가,2022-01-30,254.17
일딴휘리릭,2021-08-30,53.33
빠딱,2022-01-24,1465
테히렌,2023-07-06,1415
정오라,2021-08-16,1302
말랑한기상,2024-07-14,1540
길블레이드,2024-07-24,1523.33
길꺼,2022-07-18,1445
묵직한성기사,2024-03-03,1581.67
쿠키킥킥,2024-07-12,1586.67
Downrightlie,2023-12-26,1460
보덕파덕,2024-07-13,1530
리아비비,2023-07-21,1415
소울참새K,2024-07-21,635
마포가어렵나,2023-12-20,1580
뻑삐이터,2023-07-20,1490
DIZINDAA,2021-05-02,370
거욱선,2024-07-16,1608.33
강냉이린,2023-11-18,500
옐권,2024-06-17,500
데빌헌터홍그로,2024-05-17,1550
단호박식혜스무디,2023-07-07,1460
다합다이버,2023-02-21,1415
죠르디퍼,2021-06-10,1325.83
힐딱바라기,2021-08-03,1370
매에에에윀,2024-06-13,1415
뒤쿄레,2024-07-10,1533.33
문D레이,2021-06-25,385
마루팸이모,2024-07-16,1602.5
주먹왕인데용,2024-07-13,1526.67
대검레전드,2020-10-06,325
암흑진,2024-08-01,1560
포식자뽀삐,2021-12-24,1356.67
크리탕탕,2021-02-01,1027.5
애플300달러,2024-07-11,1520
별이삼살,2024-07-17,76.67
ILoveLuNa2,2021-09-09,76.67
긍탕,2023-10-25,1503.33
붓든기상술사,2022-07-06,1415
대루나,2023-12-21,1566.67
링베이엔지니어,2021-07-05,61.67
구슬주워요,2022-02-18,1302
인파눈물,2022-09-22,543.33
1440p,2023-01-19,1460
브커임도,2024-07-11,1540
예리하게,2023-12-23,1550
라지에더,2024-07-17,1600
티티만보면심장이아파,2022-09-18,1460
화두민,2024-01-21,1340
다른별에가자,2024-07-15,1600
환상섬쓰리섬,2020-08-22,1012.5
디기토피아,2020-12-02,915
이창룡패황권,2024-07-11,1585
헉낭만,2024-01-12,1600
융루,2021-01-27,1302
다래무지,2023-09-22,153.33
hateTwT,2021-10-17,213.33
과랑도리,2024-01-01,1510
한판붓짜,2022-01-22,1445
리빙소울이터,2023-08-15,1490
탱탱뭉,2022-01-14,1415
아프지는않니많이걱정돼,2022-02-01,1445
착한늑대와나쁜돼지삼형제,2021-10-10,1445
먹울음,2023-09-03,1415
하늘인,2024-04-26,1590
주먹으로때리는법,2023-10-27,1437.5
삼색고양이가쉬고있는벤치,2024-06-11,500
구름이그린노을,2021-09-19,65
토미팡,2021-06-02,1342.5
퓻퓻,2024-07-16,1600
슈모익활잽이,2023-07-25,1440
광기에,2020-09-18,917.5
CutieChan,2023-04-17,446.67
다그덕,2024-07-12,1595
guft,2022-04-09,1442.5
엘No1,2022-07-26,1595
Celia,2024-07-16,1600
파카님쉴드향로기맹줬어요,2021-07-05,61.67
김대윤,2022-12-22,1340
설의반,2024-07-13,1596.67
우산호잇,2024-02-21,1580.83
실수안하고숙련일까요진짜,2023-10-30,1467.5
놀가이,2021-03-21,1340.83
Epicfear,2022-04-20,1320
선별라,2023-06-23,1561.67
가야금선율,2023-08-28,1493.33
나비성단,2024-07-17,1592.5
난찐이야,2023-01-14,1381.67
이쁜건슬눈누난나,2023-06-28,1460
메이플에서납치당한아델,2022-08-03,1417.5
파란예수님,2024-07-14,1597.5
느끼녀,2022-02-10,1415
망구후,2022-12-25,1490
누가내망치질을멈춰주세요,2024-07-12,1600
우래발싸,2023-06-28,1415
수라백주,2024-07-11,1550
남뚠,2024-04-29,500
바보하아아린,2024-01-06,190.83
닻별여우빗,2022-12-26,1460
츄르닭,2023-01-24,1370
kitaou,2020-09-28,1027.5
백리주연,2020-08-23,1340
아냐바드,2023-02-02,1340
피곤해욘,2020-09-22,915
9DOK,2020-10-13,855
군왕록,2021-11-22,1325
홀리혹시,2021-01-07,1362.5
발암기억,2024-03-25,1525
유미나미룰루잔나소나,2023-02-08,1460
극신국민배마,2022-07-10,1460
새우쟁이,2023-05-26,1551.67
마리린츄르도둑,2024-07-11,1600
모닥불도넛,2023-05-15,335
중대장은너희에게회귀했다,2022-03-30,1345
귀찮은말,2024-07-15,1590
아몰랑딜할거야,2021-05-16,1325
테르겐,2023-07-01,57.5
쟤가밍이에요,2022-03-03,1430
실리안이쑤시개,2020-09-16,1349.17
독기어떤데,2023-12-24,1477.5
헬브레,2023-12-22,1460
간다홀리로비켜,2022-01-28,1417.5
넬찡모닉,2024-07-11,1521.67
방해물,2024-02-13,1511.67
설마아가,2024-04-02,1262.5
봄비의신령,2024-01-28,1580
기정이의리퍼,2024-08-11,1640
민초잼맛식빵,2023-12-23,97.5
레오플로스,2021-03-14,188.33
썽마도,2022-01-22,1370
해골소울,2023-07-20,1490
온결와,2024-02-13,1470
의심하지마힐하고있응께,2021-05-29,612.5
오빠블래스터,2021-07-09,80
OnlyEater,2023-07-26,1490
4창환,2023-08-02,1415
금성의미녀,2023-12-20,1460
새가혼자면상모솔새,2021-07-05,159.17
윤초미,2023-07-08,93.33
고대의냥,2020-08-22,909.17
언더아머,2021-10-10,1480
여니뎅,2024-07-12,1612.5
aprotlase,2021-05-08,1330
진홍지,2024-07-12,1600
의문의여고생기타리스트,2024-07-11,1563.33
슼트라익허,2024-08-11,1640
서당화가삼년이,2025-01-29,1640
미리깐,2023-12-27,1585
gugaretv,2021-11-09,1331.67
망치봉산,2021-04-19,1325
오앞퐁,2021-08-24,1302
디트의일상,2023-04-07,1520
율음이,2024-07-10,1520
홀로나긔,2022-08-07,1460
Rizzin,2024-07-12,1607.5
가성비좋은대검,2023-01-23,1447.5
지얄루,2024-07-13,1585
Ha3gyeolsaa,2024-07-11,1600
쏘헷,2022-02-01,1445
맬린이,2022-01-22,1415
교회형,2024-04-19,1602.5
훌라리나이트,2022-12-22,1460
노우무현,2024-07-10,1525
안하주,2022-01-14,1340
미로냥,2021-01-06,1000
이낙인,2021-08-19,1302
불팔라딘,2022-07-13,1415
인생던진배마,2024-04-25,1520
모몽콩,2024-01-07,1560
체칠레아,2023-01-19,1490
매화술사,2021-08-22,1302
오늘도화가난치기,2024-07-12,1604.17
막냉이터,2023-12-21,1470
꼼수잡이의낫,2023-12-31,1560
오줌뿌리는소녀,2022-09-26,1490
친절한춘자씨,2024-07-16,1602.5
앙드레17세,2024-07-13,1540
OI설희,2024-07-11,1593.33
어제타일깨먹음,2024-07-12,1580
메리y,2022-02-07,802
누가사멸하래,2023-12-21,1540
홀리뻐거,2020-10-03,990
쩌우기상,2024-01-31,1580
깜몽화가,2022-02-02,1325
건들면용바없음,2023-01-17,141.67
한월세계,2023-11-20,1543.33
LilJ,2020-08-22,900
댕이질주,2022-04-15,1460
띵가링가,2021-08-29,1415
칠쏘맹,2024-08-02,1616.67
를르핑,2021-08-12,1302
간낫,2023-07-19,1490
첫째딸김선영,2024-06-09,1520
꿱꼬닥,2022-01-27,70
내일도화요일,2023-02-05,1460
sasimmi커,2022-08-21,140
태순이야,2022-07-31,1495
13성인이건,2022-07-15,1350
다음은너다,2024-07-11,1601.67
약속의정원,2024-04-26,169.17
같과,2024-06-14,1415
쿤아민,2023-07-26,205.83
용채정,2024-03-29,500
말걸지마십셔,2023-11-11,1490
발파닥파다닥,2024-07-13,1594.17
궁전의벚꽃,2021-04-15,847.5
알카렉,2022-02-10,1325
멸화쓸래요,2024-03-10,86.67
미휘래,2024-01-10,1460
로망은역시대검,2023-11-02,1610
임금님수라상의길,2023-12-21,1510
달달한달밤,2023-12-25,1540
석탄떡집20년차알바생,2022-02-24,960
꼬마백합,2023-07-25,1515
팥붕슈붕아저씨,2024-07-11,1595.83
리퍼키워볼게요,2023-02-11,1445
주먹하나로세상을평정하다,2024-06-26,1250
실론시그마,2021-12-07,255.83
달빛속이니,2023-10-28,1415
난료,2022-07-07,1460
이로지로네로,2021-04-24,1342.5
제비네로,2021-07-09,1340.83
1깃고창,2023-12-27,1460
마겜곰,2022-04-09,302
식혜먹어,2023-11-28,80.83
역시와꾸는잘생기고봐야,2021-07-31,1415
NaNaNay,2022-01-30,1302
귀여움으로세상을지배한다,2024-07-11,1601.67
친구등골브레이커,2023-12-21,1568.33
둘째도바드요,2024-01-26,1540
패기대마왕,2023-12-28,1540
Moonlight유이,2023-01-05,1340
부자인,2023-12-21,1580
미친러시아불곰,2024-07-12,1540
방패는처음이라서,2024-07-11,1520
격투식,2021-09-19,73.33
헤졜,2024-04-30,1250
아랑율,2024-07-16,1526.67
o별찌o,2020-08-23,1015
I캔디I,2023-06-19,1540
버키드나,2023-12-25,1581.67
군산시나운동백토로,2022-07-08,151.67
카사퍼티,2022-01-22,80
케이데리안,2024-07-15,1605
화프트,2022-03-01,1370
mykimSlayer,2023-01-19,1490
백쿠도,2024-07-17,1592.5
한때는강했음,2023-12-26,255
탑은영향력이없다,2022-03-07,1325
레드호올스,2021-09-12,206.67
오션로악귀,2023-07-21,1510
점프를뒤로하는사람,2021-08-19,1302
은하에네르기파,2021-03-07,1340.83
수라맛,2023-12-21,1460
두부92,2021-07-22,1302
와옹이주인,2024-06-26,1585
길햇님송이,2022-12-28,1340
웨스트라이프마이러브,2024-07-27,1600
눈떠보니내가방패,2024-01-03,80
윤권님,2024-01-05,1525
하늘별빛건슬,2023-12-28,1520
3시출근,2024-07-16,1560
유래없는유자차,2021-08-12,1361.67
아가뷰티,2022-01-25,1445
가음정살아요,2021-06-16,980
DevilSlayerJ,2023-01-21,1490
악사김코코,2023-12-16,500
딜정점,2024-07-13,1546.67
쓖쌲쑊,2021-03-21,900
뿌꾸루,2024-05-04,1611.67
화화무향,2024-07-11,1585
사마도화,2022-01-21,1315
캐츠이어링,2023-06-02,1460
셋째집소울이,2023-12-12,1445
건슬링어지킴이,2023-09-08,1340
미스쎄맥,2022-07-07,1462.5
메론메론메론메롱메론,2023-12-22,1533.33
Kedavra,2022-03-16,1302
횰디냥이,2023-01-19,1490
생크림과파르페,2023-12-29,1511.67
위험배마,2024-05-20,1580
리듬퍼플,2024-07-28,1570
무기체이비,2021-04-15,1340.83
킹갓겜아르카나,2021-02-10,1374.17
한까치블레이드,2023-02-28,1415
태왕검,2022-11-15,1475
응아끙,2023-01-21,1340
행복청사,2020-09-08,922.5
한포타,2024-07-30,1585
선닥불,2021-05-15,370
Cezyre,2022-05-10,1325
오코돈,2021-07-05,1340
구름일기장,2023-12-26,1482.5
바람화백,2022-07-12,1405.83
청의매혹,2023-07-21,1450
빙빅동,2022-03-06,1337.5
Cubarsi,2024-06-23,500
소서리스코인,2021-08-23,1415
정태환01,2021-05-18,900
HONNANDA,2020-11-16,960
낫쩰,2023-07-25,1462.5
격애,2024-07-20,1560
IRIBard,2022-12-28,1475
IRISoulEater,2023-07-22,1490
천우후,2023-08-18,1477.5
달빛엘모,2023-09-20,1568.33
우박을내려주소서,2022-07-08,107.67
93세덕범최후의절단펀치,2024-03-10,500
딸기알바나나,2022-03-21,1370
팔리카우,2022-08-07,1470
광명자이,2024-01-16,1465
메이유에,2024-07-24,1595
흔들린우유통,2023-01-23,1415
화산앵검,2021-08-03,1378.33
만개한홍매의하롱하롱낙화,2024-07-18,1555
서봄솔,2023-07-21,1508.33
댕천,2024-07-15,1607.5
딸깍딸깍폿,2024-05-25,500
콩떡팥떡꿀떡쑥떡,2021-04-05,915
능력껏하면됨이야,2022-01-23,1302
HoRony,2024-08-12,1640
상대동서머너,2022-12-17,302
절구한눈이,2021-06-06,95.83
득춘빠따숑숑,2023-12-22,1475
김치불고기부대찌개,2021-04-14,1372.5
신나나봄,2024-03-23,745
나보킴,2021-01-03,906.67
구나보,2024-08-12,1640
inkwon14,2021-08-18,1415
나는야딸기공쥬,2022-12-07,540
힐주니까받아,2023-12-25,1460
hoyou95,2022-07-04,1370
박쁘째,2022-07-06,1465
기상삔스터,2022-07-06,1460
시너지어때,2024-07-19,1605.83
시아루엔,2024-04-16,1460
귀한집아이,2022-02-10,1420
김소르소르,2023-02-12,1460
까딱이,2023-12-22,1460
도토리배송,2022-07-11,95.83
구다오,2021-08-31,1340
츄베론,2023-11-25,1440
캐듀샷,2021-01-30,1342.5
젤랸,2023-05-17,1585
서지솔,2024-05-17,1540
힙스켈혀니,2024-03-19,1460
태성초이,2024-03-20,53.33
3대550g,2024-05-23,500
검은호빵,2024-07-14,1555
도1화가,2022-01-21,1445
아르댕타인의기술,2021-05-01,1360.83
아각창,2023-12-15,1540
아만의독서가,2021-05-15,99.17
학산홀나,2024-01-10,151.67
트랜스미그레이션,2024-03-10,1460
율역,2020-11-12,915
유자신라면,2024-05-30,1541.67
뿌뿌치치포포,2024-01-28,1528.33
멋있어,2023-12-23,1460
니나리따,2024-02-10,1516.67
셕셕1,2023-07-04,1496.67
쟘희,2023-07-22,1465
원기옥맞으면잔혈딜러,2024-06-30,500
휴가보고,2020-09-28,1317.83
망치맞고주님곁으로,2021-02-23,1354.17
기상청맞은지얼마나오렌지,2022-07-10,1460
버찌요원,2022-02-04,460
권왕이지운,2024-07-15,1541.67
이스타니아,2024-05-05,1425
졸라빠른꼬부기,2021-09-04,1415
숨지마라엔비스카,2022-07-07,1427.5
DAZINDA,2021-08-19,1302
지족동쓰레쉬,2024-02-03,500
연홍띵,2023-07-17,1415
남궁두팔,2023-12-21,210
쌍칼자루,2023-11-20,1602.5
보라색물컵,2023-02-10,164.17
루아황,2023-01-25,1490
Moonlapse,2021-10-12,234.17
라젤니스,2021-08-15,1415
무투가오리,2024-07-13,1600
왼쪽실눈,2021-03-25,232.5
증명해증명왜내가최고인가,2023-09-27,1437.5
잉죵,2021-04-15,1325
순디차사,2023-12-25,1460
이커인거시에요,2023-12-21,1553.33
엘런레이어,2023-01-18,1472.5
고오독한기사,2023-09-17,1500
다시퍼다,2020-10-02,950
대한의주먹,2024-01-04,1460
뎅커스09,2021-07-09,1302
한겨울의비꽃,2022-07-18,1460
녹빛단도,2024-07-19,1586.67
카드가어울리는여자,2022-12-21,1415
라랄라릴리,2021-08-12,1302
보멍,2024-02-03,1526.67
용팔최,2024-02-01,1540
무뚝뚝홀리2,2023-03-21,302
화엘바드,2021-07-23,1475
사쿠08,2023-04-09,1550
진미윤,2024-07-15,1585.83
이번에도버스트는흰뎀,2022-01-22,1302
투솜솜이,2023-12-20,1545
애플방장,2021-06-04,510
대단해용,2021-11-13,1415
으뜸한우사골도가니국밥,2024-05-11,1608.33
보리보리슬레이어,2023-06-29,1415
호준이는못말려,2024-02-09,1530
용맹죠,2024-07-14,1541.67
뎅굴스,2021-10-13,1340
헬카로드,2023-03-03,1598.33
막겠다,2021-03-07,915
구흔계란,2024-08-12,1640
자근눈,2024-07-20,1601.67
눔의개,2020-08-23,945
SMARTCORE,2023-04-14,242.5
콩순이장바구니,2022-07-28,109.17
v체리에이드v,2022-12-22,1390
낭낭도화,2024-01-18,805
초식망아지,2023-12-20,1560
돌랑돌랑,2021-12-17,460
용맹바드시지요,2023-05-14,142.5
이버프바드셈,2021-08-31,1340
딸서리스,2022-07-20,1493.33
권수바라마,2023-12-21,1460
시크도도화,2022-01-26,1302
밤잠리퍼,2024-07-12,1585
아린이는귀여워,2024-07-14,1595
쥐바타도아가,2024-08-02,1613.33
내일아침은맑음,2022-07-09,1490
뾰족만두,2021-05-23,208.33
치즈볼만개줄게,2023-01-29,1392.5
기나긴밤을넘어,2024-07-12,1558.33
민러비,2022-08-22,520
샤사해,2023-04-04,1490
원소술사아만,2021-08-19,1325
eTerSh,2023-02-10,1340
손컨장인김자동,2024-01-11,1551.67
혼내기,2024-02-11,635
딱지냥,2023-12-22,1510
NaJinSword,2023-07-28,1490
뉴서미,2024-05-21,1415
휴리파이,2024-01-25,1586.67
슬레뭉파,2023-01-19,1490
악마적참견시점,2021-08-12,1302
블기스,2022-01-21,1447.5
청아한예린,2023-05-27,140
네얼굴이내주먹을쳤어,2024-07-17,1620
계란은무려단백질이칠그램,2024-07-17,1600
Santita,2024-08-13,1640
타락한양말,2022-11-18,1540
일산여심브레이커,2023-12-24,1580
날렵한낫잡이친구,2023-07-19,1415
몽테크리스티나,2021-07-14,1360.83
처루꾸루루룩방구뽕,2023-07-26,1490
하프가세상을구한댜,2021-12-22,1370
아가찐빵v,2024-07-12,1571.67
물파람,2024-07-11,1600
어둠강선군단장,2024-08-02,1604.17
인파하나육만원,2020-08-23,1000
2번째서폿인생아가편,2022-12-26,1493.33
그말만기다렷수다,2021-01-30,1312.5
강철몽둥이,2023-12-25,1584.17
김구월,2024-01-04,1510
안녕좌,2024-07-18,1605
라단테,2023-01-07,1340
곤지암창잡이,2022-02-07,1472.5
l타락태후l,2022-05-08,1387.5
천상의구름빛,2023-12-23,1525
초심냥이,2021-06-22,1045
l남인파l,2024-05-19,1520
Dokx5,2023-11-01,1560
오디의하루,2024-07-15,1595.83
저이만퇴근할게요,2024-05-13,1540
백종원의행복분식,2022-02-12,1302
금붕어산책해야되는데,2024-04-14,1540
스카우터는차갑다,2024-02-10,1604.17
이천삼일,2021-05-29,1337.5
알렉썬더람지우스,2023-02-03,1490
퍼배,2020-08-23,962.5
한라3차두리,2024-07-17,1600
빠메시서머너,2021-03-18,1325
네츄럴레이지,2024-07-15,1576.67
유렌샤인,2023-10-10,708.33
이번엔뜬다구요,2024-07-18,1595
춥고쓸쓸하고외로운모코코,2023-12-29,1580
하얀머리그놈,2021-09-18,1415
노란영,2022-07-28,1415
옥유연,2023-07-22,1530
읭읜읭,2022-08-26,254.17
바속받으면내남자,2024-07-16,1591.67
오곰팽이,2024-07-18,1604.17
보라봄,2024-01-01,1460
회복정령,2021-04-21,1340.83
테리비,2023-12-24,1516.67
벨리타발키리,2023-01-18,1487.5
윈드y,2024-05-18,500
별달태양,2021-09-02,1325
배틀마스터길호,2022-01-22,198.33
Traumerei,2021-01-28,965
또집,2021-09-24,1400
마이에브a,2024-07-13,1606.67
가질수없다면붓워버리겠어,2022-12-17,1415
핏빛여령기,2022-03-14,1370
현달이,2020-09-02,347.5
몰락한광전사,2023-03-10,1445
실력파건슬,2023-12-27,1520
비마을안개닌자,2023-07-19,500
역대급원기옥,2023-01-03,1432.5
백혜정,2024-07-16,1540
나랑단둘이,2021-01-30,1035
일증,2024-07-30,1600
레치아,2020-08-23,912.5
다울느루77,2023-07-22,51.67
버블꾸기,2022-07-16,1437.5
바나나마차,2024-07-13,1610
구두신은칼잡이,2022-07-07,1460
련연아,2024-01-10,52.5
키슈엘라,2023-12-04,1340
Amipapa,2023-12-30,74.17
코레도,2021-08-11,1385
파도기,2024-07-12,1599.17
적밥색기,2024-07-10,1528.33
바라랑,2021-04-23,1355
담윤나비,2023-09-26,805
나릿나,2024-01-10,567.5
세야쟌,2024-05-23,1275
실풀림,2022-02-10,1355
나도건슬할래요,2021-06-06,61.67
도화붓장인,2022-01-26,1385
구슬이잖아,2024-01-28,500
스카앤뽀,2021-09-21,1370
도준우,2022-02-01,1302
김치파인애플민트치킨,2023-06-28,1415
누냔너무리퍼,2022-07-10,60
마을학생,2021-04-24,960
이름가문기공사,2022-03-20,90.83
뒷모습은박은빈,2022-12-24,1415
어머거기잘생긴오빠,2022-03-14,1302
싱폭,2023-12-22,1460
노력한조력자,2024-06-04,500
제로용과,2022-09-24,1460
람쥐웨더,2024-07-12,1570
실리안으로가는여행,2022-01-22,1460
자연랑,2021-11-15,1387.5
FIugel,2021-04-01,1380
슉서리스,2024-07-19,1603.33
성토깽,2023-11-06,1462.5
바드No4,2022-12-24,1490
그냥인범,2023-07-22,1511.67
니이럴끼가,2021-08-29,1370
ElKiDoo,2020-11-10,987.5
석바페,2023-01-19,1407.5
유랑즈,2021-06-16,526.67
쿤겔등딱지브레이커,2022-07-09,1340
여름가랑비,2022-07-07,1435
노탱노힐,2024-08-06,1626.67
귀신같이조용하죠,2022-04-24,1490
아침에해떴다,2023-09-25,1415
라떼is솔트캬라멜,2022-06-27,600
애기벌레꼬물꼬물,2022-07-06,1477.5
서은제,2021-08-12,1415
합법퍼리,2024-07-13,1600
한새단,2023-04-06,1388.33
우산지7l,2022-07-07,1450
쉐도우복싱의달인,2023-12-21,1523.33
윤홍루,2021-03-15,1320
성장중인건슬링어,2023-09-07,1340
슈모오오오익알카,2024-07-12,1520
바앙드,2022-07-10,1391.67
술사통,2020-10-07,915
으규잉,2022-10-21,1370
믹스믹스,2024-06-02,1420
백색이의째롱잔치,2022-12-06,302
오도와,2024-07-14,1573.33
aerok아리코,2023-07-02,1415
월요일의별,2022-08-19,460
돌인데검은색인,2022-07-15,120.83
도둑쥐3호,2022-01-26,1395.83
권즈타,2023-12-21,1580
네이버판타,2023-12-27,1525
치키냥이,2022-07-13,1490
낫놓고왔네순발,2024-05-13,1340
후발럼,2023-12-20,1565
Elberhastic,2020-12-03,1325
목아플땐플루르비프로펜,2023-12-21,1580
Nic셋째,2024-07-12,1540
망고양이푸딩,2023-01-19,1490
윤무력,2024-07-12,1585
지건뱅뱅뱅,2022-03-16,1422.5
코미네,2024-05-18,500
5년전에오픈,2023-09-24,1490
히루창술,2023-12-22,1545
디테트라데실아세트아미드,2022-07-16,1470
아직잼민입니다,2024-08-13,1640
브커검히,2024-07-12,1531.67
키우고싶은게없었어요,2023-07-21,1490
아빨리이직하고싶다,2023-10-16,1540
란무는약헤요,2023-07-01,1506.67
뭉울,2021-05-30,1415
타오르는냉기,2024-06-20,1540
송부두,2024-07-11,1550
가지부침,2024-08-13,1640
잼잼검,2022-07-07,1500.83
안뇽요즘넌어떻게지냉,2024-07-27,1604.17
대황이터,2024-08-13,1640
소또깅,2024-07-14,1520
쪼서리쓰,2024-07-13,1540
퍼스트블래,2024-07-14,1600
버번치킨,2021-04-05,1325
전지전능한자,2021-08-05,127.5
스트로베리송이,2022-03-31,1450
마마아티나,2023-07-20,1415
섀초롬,2024-07-15,1601.67
응애나아기스카,2023-11-05,1490
솔리빌,2023-11-08,1460
도축장골미남,2024-07-13,1600.83
사토키비,2022-07-08,1415
튀긴귤에이드,2024-02-29,1460
찍먹할래요부먹할래요,2021-07-20,70
이오일기,2022-07-13,109.17
zl탬버링,2024-07-16,1561.67
UZES,2021-03-07,915
홀리티오,2022-02-13,1302
사이미아,2021-03-07,915
욤마헛브레이커,2023-12-21,1510
영혼은연,2023-07-25,1508.33
좌사또우몽룡,2024-07-13,1610
오라분비샘,2022-06-02,960
흄로드,2021-04-24,1050
캐치마인드군단장,2022-01-27,1460
하프과전공,2021-09-25,302
명랑워황,2021-11-24,1370
d용비b,2020-08-22,962.5
설백의은밀한건틀릿,2024-07-13,1601.67
해리는소울이터,2023-07-20,1490
붓으로때찌하꺼양,2022-01-13,1490
트윈브레이커,2023-12-22,1580
낭만도꼬,2022-05-09,70.83
치세쨩,2021-03-23,1007.5
아련한건슬,2023-12-28,1520
극고점건슬,2023-12-26,1460
요즘누가우산씀,2022-10-20,1415
하프의손길,2021-11-29,75
그라프만,2024-08-13,1640
돌돔을누르면뚊,2023-01-28,51.67
라자라즈,2022-02-14,106
영혼됴화,2023-07-20,1415
쨔라스몽,2022-07-12,1455
아가오스,2022-01-31,260
끗바,2023-07-20,1457.5
우엉이터,2023-07-24,1415
쥬블레,2021-09-02,450
남캐인데뭐어때,2023-12-20,1563.33
도아가는여왕님,2023-11-30,1595.83
찬란한산삼,2022-12-22,1445
빈센트반의반의반고흐,2022-01-13,1462.5
환희태양청자거북선장미솔,2024-05-31,1610
님쇼,2024-07-12,1585
멤메야,2024-05-19,1540
해방맨,2021-03-24,150
저녁킹끼리,2024-07-16,1585
jjamongddang,2024-01-16,1460
라크리시안,2023-01-25,1340
국이블커,2023-12-25,1580
세컨드프리저,2023-12-28,1581.67
zl존환등짱0,2024-07-14,1610
봉쥬니,2024-07-15,1520
신발좀그만사신어,2024-07-14,1600
밍뚜루뚜두,2024-07-27,1610.83
포도오일,2024-07-16,1606.67
아임스칼렛,2020-10-04,1002.5
낫을든카일,2023-07-20,1417.5
으댠,2023-05-13,302
와옹이하수인,2024-03-20,1583.33
LOGANGS,2022-04-18,1447.5
에르카단,2020-12-13,915
하프팡팡팡,2024-07-18,1604.17
불맛잘냄,2021-04-21,1351.67
안물안궁어쩔저쩔티비,2022-08-08,1340
데런의자랑소울이,2023-07-20,224.17
렁권,2024-07-10,1580
우을커윽,2022-08-08,1302
모그빵,2023-10-04,50.83
걸간,2022-11-11,1543.33
만씩스,2024-07-21,1520
요거트투게더,2023-01-07,1465
차고쿠,2021-04-06,1344.17
접속리샤,2021-01-21,1341.67
제비얌,2022-03-28,1315.83
혐빈,2023-12-22,1540
댕청람보,2023-07-20,1490
사랑은떼바시를타고,2024-07-14,1540
티팬티스타킹애호가,2023-07-21,1415
그마원딜러,2024-06-01,500
슈페,2023-12-21,1540
슈퍼모코코소서리스,2024-07-14,1595.83
Khan4911,2020-10-19,1335.83
단검푸슉피슉,2023-12-27,154.17
퀸가니,2022-05-28,95
0Prodo0,2024-07-26,1591.67
2nd마시께따,2022-08-11,1415
키브커,2024-07-13,1585
익산흑호,2023-12-21,92.5
노바상,2022-07-18,1520
충노바,2021-07-08,1370
자곡동모코코,2023-12-24,1510
내낫은낫배드,2023-12-27,1472.5
Toben,2021-07-26,1390
쇼타로에이드주세요,2024-07-13,1585
민달팽이농밀착정야스,2024-04-06,1465
룰루는주인님을찾아요,2023-01-13,1490
흑염빛나비,2024-06-16,74.17
내마음의안식처,2024-07-12,1600
신의한방,2023-12-23,1477.5
작란화,2021-12-28,1445
참깨빵위에패티두장,2024-08-04,1615.83
로캣펀치카리나,2023-12-23,1540
안건잡이,2021-04-24,1316.67
잔시강,2023-12-20,1460
설해련,2021-07-09,1325
쁫팡이,2021-06-02,1323.33
벨도란,2021-08-14,1422.5
봉냥냥양,2024-07-14,1600
투긍이,2023-01-18,1490
0Hann,2023-10-06,1415
샤크네비,2021-01-08,1340.83
푸른달의토끼,2024-07-16,1613.33
lkanwvl,2021-03-21,915
한방한방정성스럽게,2024-07-13,1595
Mondenkind,2021-08-12,1325
갑오징어문어빨판,2023-12-23,1470
왕우산,2022-07-06,1340
대물무보험,2020-12-27,960
5일단식중,2024-07-13,1598.33
Lugiana,2022-07-25,1356.67
랑카르,2024-06-14,500
하얀카쿠,2020-12-05,915
용죽근린공원,2023-07-23,1415
아세라베가,2024-02-20,1100
아현쏭,2024-07-11,1538.33
내딜량이슬비,2024-07-24,1609.17
오늘쉬어요,2024-02-29,1472.5
아네사지,2024-04-08,1520
한주먹밥주세여,2023-12-26,1546.67
알수없는모닉,2022-12-11,1496.67
잼민이참교육펀치,2023-12-21,1510
치치니s,2022-09-18,1462.5
훈해,2022-03-08,1302
아미응애,2024-07-22,1612.5
전팡희,2023-12-09,500
데이지꽃담길,2023-04-11,1450
몽망듀,2024-03-07,1580
브레부레,2024-06-17,130
착살잤,2021-08-29,1355
나예린,2023-12-20,1591.67
바바나는케바,2024-01-06,1520
도화란냥,2022-02-05,1302
사히앙,2023-10-08,165
마내꼬,2022-07-08,1385
냥냥하게힐,2021-04-30,1340
산적포비,2021-07-14,1370
옦스,2024-07-20,1617.5
워로드민이요,2022-02-10,1325.83
월류리,2024-07-14,1610
내여자친구가악마일리없어,2023-12-21,1582.5
겨울에는따끈따끈유자차,2022-03-12,1370
비타민기본,2021-03-28,1325
금이양옥이양,2022-01-10,1445
라벤스온리투,2022-01-13,1377.5
질풍이요,2023-02-17,1460
프제이나,2023-04-10,1508.33
헤으응나애기빠꿍,2021-12-26,1302
해우화,2024-01-01,1540
킹뻑,2020-08-23,900.83
봉화정씨의마지막화살,2023-12-20,1510
퇴근하면할게로아뿐,2024-07-10,1531.67
초코뽀짝,2023-08-29,1415
나른한하프,2023-12-23,1460
엄마나메로나사줘,2023-07-20,1415
먀차찹쌀떡,2023-05-12,1540
곽엉엉,2024-08-14,1640
다뚜세,2023-12-28,1550
점심13시,2023-05-28,302
카우우,2023-07-29,1498.33
MZ스님은고기도먹나요,2023-01-20,1340
재키의날씨,2022-07-07,74.17
고원소,2021-08-16,1432.5
새싹찰랑찰랑,2023-01-23,1340
세란쟝,2021-07-16,153.33
쫄부닷,2023-07-21,1500
빅쇼우,2023-01-18,1490
감귤맛막대사탕,2023-12-25,1580
한치둘치셋치명치,2023-12-22,1560
말랑한파괴신,2023-12-27,1533.33
BreakerSoky,2023-12-20,1546.67
도하가살려,2022-02-01,1415
여친한테카메라걸리면차임,2021-09-01,1415
시샘달바람,2022-01-02,1447.5
주한해,2024-07-12,1586.67
AIRFLY,2022-01-15,1385
모카초코빙수,2022-07-18,1415
이게낭만이아니면뭔데,2022-07-09,1452.5
붉은태양이비추고,2022-11-15,75.83
앗세아,2023-07-24,77.5
ArchWarrior,2021-08-16,1302
저녁코끠리,2021-03-17,915
최자희,2022-06-25,58.33
폼바,2023-12-28,1540
피포매드3,2021-06-29,945
더블엑스버거,2021-09-09,1430
지성이에오,2024-07-21,1600
낫파하하,2024-07-15,1594.17
우유메론빵,2022-02-02,600
리플놀이,2021-08-26,91.67
써일수,2024-07-19,1610
작은뱀무꽃,2021-07-05,74.17
이번엔건슬링어다,2021-01-27,915
타니아루,2022-09-11,76.67
ActionCamera,2024-02-12,1540
바닐,2024-07-30,1600
Nic기,2024-07-11,1540
DGRQ,2023-07-02,1457.5
바두얍,2021-08-30,1445
고개숙여기도합시다,2023-12-23,156.67
네게로빠르게,2024-01-14,1487.5
아리안리아,2024-02-20,1510
자은동모닥불,2023-11-11,1540
럭키비키모코코,2024-06-07,500
너뒤쪽,2022-12-28,1472.5
백잡는노력,2021-12-01,1445
권왕의유산,2024-01-01,1580
뚜치띠킨,2022-08-25,1370
완떡순,2024-04-08,1100
민트초코로제카랴멜크룽지,2024-07-10,1520
톡톡패턴,2024-07-13,1566.67
독특함,2022-07-16,1445
니나브가귀여워,2024-08-14,1640
CarrotG,2021-04-12,1356.67
튀꾸,2022-08-16,51.67
설기설탕,2022-07-30,1370
비내지부,2024-08-04,1600
초각성보고키웠다,2024-07-18,1606.67
불꽃카리나,2024-08-14,1640
건슬살려내,2023-09-10,1340
우일이와쪄욤,2024-07-06,500
앗츄아,2024-07-10,1520
테미테르,2021-03-16,1400.83
블래스터리노,2021-05-30,370
져니딸내미,2024-07-15,1597.5
BLuiANs,2021-08-12,1302
자몽JOA,2024-07-13,1525
노은제,2024-07-12,1585
시힙리,2024-07-13,1585
씨락스,2024-07-14,1597.5
강남간담췌외과장구미호,2021-09-04,1370
폭주탱,2024-08-14,1640
스카우터단해,2021-05-25,61.67
까망글지,2024-08-14,1640
Odoriko1,2024-07-14,1590
이슈테리엘,2022-12-28,1415
뿌기는못말려,2023-07-15,1573.33
레몬메로나,2022-07-09,1460
가시세요,2024-07-19,1563.33
벌크업쾅쾅아리,2024-07-14,1570
문항,2024-08-13,1613.33
맛이가고,2021-09-30,1325
영운동김억두,2024-01-03,73.33
닭공,2023-12-23,1546.67
뭄뿌,2024-07-11,1585
연토옹,2022-07-20,1063.33
장화신은유댕이,2022-07-13,1475
둥근고딕,2024-07-20,1585
김짱식,2024-06-08,500
버밀,2023-12-23,1520
엉리군,2023-07-19,1475
비덱,2023-12-22,1528.33
자정에뜨는초승달,2024-06-16,1520
질풍땃쥐,2022-07-07,1460
만월쿵,2023-12-21,1580
빨간대머리남자,2024-07-12,1610
넌검소함이없어,2023-12-21,1543.33
현금없는슬레,2024-05-02,500
쀼럇,2024-05-18,1520
레헬라,2020-08-23,1037.5
버스트애린이,2021-11-07,1340.83
원스페이스,2021-05-02,1325
예에권,2023-11-06,1587.5
인생과삶은감자,2024-07-10,1561.67
프로토타입클로에,2022-01-30,1415
용썬,2023-12-22,1580
한남자마음속,2020-08-22,870.83
봉구의속삭임,2024-04-25,500
노르디만,2023-11-05,1530
남에집둘째,2022-07-23,102.5
신성검충,2023-12-25,1556.67
계평이의서예붓,2022-01-22,1345
비누맛복숭아라떼,2023-06-28,302
수수나,2024-07-30,1578.33
리콜라가,2024-08-02,1543.33
아사온,2022-12-31,1382.5
숲블,2021-07-09,1370
하루한포션,2021-03-22,960
모두이뤄질거야,2020-10-12,915
뉴턴의공미폭,2024-07-29,1610.83
퍄딘,2023-02-07,254.17
한번복용하면모든문제해결,2024-07-13,1540
아가콩알,2022-08-27,302
와이게이렇게돼,2023-08-13,130.83
아르나냐,2024-08-04,1618.33
딘ol4,2023-02-07,460
트라우시엘,2023-09-11,1450
히무라발모제,2024-07-16,1551.67
바쿠스ksw,2021-12-09,1415
팔라마스,2020-09-13,1346.67
모카오레오,2022-01-01,1415
기공라미투5,2022-12-21,600
울복이,2023-11-09,1550
tighten,2021-05-31,61.67
나릿찌,2021-09-18,1400.83
지금부터술사,2024-05-14,1580
달내애,2021-05-30,1327.5
낭만이있는짱멋진브레이커,2024-02-06,811.67
꼬찌르기,2024-07-15,1601.67
잘생기면다오빠여,2022-07-15,1340
호다다당,2024-07-12,1545
Aknight,2024-01-08,1540
한결신비,2023-06-29,1510
내기분Fine,2022-04-04,1375.83
지민애기,2022-12-14,1531.67
아침먹고땡집을나서려는데,2021-07-01,64.17
귀요미일껄,2022-01-26,1385
으른이의샷,2022-07-11,163.33
깜승,2023-12-25,1472.5
soulk,2023-07-03,1437.5
SAINTKALTS,2024-07-20,1605
달래땅콩도둑,2024-07-24,1610.83
두두두따따다,2022-09-08,466.67
폭열한,2024-01-19,1460
쓰레소니,2023-12-25,1580
깟게,2024-08-15,1640
민매지,2024-07-11,1540
쥬구리,2021-08-09,75.83
Golden밧,2023-03-07,145
낫으로계란뿌시기,2024-02-28,1520
빛나이트1,2020-12-25,1340.83
블랙단풍,2024-07-14,1605
도구이씨,2022-10-06,1520
육번경주마,2021-12-23,1302
점심대용라면,2021-03-18,962.5
천속성기공녀,2020-12-06,915
스토리보러간다,2023-09-25,1475
신선한모과,2022-02-16,1452.5
마법도아가,2022-02-14,1302
겨울철함박눈,2023-09-10,1415
동까다현,2023-12-06,500
매우뚱뚱한고양이,2024-01-23,94.17
홀라레후,2023-12-21,1580
난그냥앉아있어너가딜할게,2024-08-05,1611.67
목수집막내아들오함마,2024-04-15,1520
도아가장터,2024-07-15,1593.33
유별리,2023-12-28,1520
휠체어좀밀어줘요,2022-06-13,1430
성묘객,2024-08-05,1608.33
데레딩,2023-12-25,80.83
잔혈하고싶어,2023-10-22,78.33
꼬마마법사도화가,2022-01-16,1415
배럭하프,2021-04-22,1344.17
이산덕,2024-07-11,1597.5
김야영,2021-05-27,1462.5
Shizzle,2024-06-17,1600
겨울곰인형,2024-07-11,1591.67
법원등기직합격전략설명회,2023-07-21,1415
쉬랑이리,2022-04-17,1339.17
자체발광유리,2022-07-08,1415
DozzecJuu,2024-07-15,1607.5
빗속의여름,2021-10-22,1340
영진호호,2022-07-06,1415
초코빵,2021-08-13,1415
은월슬아,2022-06-13,1417.5
쟴순이,2024-07-15,1601.67
무지성폭식증,2021-04-10,1378.33
고고깡블레이드,2022-02-01,341.33
도팸수장,2021-09-12,1415
쫄랑쥐,2020-10-03,947.5
울애기공주,2023-06-12,1385
비바체라르고,2023-02-20,1540
밥이나먹으러가자,2024-07-13,1586.67
둘담,2021-01-30,900
B24K,2024-07-15,1520
호크아이귀함,2023-07-06,1475
유산토끼,2023-07-23,1490
LostQ,2023-01-16,102.5
키위는영어로제스프리,2021-12-31,52.5
나홀로걸어가는터널,2023-05-19,1602.5
바닐라리프레셔,2022-12-21,1445
시리에나Gretta,2023-07-24,1415
담나린,2022-01-24,1341.67
스툴루,2023-11-20,110
고농축질병캐리어,2023-10-05,1490
푸딩이그림,2022-04-16,1452.5
썬코어,2021-08-14,1510
암살자혐오자,2021-08-12,1417.5
21사단총잡이,2022-12-22,1472.5
히어로올마이트,2023-12-26,89.17
기망요,2024-01-28,1490
플레어수묵화,2024-07-18,1605
초록을찾는여행,2022-01-21,1445
Irto,2024-08-09,1620
모모쥐,2022-12-23,1370
프리셜,2023-10-22,1462.5
아리수은,2024-07-13,1605
레드문집행자,2024-07-11,1570
장연수,2024-07-12,1560
써니블랑,2021-09-27,1053.33
틀니붉파,2021-11-26,1336.67
마야인가4,2024-07-14,1540
여우그림자,2024-07-16,1520
밤똘이,2024-07-13,1555
Iunara,2023-02-04,1460
예민수푸,2022-09-27,600
싱글리퍼,2020-12-14,915
꿈엘리,2024-07-13,1600
헤드치다가백치러왔습니다,2022-07-06,1460
뿌니까아,2023-07-02,1435
매화검요네,2021-05-15,170
부산동런처,2024-05-14,1100
만월메이트,2024-07-14,1594.17
핑느,2023-12-21,1566.67
도박꽃말,2023-12-21,1540
모닝커피좋아해요,2020-08-28,325
옆집우비소녀,2022-07-19,1460
동다이린,2023-12-21,1510
내친구리자몽,2023-11-19,1430
잃어버린호크샷,2023-12-26,1516.67
신지가레몬먹으면어떠신지,2023-12-21,1538.33
에구구국,2024-02-11,1584.17
은기붕,2024-07-12,1570
mu아가,2023-02-21,1460
달달한알카,2024-07-20,1585
인식을부술남자,2022-02-04,1347.5
광예민,2021-07-10,1415
뽀롱아가자,2024-07-12,1590.83
4원소걸,2021-10-28,150
영혼역류,2023-07-19,1415
리듬맞춰뿅뿅,2023-01-28,413.67
낫코기,2024-02-13,1460
우성쮸,2024-08-15,1640
리죽쑨,2022-01-29,1302
l마쎄l,2022-10-02,51.67
그댄나의,2023-07-24,1498.33
섹시귀엽간지,2024-07-15,1555
콜체크하프,2022-05-19,72.5
수면양말a,2022-03-13,106.67
최강음양사의이세계전생기,2024-07-19,1550
여름은한철,2024-01-17,1460
도화임,2022-01-15,1302
고인돌이2호기,2023-12-20,1510
에스더황바드,2021-09-12,1302
앙똬,2022-12-21,1470
꿀물솜주먹,2022-02-17,1325
피룰루,2022-01-22,1447.5
버스트는원래노크리,2024-08-15,1633.33
행동중재,2023-02-17,1370
마술교육지도사,2022-05-05,1415
한여름낙수,2023-07-27,1490
JohnnyHur5,2021-10-15,1325
Moleduck,2023-01-23,1340
자유로워진사람,2021-09-25,1435
아이폰고장나서리퍼하는중,2023-01-09,1340
25살택진이,2024-01-11,1520
캐차망,2021-12-26,1370
고인의원기옥,2024-07-20,1568.33
만무수강하십시오,2024-07-13,1605
약쪼,2021-11-29,1492.5
띡뜩,2023-12-29,1490
아아앙둘뿐이네,2022-01-24,1465
으데서왔노,2023-12-26,1560
좋은진심,2022-05-06,1302
김빨레,2024-07-16,1540
졸려움,2024-06-13,500
SCK컴퍼니,2022-05-04,600
힘세고강한폭주,2022-12-29,75.83
는아니지,2024-08-15,1640
OneF3neDay,2021-01-30,1340
행운바드,2022-08-07,1590
게란장수,2024-07-13,1520
할인시간입니다,2022-02-02,1302
DDoLord,2020-09-11,128.33
뱅뱅뱅구,2021-12-27,1302
카이시아기상캐스터,2022-07-06,1462.5
로체슬,2023-07-20,1500
everynn,2022-05-10,1553.33
이토끼는무료로해드립니다,2024-07-11,1592.5
소울예드,2023-07-19,1415
낫사신박대기,2024-07-11,1602.5
질퐁노도중,2023-10-23,1520
쿠앤크요플레,2024-07-13,1540
도현선,2022-02-02,1310
두번째동료엄민국,2022-10-12,1467.5
새샘범지기,2023-11-26,1415
요플나,2021-09-06,1360
로아꼬북이,2024-02-11,1460
고뭉치치,2023-09-11,1437.5
파파팍슈슈슉,2023-12-26,1563.33
은밀한교습,2020-10-04,805
욜가,2020-09-03,915
힐안주니깐포션좀먹어,2024-07-11,1540
벚꽃우유,2021-09-21,600
이준빈,2023-09-25,1415
VisualWish,2023-05-06,1575
란라예,2023-07-22,1415
사적인감정은없어용,2023-12-20,1580
케로베로닝,2020-08-26,915
아렌비비아즐리,2024-07-15,1595
먹물가득도아가,2022-01-16,114.17
꼬미공쥬,2022-01-13,1415
균형의수호자바드,2024-08-12,1620
돌아온타코,2022-04-09,1415
김섬세,2024-07-15,1594.17
김흑근,2022-03-29,1325
제니메롱,2022-07-12,1340
렌이요,2023-07-19,1490
VWVW,2023-12-21,1520
친묘정,2024-07-11,1560
칼잡은토메이로,2023-10-30,1445
바드메유아,2022-02-07,57.5
음유시인정봉이,2024-07-16,1602.5
담소리,2024-07-18,1585
갸니바드,2021-06-25,61.67
장어초코1,2024-07-13,1592.5
재미없다옹,2023-05-17,302
도요부,2022-08-26,1340
브레요뭉,2023-12-24,1582.5
중섭이주인,2021-10-15,93.33
JK은,2022-07-09,1374.17
집순망,2020-08-22,901.67
개물리,2021-03-06,1340
드르륵펑펑,2024-06-16,500
리퍼샵,2024-04-19,1520
바드공인,2022-07-08,1432.5
검은탑,2024-07-15,1585
소녀의진,2024-07-25,1610
귀족집집사,2022-05-03,1517.5
우유상자,2024-07-15,1600
쁘래이끼,2024-07-11,1600
limkgfg,2023-12-23,1576.67
괴수권왕,2024-08-10,1612.5
감자칩꿀맛,2024-07-14,1585.83
전직아이돌연습생칼잡이,2021-08-12,1302
서머너건슬살려내,2023-12-20,1531.67
피치슈가파이,2022-12-22,1445
쇳물조절장인,2024-01-03,55
헤힁,2020-12-31,1000
해줘소서,2024-07-12,1585
사신레이어,2023-01-21,1460
붓글씨퍼포먼스장인김소영,2024-07-14,1546.67
회기동돈가스,2024-03-25,1520
꾸야휙휙,2023-03-08,1410
류윤경,2022-07-11,1462.5
열혈딜러,2020-09-07,915
소갈증,2024-07-15,1600.83
주식선물하지마세요,2021-12-24,1302
메밀쿠키,2022-07-26,1460
님들이기다리던랏폿등장,2024-08-16,1640
퐁스트렝,2024-07-20,1560
시아쿵야,2022-08-29,400
대검멀리던지기,2024-07-10,1585.83
지지현,2023-10-25,1462.5
권뚜뇽,2021-07-18,1370
야슈슣,2024-07-12,1540
원빈조인성이재강,2024-02-25,1520
안멋져요,2021-12-30,1310
홀닥불이왔어요,2023-11-29,1302.5
뿌슝히로링,2024-05-09,500
언제나YA하게,2023-02-20,1462.5
아야이으야,2022-12-22,1457.5
수라는딜이기믹,2024-04-05,500
꼬북해머,2021-03-25,1380
꽁듀,2024-07-11,1545
20020312김예원,2022-01-16,1302
Oncy,2022-09-24,1415
그리설레,2024-07-16,1603.33
굉장하군여,2022-09-24,1370
쪼코쎄,2021-12-17,1310
3딜팟주세요,2023-10-26,1460
가슴마음,2020-12-27,915
엔젤릭아이즈k,2022-07-12,1460
애교없는ID,2023-07-11,1437.5
우치우라,2024-07-11,1590.83
별강정,2023-07-25,1415
로아로운생명,2021-04-04,915
히메라로,2023-07-30,500
엇수염너무길렀네,2024-07-28,1607.5
팔도보빌련,2020-08-22,911.67
따로국밥24시,2021-05-14,1325
보카루스,2021-07-24,802
씨앙씨앙개씨앙,2021-01-27,1340
한석봉촛불도둑,2023-06-02,302
꿈을향해가는달,2023-12-04,1602.5
작은홀라,2023-10-19,1500
진용님,2024-06-08,500
기상킹,2022-07-07,1415
홍익인간김치워리어,2022-07-17,1460
하트만개,2024-01-10,1584.17
잇츠티피친구,2024-03-19,1498.33
타무시친키,2023-12-24,1551.67
유기농당근마켓,2021-10-03,1395
대관령면,2021-11-13,420
엔탄석탄이가탄,2021-03-25,1325
BUS승객JB,2022-09-16,1355
멈뮹,2021-02-28,1325
감동건슬,2023-07-21,1485
바람을부른다,2022-07-18,1460
수풀터,2024-05-22,1583.33
주먹쿠션,2023-12-31,1540
탱글뽀잉,2024-06-25,1475
크림베타,2022-02-02,1405.83
뢰검신,2023-03-08,1400
나가사키원자폭탄팻맨,2023-08-11,1445
모르는척해라,2021-05-12,1354.17
채수빈,2022-07-06,1490
LOASKER,2023-01-19,1430
빙쑤찌,2024-07-11,1575
또떼,2021-11-11,600
이누검,2021-07-16,1302
포동방울,2023-12-22,1540
탱크보이인생,2024-07-14,1520
휘아고,2021-05-03,365
데헌민잉,2023-01-01,1462.5
기상월령이,2022-07-06,1340
캔디바맛꼬부기,2023-12-22,1460
1배고프다1,2023-03-16,1393.33
UNIPE,2023-01-19,1340
영혼먹는해치,2023-07-20,1415
브꾸꾸,2024-07-11,1540
무호석,2024-02-06,1540
하늘을나는서머너,2024-07-09,500
이루었다,2024-07-16,1585
하녀수연,2023-12-21,1510
깨어진갑옷,2021-12-24,217.5
DizzyBlue,2024-07-15,1590.83
해원e,2023-08-07,1490
제주붑,2023-12-25,84.17
벨튀하는아가짱,2023-07-29,1250
우니꼬콩콩,2024-02-20,1100
맞다이로들어와용,2024-07-12,1588.33
독즘,2024-04-20,1528.33
제이슬레이어,2023-01-18,1490
숭시체,2023-10-02,1490
방펠,2021-01-16,1325
베아트리현,2022-02-03,1340.83
슈렉의절규,2022-01-22,1462.5
앙넷싸,2022-08-21,600
잼헤라데,2024-07-15,1570
멍하요,2023-07-19,1490
팟지맨,2021-02-27,1325.83
핑크퐁49,2023-11-12,1490
민용코기,2021-05-17,1050
김춘봉의마지막온몸비틀기,2024-07-17,1575
혜사,2022-01-14,1460
창시강,2023-01-20,1597.5
축복을받아라,2021-07-06,1325
본캐되면닉변,2023-07-19,1490
청룡쇄,2024-07-13,1553.33
전드라곤,2021-08-12,1302
까불면땡겨,2023-12-25,1553.33
판베스타,2024-07-16,1593.33
몸에좋은미네랄펀치,2024-07-16,1585.83
노랑머리런치,2021-03-27,1340.83
은다농,2022-07-07,1485
삼세카이금철,2022-03-26,51.67
그린Rock,2023-07-04,1490
궁디내놔,2023-07-04,1460
BBABss,2024-07-14,1605
릴리릴링,2022-01-23,1445
청류휘,2024-02-24,90.83
목블래,2024-02-19,1520
한영맨,2021-08-18,1362.5
쥬다붕,2022-12-22,1490
오직너만의바드,2021-06-07,1325
흥해슬,2024-07-11,1520
쏘오울이텨,2023-12-21,1580
환산스텟,2023-12-02,1415
애교만점댕댕이,2023-01-05,61.67
버스트이퍼,2024-07-16,1613.33
갬블꽃여령,2022-11-18,57.5
반비공주,2023-12-22,107.5
이마에딱밤따다닥,2022-12-26,175.83
Wriosley,2023-12-23,1530
세계3대블래,2024-07-17,1603.33
아리쵸쵸,2023-12-24,1475
로켓펀치멘,2024-02-05,1600
로켓랜스맨,2024-08-16,1640
나낫냣,2024-07-13,1561.67
빡딜진천,2023-01-20,1490
미양아가,2023-08-04,1417.5
송송싱,2021-08-14,1302
지하철화장실휴지절도범,2024-07-13,1603.33
프로필사진,2024-05-15,500
바드걜핀,2024-03-02,1580
황제st,2024-07-11,1601.67
홀수염,2023-09-25,1490
모카플랫,2024-07-12,1540
주혁맨,2024-07-13,1520
여름이여v,2020-08-23,900
댤인의저력,2022-01-22,1355
Luinx,2021-08-07,1422.5
뒷꽁무니만밝히는여자,2022-06-19,1415
배마밈미,2024-07-13,1600
황빠드,2024-08-10,1620
홍웬디,2023-08-08,1462.5
나는배럭,2023-12-25,1543.33
대수,2022-05-06,600
분노볼주머니햄찌,2024-07-14,1545
눈꽃티처,2022-07-07,1465
응애나외화벌이,2021-08-22,1302
패줄꼬야,2023-12-22,1540
뚱뚱한아리집사미련문탱이,2023-09-02,1415
오니노스,2024-07-11,1550
경기도핑프4,2023-07-01,1490
코기스메,2022-01-29,1460
소림설화v,2023-12-22,1575
대머리부레이커,2024-01-27,1340
포슬민지,2024-07-12,1548.33
운겜인2,2023-07-21,1415
우산있냐,2024-05-02,680
귀염,2020-11-21,802
몽실몽실코꾸몽,2024-07-17,1594.17
김블티,2024-08-16,1630
냥이사냥꾼,2023-03-26,1355
시퍼런기공,2024-07-11,1575
홍우리우산,2024-03-09,500
키세이,2024-05-12,650
해미얏,2023-06-28,1490
헬리온스피어,2021-07-13,1351.67
에인션트바드,2021-07-18,153.33
기즙시위,2024-05-25,500
신떡갈나무,2024-07-28,1600
쓰렉쓰렉16,2022-08-04,1340
viable,2021-09-01,1377.5
전투머신규리,2021-06-08,1341.67
별영원,2023-11-11,1550
화백물냉,2022-09-30,494
이별이지기전에,2023-12-26,1580.83
허축,2022-11-03,1430
짱크크,2023-12-21,1580
짐가방,2023-02-04,1605
군루해,2023-02-07,1472.5
본캐가될캐릭,2024-07-10,1520
고똘건슬링어,2022-07-07,1465
화련로린이,2023-07-22,1490
입원시켜,2023-06-30,1490
갯벌조개껍데기,2022-07-08,1460
밍몽찡찡,2022-02-06,1020
만복이는야옹야옹,2021-07-01,1315.83
환영의닭발,2022-06-05,1541.67
소서리스키장독대머리어카,2021-08-12,51.67
우리아가쪼꼬미,2023-09-30,1465
젋은수염,2022-07-12,1420
프로젝트피오라,2020-10-05,1330
땡무,2024-06-25,500
마탑기사단장,2020-10-09,915
숙코하셨어요,2022-03-16,1100
우엉뽀네,2023-11-06,1550
HONG서뽓,2023-09-02,1490
콩떡삥수,2023-12-22,1566.67
달빛을가리는우산,2023-08-13,225.83
2월의낙엽,2023-05-20,1465
사탕을찾는소녀,2023-07-22,1508.33
진성유,2022-01-09,1370
머머리이젠,2022-02-10,1415
강선이형님의풍둔아가리술,2022-08-03,1435
뤠버,2024-04-27,500
쌔농,2023-11-15,1415
만능정령술사,2024-07-22,1540
7퍼너프먹은퐁퐁이,2023-07-09,1415
명방산산,2023-07-30,1415
모닥홀이,2023-06-30,1500
탭키소울이터님님님,2024-07-11,1540
꼬꼬마붓소녀,2022-01-12,1372.5
파밍몽,2024-07-11,1543.33
44세,2024-07-13,1596.67
김감악,2023-01-20,1485
최소관심,2024-07-14,1593.33
달빛밤의꾸울,2021-08-11,1370
네이쳐,2021-05-17,1480
생체병기1호,2021-09-24,1370
lD박리우,2024-07-14,1601.67
실린보다무거운여자,2023-02-02,1340
아니잠깐뼈맞았다구,2024-08-16,1640
유랑암살,2024-07-15,1585
소란나비,2024-05-19,500
성령21검,2022-02-06,1370
주희원,2024-06-09,500
밥주는사슴,2021-11-07,1305.83
화백치치,2022-01-24,1355
Diachristmas,2023-01-18,1365
한결같은너,2021-08-30,1415
혉귀,2023-07-25,1415
달걀홀,2023-12-20,1582.5
야내성격까먹었나보네,2024-07-25,1601.67
학장여신서연,2024-06-14,500
감호앵,2024-07-22,1555
그냥들어간다,2023-12-25,1465
쏘얏뽀끔,2020-08-23,1038.33
SOSASOO,2024-06-02,1540
심신미약여우,2022-10-21,380
빤크아이,2021-07-15,130
죽갈통,2024-04-14,1450
ssgv6,2023-10-08,245
채원지,2023-12-02,1485
화가냥선생,2023-09-18,1422.5
꺔팅,2023-12-21,1543.33
리퍼뀨야,2024-07-14,1588.33
레그리거,2022-01-24,1500
장보고가장보고오래,2021-01-21,1340
토끼의수작,2024-07-11,1540
세경씨지금나멕이는거지,2023-01-18,1513.33
하바드수석바드,2024-08-15,1633.33
샤라뱡,2021-03-08,802
망고를누가먹다망고에요,2021-08-12,1302
에어컨바람은차가워,2024-07-12,1592.5
Godkilller,2021-01-31,915
워붕카칸,2023-12-31,1530
pvp할려고함,2023-10-10,1475
도됴뚀,2022-12-25,1460
앙마라규,2021-02-10,1335
사촌마법사,2024-07-13,1605
갑밍,2023-06-26,302
기른다며,2024-07-15,1540
헤맹나이트,2021-12-22,1302
끼요오옷,2023-12-29,1541.67
똥우나리,2022-12-22,1460
모코코절단기,2024-07-15,1602.5
시니S2,2021-03-27,230.83
골계야등긁어줘,2021-12-17,466.67
ProbeJerry,2022-07-16,1420
ckaki,2024-06-12,55.83
아산맑은쌀먹,2022-12-22,1340
농부해방일지,2024-07-22,1595.83
기범이는싱글벙글,2023-12-21,1573.33
태풍제니,2024-04-11,1520
봤재,2023-08-19,1420
낫브루,2023-07-20,1500
듀얼검사,2024-07-01,500
대한통운의소울,2024-07-16,1520
창쟁이카루요,2022-12-23,104.17
지브김,2023-09-14,1445
포럴,2020-09-05,992.5
츄츄팡,2020-08-22,1010
쿠아유,2022-01-27,190.83
사멸룰루워로득,2023-07-04,1490
콘칩도둑,2021-04-05,1050
단순해요,2024-07-11,1586.67
깡통손지일,2021-12-23,1302
제갈미선,2024-07-12,1520
까까뚜미,2022-01-22,1460
랜선미녀,2023-12-21,1460
건졸렬,2022-11-19,1302
최영붕붕,2024-07-28,1590
DaRamE,2021-04-25,1134
돈꼬살인마협회장,2023-05-15,302
창궐스타일,2021-04-12,250.83
소환하는토리,2024-01-02,1450
넬라아니야신보야,2022-02-18,172.5
네아리포화란,2022-07-16,1415
갈마동시난주,2024-07-17,1520
코코넏,2024-06-20,1420
미국빅테크,2023-12-23,1580
좋은동행,2021-09-24,1340
성여진,2023-07-22,1490
슬비퀸,2024-07-09,500
메스가키지망생,2024-08-17,1640
서폿을찾고있나요,2023-09-28,1490
거성파라솔,2022-07-08,1460
오늘의운세는도태심판,2023-07-19,1600.83
화리도,2024-02-26,1555
영웅독,2022-04-26,54.17
클렌징퐁,2022-01-22,1465
중풍술사,2022-12-23,1462.5
피타댕,2024-05-11,500
롤릴빠,2022-05-18,302
리퍼lkk,2024-07-20,1585.83
용똥소서,2022-02-25,1415
LiKeAbAbO,2022-08-08,1415
댕팔s,2022-09-17,1455
시안이여자친구,2024-07-02,500
핷상인,2022-07-30,600
호감형으로할말다함,2023-12-25,1543.33
삭제냥이,2020-11-30,915
kuslnada,2024-05-08,1521.67
철혈권신흑룡,2023-12-23,1510
꽃보다강선,2022-05-06,1445
사쓰,2024-07-14,1585
아기상어기상이,2022-12-25,1475
담배피우고싶다,2024-08-01,1614.17
덴드로비움,2024-07-15,1604.17
홍마엘,2022-07-07,1460
I다소I,2020-10-14,1340.83
저여자즈후걸푸란,2023-07-01,1490
홀리김과장,2023-05-23,580
도아가는화가요,2023-09-10,1482.5
먹물세례해그리기,2022-01-26,1352.5
레몬맛복숭아꽃,2022-12-21,1370
둔떵,2024-08-08,1610.83
소울무스메,2024-06-10,500
산책딸깍마스터,2023-12-21,1540
하늘두꺼비,2020-08-23,1305.5
돌곰탕,2022-02-13,1406.67
DeRony,2022-01-08,171.67
채리이임,2024-07-12,1604.17
선현비,2024-08-17,1640
욤뫄헡헡헡헡헕브레이커,2023-12-21,1477.5
피자만먹을래,2021-08-19,94.17
쏘울잇,2023-07-20,1493.33
절대영도노,2022-09-29,111.67
짭루숙,2023-09-14,1583.33
재월휘,2022-07-26,1379.17
쑤범2,2022-02-05,1302
슈카롱,2024-07-12,1520
날카로운술사,2024-01-06,1520
널도아가,2023-12-20,1600
벌써잠온다,2023-07-25,1415
알고보니우리딸,2024-02-28,1490
도발범벅,2024-07-13,1520
CANOT,2021-04-18,550
럭키브키,2024-07-12,1585
세티가호해줄게,2022-09-18,150
낫들고기역자로벤다,2023-07-19,1472.5
우리집깡패강냥이,2024-07-01,500
콩과,2024-03-21,1553.33
척추박살브레이커,2024-06-08,1600.83
공대를믿는나를믿어,2024-07-08,500
막트할까말까,2023-07-18,1490
킹라요,2023-01-19,1340
뜨뜻허게,2023-12-21,1467.5
유유자적한포식이,2023-12-23,124.17
각성제니,2022-01-27,1415
편백나무가온나,2024-07-14,1600
바삭한소환수,2023-01-02,60.83
도담홀맨,2023-02-19,1427.5
낫놓고와서창들어요,2023-11-08,1590.83
큐혜령,2023-07-22,1496.67
요아정그래놀라벌집꿀,2024-07-12,1585
SnowStripper,2024-07-11,1520
구찌광,2024-07-11,1585
옛다아가,2024-08-12,1633.33
형석콩,2024-06-25,1550
팡현이랑아둥이,2024-07-21,1610
힘세고강한홀나지민,2023-09-04,1415
펑키꼬부기,2021-02-05,1050
그래햄보넷,2023-01-17,1551.67
화금초밥,2021-04-17,79.17
잉여마법사,2021-08-24,1430
U낯순이U,2023-07-20,1425
평화의그림자,2021-04-08,1376.67
불곰파민묵필,2022-07-20,460
함단야,2021-11-22,1370
매르매르맥맥,2022-02-23,100
물로그린그림처럼사라지네,2022-07-09,1369.17
정넬라,2020-08-23,1012.5
큐어패션,2021-02-02,1329.17
무태권왕,2024-06-09,1520
샤임,2024-07-11,1600
안녕난록이라고해,2022-07-07,1475
푸바오원터치쓰리강냉이,2024-07-14,1593.33
독고다이유저,2021-04-27,1357.5
도수령,2023-01-13,1490
누가주인공할래,2024-07-28,1599.17
거꾸로해,2021-08-14,1128.33
븐낵,2024-03-04,1520
퀴토,2024-07-16,1585.83
왈뚜,2023-12-20,1510
윤미도,2024-03-18,1601.67
qswd6540,2024-07-15,1585
동준님,2024-08-17,1640
치즈김밥죠아,2024-06-22,500
다1율,2022-02-02,1303.33
쩔었지,2023-12-20,1460
나수홀나,2024-08-17,1640
저격왕상하이조,2024-01-02,1460
KOKO소울,2023-07-20,1415
블래릔,2024-03-15,198.33
라온블랙미르,2023-01-02,245
배틀마스터파트너,2022-01-03,52.5
쌩쌩2,2023-11-16,650
루치헌터,2021-02-02,995
브러쉬슬러쉬크러쉬플러쉬,2022-12-27,1490
홀나랜디,2022-01-21,1302
꽃같은포뇨포뇨,2024-07-14,1610.83
무지성저달전문가,2023-10-31,1465
윤태에몽,2024-03-10,1520
펑송,2022-06-20,1415
윌리엄최,2022-07-09,1370
김밤부,2022-08-05,191.67
감규잉,2024-07-14,1560
숲속의백합,2023-08-02,500
재학아사료가짜다,2024-01-05,1540
르네클레르,2020-08-23,1035
최하급힐러,2024-08-17,1640
달나라별세상,2022-12-21,1490
공증두개딸깍,2024-04-30,1611.67
ZUKIM,2021-09-21,1304.83
얼음화련송이,2024-07-11,1589.17
방패는겉치레,2024-07-13,1540
소서영재,2023-09-17,1551.67
어딜봐요,2024-07-18,1595
익스트림가디언엔젤슬라임,2024-07-12,1596.67
육월십오일,2024-02-13,500
가태,2021-08-17,1375
국가권력급등골브레이커,2024-07-13,1585
유위람,2021-03-21,130.83
냐뮤이,2024-07-22,1594.17
이리플,2022-02-02,1430
yee07,2024-02-22,1540
흰빛화,2022-07-28,1460
땅콩버터프레첼,2024-06-17,52.5
인기좋길래키워본케릭,2024-07-17,1600
워로확,2022-11-10,1561.67
분홍우산좋아,2024-07-10,1595
맑은눈의금쪽이,2024-07-17,1585.83
우두광,2024-07-13,1602.5
김옥금장독대고추장,2024-08-09,1618.33
근육전문Gay,2021-04-19,1342.5
표범킹,2024-07-11,1540
인생음악대,2021-11-16,960
앵해서웨이,2023-07-21,1422.5
리바이콜윌,2022-02-04,1325
민식단검,2024-06-14,500
이세계서는내연녀라니젠장,2024-03-14,1462.5
힘만찍는다,2021-09-02,1385
딸기맛바람,2022-07-11,1460
생활덕,2022-10-31,1475
라다나폭풍,2023-12-26,1560
포도주를낡은가죽부대에게,2023-09-02,1493.33
선택받은디붕이,2022-12-26,72.5
작작좀죽어요,2023-01-18,1490
바드현현,2021-07-09,1330.83
아가들모임,2023-08-06,1289.17
딜러도구,2024-05-25,500
양념감자는칠리,2024-07-14,1602.5
핑크비와,2022-07-11,78.33
메이지숙희,2024-06-08,1100
무한으로즐기는디트,2022-01-23,1460
탱구파도타기,2024-07-15,1605.83
갈증난협이다,2024-07-13,1600.83
밤하늘빛페인트,2023-03-04,1370
달콤초코피자,2022-10-19,1370
깔끔한브커,2023-12-25,1578.33
푸픽,2023-12-26,1540
축5압수,2023-04-07,1540
배마일까냥,2023-12-23,1540
방바밍,2021-08-31,1395.83
반말하지마이섀끼야,2023-06-30,1508.33
꿈의오아시스,2022-03-09,1302
나의이즈미사기리,2022-01-29,1445
변신합체무적홀나킹잼민띠,2022-01-26,1470
곰돌월드,2024-07-12,1600
린투엠,2020-08-23,920.83
스파클링모히또,2021-09-09,1445
따깨,2023-10-16,1470
시민1섭,2023-12-27,1546.67
달비츠로젼,2024-07-11,1590.83
푸판이라고,2023-08-26,1490
지금너홀리는거야,2024-03-10,500
자아가없다,2023-12-24,1533.33
낭만선율캥가,2022-09-15,600
개발잉구,2023-06-19,302
브통버,2023-12-21,1560
연주하는거,2021-09-28,1325
LY서머너,2021-12-26,1350.83
소심한마님,2023-12-24,121.67
쪼꼬밤나무,2024-07-11,1540
Alki,2020-11-02,1325
총든인사팀,2022-07-11,1340
활기찬ENTP,2024-07-13,1610
홀나처럼,2021-07-09,1325
새차저격술사,2022-07-08,171.67
J10붓쟁이,2023-05-20,1475
Flonica,2022-07-18,1340
메이스,2021-02-16,804.17
에클레아도로시,2022-07-06,1490
그냥적당히지은배럭9호기,2024-01-27,1460
최선을다합니다,2021-11-14,1370
패고십내,2022-09-28,1372.5
적적이,2023-01-19,1480
저해떠달,2023-08-24,146.67
라스슬레이어,2023-12-21,1541.67
야파브,2024-05-28,796.67
사랑의함성,2024-07-09,500
카페인수혈,2023-12-21,1460
도화레로,2022-01-31,1370
주문은데카입니까,2022-07-06,1472.5
괴수8호수완,2024-07-11,1595.83
도냐하,2022-01-14,1302
다음캐릭터아이디뭐로하지,2022-12-08,302
가실때조금만생각해주세요,2023-06-05,1582.5
TOPAZ호크아이,2024-07-12,1540
꺠란이터,2023-07-19,76.67
이지빈,2024-07-11,1600
슬레란두,2023-07-23,1490
쪼꼬미엘로후니,2023-01-26,1060
꾸기는곧휴가철,2024-07-11,1600
유려월,2024-06-27,1580
킬배마,2020-11-17,960
딜조끼,2023-07-20,209.33
블래까강이,2022-04-16,1460
홍슬레이브,2024-05-01,1290
오다팡,2021-07-15,64.17
건능기,2023-05-03,1561.67
소설공장,2023-09-21,1563.33
베사지노,2021-03-10,1340.83
남겨진도화가의그랜절,2023-09-26,1490
루멘미희,2023-04-04,1395
전장의지배자김공설,2021-11-05,72.5
바드당했습니다,2021-11-30,1325
시마다하즈키,2023-12-25,1575
옷걸이도화가,2022-01-27,1303.33
오리사냥꾼광배,2021-05-02,1335.83
먹미,2024-08-17,1640
둘째딸효녀서머너,2023-03-09,148.33
예령의달,2022-01-16,1445
돌잔치때블레픽,2023-12-28,1460
곤유경,2024-01-09,1540
수국과나팔꽃,2022-07-27,1414.17
c뻔냥,2024-01-19,1520
금쪽이체리,2023-06-10,1555
프리칼데아,2021-09-12,130
유희S2,2022-01-15,1452.5
옥쯰얌,2023-07-21,1490
약먹는노인,2024-01-21,1550
멍멍주누,2024-07-30,1520
팡타타타타,2024-01-02,1540
장원영갤러리,2024-07-11,1593.33
홀리였던것,2022-01-25,1370
세센세,2022-01-23,1445
끙레이커,2023-12-20,1556.67
담서야,2023-07-22,1490
댕댕이솜사탕,2024-07-11,1520
쭈쭈바1호,2024-07-14,1520
연세검,2024-07-11,1610
Pzln,2024-07-16,1586.67
홍댱원,2021-03-22,1310
낙원의낫,2023-07-21,1490
무술비둘기,2022-04-23,1389.17
설악산장수말벌,2024-08-18,1640
핫초코중독2,2024-07-18,1600
Jyuah,2024-07-12,1603.33
디트는사기야,2021-07-09,55
죽빵최,2023-12-21,1460
무지성메테오투하,2024-07-12,1585
브슈탈,2024-06-06,500
보원이덕,2023-11-07,1415
AresO7,2023-07-03,1498.33
퐉슴련,2023-12-30,1580.83
연어회에초장듬뿍,2024-07-18,1563.33
쉬어가는바람,2024-07-16,1600
사무라이수현,2024-07-13,1591.67
프라피,2023-12-20,1584.17
골통후리기,2023-12-20,1548.33
초대받지않은손님,2024-07-27,1587.5
지금은슬레이어,2023-01-19,480
아직은수행중,2023-01-19,480
배마오호,2024-07-13,1540
피자빵위에후랑크,2023-03-02,1397.5
말벌혀니,2021-10-13,1415
뉘가날아나,2024-07-14,1591.67
소울섭,2024-08-18,1640
산천,2024-03-11,1585
봄비와가을비,2021-12-24,1355
말랑방패느린걸음,2024-07-11,1600
블루베리앤베이,2021-09-18,72.5
산동방사기,2023-01-19,1370
화니에몽,2022-07-22,1560
아이뉸,2023-04-28,1495
포이보스KSW,2021-07-18,1370
때상슬,2024-07-11,1595
사서고생헌터,2021-03-25,1339.17
뒤뜰이이이,2023-11-03,1415
한방준데,2024-07-15,1590.83
벼랑위의넬라,2022-02-13,460
엄라소니,2021-10-07,1415
돈까스먹으러갈래요,2024-06-13,500
아화살두고왔네,2020-10-10,917.5
따뜌,2024-07-13,1540
Solidor,2023-07-04,101.67
콩랑,2021-02-25,802
코드안의세미콜론빼기장인,2024-07-14,1540
겨울이랑같이와,2023-12-21,1477.5
쿠로도아v,2023-09-12,1415
태풍따리구름따라,2022-07-07,1410.83
Whotoplay,2024-06-29,500
x리오,2022-07-20,1340
비버릭,2023-07-01,1503.33
지나가는홀부웅이,2023-08-02,1460
무지까,2024-07-14,1605
흑우림,2023-12-24,1570
타티이나,2022-01-31,150
숍비,2022-02-15,1335.83
파괴하는맨발의브레이커,2023-12-23,1543.33
단루나,2024-07-01,1250
힐주다주금,2021-04-24,841.17
슬레이어뿐,2023-01-22,1460
최종합격자S2,2024-07-16,1600.83
이온수라,2024-03-02,1477.5
깜찎쁘띠,2022-01-21,1415
국기원2,2023-12-23,1475
이젠소울이,2023-12-28,1580.83
이번엔붙는다,2021-12-23,1302
내일먹어,2023-10-05,145
순이홀,2021-07-09,1302
이스펠,2023-01-08,960
후웃추1,2021-09-27,1430
라스텔로,2024-07-12,151.67
미스틱시에테,2024-07-12,1520
ll다음주ll,2023-12-21,1540
뉴키반장,2024-07-29,1610
황검,2023-01-19,1500
패스,2024-01-14,1550
댕유디,2022-08-03,1393.33
마법이처음,2021-08-12,70
도화가하는사람입니다,2022-03-02,1302
공중제비이단옆차이,2023-12-20,1571.67
견습슬레이어,2023-01-19,1465
냥냥하게바드할꺼냥,2024-07-02,1540
공작사,2024-07-18,1533.33
진눈앵화,2022-07-20,1415
Kironight,2021-09-02,1302
블래엣스터,2023-12-19,1610.83
기상술사이거힙합이네요,2022-07-06,1460
구원10초,2021-03-26,1360.83
엘사블러썸,2024-08-12,1589.17
썸녀고창뺏어오기,2023-06-12,1302
레무라시,2024-07-16,1571.67
15번째창술사,2022-12-29,1370
폭주각,2024-08-17,1620
살짝슬레이어였어난,2023-01-19,1490
포를들면강해져요,2024-05-10,1275
파천검무,2023-12-21,1592.5
화도무심가,2022-01-27,1370
단검레전드리,2024-07-13,1601.67
카니란,2021-07-10,1417.5
잉어린이,2023-01-29,1399.17
찍레인,2020-10-12,915
심쿵사랑카드,2023-11-28,1420
깜냥객,2023-05-18,960
한국지리이기상섹시흠뻑쇼,2023-08-17,1541.67
축복받은느낌,2022-07-29,93.33
날씨온,2022-07-09,177.5
안카리엘,2024-07-12,1601.67
짱유월,2022-01-20,1550
손절영지,2021-08-14,1415
우경서,2023-09-03,1415
mhubem,2024-08-12,1620
체리블루베리,2024-07-13,1592.5
도아맹가,2022-12-21,1472.5
저세상레몬버터,2023-06-28,1340
zl존어쎄신,2024-07-11,1535
세빌리안,2023-12-23,1540
또도산,2023-07-22,1500
폼폼푸이,2024-04-01,1076.67
너무나무나,2024-07-14,1606.67
별하다비,2023-01-19,1450
홀나라교,2022-01-03,70
언젠가는유기하겠지,2024-01-14,1525
댕뺙뺙,2023-11-15,1503.33
수라맛있다,2024-05-05,1520
eTerCr,2022-01-29,1445
매우하프하프한,2022-12-22,1490
루루덴,2023-07-21,1415
한자락의마음,2021-09-14,1302
밥을왜맨날내가사또,2022-12-08,65.83
w사바토w,2022-07-06,1475
Blesstempo,2024-07-22,1599.17
섬진일,2024-07-10,1520
민내말좀들어라,2024-06-27,1278.33
아랑권무,2021-04-25,550
도앙도아,2023-12-25,1467.5
투톤콜라,2023-12-22,74.17
뷸붕이,2022-08-27,1375
LASTMAGE2077,2024-07-19,1615.83
여자에미친새기,2022-12-24,1460
마지막마법사,2024-07-17,1600
핑크팝시클,2021-09-11,1409.17
황씨가문의자랑황범찬,2024-07-14,1573.33
개같이벌어서정승같이산다,2023-12-23,1540
성빛전사,2024-02-02,1580
잉잉이이잉잉,2021-10-03,600
펩시제로맛있소울,2024-07-13,1600
바람불어야지요,2023-02-09,1480
진짜헤드,2023-12-21,1580
도확쨩,2022-01-14,1445
짱구당딘,2023-12-21,1540
금깡선,2021-01-21,1325
꿀꽃비,2023-11-13,1581.67
파소스,2022-01-30,1302
앵그리채유닝,2024-07-14,1536.67
스띠브퐉스,2024-07-15,150.83
현탐10초인그직업,2024-06-20,500
멧지롱,2024-07-12,1520
아가진혁,2023-12-21,1531.67
고향만두타향만두,2022-12-24,1452.5
준비갱,2024-01-16,1610.83
반헤빈,2023-12-20,1460
Laudarentum,2022-01-11,1432.5
로오냥,2024-07-12,1520
사상구아재,2021-11-13,476.67
문뗭현,2024-08-12,1606.67
버터맛민트초코,2024-07-13,1601.67
성기삽니다MK8,2024-07-15,1600
먀뇹,2021-07-30,1447.5
그믐할래요,2024-07-14,1571.67
키르테스,2020-08-23,922.5
환경쌍칼,2023-12-23,90.83
팡석소울,2023-07-23,1498.33
2품우정오기,2022-03-15,460
이녜케미,2021-01-04,925
채스메이드,2024-07-11,1535
삭바람,2023-01-20,1460
P00ZZ,2024-07-13,1523.33
썬칩갈릭바게트맛,2023-11-23,1490
지금부터전사,2024-01-25,1482.5
고기집딸내미,2023-04-11,1396.67
바언니가괴롭혀힝힝,2024-08-17,1633.33
천수사남문도,2022-01-27,1445
이레즈미전문화가,2022-01-14,1330.83
붓예지,2024-05-07,1520
앙앙수영띠,2021-08-26,1430
초전도낫,2023-08-06,88.33
Lbear,2022-10-24,1583.33
럭키비키맨,2024-07-10,1597.5
은월광,2023-12-25,1580
19970528,2021-04-24,1379.17
강아찌,2023-12-24,1566.67
차차용용재재,2024-08-09,1610
도적단수장,2023-12-22,1520
준치요리사,2021-10-06,1432.5
벨코즈님저여기앉아있어요,2024-07-10,1340
루룬므,2022-07-21,145
응쇼다,2020-10-23,920
베리세인트,2021-10-05,1430
샤프소서,2024-07-11,1565
순살블레,2022-02-15,1445
건슬의일상,2024-08-18,1640
꽈당여맨,2024-07-13,1540
모뉨,2023-12-28,1510
쏠눈눈,2023-07-23,1496.67
오늘도건슬하는중,2024-02-15,500
꿀날,2024-08-18,1640
우유성기사,2021-06-07,1093.33
화나면,2024-07-15,1590
듀우유,2024-07-14,1585
AgCl,2022-01-23,1445
llBreakerJ,2024-07-13,1594.17
우리슴,2023-05-30,302
팔달구고색동,2022-03-13,1302
도아가는아무것도못해요,2024-07-18,1568.33
애기하랑,2023-07-02,1482.5
실불배럭2,2024-07-18,1590
브레이커드래곤,2023-12-26,1540
액괘,2024-07-13,1585
허바나온난아,2021-08-20,624.67
세라므,2024-07-10,1605.83
무영창마법사,2024-06-18,500
소낙비윤슬,2024-07-15,71.67
깽소울,2023-07-23,1540
JJUNMAN,2024-07-14,1563.33
현진이바드,2024-07-05,500
내년엔잘될꺼야아마두,2021-03-27,915
바웬디,2024-03-07,500
Feldt,2021-01-16,1047.5
안데에,2024-07-16,1556.67
나태한라잇,2024-05-28,1330
카타인로아,2024-07-13,254.17
가을o아이,2022-08-16,1370
디붕이아죠씨,2022-12-22,1460
뿅륜,2023-12-20,1580
뀨릉지,2024-08-18,1640
다람쥐군,2024-03-02,1340
민트초코용,2022-02-15,1370
멍대리,2024-01-06,1603.33
쉽고빠른릴라론,2023-04-23,142.5
홀리한손길,2021-09-18,1340
쫌쌔네,2021-03-27,599.83
냥혀니,2024-05-12,1340
핵꿀밤때리기전문가,2023-12-24,1531.67
박너클펀치,2021-08-12,1325
때려보샤,2024-07-23,1585
닉네임이할게없는데어떡해,2024-08-18,1640
술은역시와인,2021-09-12,1302
심포나이트,2021-09-18,600
끼모찌니,2024-08-12,1610
김홍됴,2024-07-13,1591.67
정석,2022-08-13,1568.33
베오노르,2022-01-25,1302
소향여우,2024-01-02,1460
이뉴승,2024-07-13,1585
재현기증,2023-10-07,1415
별이행복한밤2,2024-03-15,1460
무단탈주,2021-08-03,56.67
버퍼주는센세,2022-08-22,1415
나도아내가입었으면좋겠다,2022-07-03,1370
땅꼬마나무,2022-01-23,1445
햄브커,2024-07-21,1606.67
됑징,2024-01-20,1585
리키소운,2022-09-04,145.83
콩콩이홀나,2022-02-16,1325
해쥬3,2020-09-20,915
우라결,2024-04-15,1540
카이랄중심,2023-12-21,1580
잃어버린초승달,2024-07-10,1520
첫째설화,2023-02-04,1340
더워죽어도따끈따끈생강차,2021-03-21,1340
자두짜장,2022-07-07,1465
아자르빠,2023-01-21,1340
너희집소울이,2024-07-14,1540
소울직히말하자면,2024-07-19,1605
5ickle,2024-07-14,1553.33
ssas,2024-08-19,1640
자랑한다,2021-04-13,1340.83
운수도태각성,2021-01-21,1325
사랑해요고갱님,2023-09-14,1460
서폿임돠,2023-08-21,1415
난폭한상여자,2022-12-08,194.17
쌀국수에고기추가,2023-09-02,1475
징수제비,2023-11-03,1496.67
초라해진나의학점을위하여,2022-01-21,1370
멋있지유,2023-12-22,1460
비둘기연쇄폭파범,2023-07-02,1445
치즈케익조각당4만원,2021-12-19,1308
흔한여자,2024-07-13,1600
소우리모,2023-07-21,1490
채끗,2024-07-16,1600
뚱뚱한걸,2023-01-22,1490
우사느로,2022-08-12,164.17
푸우욱쉬고돌아온얍얍,2024-07-13,1525
춘식이의고구마,2024-01-18,1592.5
라임슈가버블티,2024-08-19,1640
조이츄,2024-01-02,1600.83
또루,2024-01-21,500
쿠키파스타,2021-03-27,901.67
알드이소,2024-08-04,1610.83
갸습끼,2020-09-05,942.5
루쉐이,2022-01-27,1415
쭈쭈관,2023-02-20,1415
흐르는강처럼,2024-02-18,1520
슬레하는장원영,2023-07-01,1475
터프해진야라,2023-08-08,1415
10살에파이리죽임,2023-03-08,1340
마호드,2024-03-16,530
가람신선,2020-08-23,882.5
진영택,2023-11-05,1580
소나기의계절,2022-07-11,140
민쵸아몬드,2022-12-22,1475
봇물터지듯흘러넘치는절구,2021-09-07,1370
흑콰직,2023-12-20,1460
열여덟번째마료,2022-08-29,1415
기댕대천사,2024-06-16,500
화염을다루는자,2021-08-20,1302
가자미대로,2022-12-30,1345
콩이홀나,2022-09-22,142.5
란마이뉴,2024-03-31,1100
덕춘인파,2024-06-04,500
하얀우산o,2024-06-30,500
도하멍,2021-03-06,915
뤼펗,2020-10-03,1010
반갑농,2021-03-09,915
J0Ohan,2024-06-04,500
라율천,2023-12-29,166.67
킹받는아이돌,2023-12-26,1560
바이스라토비체,2024-07-13,1610
삼시세끼챙겨먹자,2023-12-24,1460
토란제이,2023-07-23,500
냉울,2023-07-20,1490
매콤주먹콩,2024-07-22,1603.33
밍이는낫가려요,2024-04-23,500
놀리면나삐뚤어질게,2023-02-11,1360
CleanSpace,2021-04-25,1386.67
OTTANG,2023-07-02,1487.5
미요림,2023-11-14,155
포식슬레기,2024-07-12,1602.5
갈증끼상,2024-07-13,1605
은밀한딸기,2021-05-02,900
나는오늘도바다로나간다,2021-07-09,191.67
루돌프구출작전,2023-01-21,302
후추라네,2024-06-30,1475
무딜링호흡유산스카,2022-09-25,1574.17
옆반강냉이수집가,2023-12-21,1530
뉴비에요삐약삐약,2024-08-19,1640
음쟁,2024-01-05,104.17
구도연,2024-01-01,1545
쾌감이터,2023-07-24,1505.83
양심없는도적,2024-07-12,1589.17
논현,2023-07-22,1545
황금까마귀,2024-08-17,1616.67
고독한맞딜,2022-08-02,1340
덴슬로우,2024-07-12,1530
소인경,2022-07-10,1472.5
나빵아니고요,2023-07-05,1490
내가바로전사,2023-02-14,1385
크레비츠배럭33,2024-07-11,1602.5
가나다의우당탕탕맛집탐방,2022-01-07,1475
베루자도템페스트,2021-02-27,1325
증폭슬레이어,2023-01-19,1460
왕돈까스에소주한잔,2024-06-27,500
Gom호크,2022-07-21,255
귀여운대흉근,2024-07-14,1585
포알콜,2023-12-03,1553.33
서연소울,2024-01-02,1558.33
똥캉아지,2022-12-29,1496.67
박조지,2024-07-15,1607.5
도라지작두콩차맛쿠키,2022-01-03,1357.5
커여운기상술사에요,2022-07-06,1400
핫초코머거볼래,2023-10-09,1415
카마인제일검,2023-01-26,1475
ActiveSloth,2020-12-30,915
아루레이,2023-01-19,1460
쪽빛사과,2021-07-31,1355
화라아소,2024-07-22,1520
갈증나샘,2024-07-14,1607.5
검유성,2024-03-18,1460
테우얀,2022-03-06,600
눈데굴,2023-02-03,1340
랏폿자리는내꺼,2022-01-12,1302
둥지맆,2024-07-10,1520
도루토,2023-11-28,1477.5
오늘비올걸요,2022-07-24,51.67
꺙이치,2023-08-01,1490
조성대감,2022-07-17,80.83
푸하하잉,2024-07-15,1525
해달이아가,2023-12-22,1460
서꾼넷,2024-08-13,1608.33
씹에이블,2024-07-14,1604.17
로아기상알리미,2022-12-30,1460
빈돌리,2023-10-03,1490
미친듯이잘하는놈,2022-03-16,1302
냥냥탕후루,2023-12-20,1460
쁠루리,2024-07-13,1600.83
타이거당,2024-07-13,1535
쓰육스,2021-03-21,1360
가끔보면이쁨,2024-07-22,1560
모즈,2023-12-20,1460
권왕야,2023-12-26,1580
인류학,2024-07-12,1588.33
야쁘장,2024-07-11,1553.33
우유식빵,2023-12-20,1477.5
열심히안해용,2023-01-12,70
였구나a,2022-01-22,1452.5
도한범,2022-01-23,1460
윗공기용포,2024-07-14,1590
Riharp,2024-07-14,1585
막내리퍼봉영,2022-09-26,1425
1Anya1,2024-07-14,1531.67
레드리벤지,2021-08-12,1340
고독한바둑기사이창호,2022-07-15,600
뿌시는노바,2023-12-21,1460
소울노바,2023-07-20,1490
송우체,2021-07-09,1302
싸이크타이슨,2024-07-13,1595
집돌이vv,2022-01-14,1370
인둥이,2024-01-11,1515
워로드로보는세상,2022-07-18,1415
아스루인,2021-12-28,1414.17
문래동이미정,2024-07-14,1520
흐이슈,2021-08-19,1435
들의반란,2023-01-19,1340
마프소서,2021-12-10,823.33
768094,2022-07-08,1460
artisan424,2022-08-29,1370
아가는힐싸개,2022-01-23,1302
막내람,2022-07-06,1415
신미와,2024-06-17,500
까미쿠키,2024-07-14,1556.67
도로롱고등어,2024-07-14,1576.67
사장술사,2021-01-21,915
사랑의콩순이,2024-07-10,1520
어엉어엉어어엉,2024-08-08,1609.17
와영혼통보소,2023-07-19,1490
눈꽃망사지,2022-12-24,1460
Hyperioner,2023-10-14,1452.5
선우현아,2021-12-20,1435
김원느,2023-12-27,1545
ReliKa,2021-04-23,1350
zziritG,2022-12-21,1475
달콤시원민트초코,2021-08-12,1445
베포피아,2023-08-16,1430
EliNix,2022-01-14,1430
토머더뽀끔밥,2024-07-13,1602.5
영혼을털어주마,2024-05-06,1540
안뉴요정,2024-02-11,177.5
누린,2021-04-19,915
틴트뭐써요,2024-07-10,1520
내안에망치있오,2022-12-02,600
오늘빔꿈속에서만나요,2024-07-29,1610
얼음에제로펩시,2024-07-14,1601.67
아르카나가알겠어모르겠어,2021-12-23,1370
나도몰러,2023-12-23,1571.67
비로현,2023-01-03,1445
고대폭풍,2022-02-01,1325
봇쌤,2024-07-13,1545
괜히친거같슴돠,2022-07-12,1460
메이플의망자,2024-01-09,1510
카바골드,2024-07-11,1565
하늘길이,2023-01-19,1460
야생식당,2023-12-31,1460
바드잉이,2020-10-02,435
뱅우루루,2021-03-14,1340
WoundedCrow,2024-07-12,1551.67
빼빼로,2022-08-05,1583.33
리퍼도이뻐,2024-07-17,1520
뮨엉카,2022-01-14,1302
엘레나메이슨,2022-01-24,1302
다나선,2021-07-18,1347.5
마으마으도,2023-09-30,1600
멈춰브레이크,2023-12-24,1520
비블바드,2021-12-30,1430
김데니,2024-07-14,1528.33
The일랑,2024-03-16,1591.67
1등급개사료,2020-09-17,922.5
검은소금,2024-08-19,1640
신선한청새치,2024-07-19,1600
워로드호크,2021-01-12,1325
갈심,2024-07-12,1530
화가선생님,2022-01-13,1452.5
황훌,2024-07-12,1521.67
굿브러,2024-07-26,1600
GaeBulga,2023-10-07,116.67
유량사제,2024-01-06,1550
노유경,2024-07-17,1543.33
흐뭇한날,2022-04-15,1460
분수물조절장인,2022-02-09,53.33
양뿜,2022-01-14,1460
히무라찡,2024-07-14,1591.67
신선한우유배달원,2023-01-19,1490
힐은단비꺼야,2021-09-10,1355
혼령극,2023-12-25,635
무면허관장전문의,2022-01-09,1370
O치즈루O,2023-07-23,1490
빗물속아이,2023-09-21,76.67
헬텐션,2020-08-22,1355
휘센에어콘,2020-09-19,937.5
시간브레이커,2023-12-31,1560
리비슬,2021-03-31,1325
바우창룡,2024-07-13,1520
스트라이커는사드세요,2021-03-20,1050
붕어맛팥빵,2024-07-13,1540
하무원,2024-07-14,1540
기상술사도술살수있나오,2022-09-14,1477.5
새해운세,2021-10-03,108.33
야랄룽,2024-08-19,1640
풍류랑,2024-03-03,1610.83
스까님2,2022-01-23,1422.5
13마탄,2022-01-28,1392.5
홀리엉재,2024-07-12,1550
후르트콩,2024-07-15,1601.67
홀나만여섯번째,2024-03-09,1560
하나만묻자,2022-07-14,1370
소심한버프,2022-01-10,1302
계속한밤중이면참좋을텐데,2023-07-20,1415
용클럽,2024-06-25,1254.17
빛트릭,2024-08-01,1605.83
오스티나,2023-12-25,1580
Weiberwenel,2021-07-22,1355
차돌떡볶이맛있다,2024-06-13,500
유자파운드,2021-05-06,1370.83
쨈지슝,2024-07-28,1520
슬레이어노잼임,2023-01-22,1447.5
이형제,2022-01-12,1415
화법대대검과,2023-01-19,1503.33
가끔브레이커,2023-12-24,1538.33
자은동,2023-12-22,1580
삐링삐링뿡뿡,2021-03-20,875
깽훈리,2021-07-18,1302
l뚜화가l,2022-01-15,1370
덤벼이자식아,2024-07-16,1568.33
서폿은서포비,2024-07-13,1591.67
앙쫑,2024-07-15,1603.33
스모크맛목도리,2023-12-22,1480
이천덕평공룡수목원,2024-07-12,1540
오니블레이드,2021-11-16,1445
블레아니에요,2023-12-20,1467.5
사단의무대간호장교,2023-08-09,1435
루이네광녀,2024-07-14,1595.83
염진하,2024-02-03,1460
꽃루안,2023-01-23,1340
브덥,2024-07-11,1520
서울올빼미,2023-12-26,1558.33
뽀유유,2020-09-29,915
별부수는블레,2024-07-08,500
니아노래는세상을지켜,2024-07-11,1598.33
자미유,2023-01-27,1340
브커는사기다,2024-07-14,1610
내눈에비가와,2024-06-27,500
춐촠춐촠,2023-01-09,1472.5
체크카드11,2021-06-13,1346.67
수라세이드,2023-12-25,1510
웅바미,2024-07-19,1520
채하요,2023-12-19,500
까의,2024-05-08,500
맛나계란빵,2023-06-29,1508.33
닉네임머로하징,2023-02-07,1430
수라인력거,2024-07-21,204.17
한문곰,2023-01-19,1490
쉐도앙디,2024-07-16,1605
바드배기,2023-06-30,1498.33
혀니법사,2024-06-08,500
머리색아덴,2024-07-15,1600
닷하가,2023-01-18,1415
밍밍하다고,2024-07-29,1590.83
프루키밍,2022-08-09,120
스기네,2024-01-11,1460
송이니,2024-03-01,1520
버서커까강이,2022-05-27,1460
하룰브레이끼,2024-07-15,1605.83
족보는족발보쌈,2020-12-01,1050
원기옥이딴식으로쏠기공,2023-07-09,1462.5
말랑말랑슬라임s,2022-03-29,1302
빛과어둠을품은기공사,2021-01-16,915
도발쿼카,2024-04-08,1520
넣을께힐,2021-01-05,1330.83
노예들아진격하라,2023-08-16,935
눈보다빠른주먹,2023-12-25,129.17
궁오브찰,2024-01-05,1580
옥현희꺼임,2022-01-03,1327.5
악마수지니당1,2023-07-12,1415
정글나르,2023-01-14,1340
위니버블,2024-07-15,1604.17
부산기복이,2022-09-07,1445
승환이다냥,2024-03-19,1520
강다울,2023-12-01,155
덕클리,2022-12-24,1385
효자손킹,2022-09-08,1370
이나무늘보,2022-12-27,185.83
극소히터기,2022-07-09,1340
19살여고생의꽉찬퍼스,2022-12-22,1492.5
후유이터,2024-05-24,57.5
치오야,2022-05-01,1370
아들등골브레이커,2023-12-22,1460
사라크스,2023-07-20,1470
노약자석을향한디스토션,2023-06-28,1470
다섯번째도아가,2024-01-16,1582.5
미대입시생류아가,2024-08-20,1640
정말딱딱해,2024-08-20,1640
로사드아모르,2024-07-15,1520
사황카니,2024-06-30,500
파아란먼지,2022-01-04,55
폭서리스,2024-07-22,1561.67
운명을가를shot,2022-07-09,460
키위튀김,2020-11-25,512.5
사멸의사멸,2021-12-24,81.67
마기아스텔라,2021-12-05,433.33
리리컬릴리,2021-08-14,1302
듬직뱅,2021-12-23,99.17
바리데기할매,2022-01-26,1302
아니억떢계이럴수가잇어,2022-07-26,1340
HONG002,2023-08-02,1462.5
따숩하루,2023-12-21,1485
SionPa,2022-05-10,1302
여자는슴부심남자는자부심,2023-01-19,1340
기름의유통기한은오일,2024-07-11,1600
얼음을말리면드라이아이스,2022-07-09,1460
고양이장송곡,2024-07-25,1603.33
박성준씨,2024-08-20,1640
울소이,2023-07-23,1493.33
원래잘될줄알았다네,2021-12-24,1302
대물파전,2024-07-14,1568.33
지뢰계쿠로미서폿,2024-07-15,1510
지족불욕지지불태,2021-02-24,1341.67
으라아챠챠,2021-02-25,1445
HolyMoly옌,2024-07-11,1585
하이삔,2024-04-26,1540
파랑여우야,2023-12-23,150
체방호소인,2023-01-23,1452.5
NATANADA,2021-04-23,1340.83
강느릿,2023-07-02,1513.33
라망아가,2023-02-05,1370
지그나엘,2022-05-20,302
느긋한주말,2022-07-08,1363.33
기상마법쇼,2023-02-22,1415
서머너스케,2023-02-24,1501.67
율디니,2022-12-30,155
엘니냐라니뇨,2022-07-15,254.17
z마요희z,2022-07-15,1100
초심을잃지않는오의,2023-12-20,1541.67
임팩트웨이망고맛,2024-08-06,1611.67
아미리아41,2021-06-12,1334.17
뤠몬버뤄,2022-07-06,1415
윤하품,2024-07-12,1575
인간성기사뿌뿜뿌,2021-07-06,1370
살인젤리,2022-07-16,192.5
용바장식아니에요,2024-01-29,1520
아현역1번출구,2024-07-31,1610
백강석,2021-03-21,1045
전부모여라,2021-08-30,1302
잼연화,2023-11-15,1610
3대500치는햄스터,2021-07-26,51.67
이러거나저러거나,2022-01-19,1415
S규느,2021-08-12,1302
달청루,2024-07-12,1600
인생실전배럭2,2021-09-18,473.33
낌드리퍼,2024-07-27,1550
모콬코아가,2022-12-22,1415
드론찾는중,2021-07-09,1349.17
도류의기운솔솔,2023-10-15,250.83
모코롱코콩,2023-07-21,1415
차라리난,2023-01-20,1503.33
MS워드,2024-07-20,1585.83
찬란한버섯,2022-01-07,1370
민리아,2024-04-10,1460
필립스오중날길로틴,2024-07-15,1600
다옉,2024-07-17,1605.83
황상덕,2024-02-22,1520
자유로운딜각,2024-07-17,1546.67
초코우유졸맛,2022-11-23,1504.17
방춘미,2021-04-23,1050
도븜미,2022-02-24,1370
너무슬프잖아,2021-07-15,1370
배점숙,2022-12-19,1540
명치다시다,2022-07-20,1460
아스포델리비,2021-08-26,302
쌍큼깔라만시,2024-07-28,1600
강투공무직,2024-04-06,1340
짱깨로스,2021-03-19,1371.67
다정한연,2023-01-20,1340
브으아아아악,2024-08-20,1640
루메루메루,2024-07-13,1585
으앵앵애애앵,2021-11-12,460.33
채채버,2024-01-16,1460
메이플이주민,2024-08-20,1640
하이상민,2024-01-24,1460
그저그런그냥이름,2023-10-18,1490
배마튼튼,2022-07-08,1415
건랜스있지만방패만씀,2021-04-25,1349.17
로켓펀치배송,2024-07-10,1530
잉길쓰,2021-07-22,1355.83
하니해닝,2021-08-20,1302
갱상도절구녀,2023-06-19,1460
낫꽂기,2024-07-12,1605.83
힐주러왔슴다,2023-10-08,1442.5
인우만팬다,2024-02-09,151.67
엘가시아리아,2024-07-27,1590
둥딩이,2024-07-10,1523.33
자두요,2024-02-04,1460
성몽연,2023-12-21,1530
에라모르겠다대충해,2024-01-04,82.5
철든도화가,2022-06-29,1370
올때요맘때,2024-07-29,1550
갱상도아이다,2023-06-26,302
치적필요한거맞죠,2021-12-23,1370
아이엠not신뢰에요,2023-12-28,1545
리애나퍼,2023-07-29,500
내단검어딧더라,2024-07-17,1520
대기중인방패,2023-10-02,1460
수라윤찬,2024-07-15,1600
인어공주의문단속,2023-07-01,1493.33
헤드무서워,2024-07-12,1520
쵸록참새,2023-06-30,1505
서진창,2022-06-27,1415
으로이동,2023-07-27,1437.5
호리호리호리나이트,2021-08-28,1350
친절한러기씨,2023-01-24,1462.5
카왕,2023-12-22,198.33
낭만닥터김소울,2024-06-20,1340
아침햇살이꼬소해,2024-07-11,1543.33
앙쨧,2024-07-16,1600
지상깡패,2024-07-10,1520
됴타,2024-01-11,1460
도화조,2022-05-13,1302
기어이이품이,2024-08-20,1640
대지브레이커,2023-12-22,1580
은영이남편,2023-12-21,1576.67
윈터쿤스트,2022-01-26,1370
서폿한명초대할수있을까요,2023-12-21,1580
난널갖고말꺼야넌내꺼야,2021-01-21,1340
베르월화영,2022-01-13,1472.5
찌누양,2024-07-13,1520
사랑인내긍정열정,2023-09-30,1415
대뱀이,2023-09-07,1590
밍가밍가,2021-08-19,1302
광대놈,2023-08-15,1493.33
l펩시제로l,2024-05-24,500
리즈시절둠피스트,2024-06-25,500
부계홀나키워요,2024-07-28,1610
네머리브레이커,2023-12-23,1582.5
뚜뚜suu,2021-04-25,940
바지벗다빤스내린병아리,2021-07-12,1302
꼽꼬,2024-07-14,1610
인사이딩,2021-12-26,1310
아카즈,2021-08-13,60.83
펠샨기상,2022-07-19,1460
흰선아,2023-09-08,1415
비오는날카페모카,2024-01-17,1445
봄바람우산,2024-07-12,1550
아니바바,2021-12-04,1370
보여줄사람,2021-05-24,190
쇄파하는,2023-12-21,1580
킨앨,2023-12-18,51.67
젤리비둘기,2021-08-13,1370
벽력릴섬,2021-08-02,92.5
딸피브레이커피머신,2024-07-15,1543.33
스페는우다다다,2024-07-16,1589.17
주태대천,2024-06-19,500
기상술사다,2024-07-15,1600.83
내일만기,2020-08-23,870
Meren,2024-07-10,1600
롤로노아심익수,2024-07-15,1585
박뽀오리,2024-08-20,1640
에펙하쉴,2021-12-13,1432.5
빈윤아,2024-01-27,1530
대웅이,2021-07-31,61.67
섬세슴레,2023-12-24,1480
배해린,2023-01-11,1381.67
F만은주지마세요,2024-02-20,1583.33
달콤한회상,2021-08-12,1302
고드름7,2024-07-19,1520
풍월폭주,2021-05-02,915
윱솜,2024-08-18,1605
별빛을품은만월,2023-12-20,1472.5
장엄궁,2023-03-03,150
버블맛꼬냥,2021-07-09,51.67
느검매,2021-02-05,1303.33
깅쥬뇨,2023-11-25,1415
김라박,2023-06-29,1422.5
최쩡슬,2024-07-15,1598.33
생람바드,2023-07-28,1415
민스꼬,2024-07-22,1560
애기태희짱,2022-01-16,1445
BourBon7,2021-08-23,1352.5
윤빛아루,2023-02-25,1447.5
최순복이,2024-08-20,1640
음진뿌,2021-05-16,915
xxImpetus,2022-12-25,1370
가족사진안나오는소울이터,2023-07-22,1520
까불다죽음,2023-11-03,1460
만덕동우산블레이드,2024-07-12,1606.67
브레이크싸개,2023-12-27,635
뮤즈태크,2023-09-27,1415
오월에날씨는지,2023-12-24,1490
햇볕가득한날이야,2024-08-20,1640
playtam,2021-08-12,1370
L1ghtBlue,2021-03-22,600
리쥐덕,2021-04-07,176.67
돼오라,2021-01-10,1340.83
잼민몽,2022-05-30,1370
유은채,2021-07-16,1342.5
여우하나,2024-07-14,1593.33
아르고니언메이드,2021-08-05,802
이게대포맞나,2023-07-06,1496.67
DanseMacabr,2023-09-29,1445
류은휘,2023-12-20,1520
일어날시간이얌,2022-07-06,1460
로문철의블랙박스,2024-07-16,1585
출판인,2024-07-20,1595.83
월화검용,2022-12-31,1359.17
에필아가,2022-01-12,1302
이호저,2024-03-21,1580.83
르나타샤,2021-06-09,448.33
IamNaDa,2021-01-05,1325
단테밍,2024-08-04,1613.33
관개토대왕,2024-08-09,1609.17
분내군,2021-08-03,1345
오딘의그림자,2024-07-09,500
TrollBlaster,2022-02-04,1355
카드로캐리함,2022-12-27,1457.5
팡배기,2024-08-20,1640
기상파엘,2022-12-25,224.17
애슈로자,2021-08-12,1302
금방쉬어요,2024-04-03,1540
성남그로밋,2024-07-12,1593.33
NoDpess,2023-01-13,302
묘이닝,2023-09-14,1415
아르젤리타,2020-11-06,1355
꼬북꼬북이다,2021-03-14,1350.83
Memoria배틀마스터,2021-05-22,1322.5
냐리퍼,2024-07-22,1570
동사무소목장갑도둑,2024-07-12,1520
세차스사보브,2021-07-09,1302
뚜커,2021-08-30,1302
이커냠냠,2023-12-21,1477.5
버유니,2024-07-14,1603.33
AaronBlade,2023-07-05,1485
마린시티필라테스강사,2024-02-20,1480
신축주택,2023-08-06,1430
뇽만월,2024-05-03,1520
도화가난아가,2023-07-19,1415
땨율,2024-04-14,900
Czaer,2022-12-10,1472.5
두나앤디,2023-12-27,1585.83
홐아Ol,2023-07-01,500
맑은나리초,2022-07-06,1467.5
Phenyl,2021-10-05,1415
맘대로생각해,2024-06-30,1330
BardJunH,2023-10-25,1442.5
우리모두좋은하루,2023-07-19,1480
만개유니님,2023-10-11,1561.67
신바다,2022-10-21,1370
앙뤼엔,2022-04-04,380
실드를받으면넬라굿,2023-06-21,1445
페이튼괭이도둑,2024-07-26,1600
깽슬,2024-08-21,1640
햇물비,2023-12-28,1560
깜깜만개,2024-07-15,1603.33
마빡맨10,2024-07-25,1600
블레코민,2021-04-24,1325
낫은율,2024-07-12,1561.67
소울특별시제초부,2024-07-10,1600.83
윤프리범준,2022-02-16,1302
홍금보친누나,2023-07-05,1490
홀리쉬엉,2023-10-01,1415
세지닝요,2024-07-11,1540
서포터센세,2022-08-19,1415
아르데타인의근본,2020-12-05,170.83
문쩡구,2024-01-02,90
영민이공부해,2023-07-24,1508.33
우리공대미친개,2024-07-14,1520
섹시한푸동,2024-03-09,1482.5
숲의속삭임,2021-10-23,1415
조돌우산,2022-07-20,1370
냅다꽂기,2024-07-12,1540
하남시철식일,2021-02-05,1340
어디서숙코향기가나는데요,2022-07-10,1475
민트초코라임피자,2022-07-27,503.33
루멘화백,2024-07-18,1600
도비나래,2022-01-29,1302
빛망치키자루,2023-12-22,1460
열등한헤드딜러,2023-12-20,1540
소먹물,2023-12-23,1580
노이넬,2020-08-23,1342.5
하라인,2024-07-26,1460
야채폭탄,2022-07-16,223.33
난죽여주잖아,2022-07-21,59.17
기모아율,2022-07-10,112.5
않이어떠케무기가낱,2023-07-22,1490
밀차메론푸딩,2023-02-18,1340
wildvajr,2020-09-25,1357.5
땡초카레,2023-10-04,1490
초우도오,2023-12-15,500
색묭,2022-08-15,1340
삼소용,2024-08-21,1640
나문희의맛있는고구마호박,2022-07-10,51.67
화가였던내가미소녀로전생,2024-01-03,1538.33
명의도선생,2022-07-17,1450
카레먹고뛰어다니는도아가,2022-02-08,1415
EURO2020,2021-06-23,520.33
장만덕할배,2023-12-31,1525
나에게공감해,2024-07-12,1526.67
필연붓,2022-01-14,1477.5
꾸러트니,2024-05-19,1460
넬라짱구,2024-05-19,500
인형사를사랑한인형이야기,2023-12-24,500
나비족최강전사오복동,2024-08-12,1615.83
아구c,2022-01-13,1370
주유록,2023-12-21,1520
갱시온정복,2024-07-13,1520
유안네,2022-07-06,1460
매주수요일만들어옴,2021-04-12,370
손오공딸랑구,2024-07-12,1565
킹갓성기사뿌뿌뿡,2023-09-18,1415
들리에찬,2021-06-30,61.67
액님,2023-11-03,1561.67
딜받,2022-01-23,1302
타령잼민이,2023-07-27,1477.5
혈륜왕,2023-12-21,1510
떡잎유치원두목키자루,2021-08-29,1302
수각수환경변수,2024-05-04,500
머리위에연어초밥2,2024-07-12,1597.5
이교범,2024-07-13,1540
블레에올인하려합니다,2024-08-21,1640
코리포,2022-11-22,1507.5
너구리블랙,2022-02-04,1370
기쁘담,2024-07-10,1600
창우야쩔해줘,2022-05-07,1370
쑤껏,2024-07-15,1602.5
ManSeDAB,2021-05-31,74.17
엉뚱발랄워붕이의모험,2024-08-21,1640
툴이,2024-07-14,1590.83
ENT2,2022-03-20,1302
7월6일수요일,2022-07-19,1460
잼깐,2023-10-20,1460
류주둥실둥실,2023-06-29,1540
칸나황녀,2024-07-11,1585.83
애로스커,2022-11-10,1500
즈뭐,2024-07-17,1578.33
이태리오징어순대집,2020-10-16,960
깜닝,2024-07-12,1605
브병운,2024-07-14,1535
우산이왜이로지,2022-07-17,1465
NUNAHeal,2021-08-13,1302
성형외과교수곽두팔,2021-10-09,1415
매콤주먹한여름,2023-08-13,1490
자네는꿀맛이란말인가,2022-07-08,1413.33
얀화갸,2024-06-21,1521.67
올해도오른국민연금보험료,2024-07-16,1563.33
살인사건범인,2024-07-15,1595.83
익헐,2024-07-12,1530
주먹왕냐미,2024-07-14,1520
춘식이의김치찌개,2021-12-27,302
이른아침으로가는길,2023-07-02,1460
연혀,2024-08-18,1611.67
울산꽃갈비,2022-06-12,493.33
으나수라,2024-06-11,1520
사범장기백,2021-04-10,1340
콜미호우스,2024-07-11,1520
쿄쿄엔젤,2024-07-09,500
MUAHJIGYEONG,2023-07-19,1477.5
후시구로쵸우지,2024-07-11,1520
봅슬레어,2024-01-02,1520
하채상시폭주,2024-01-12,75
소울나정,2024-07-13,1585
걍정화,2021-07-23,1417.5
제발크리좀떠주소서,2024-03-22,1540
소셔륑,2022-01-21,1100
카카예요,2023-10-10,1475
죽순가득한팬더,2024-07-18,1580
FlameCanyon,2021-11-14,600
어썸남브레이커,2023-12-21,1460
잉의쫄병스낵오징어짬뽕맛,2023-01-09,1586.67
망치나라망치공쥬,2023-02-28,103.33
급습급습급습,2024-07-14,1594.17
김둥이버섯커,2022-07-24,1415
무파고기,2023-12-30,165.83
tamtamburln,2024-06-22,1370
행복통통이,2023-01-29,1460
불탄집,2021-08-29,1355
힐러영업준비,2021-12-23,1302
홀나내가리,2021-11-15,1370
각덕규,2024-05-17,50.83
이름을짓기귀찮은홀나,2023-12-26,1477.5
딸깍해볼게,2024-06-19,500
튼튼전태,2022-11-27,1511.67
희망은,2024-04-15,1600
들쮜땃쥐,2023-12-22,1460
따센,2023-12-21,1580
우산으로때리면되는거니,2022-07-19,1460
김아랑,2024-07-06,500
야한건안된다고생각합니다,2024-08-22,1640
아현아빠,2023-12-25,1580
뚠준,2022-07-13,1465
꾸룽날,2024-08-22,1640
배슈링,2022-08-03,1370
루까,2022-06-13,1603.33
김전일용범인,2024-07-16,1602.5
갈기갈기찢기,2021-05-02,1355
닉스별자리,2024-07-14,1600.83
기상예보관슈룹,2022-08-14,1340
방두육,2021-01-06,1325
차돌된장찌개잘끓이는사람,2021-09-17,1302.33
녘섬,2023-06-30,1420
샤인압생트,2022-12-03,302
살수은여월,2023-02-10,600
jjuOnee,2021-07-17,1302
털달린배추,2024-02-09,1254.17
ASxia,2022-07-08,1340
HoolyLighter,2022-11-09,1415
드일라,2021-07-09,1302
법보다주먹이가까운사나이,2024-07-11,1540
망고향우유,2024-03-10,156.67
JoHeebi,2024-07-12,1585
잠시만요퍼펙트스윙좀날릴,2021-09-02,130
우뚜리,2020-10-06,930
켈모B,2024-07-15,1585
모코코의수호,2022-11-25,302
미뉴민,2024-08-04,1610.83
아크라시아서스펜스걸작선,2024-07-13,1592.5
일월산붉은눈,2024-01-31,500
예승이의카드,2021-06-06,995
조이나쁜기지배,2023-10-22,60.83
로나브레,2023-12-20,1580
재유니힐한다,2022-06-02,302
비지,2024-07-11,1595
답답맨,2024-07-24,1612.5
갓냥이킹춘랑,2023-12-27,1520
떡잎유치원금빛섬광박인서,2024-07-14,1600.83
살벌한여니,2022-01-26,1460
반루시,2023-12-25,1467.5
북극대륙,2023-12-23,1553.33
먹물로춉춉,2022-01-22,1302
벚꽃지던그길,2023-12-29,1482.5
세번째땅콩,2021-09-30,1325
도화꽃아이,2022-01-21,1380
나도바드줘,2021-07-09,140
누구보다빠른폭력,2024-08-22,1640
별이사랑한밤3,2024-03-15,1460
코노앙,2024-08-22,1640
낭만의시대는왔다,2023-12-22,1460
도벼라,2023-07-28,1445
너프먹기만해봐진짜,2021-12-23,1302
바드꼬부기짱짱,2022-07-10,1415
척사백,2021-12-28,1302
지일공,2022-02-07,1302
장료가왔다,2023-01-18,1500
잘살아남아욤,2022-07-20,1385.83
혼이담긴미드,2023-01-20,1340
배부른상태,2023-09-22,1460
모닥홍,2021-08-24,1400
SouL2터,2023-07-20,1415
아르카나하는세빈,2024-07-11,1541.67
바드주닝,2024-03-24,1314.17
아침에인사는굿모닉,2021-07-08,1422.5
상하차6개월차,2024-07-23,1560
글셈,2024-07-20,1520
초보인데,2024-07-14,1535
부부웅,2024-07-05,76.67
빌타아리,2021-03-27,1314.17
미친불꽃,2023-11-21,1415
뛰는모닥이,2021-08-27,1415
아임낫몬스터,2023-07-22,1415
마벤도화가,2024-01-16,1477.5
견먹,2024-02-29,1585.83
똥만쌈,2021-07-05,61.67
애플망고눈사람,2022-07-07,1410.83
만월점,2024-07-15,1595
벽람항로하실,2024-06-18,1520
Mjolnir,2023-12-20,1520
내가너를붉은달로데려갈게,2024-07-12,1610.83
묘한그루트,2021-07-26,1320
매실래요,2024-07-14,1601.67
검정스틱,2021-09-04,1400
꿀잼알카하세요,2023-05-31,302
브륀에크,2024-07-14,1585
여리수라권왕,2024-07-12,1585
와개이쁘네바드,2021-09-09,530
아이폰15프로리퍼받는법,2024-07-11,1540
사르르도아가,2024-08-22,1640
사각양파,2024-06-11,500
주먹으로다죽여버리는민성,2024-07-20,1620
딸래미가간당,2024-08-13,1585
정똥깡,2021-06-07,147.5
l코즈l,2024-07-18,1531.67
김은화가,2023-07-04,1415
킹킹캉쿙,2022-01-22,1417.5
코코야계란,2023-01-20,1340
탄창이,2024-07-12,1585
망치대장붕붕,2024-07-18,1546.67
동내별떼바시,2023-11-07,1560
그러시던지욮,2023-12-22,1510
페르승나,2024-07-13,1540
my빼이보릿,2022-02-07,563.33
고양이는귀신을찢어,2023-07-22,1508.33
828FA,2022-06-12,1325
설린워로드,2021-04-24,920
사실말이야,2023-01-22,1340
노예출신보다왕녀가낫다,2023-01-20,1350.83
우산으로한다이,2022-09-29,1445
권왕파천두,2024-07-18,1603.33
주식하다소환당함,2024-04-27,500
세피야미,2021-11-10,1325
이지은금동,2024-07-12,1540
머리만때려야지,2024-07-23,1600.83
노력하는개복치,2023-12-22,1530
인파지경,2022-12-24,1340
검접을예정,2024-04-01,1540
제로펩시맛있커,2023-12-22,1580
사랑에빠진딸기a,2022-08-02,1430
건서로옌,2024-07-15,1550
아샤사이,2022-03-04,1502.5
응가아안,2024-07-11,1600
Aaug9,2024-05-25,1460
새하얀우리,2024-07-14,1597.5
상시트리거,2022-12-22,1460
기상술사재밌나요,2022-07-12,1340
수쿠라,2024-07-17,1533.33
heraJserker,2023-09-18,1582.5
새한을,2023-12-24,1460
워항,2020-10-05,955
이래도화가안나,2024-07-13,1520
토깽충,2024-02-20,1540
달빛추적,2024-07-16,1540
나다싶으면카운터치자,2023-01-20,150
그사이오초,2024-07-05,500
96세송노의마지막순보,2024-07-06,500
있자나요,2021-03-15,1315.83
두뤼안,2021-11-29,1490
Ah이레슬,2023-01-19,1490
호올리쟝,2021-01-24,1035
기상아이어슬렁호시탐탐,2024-07-13,1548.33
홀란옹,2024-03-13,55
꾸여운모코코,2022-07-08,1396.67
녀여어엄,2022-01-21,1370
잠깐만있어봐대검이무거워,2023-01-20,1340
창술잉니,2024-06-02,500
Bloodhardt,2022-08-22,1400
rakidoll,2024-08-22,1640
전봇대킬러,2023-01-01,1415
김남규블레이드,2024-07-19,1548.33
우정과열정,2022-12-27,69.17
마륄리,2024-08-18,1615
영혼담은소녀,2023-07-21,1415
초고교급서머너,2024-07-10,1520
엘프팡팡,2021-01-30,1032.5
비캐똥날아올라라,2021-09-09,1370
불쌍한아기모코코코알라,2023-01-22,1340
리인카스프링필드,2023-07-24,1490
너구리도화가,2022-01-26,1370
핵스터7,2022-01-27,1370
지속폭딜용,2024-07-11,1540
합성핏치향,2021-12-28,198.33
덕휘혈,2024-06-30,500
쿠티누,2021-09-02,1302
상규렁이,2024-06-19,1613.33
은키도,2024-03-17,1250
발탄깎는디붕,2023-02-19,1340
다믹슬레잉,2023-01-18,1340
내가계란자판기냥,2023-03-28,1415
이불그랜드마스터,2023-01-22,1340
S2Luna,2021-05-02,915
끙스메,2024-04-12,1520
모닦홀,2022-01-07,1477.5
거대한빛의X검,2023-04-28,1370
연어냠냠,2023-12-22,1460
홐병,2024-02-25,1586.67
물냉초밥,2022-08-02,271.5
어린이소울이터,2024-08-03,1563.33
오뿡칭,2024-02-09,1510
단발좋아요,2024-07-11,1576.67
광대인파,2022-12-22,1415
인소야닷컴,2022-01-11,1302
렬땡,2024-07-11,1600.83
키믛,2022-06-03,71.67
브커도암살,2023-12-28,1425
효기기,2024-07-11,1520
빵빠님,2021-07-28,1415
히아로드,2024-04-07,1540
Himena,2023-01-16,145
국가권력급빅영민,2024-07-15,1590.83
leesil,2021-12-30,1302.33
메기블레이드,2024-07-13,1543.33
모내기유,2024-07-11,1551.67
수라토야크,2024-07-14,1589.17
강식당장미칼삼도류손기범,2022-07-18,1460
마님과돌쇠의은밀한거래,2024-07-11,1540
모든건내가부족해서,2023-05-20,1582.5
아수라허수아비,2024-04-13,1520
포식먕,2024-07-17,1540
김도루,2023-12-23,1563.33
메동이,2024-07-26,1576.67
폐계,2023-09-20,1541.67
방탕마귀,2024-03-11,1611.67
달은서쪽으로해는동쪽으로,2023-01-24,1382.5
단정한아,2021-10-28,600
대머리는약도없다,2024-07-16,1593.33
기상술칠,2022-07-16,1370
마춘블,2024-04-22,500
몰래흙뿌림,2022-07-08,1415
대전상남자수현,2023-09-18,1585
따득,2022-04-16,1445
쏠빗,2024-01-01,1580
죽습홀나,2021-10-12,1385
이가윤,2023-12-21,1602.5
DazzleDazzle,2021-09-30,1447.5
노블레쯔,2021-08-17,147.5
올바른거짓으로부터의듀얼,2024-06-17,500
원기옥모으는샤코,2022-07-10,1415
복제와뱅,2024-07-11,1520
까밋츠,2022-05-03,1315.83
봉천미남최유진,2023-06-29,1415
삐진왕,2024-04-11,1536.67
푸씨빗치,2024-08-23,1640
작디작은화가,2022-01-23,1100
산타하나버지,2024-07-16,1600
영우꼬털2호,2024-07-13,1560
여기서도알낳는임나물,2023-06-29,1475
성효이,2024-07-10,1587.5
보이면죽는다,2021-11-12,124.17
그라타타,2024-01-20,1460
메스리아,2024-01-12,1460
서머의유혹,2021-02-01,915
황써누,2023-11-13,1445
질풍다롱,2024-07-17,1580
달빛월아,2024-01-11,1510
요상한나라의알파카,2023-07-01,1490
강철맛고드름,2021-07-29,74.17
꺄븝,2024-07-10,1596.67
HiIIa,2023-07-19,1415
저격람쥐,2022-06-02,71.67
금욕녀,2023-04-30,53.33
두지당,2024-07-14,1540
루츠커츠,2020-11-15,1385
니나브강냉이브레이커,2024-01-30,1460
보라색유령,2023-07-22,1450
군대가기전최후의발악,2024-06-16,500
선택한카단,2024-07-10,1560
김배먀,2024-05-19,500
블레이드맥주,2021-07-15,1340.83
타르티아,2023-12-31,500
아가도아가지켜야해,2022-01-28,1405
휠체어밀어줄분구함,2022-07-07,1425
ORAISER,2020-08-23,915.83
곽시양,2023-12-28,1583.33
엉덩이싫어요,2024-07-11,1540
살짝센여자,2024-07-11,1600
소담맛슬러쉬,2021-05-02,1341.67
백설이서,2024-07-12,1523.33
봄낫무,2023-09-13,1460
녹용맛체리,2021-10-04,302
병아리단,2023-02-25,1480
이슬비아니에요,2024-07-14,1568.33
만두드,2024-08-13,1591.67
총끅꼼이,2021-03-27,1325
일짱슬레이어,2023-01-20,1340
북극서리곰,2021-07-15,1415
두부결정,2024-08-23,1640
투사급,2024-07-16,1611.67
천원짜리주먹,2024-07-16,1573.33
침묵과파멸의새턴,2024-07-25,1611.67
휘랑님,2024-07-10,1520
holo라미,2022-12-22,1460
세르앙디,2023-08-12,500
동방술사자나자나,2022-07-07,1340
쩡요,2024-07-12,1597.5
팬텀카리나,2024-07-11,92.67
츠나De,2023-12-25,1462.5
응애의호흡마스타,2024-06-15,145
밀레투,2021-08-11,1445
Cavaliere,2024-08-06,1616.67
움포리,2023-03-03,195
담양죽순,2021-03-18,1314.17
여기누나,2024-07-11,1601.67
가믐오면기우제,2024-07-17,1585.83
무호흡딜링바드,2021-07-24,966.67
이정도는하나도안아프잖아,2022-12-11,346.67
어스름푸른달,2024-07-13,1585
버블줘,2024-07-11,1585
댕기머리인트a,2022-09-13,1528.33
멋찐그림동아리,2022-01-27,1377.5
버프넣는경수,2021-07-25,321.67
율이라이,2024-07-11,1571.67
쌀먹는도화가05,2024-07-12,1600
검은든꼬꼬,2023-12-28,1565
무슨슬레일까냥,2024-07-13,1560
설인희,2024-07-14,1595
이거대검이예요,2023-08-04,1490
재료C,2024-07-12,1585
포도향쿠키,2022-10-21,1445
리읫,2021-08-15,93.33
도아가무상이,2024-03-18,1525
망치챙기는라임,2024-07-18,1520
내사랑영진,2022-02-10,1445
한방에뿅가죽네,2024-07-18,1605
볼터치소울이터,2024-03-12,1460
하뚠냥,2024-02-16,142.5
쿠크리리퍼,2024-03-11,1536.67
이게도데체모닉,2022-07-09,1432.5
단검마랑,2024-07-13,1605.83
쁘성민,2023-12-27,1520
복담담,2024-07-16,1585
그게답이야어려운거없어,2021-12-16,1415
낭낭뽀,2022-04-30,460
잘생기셨잖아,2024-05-21,1340
슬꾸의망치,2024-07-10,1520
아카낭,2024-07-11,1602.5
린후이,2024-05-11,500
싱그렌,2023-10-26,500
Rainlady,2024-07-12,1548.33
콜라먹는홀나,2022-03-11,1302
드뤈용,2023-10-17,1415
귀여운꽁치,2022-02-02,1430
댕우냥,2022-07-07,1450
새트로,2023-05-27,1510
제일멋진스트라이커,2021-08-20,223.33
밤의은하,2023-12-09,1546.67
낮져밤져그냥져,2020-08-23,1312.5
우리집둘리는물어요,2022-02-14,1302
리퍼차림,2024-07-03,1540
SimpSong,2023-12-30,1482.5
하짜,2024-02-14,1613.33
Dodgee,2024-02-23,729.17
죽음을두려워하지않는용기,2022-11-23,1370
도아구몬,2022-04-03,1445
우산든야광오렌지,2022-07-06,1415
단검여러번찌르기,2024-07-11,1520
확률수렴,2020-12-07,915
화이팅엄준식,2021-02-11,1340.83
휴식태세,2021-08-17,1370
지유도,2022-05-02,1302
일단씻어,2021-09-30,302
퐁도산,2021-08-07,1521.67
파박팡팡,2023-12-22,1580.83
유미라,2020-09-17,1348.33
현명한포식,2023-07-20,1415
요양보호사1급,2024-08-17,1620
영혼의윤회,2024-04-01,1520
영성선단,2022-02-13,137.5
달래꽃필무렵,2024-01-21,89.17
으네씨o,2023-09-01,1425
안녕난수달이야,2024-05-12,1520
막둥이입니다,2022-01-22,1302
솜윤나비,2024-01-03,130
필살찜콩,2024-07-17,1600
별샬롯,2024-07-13,1591.67
호호서커,2023-01-19,1490
다락준,2022-08-27,1340
크고묵직한게좋아,2024-07-13,1520
싱싱송싱,2022-01-22,1445
촙트라이커,2024-06-18,1225
또리리,2024-07-12,1594.17
아촉촉,2023-12-27,1540
창낀콩,2024-01-17,1511.67
홍장읜,2020-08-27,450
망치버려,2024-06-19,715
청순섹시바니걸,2024-07-11,1525
내용바가너한테들어갔을까,2023-02-27,1460
skyvillain,2021-09-18,1302
도화가하자구,2024-08-18,1619.17
근사한누룽지,2024-06-01,1540
핑크옴뇸뇸,2022-01-22,1370
모꼬바,2023-12-25,1540
필로파포스,2024-01-28,1460
푸바오랑같은푸씨여서,2024-07-15,1591.67
l슬기로운lPALDIN,2022-11-20,1477.5
소울청,2023-07-21,1500
탕쨩이,2022-04-29,493.33
바라미닝,2024-08-18,1623.33
할닉넴이없넹,2024-07-19,1585
햄진공듀님,2023-12-21,1531.67
대충연주하는바드,2022-07-15,55
에버그레이스막내딸,2024-07-11,1594.17
한번은힐주고두번은벞주고,2024-04-18,1520
오혜슬,2024-03-17,1600.83
유산밸패좀,2024-07-12,1566.67
넝망,2022-02-12,1445
창이낭만이야,2023-07-25,1415
미비바보,2023-07-23,1508.33
Slapstick,2024-07-12,1576.67
홀나오레오,2023-10-18,1445
상록구폭군,2023-07-30,1425
뿌레이꾸,2024-02-09,1417.5
나냐나냐냥,2021-08-30,1370
하익으로즐기는블레이드,2022-12-24,1490
깍순이,2024-03-21,500
비산동김규남,2024-03-16,1460
석가세존,2024-05-11,500
잘했다고해주세요,2024-01-09,1533.33
그린티주시고,2024-08-23,1640
겉멋충환자,2022-05-01,833.33
마조변태,2024-02-13,1340
박미예,2023-01-20,1340
교육사령부,2024-07-15,1540
대가브,2024-07-13,1595
내가좀늦었지,2021-07-09,1302
로아진짜어렵다,2020-12-07,843.33
가슴펴정권들어간다,2024-07-12,1585
납작만두단,2024-07-22,1570
Aarony,2022-04-05,1325
체력소모방지,2022-01-22,1465
워메로줌이드럽네잉,2023-12-25,93.33
르센,2024-06-20,500
수라결진심공격,2024-06-16,1490
구뤠by준머스,2024-07-24,1610
효꽃배마,2024-06-29,500
White역사,2024-07-20,1540
OI소울,2023-07-23,1490
25년이올까요,2023-10-25,1415
도구321,2024-07-14,1610.83
포쉘린,2023-10-16,1415
전설의기사,2024-01-03,557.5
히히구슬발싸,2022-01-27,1472.5
소일바나,2022-06-03,76.67
리은채,2022-10-08,460
Perige99,2024-07-12,1538.33
딸기바나나요거스무디,2021-03-14,61.67
슈퍼셰러데이,2021-07-19,1370.83
포식자버프좀해줘요오,2024-08-23,1640
제발르제,2024-07-17,1607.5
데빌은왜,2023-09-02,1490
40대키크고깔끔한스윗남,2023-12-22,1526.67
햄슷타,2022-01-25,1415
꼬마니아소서,2021-08-12,1341.67
졸작준비하자,2023-12-26,1460
티제이티제이,2023-12-29,1545
하이트하임,2024-07-14,1525
오로스트,2020-11-18,1302
베네유르,2023-07-09,1470
갓로드로갈래,2020-10-03,915
스커로스,2024-01-05,500
동천육회,2022-12-27,1460
무더워용,2022-07-07,91.67
아리아카멜,2023-01-18,1400
보라빛으로물든하늘,2024-07-14,1592.5
연초의길,2023-12-21,1540
skjheo,2024-05-07,1460
인증된홀리나이트,2021-10-12,75.83
바드종미니,2021-08-16,1302
존나시끄럽네,2024-07-04,1585.83
푸팟퐁집셋째딸,2023-01-04,1340
복숭아올리브,2022-12-11,51.67
핑크옥수수,2021-09-05,1302
완년,2021-03-05,1340
보이위드유크,2024-07-12,1540
CU콘소메팝콘,2021-08-16,1415
손하프질,2021-08-08,1415
좋았던하루,2021-11-16,70
단단한왕감자,2021-04-05,149.17
솔플컨텐츠,2023-10-07,150
하루와,2021-04-03,1394.17
바다를떠도는영원한방랑자,2021-02-20,1050
뚜잔이취해따,2022-05-16,321.33
검은길로틴,2024-07-12,1573.33
아따시다,2024-07-23,1520
소젬젬,2023-10-17,1415
큰거이로,2021-07-15,1353.33
나랑놀아주지않을래,2024-07-13,1543.33
o연하,2024-03-02,217.5
잔혹한가족사진도살자,2024-07-11,1553.33
더제로B,2021-11-20,1415
몽유도원시간,2023-04-16,1580
낡은어깨,2021-04-06,1355.83
도도새09호,2023-07-19,1415
대화보다주먹이빠른사나이,2023-12-31,1510
2024710,2024-07-10,1551.67
노원구몽몽이,2024-07-13,1536.67
자노바,2023-12-23,1540
별별난브커,2024-07-11,1585
0l정우,2021-12-14,1536.67
대굴대굴솔방울,2024-06-17,500
분노한민지,2024-05-03,500
머슴홀나,2024-02-06,500
의사판사검사기공사,2021-01-08,1000
지란발광견,2021-08-07,75.17
B53,2024-07-13,1595
혐구네막내딸,2024-07-16,1601.67
앗흥v,2020-08-23,1350
V4LENTINE,2023-02-06,1340
Muchy,2021-08-12,1302
okssussu,2022-02-13,1302
도아망기,2022-01-12,1375.83
한블루,2024-04-14,1610
김크랜의얼렁뚱땅기상예보,2022-07-07,254.17
Flareve,2021-09-11,1437.5
빳머너,2023-07-09,1490
말랑고추,2024-07-11,1600
키노피타,2022-07-07,1445
박관쥐,2024-03-06,1477.5
창피니티,2022-07-06,96.67
칸타레나,2021-08-29,1302
바람은계산하는것이아니라,2023-12-20,1553.33
예거뮬,2023-12-10,500
요루서원,2024-07-14,1520
잔여물제거,2024-08-24,1640
무다무다무다무다러쉬,2024-06-13,500
UGRS531,2022-12-22,1462.5
훼상,2021-05-10,520.33
섬마을오리너구리,2024-07-13,1596.67
같이놀자니까,2020-12-20,102.5
Daxten,2024-05-13,500
홀나로윈,2022-01-19,1415
뀬브,2024-07-12,1593.33
김백셜,2022-02-09,146.67
카라콜스,2023-07-02,1415
안돼거긴운석나오는곳이야,2023-01-25,57.5
공익가현,2022-12-26,1465
최세비,2021-07-07,1417.5
네니빈,2023-12-21,1541.67
당근마켓진상,2023-12-24,1526.67
영혼꺼내먹어요,2023-08-04,1415
워랭이,2021-11-30,600
포니진,2022-04-30,1385
바닐라라떼폭탄,2022-02-04,130
디트요원,2021-07-09,1349.17
불감당,2024-07-14,1600
광기의랩소디,2023-01-19,1490
홀홀청년의마지막신성검,2023-08-04,1460
스몰갑상선,2023-11-13,1515
반혜찌,2022-11-12,1437.5
안겨울,2023-12-20,1480
쌀먹는도화가11,2024-07-16,1600
렌하린,2022-02-02,1381.67
낄낄낄1낄낄낄1낄낄낄,2024-07-12,1545
도화무츄,2022-01-23,1432.5
제가왔어요,2022-08-03,54.17
보호막받기싫으면말을해,2024-07-21,1585
엠쌤,2024-08-01,1590
행복의자라,2022-12-25,1460
지브룰터,2021-01-21,1340
백빛워라,2022-12-05,1046.67
염쌀붓,2023-06-08,302
해군최고전력,2024-07-13,1585
됴화햇,2024-07-11,1540
엘르에,2023-09-16,1503.33
골드가면,2022-09-22,1325
비오는날해질녘,2022-07-10,1457.5
안젤리나김,2023-01-19,1415
마싯는도넛,2022-02-10,1302
셰리블루,2021-03-20,925
섹시군단장은교,2022-09-11,155
현수아름,2022-02-21,1460
꿈꾸는냥로드,2024-07-16,1601.67
먹물딜팩,2024-08-24,1640
학종e,2022-09-25,1370.83
디스라크,2022-06-15,190.83
맞딜강요법칙,2024-04-20,960
도리토스먹고싶다,2024-07-11,1560
캬밀쉐,2023-12-21,1460
단악율,2024-07-14,1592.5
홀나삼촌바드이모비켜요,2022-02-15,1415
소드엔쉴드,2021-08-06,1086.67
맥주제조병,2020-12-25,960
영혼이담긴길로틴,2023-07-21,1490
도밍고도밍고,2022-02-04,1370
정말멋지다너,2023-12-27,1510
말찹,2021-09-16,1415
별이는멍뭉,2023-12-28,1540
핵빵빵,2022-10-03,1445
레이니몽키,2022-07-18,1475
그때그시절내가사랑한랄로,2023-11-09,1591.67
형댕댕,2024-07-14,1614.17
후욱후욱나만의작은마리린,2024-08-20,1620
히죽히듁,2021-04-05,1325
2022년4월27일,2021-10-17,1370
명곰곰,2024-07-17,1545
홀빈즈,2023-12-07,1415
MakaUR,2023-10-08,1100
DJ컹스,2024-08-12,1611.67
금순깅,2023-10-08,1415
삼대오백가보자,2024-07-12,1565
멀잡,2021-09-01,133.5
도수완,2024-07-14,1520
함송민,2024-07-11,1573.33
버피이,2021-12-23,1460
배민이츠,2024-06-12,780.83
당첨,2024-07-15,1543.33
닉네임도내맘대로선택못해,2022-02-05,1445
내꿈은노인정대빵,2024-06-10,500
우떰,2020-08-23,987.5
사벡스,2023-12-22,1460
비사미유,2021-05-15,304.17
빠더너스문상훈,2024-07-25,1615
응애나아기땡크,2022-12-28,257.5
션소울,2023-12-27,1460
싱니안,2021-05-21,1400.83
결명자차매니아,2023-01-22,1385
푸x푸,2024-06-29,500
사신울,2023-07-21,1509.17
가해홐홐,2023-06-30,1490
얘초링,2021-01-06,1340
점화소서king,2022-07-06,1445
카헤딘,2023-11-11,1415
파그제로,2023-12-23,1550
칵테일한잔주면안잡아먹지,2024-07-13,1605
당신을기억하겠습니다,2022-02-05,110
뮈힐,2021-11-06,145
뷋드,2020-08-22,1360.83
네태도가문제야,2022-07-13,1475
양파는빼고주세요,2021-12-26,1370
원투에강냉이턴다,2024-07-23,1520
태평동맥주왕,2022-02-26,1415
괭술,2022-07-11,1477.5
U리젠,2023-12-22,55
커라이스티,2021-04-28,1347.5
갸승끼,2023-01-28,1340
스며들어좋은날,2024-07-17,1600
살녹타리퍼,2024-07-15,1593.33
관세음보살인마,2024-07-17,1600
DefRoop,2021-07-30,1370
붓으로못때릴거같지,2022-08-29,460
부식성촉수괴물,2024-07-11,1600
귀신도아가는안뮤서워,2023-01-25,1460
별점5개짜리민국이맛집,2023-08-24,58.33
금손뉴비호소인,2024-07-13,1520
사신낫현이,2024-07-10,1540
바워크,2021-01-28,1035
원기옥빗나가면운다,2022-12-28,1455
워스,2021-03-14,1360
딜쿤,2023-12-30,1580
행운가득콩콩,2023-07-22,1415
밍공주킴민주,2022-03-17,1302
대데시,2022-07-12,600
날씨좀맞춰주세요,2023-03-04,1385
로빈뿜,2022-07-17,1460
W시키,2021-12-29,1415
머원인파,2022-07-08,1345
생귤0l,2022-12-22,1460
1211호진짜주민,2023-12-23,1540
당신이찾던그바드,2022-07-31,1455
솔리튜드바드대학,2022-08-21,88.33
나무늘뵤,2024-08-24,1640
소서도언제나하프,2021-10-09,600
자고일어났더니바드,2023-12-23,1530
먈랑흐물,2024-01-14,1460
눈나곰탕,2023-07-23,1508.33
톡식주전자,2024-07-21,1605
봄찍먹,2022-01-25,1430
사랑낭만슬픔과눈물,2024-07-16,1595.83
대장원,2024-07-14,1585
바드맛소스,2024-07-12,1594.17
서우리더,2024-07-17,1592.5
야옹야옹난야옹이야,2022-09-25,302
사랑의세헤라떼,2024-08-24,1640
날씨턋하지마,2022-07-18,1340
애기구스,2021-01-31,975
벨리단,2022-02-13,940
자허블에서프로틴,2024-07-12,1520
암호링링,2021-04-05,1311.67
지존X홀리나이트,2022-03-30,460
부캐없으면서폿같이안감,2024-07-14,1570
바구야망치가져와라,2024-07-14,1521.67
현떠기야,2021-07-14,1370
뇨뇨끼끼,2024-06-14,1566.67
줄검,2024-07-12,1560
회귀일까,2022-10-12,1430
이자뿌라스요,2023-11-22,1415
내가바드좋아,2021-08-14,1378.33
칼브런츠,2021-04-12,1320
뉴비성기사,2021-05-09,1340
영비가힐준다,2024-03-24,1540
정호진침대브레이커,2023-12-20,1540
따뜻한그녀석,2024-08-08,1615.83
새벽폭설,2023-12-07,1415
휴지건슬,2022-09-25,121.67
F4찬호,2023-12-25,1460
메스가키련,2022-01-14,1302.33
배술배술,2023-01-18,1370
두번째키우는거,2021-03-27,831.17
까리슬레,2023-01-21,1460
이드디,2021-07-24,1390
만월의건,2024-07-10,1540
닉네임하고싶은거하시고,2021-07-30,1302
3A2,2023-01-23,1340
체리루아,2023-11-14,1541.67
윙카바드링,2023-02-24,1340
응애뉴비모코콩,2023-06-28,1490
솜냥펀치우다다다,2022-07-17,1396.67
햄왕치공,2023-12-29,1520
내가바로불꽃장갑차,2024-07-17,1597.5
혹사병,2024-07-24,1585
주먹심,2024-01-20,141.67
전투메이드릴파의삼도류,2023-11-12,1510
인싸이드아웃,2021-12-24,1445
요메하기,2022-07-18,1385.83
힒힒,2022-12-21,1349.17
감베로,2021-05-04,1330
리코나,2024-01-14,1540
PAYDAYE,2024-08-24,1640
프란채스코,2020-08-23,955
뱸아,2024-07-15,1600.83
치킨맛피자빵,2021-03-10,1340.83
으아아브,2024-07-20,1563.33
스노우딸기생크림케이크,2024-08-13,1613.33
운동회비뿌리는이슬비솜빠,2023-08-22,1583.33
히얀시즈4,2023-12-31,1520
여기서도총쏘는임나물,2022-01-29,1445
무소서,2024-07-14,1596.67
솔히나루,2024-07-11,1551.67
BYSEC,2024-07-20,1590
EJ브커,2024-07-17,1600
단켈리,2023-06-06,1445
붓을든시오,2022-08-20,493.33
청솔소나무,2021-03-10,1357.5
햄스페라도,2023-07-17,1460
베리베리블,2021-09-14,145
내버려둬어차피난혼자였지,2022-03-02,1302
청담동멘씨네막내딸,2023-07-21,1450
임라솔,2022-07-10,1490
오비구,2024-07-11,1540
서세기,2021-11-15,302
담양죽빵싸대기,2021-03-18,205.83
코믹스러브,2022-01-28,1445
저빼고다눕클하게해주세요,2021-05-11,1470
크고탐스러운이것,2023-01-18,1501.67
꿀세라,2023-01-20,1340
원주성당오빠,2021-08-19,53.33
술마시고사람패기,2024-08-13,1601.67
HolyPries,2023-12-24,1523.33
홀나카인,2021-08-02,1370
홀리마더테레사,2021-08-12,1302
율법집행성왕,2024-07-18,1601.67
프루르,2024-07-16,1551.67
킹상진,2022-08-22,1302
활활타는모닥불,2021-08-02,51.67
홀리요니,2021-07-29,1325
뒤통수에버스트못넣는사람,2024-07-14,1600
씨누엿,2024-07-22,1591.67
눈네모나게떠,2023-07-19,1430
테오키드,2022-07-09,118.33
너에게버프는사치다,2021-10-02,1305
퍼스꿍,2021-07-12,1371.67
기싸앙쑬,2022-12-22,1447.5
오뚜기그대로카레매운맛,2023-05-16,302
박배윤,2023-11-19,1591.67
시크하냥,2020-09-20,1032.5
떼마쉬맞아줘응애,2022-02-09,600
개불헌터,2024-07-11,1565
점묵법,2022-01-28,1427.5
흑양상,2023-11-08,1506.67
보석상가드,2023-12-23,1540
너도나도화가나,2022-10-12,600
할라야,2021-07-06,1340.83
동신서머,2024-07-11,1540
암낫미미,2024-07-12,1616.67
낫심흑,2024-07-30,1591.67
홀롸면,2024-07-13,1585
펀치궁당쟝,2024-07-18,1612.5
앵뭉생,2021-05-20,807.17
폭풍우전날,2022-07-17,480
강화된냥펀치,2023-12-23,1580
5레,2024-07-29,1611.67
서주원발닦개,2023-09-20,1575
민둥인데요,2022-03-12,1337.5
첫번쨰AO,2024-07-19,1604.17
약먹고츄릅,2023-11-09,1452.5
하늘DDD,2022-05-14,302
삐딱한대검,2021-04-24,1325
사뿐쟁이,2022-07-18,1457.5
계란여왕,2024-08-09,1611.67
의성이이,2023-07-31,1490
오아림,2024-07-11,1520
여사원,2024-04-25,1598.33
쌍검배,2024-07-11,1546.67
짤콤보,2024-01-07,1100
점화환류하여주시옵소서,2024-06-01,500
Almanda,2024-07-28,1614.17
E4han,2024-01-09,1520
김두부와꼬맹이,2022-09-18,600
또순돼지,2024-07-16,1607.5
전생했더니탈모,2024-07-11,1540
햂상인,2022-07-08,1340
내고납,2024-07-12,1540
맹고팅구,2024-08-19,1610
위드라면와로드,2021-07-05,1331.67
몽환도둑,2023-03-11,1445
형빼,2024-02-10,1513.33
권정무,2023-01-02,550
담부인,2020-08-23,502.5
우산사이따가,2024-07-14,1600
말챠,2024-07-23,1610
흰검파,2021-08-07,1415
소서왕녀,2022-02-08,1420
지친남,2022-01-23,101.67
반게이,2024-02-25,1520
트롤화,2022-09-05,596.67
우리홀붕이,2021-03-14,1015
아이스아메리카노2L,2024-07-28,1611.67
하프고장난바드,2021-12-19,1355
야꾸르투,2022-06-06,600
윌수미스,2023-12-22,1460
마르세유찬,2021-05-02,915
수정방하이볼,2024-07-11,1565
창브,2020-12-28,802
미치겠당께,2022-01-22,213.33
무지개색하늘빛,2023-04-21,1490
츠정뱅이,2020-08-22,1035
Coooon,2021-06-08,1330
새우는밥먹다등이터졌어,2022-03-12,1330
권이율,2023-12-26,1580
하프띠로롱,2021-08-12,1302
론도놈,2023-07-20,1500
포트마피아,2023-12-20,1460
한여름의포인세티아,2023-12-26,210.83
주먹감자규,2024-01-30,1460
똥설,2023-09-08,1580
소울은아,2023-07-20,1520
널죽여버릴거야,2022-02-15,92.5
퇴사해버리퍼,2024-06-15,1216.67
엘이민,2023-07-19,1500
BigQuiz,2023-07-21,1508.33
강남이,2024-03-25,1520
황야,2021-02-23,1325
밍밍이어,2023-01-21,1340
골통깨기,2023-12-22,1477.5
유야잘좀하자,2022-03-02,1302
비올때는유산,2024-07-23,1603.33
끄아앟,2024-08-06,1587.5
미친징징이,2021-10-15,51.67
탁재형,2023-09-25,1415
활따기,2022-01-17,1302
lLya,2024-05-21,500
연얌,2021-11-06,60.83
납령,2024-07-14,1600
스팀파이어뱃리퍼,2024-07-02,500
이언니가남바완,2022-02-10,180
FCief,2021-04-24,1050
핑크세인트,2021-01-14,945
퍽퍽퍼벅퍽퍽,2023-12-22,1568.33
뽀눙,2021-08-14,1302
카주콩,2023-01-24,1518.33
소명월향,2024-02-26,1340
jay156,2024-02-02,515
오공건슬,2022-12-22,1340
더블초코라떼,2024-05-18,500
랏서폿자리남아서지원함,2023-01-08,600
바람에스치운다,2023-12-29,1530
미시마유승준,2023-12-28,1531.67
아르베르체,2024-03-07,1480
개미유치원,2024-05-10,1520
모끼얏호,2023-07-21,1605.83
눕는데뭐허락이필요합니까,2023-05-05,1475
안따잇준,2024-07-12,1546.67
콜라맛사료,2021-03-16,1330
생일에야근한탕비실의요정,2022-06-05,1422.5
오디오채우는사람,2021-09-15,1390.83
떵희,2024-07-11,1540
이뮤너,2022-05-05,1540
한때의이야기,2024-04-23,1340
맬랑이,2021-08-21,1415
멜라노,2024-01-04,93.33
해비k,2024-07-20,1550
낫놓고기역자모르는황혜지,2023-07-20,1540
츄는낫을버리지않아요,2024-07-16,1568.33
초폐왕블래스터,2024-07-11,55
러스크가달구나,2024-06-07,635
두두두둥다다다당,2023-03-05,302
반갚,2022-06-13,600
하늘위에작은,2024-06-14,500
39살이윤호의지구때리기,2023-12-24,1545
소울특별시장,2024-07-13,1602.5
낭만의골드리버,2023-12-17,1580
게자번호,2023-12-21,115
고먐아니애옹,2024-04-29,500
마음가는대로갈거야,2023-07-09,1415
쓰르라미울적에보셨나요,2024-07-04,537.5
환혼여우,2022-07-11,1580
칼가는방패,2022-08-19,1535
아가모구,2024-01-26,1540
노르웨이산임연수,2021-11-05,1415
가져가연,2023-06-25,51.67
축오루아1,2024-07-12,151.67
김치는마카다미아를좋아해,2023-12-08,1100
박우짜,2024-02-25,1510
강하다늘박하,2022-11-15,1475
Miyi노우,2024-07-19,1553.33
하이퍼싱크,2021-11-15,1522.5
시너지드릴테니밀어주세요,2024-07-14,1540
으라차챠도화가,2023-12-02,1460
FWSM,2022-01-26,1370
카제로스콩팥도둑,2022-12-27,208.33
후덕진,2024-07-12,1593.33
아강씨,2022-01-27,1370
빤스이커,2024-06-22,78.5
술마신홀리,2022-07-03,302
별무리의화가,2022-01-22,1445
랭퍼리키,2024-07-16,1540
세척탈수,2024-08-25,1640
HolyMiiro,2023-11-04,500
마음을비져내어,2023-01-21,1340
리타숑,2024-07-12,1563.33
블레연야,2021-07-16,124.17
빵육수오른팔,2024-08-25,1640
Peng9로아,2021-07-05,840
아맞다단검집에두고옴,2023-01-20,1460
창천권법,2023-11-09,1583.33
화가는먹날려,2024-03-21,1585
앙홀라띠,2021-05-16,1025
유연후,2023-01-31,1475
도안도,2024-08-25,1640
전역전김중위,2023-04-04,1460
달달보,2020-11-30,1355
시너지O,2024-07-15,1585.83
시공간의방랑자,2021-08-09,1417.5
자비가없는40단수묵화,2022-02-10,1302
이백합,2021-04-02,85
따뜻한파란,2024-08-25,1640
세상을호령할사나이,2024-02-18,500
그래도데헌은돈다,2024-02-19,1495
라이메에핫케,2024-07-28,1531.67
햇반쩌리,2022-11-20,1582.5
전어디서낫질해야하나요,2023-07-20,1500
피피엘라,2024-08-25,1640
깅꾸르이,2024-08-25,1640
사춘기짱구,2022-12-05,302
에롸큐브,2023-07-24,1415
컷씬처음엔다보는편,2021-08-24,406.67
l워황워황l,2024-07-15,1595
도봉구감바스,2022-08-31,1475
데핫츄,2023-07-02,1503.33
DACHINDAA,2023-12-20,1540
꿈꾸자낙지,2023-01-25,1340
주딱콩,2023-08-05,1563.33
덤벨하루종일도들수있어,2023-01-18,1472.5
솔라스런51호기,2024-07-26,1553.33
보초울소,2024-07-11,1555
Monzizi,2023-12-25,1515
소이숲,2024-08-25,1640
히깅,2024-07-10,1540
기살술삯,2024-07-12,1585
제온0514,2022-07-20,1460
뺙뿍,2021-08-12,1405
태젭,2024-08-09,1619.17
라제니스루나,2022-05-23,394
수원카페바리스타,2023-01-01,1370
짱구설이,2024-07-13,1595
못을박거나물체를파쇄용도,2022-03-14,109.33
고칠준몰라,2024-08-07,1600
Niggachu,2024-04-26,827.5
화가츄롤스,2022-01-12,1475
츠채망치,2021-10-15,51.67
윤쏨이,2024-02-15,171.67
엄마손땀맛파이,2022-02-28,108.33
잿불의노래,2024-05-10,500
패씨,2024-07-10,1600
암살왕뚜까,2023-12-28,1100
꼼롱,2024-07-12,1565
풍서호,2022-04-28,1302
봄윤월,2022-02-23,1375
청담동건물주,2023-12-21,1540
래드민,2022-12-23,1490
누비눕누비,2022-02-10,1457.5
니얼굴무7련,2022-01-26,97.5
에브리띵낫띵,2024-02-08,500
혀어언무욱,2024-07-25,1603.33
던져,2021-03-19,809.17
고독의의미,2024-07-10,1540
기믹카운터시너지싸개,2023-11-09,1415
백스민,2024-08-26,1640
조나고독하구만,2024-08-26,1640
아야토,2024-04-18,1526.67
여기하프리에요,2024-08-26,1640
젊백풍,2024-08-07,1594.17
Lekker,2024-08-26,1640
LJuHo,2021-03-13,1334.17
훈도역슴,2022-07-21,1445
뜨리섬,2024-04-12,1520
르제카스,2024-07-12,1520
대방동지박령,2024-02-22,1521.67
심심해서하는거야,2020-08-29,550
비트물림,2024-01-16,1526.67
월go,2021-08-24,1490
신비로운공주,2023-05-08,1513.33
솜망치의하루,2022-01-20,1445
돌아온Reaper,2024-07-05,500
하프곤쥬,2021-06-06,1452.5
그대에게꿈꾸듯이끌려,2022-10-14,321
강몰랑,2022-01-05,95.83
빡구임둥,2024-07-21,1610
빈센트반고흐도화가였어요,2022-07-19,1430
퍼플민트파르페,2022-03-28,906.67
집승,2021-11-18,1086.67
뗴마c,2021-08-12,1440
Irucy,2022-12-25,233.33
냅둬영,2022-07-15,71.67
얍얍샥샥,2022-02-10,1363.33
가라앉은세월,2024-07-19,1545
여자는우먼홀남자는맨홀,2022-08-23,1100
갈대하프바드,2024-07-15,1592.5
SunshowerJJ,2022-08-29,1415
오리는포식웃어,2024-07-15,177.5
츄리밍,2021-01-22,802
스카우터어어어어,2022-06-26,366.67
Kim9S,2024-07-28,1604.17
피자엔갈릭디핑,2024-08-09,1619.17
날쌤,2021-08-13,1460
마네킥,2023-12-31,70
곽동검,2021-01-20,1360.83
여기사람이산다구요,2022-04-12,1375
소녀검객응갱,2024-01-04,57.5
농부오리,2023-07-20,1490
탈옥교관,2022-03-11,1460
빛날휘제비연,2022-07-08,1475
더티버블,2022-01-23,1467.5
길가던세발낙지,2023-07-01,1422.5
우리도아가해냈어요,2022-02-03,1415
낫띵배럴앤유,2023-07-21,1415
길거리캣맘단속단,2024-07-15,1596.67
하프들고룰루랄라,2024-07-12,1550
블레이덕덕,2024-07-14,1601.67
아기카피바라,2024-07-10,1520
LA20230720,2023-07-25,1415
힐잘주는차니,2024-08-26,1640
안양아이유,2024-07-15,1597.5
경이로운호랑이,2023-07-04,1508.33
LuluFists,2024-07-10,1520
쟈와르도토키오토마레,2023-12-20,1460
쑈율이텨,2023-07-19,1490
중년남자성기사,2021-03-17,915
누렁김꽃님,2022-06-10,566.67
방패냠냠,2024-07-15,1595
별잎유,2024-07-11,1531.67
은쭝이,2021-10-14,1415
김송이버섯,2023-03-02,1460
청호시,2024-07-12,1520
떡대전사굳건이,2024-08-17,1615
게란과자무한리필,2022-08-26,1386.67
토치오토메,2024-07-15,1551.67
더킹스웨이펀치,2023-12-21,1580
썬누,2024-07-14,1592.5
띠딕딸깍,2024-07-11,1585
알카로시작하는배럭생활,2023-12-22,1535
포포바,2023-12-23,1545
담임교사,2023-12-21,1531.67
외화벌이아오,2021-02-08,1340
홀나마씨,2023-07-23,1415
경동지천,2021-04-18,1369.17
뉴지원스,2024-06-08,500
체술타기,2024-06-28,62.5
이드리쓰엘바,2021-03-21,1355.83
하프배우는샤샤,2022-02-09,600
두소유,2023-11-12,1540
슈비류,2022-09-10,1395
네이학,2022-09-30,1340
두은쪽,2023-12-19,79.17
어천리마을고물상,2021-11-06,70
제르릴파아,2022-10-30,546.67
두근두근한바드의음탕한힐,2021-10-22,1302
새벽길잡이별,2023-07-01,1490
서꾼일,2021-04-24,544.17
악마는모조리D죽일것이다,2024-07-17,1540
오향나무,2024-07-12,1520
로비쾅펀치,2024-07-18,1555
천심술,2023-07-01,1475
충무공이순신급이지스함,2021-07-12,1302
조금더재워주세요,2021-08-12,1325.83
사루비야,2022-01-27,1302
집나가면비오는사람,2023-02-11,1340
냥까지,2022-07-07,1490
플랫화이트이터,2023-07-20,1415
툭치면응급실,2021-07-09,1302
부산에뜬슬레이어,2024-07-14,1593.33
j동도,2024-07-12,1561.67
짠나뷔,2020-11-12,1342.5
년슬레이어,2023-01-19,1490
이뜽아,2022-02-24,1340
잘생긴디트는첨보시죠,2022-07-05,55
봄밤여울,2021-03-11,1370
생각초,2023-07-16,1508.33
빵빵토끼,2024-01-11,1590.83
쿨암,2024-07-12,1535
필살무력,2023-12-21,1460
김경훈7,2024-01-27,1540
스토리언제끝나냐,2021-02-28,915
리퍼조르,2021-10-06,1447.5
히방가요로,2024-07-16,1520
낭만만큼힐해요,2022-01-13,1490
지그리드DT,2022-11-19,1377.5
낭만암살러,2024-07-16,1591.67
브레쿡아,2024-07-15,1601.67
우산은늘도망가,2024-07-18,1600
날씨요뎡,2022-12-23,1415
방패꼬리,2023-01-26,1406.67
레굴루스셀레스티아,2022-01-24,1304
이리옴스,2023-12-29,1460
카이노스,2024-07-15,1585
자리이동진행,2023-07-21,1498.33
숨냐졸려,2024-08-26,1640
슬레이어하는히테이,2023-01-19,1475
순수한잭잭이,2021-02-11,1325
E주아,2024-06-15,1520
람노스,2024-03-19,1551.67
서머너가키워보고싶은사람,2023-07-26,1425
꽁강력,2023-01-03,1485
다컷냐옹,2021-08-28,600
독수리오형제첫째아들뭉치,2024-07-12,1600
율무는먹이좋아,2023-01-25,1370
초콜렛슬레,2024-03-25,1520
레드보다빨강,2024-07-17,1521.67
무림고수남영서,2024-07-10,1548.33
하프로세상을구하는별사탕,2023-12-30,1538.33
중국산와로드,2021-03-13,61.67
시즈융,2024-07-14,1601.67
fullperfet스윙,2023-07-25,1415
닐연,2024-07-16,1540
서울의봄황정민,2023-12-21,1590.83
공이속만찬먹튀전문황혜지,2022-10-01,1445
샤샤드라큘리치,2024-01-08,109.17
투데배마,2024-07-16,1530
누텔라,2024-07-20,1551.67
뱁띠,2024-07-15,1587.5
블레미용실,2024-01-03,1465
뚠슬레,2023-01-21,1460
새벽이밝았습니다,2024-02-07,500
미미회오리,2024-08-18,1613.33
털범벅호흡기,2024-03-30,1520
어린이전집다독자,2022-01-27,130
작고아름다운아가,2024-07-13,1560
우광락,2023-10-15,177.5
지여바,2024-07-17,1541.67
토낑잇,2024-07-12,1585
로드고귀,2022-07-26,51.67
캣닢무,2021-08-29,1306.33
꾜햄2,2020-09-04,1005
큠붕이,2023-02-19,129.17
IOCP프로그래밍,2023-11-09,132.5
도화가가될테얏,2024-08-21,1618.33
대학로내연녀,2024-08-02,1611.67
20대젊은망치,2021-05-18,1327.5
언행을조심해야돼,2022-01-23,1417.5
타래비,2022-09-05,1415
로커트,2021-01-21,1340
아가의발도술을받아랏,2022-07-22,1445
HESIUM,2024-06-15,1340
도아가는도망콩,2022-12-22,1340
할아범미안해,2023-12-23,1590
댕댕잉,2024-07-11,1540
파주가위손,2023-01-18,71.67
코앞,2021-01-29,915
눈소리인파,2024-07-15,1585
랏자리킬러,2021-10-12,840
작란c,2021-03-18,1050
걍할께요,2021-07-30,1325
부슬이,2022-07-21,225.83
도아체,2022-01-15,1490
창든깽이,2022-12-15,420
풍만한므루,2024-07-14,1568.33
말샷추,2024-07-12,1561.67
뮬릭,2024-02-22,1460
온라연,2024-07-13,1553.33
파천진,2024-07-19,1600
도철먼지,2024-05-28,1520
궁디팡팡랑,2023-12-25,1580
잭위너,2022-08-01,53.33
유나시아1,2020-12-25,1340
카조비,2021-02-27,1350.83
행복의바람,2022-04-01,346.67
쭈브브,2023-12-28,1548.33
혹해서홐했어,2021-07-09,57.5
시르찡,2024-07-11,1520
호호슬레,2023-01-19,1493.33
이쁘니바드,2022-09-19,1467.5
학을뗀이구이구,2022-03-15,460
브레이커로결정,2024-02-03,1540
김범수,2024-07-12,1560
자포네스크,2024-05-14,500
중요한건방전되지않는드론,2023-01-22,1340
소서리수,2023-12-20,1370
호영무극,2023-01-17,193.33
안덕벌쌍칼,2021-05-19,1382.5
권핸,2024-07-29,71.67
눈감으면다사라지나요,2024-01-04,1475
플루니,2024-01-02,1460
고려흑삼,2024-06-15,500
음정박자,2024-02-12,164.17
비꽁바바,2021-11-23,1370
랏폿등장,2021-07-08,1372.5
북딱이,2024-03-08,1540
소나기쏟아져용,2022-07-19,1465
애니파티,2022-11-21,1485
금발남자바드,2022-02-02,1370
빵탁,2020-08-23,1305.83
쫄깃님,2023-10-08,1452.5
외모나름신경쓴캐,2022-03-06,374.33
꺾1기,2023-06-29,1475
빻뿅뿅,2022-03-25,500
UNCL1CHE,2021-08-12,1415
비트스커,2023-03-03,93.33
충충모닉,2024-07-16,1597.5
웅녀마노라,2023-08-21,1415
pvp싫음,2021-03-24,1375
구석기석기,2020-09-28,1010
돌망치의주인김똘비씨,2024-06-19,1540
너의길로틴엔소울이없다고,2024-07-12,1520
몽슬몽,2021-07-12,1302
븰명,2021-10-18,1370
낫든오우거,2024-07-16,1590.83
과과이코,2023-09-10,1490
응애아가소서힐줘벅벅,2021-08-12,1302
joha,2023-12-23,1475
카드캡터체리카드도둑,2023-12-23,1580
홀나팡열,2024-07-14,1610
비부기,2023-11-18,1523.33
SoulBuS,2023-07-23,1460
쫑히잉,2024-02-13,1525
레야안,2022-07-06,138.33
홀리쉣왓더박,2024-02-24,58.33
야발퐌엽,2023-01-02,1462.5
붕붕뿅뿅,2024-08-17,1615
청량리코딩왕,2024-07-13,1571.67
수고야,2024-07-19,1620
머리치는보현이,2023-12-22,1543.33
운디나,2023-01-18,1508.33
크리스티나봉숙,2023-07-19,1477.5
암살실패요,2024-07-13,1545
E시현,2024-07-13,1595
소울냠냠꿀꿀,2023-07-20,1415
Ryuriella,2021-07-09,1302
4챠횽4,2023-09-23,1415
넌참예뻐,2021-05-16,1370
위기탈출남탓,2021-01-19,1325
힐잘할찌얏,2021-09-23,1302
망돌,2024-03-08,1460
슬레이어임현석,2023-02-21,1477.5
꿈꾸밍,2022-07-08,1380.83
다시바드가필요한순간,2021-07-11,1375
보라곰팽,2024-02-03,1520
뚠뚜니핑0l,2021-10-12,302
이나니의창술사,2021-08-11,1385.83
천사지순,2024-06-23,1450
틀레이어스,2023-01-19,1490
l린이안l,2024-01-10,1520
범젠,2023-12-25,151.67
산위에뜨는달,2022-10-26,1430
최배돌,2023-12-30,93.33
기상호니주의보,2022-07-14,1460
실험물리V,2024-06-01,500
PureHeroin,2021-08-13,1302
미가네,2024-07-25,1555
정신존나없음,2024-03-30,500
듬직한워붕쿤,2023-08-15,1508.33
라르센,2021-04-05,405
과연이게잘하는짓일까,2023-01-07,1420
선사과후사망,2024-07-14,1543.33
해그리기묵법,2022-01-14,1415
쯔잉이의슬레이브,2023-01-23,1340
당신이라는사람을만나,2022-12-31,1383.33
총괄아트디렉터,2023-07-05,1490
쿠로누마키츠네,2022-01-23,1302
뚜까패는약쟁이,2023-12-22,1510
알카희찬,2021-05-30,526.67
피통아깡이,2023-07-25,95
어둠의카케구루이,2024-06-27,500
힐몽둥이,2022-06-03,540
도열씨,2020-08-23,113.33
륵싹륵싹,2022-01-22,1302
잠점1,2022-11-08,1370
하리보체리,2021-08-25,1415
무항생제신선계란,2023-09-03,680
쀎쮊뛞꿺쒦쀏쮋뛟꿻쒧,2021-07-27,600
가람살,2021-04-12,1042.5
Cap42SinoiD,2021-09-26,1370
레히아이트,2024-01-23,1589.17
플로라첸,2022-07-06,1472.5
단라윤,2024-07-12,1610.83
허브대학부,2022-01-21,1307.5
도아가성애자,2023-07-26,1415
디트게늄,2023-05-21,1495
이거는입에서나는소리여,2024-08-02,1553.33
금손호소인이성민,2024-03-01,1460
노키즈존출입금지,2023-07-03,1498.33
뚜드러제껴,2024-07-12,1600
양산형홀리11,2024-07-16,1540
끝의공백,2022-02-10,460
Eris0,2021-03-27,1325
시그니처화가,2023-09-07,1520
actto,2024-07-14,1528.33
나는금빛섬광리퍼,2024-07-15,1605
Position2,2022-03-27,1302
범부냥,2023-12-23,1540
자모카아몽드훠지,2024-07-11,1545
김두군,2024-04-10,550.83
리으누999,2024-07-10,1520
버프냠,2020-12-23,57.5
맛있우산,2024-07-13,1540
궁당장리퍼,2024-07-14,1573.33
시노비v,2023-07-22,1462.5
챠뽀야,2022-01-17,1330
오늘은바드의날,2022-08-07,386.67
꼬기상술사,2024-07-11,1600
우산쓰는라이언,2022-07-07,1460
뱃트몽,2024-07-13,1592.5
블루베리치즈망고,2023-07-01,1500
뒤에서방관중,2021-02-28,980
배틀렌스,2024-07-20,1521.67
탱글에기,2021-09-30,1502.5
BurstGo,2024-07-14,1596.67
슬레물소,2023-01-19,1506.67
동글이의블레,2023-12-03,1490
안양캇파스시충,2022-07-19,1406.67
수라브커입니다,2024-07-15,1588.33
안단팥,2020-08-23,837.5
inan16,2021-01-30,61.67
7AP,2021-09-06,1422.5
민씨가문의이상한후손,2024-01-04,1520
안녕수구바위,2024-08-27,1640
삐요여리,2022-03-24,460
요즘누가,2022-07-12,1394.17
뽀서롸,2024-08-01,1602.5
초유람,2022-03-07,1415
디센트뤂,2021-08-04,1325
광대는든든해,2023-06-28,1475
후줍줍,2024-08-19,1613.33
주니걸,2022-06-01,600
쥑이는늠,2021-04-24,1335
하프도정화줘,2022-07-15,1415
디트는안물어요,2023-12-29,1460
다른시선,2023-01-29,302
쿠자나이,2023-01-26,1340
먕먕옹,2023-02-27,1415
난나아제나,2023-02-11,1415
단검못쓰는사람,2024-07-13,1520
Cartoonhero,2020-10-15,1361.67
단비투사,2021-05-27,1363.33
정녕바드인가,2021-09-18,75.83
미유웅,2024-03-12,1543.33
권애교,2023-12-23,1620
송백커,2023-12-27,1460
도구를위하여,2023-01-12,960
망치는따눙이,2024-07-12,1600
한발화살궁,2022-02-10,1343.33
동글이,2022-01-12,1460
소냄,2021-02-05,975
눈물잎,2023-12-24,1586.67
몽쉘준,2021-07-08,1350
유헤정,2023-10-06,1460
에피유메,2022-12-22,1490
character3rd,2023-12-21,1520
우긱우끼긱,2022-05-07,476.67
성인이라미안해요,2022-01-25,1460
갈팡질팡리퍼의하루,2023-11-01,1460
Tlqtor9,2024-08-21,1604.17
밍뀨바드,2020-09-01,872.5
쩝쩝박사하율,2024-07-13,1594.17
차르란,2022-01-27,1430
백전성,2023-09-15,93.33
딸끼사랑,2023-08-14,1487.5
재리호,2023-06-28,1485
노스름한오월,2023-07-25,1503.33
Adelek,2021-03-22,1342.5
97세춘배할배의불주먹,2024-08-01,1580
갓방디,2021-04-22,1050
말랑한해머,2021-04-24,1343.33
혜성당구장,2024-07-10,1586.67
핑왕,2024-07-14,1585
변신주전자돈데크만,2024-07-14,1600
프리미엄그린티,2022-11-23,1472.5
투사기상이슬퍼서만든그믐,2024-03-31,1540
기상샤낼,2024-05-30,805
란이브,2023-07-23,58.33
살아서왔다,2024-04-25,1520
후륭,2021-03-03,915
콩르미,2022-12-27,1490
핑크마동석,2023-12-27,1546.67
찌히미누,2024-08-05,1590.83
피무서워하는블레이드,2024-07-12,1588.33
잠만미폭좀,2024-02-19,500
애엥,2022-02-02,126.67
히히모찌,2023-11-16,500
루스테르,2021-09-28,600
건슬도전해보자,2022-12-24,1460
랏폿난에나타난대황바드,2023-12-26,1530
생라면브레이커,2023-12-20,1490
곁벞,2021-04-04,1343.33
원더풀꽈배기,2021-12-23,1445
카드바미,2023-07-07,1465
사료먹는방방이,2024-07-12,1540
I메론파이I,2023-01-23,105
주홍염,2023-01-18,1500
묘채잉,2023-12-23,1587.5
이치고Hollowize,2022-08-14,1445
eill,2023-12-26,1581.67
흑흑도,2023-02-17,1600
PeachSC,2023-07-05,1490
비버쿼카,2024-05-07,1520
서미욤,2023-07-03,91.83
온리용맹,2023-12-26,1460
극도,2024-05-25,500
PENTABUU,2023-10-04,1415
모레디트,2022-07-20,52.5
궈이트,2023-02-25,1385.83
l마가린l,2023-07-02,1415
요리조리빵,2024-07-10,1520
베이비시터리퍼,2021-03-18,1340
Shot,2024-06-12,96.67
논두렁칼잡이,2024-07-11,1520
주먹의필요성,2024-08-12,1588.33
무서운알파카,2023-12-20,1460
형규양,2021-11-15,302
Rito,2024-04-17,721.67
독폼복,2022-12-25,1460
나만의싸움만하는김동현,2024-07-02,500
DivaiterHoly,2021-07-09,1373.33
제니에몽,2023-02-27,1550
Lysaz,2022-01-21,1302
캣술사,2022-04-03,1100
초코안,2024-07-11,1533.33
MilliaRage,2020-10-11,922.5
에코알퀘,2023-12-22,1540
와드마구싸버리기,2021-07-10,130
사나이눈물약햐다욕하지마,2024-04-19,500
니더라잇,2024-07-17,1551.67
서규리,2024-02-23,1602.5
골드압수,2023-07-13,1501.67
노곤노곤소울곤듀,2024-06-17,1520
이브배마,2024-07-10,1543.33
내가죽으면억까,2023-09-06,500
HyeonBreaker,2023-12-20,1580
대재학의역작,2023-12-21,1568.33
수달그림,2022-03-12,393.33
제엉,2024-08-18,1610
레몬Hunter,2022-03-06,1302
구름과자맛쿠키,2022-07-06,1490
육식공주,2024-05-24,500
박민수마법소녀1점,2021-07-04,1472.5
처단자릴파,2024-07-12,1533.33
이도개,2021-07-09,1346.67
썸루다,2024-07-12,1561.67
짠키위,2024-07-27,1555
유복비,2023-12-14,1460
이쿠라,2024-07-21,1600
고급주유기,2021-08-02,1364.17
95년생하복치,2022-07-07,1340
쑤나,2023-02-15,1340
왕년에덤블도어,2022-04-19,1391.67
깡열이,2022-02-06,1565
그녀의위대한유산,2024-07-26,1594.17
오예스학살자모코코,2022-12-24,1445
해피렐라,2022-07-06,1470
몽글몽글,2022-12-27,1467.5
만복이o,2020-08-23,1302.67
BBangRod,2021-10-26,1447.5
김장훈과독도콘서트,2022-01-24,1385
이배코,2022-12-25,1397.5
도미치,2022-12-24,1505
소나기의기상술사,2024-07-21,1520
절과구,2023-12-25,1581.67
갓겜이라길래왔어요,2022-01-03,1306.67
카드캐쳐룰루,2023-05-28,302
이옹아가,2024-02-03,1591.67
드까닝5,2024-07-11,1585
보라돌이H,2021-06-25,975
수르카나,2020-10-08,915
내구도,2022-03-01,1385
낭만꼬맹EE,2024-01-14,1520
초록낙타,2023-12-23,1540
피증좋아,2023-12-21,1580
절구전문의전각오너,2021-09-12,302
emits,2023-10-31,1415
광복기,2024-07-11,1540
빙소윤,2021-05-29,1470
지토미사일,2021-03-28,1327.5
디스트로이어림,2022-12-23,1410.83
화가나세요,2022-01-12,1302
매혹의색채,2022-04-16,1450
아픈건싫으니까회피에올인,2024-07-12,1585
힘내효,2021-06-24,75.83
과산화수소방울,2023-01-18,1490
팡쌩이,2021-03-22,1058.33
기상캐스터준,2022-07-06,1475
나의갈증,2022-08-20,1460
낫봉베롤,2023-11-26,1445
foursig,2023-12-20,1556.67
두더지쭈,2024-07-27,1561.67
매탄동권바드,2021-05-10,1325
설아잉,2023-12-26,1540
또잤어,2024-07-12,1588.33
말랭이주인,2022-01-31,249.17
도AG,2022-01-13,1445
천마병,2021-08-09,1355
잔혹한딜악귀,2024-07-04,500
슴무키,2024-06-11,1595
기어다니는애벌레,2022-07-20,302
카플란셸비,2024-08-02,1593.33
나만없어규앵이,2021-09-07,802
호감고정닉,2023-12-22,1541.67
롤로노아블레,2024-07-12,1560
커틸다,2023-01-30,254.17
오늘도내일도럭키펀치,2023-12-31,1578.33
샴배코,2023-06-28,1415
햄냐냐,2023-12-07,1437.5
장여희,2022-06-12,1409.17
민트토마호크규카츠햄버거,2024-02-21,1327.5
기술현,2024-04-01,500
Picassol,2022-02-11,1445
김향란,2022-04-24,145.83
브붕부부붕,2024-07-15,1595
초뚱냥,2021-03-21,1325
문서파쇄기,2023-12-22,1580
페네로네,2021-08-23,1302
준빈머리,2024-07-13,1575
노래부르는내신,2023-12-26,1460
소서리스끼티,2021-08-12,1302
로젤쿠보,2023-12-07,1415
버섯냠냠전,2024-01-03,1530
다야몬드2,2021-12-26,1302
Edona,2021-04-12,415
여캐도대머리만들어주세요,2021-09-23,1376.67
마도사휘효,2022-12-24,1365
Meechu,2024-08-25,1340
퓨에고,2024-04-18,500
콘소메쨩,2024-02-05,70
기상캐스터꼰대팍,2022-12-07,1445
숙제만,2021-01-21,1350
앙앙마요,2022-07-06,1460
무무우,2023-12-24,1575
황보혜자,2021-08-30,1302
방울토마토파인애플피자,2024-07-12,1548.33
융발,2024-07-21,1551.67
주전다,2023-12-25,1582.5
빵이너무먹고싶다,2022-03-15,1325.83
무지성침팬치짐승거인,2023-12-22,166.67
퐁펌,2024-08-19,1613.33
수라인척권왕,2023-12-20,1543.33
Takoyaki88,2024-07-13,1600
길냥이응가도둑,2022-01-26,1460
유산모구,2024-07-12,1590
신목의수호자,2021-08-26,1370
발렌쉬할가,2021-09-01,1370
한무우,2020-08-22,940.83
프렌다,2022-03-13,1515.83
이리누아,2023-01-20,1490
오렌지는귀여워,2024-05-29,1576.67
댣댜,2023-08-05,1415
오늘도먹을갈자,2022-01-20,75.83
겨울햄스터,2023-07-09,500
오홀리나잇트클럽,2021-03-21,1340
코아토,2023-05-02,302
양소고,2024-07-12,1553.33
군단장뚝배기딱대,2024-07-16,1558.33
이러지마십쇼,2023-12-24,122.5
유나여우,2022-10-29,1500.83
SummonerBuff,2022-12-22,1460
이름이있을까요,2024-07-16,1536.67
뮤즈온블,2023-12-20,1563.33
선정10,2023-05-17,218
짠주먹,2023-12-21,1551.67
곰오리,2024-07-11,1520
잘안보이는캐릭,2022-07-06,1412.5
레인세이비어,2023-06-29,1415
탕탕토니,2021-09-23,1371.67
아이스크림떡뽁이,2021-05-13,85.83
8IB,2023-07-04,1583.33
브로콜리를좋아하는사람,2021-11-14,1302
낫북이,2023-07-23,1540
달곰N,2023-11-03,791.67
시메콩,2023-12-20,1460
SilentSlayer,2023-01-18,1340
터삼,2023-07-19,1415
비브레이커스,2023-12-21,1571.67
라면강정,2023-01-19,76.67
레비티온,2024-07-13,1520
쩐듯,2024-06-22,1385
기상술사의교과서,2022-07-06,1467.5
천근만근무거워,2021-09-14,1302
삐각삐,2024-07-11,1600
안우쥬,2023-07-20,1415
무빙임다,2020-10-01,915.83
기씽,2022-07-06,1477.5
MADAHWAGA,2022-01-13,1500.83
대장덕,2024-07-11,1561.67
미드뽀짝,2023-10-13,1415
요조레이어,2023-01-20,1460
대체로귀여움,2021-07-12,1415
듀유노,2023-12-20,1580
레몬라임츄릅,2022-07-07,1381.67
굼담,2023-08-11,1447.5
초코초코야밍,2023-09-24,1415
노잼이면버림,2021-04-05,1340
손절당한수동이,2023-07-21,1480
ll로l즈ll,2021-04-19,1403.33
폭식했어요,2023-07-23,1415
구슬먹으면오늘부터1일,2023-09-08,1580
UAZ,2021-09-17,1445
도화인형,2022-01-21,1445
허약체질이라미안,2021-12-16,1445
둠카디,2022-12-24,1490
최진의,2022-01-22,1445
슈익아가,2023-06-30,1493.33
만렙부터레벨업,2021-12-26,1370
금전감각,2022-07-25,1575.83
아가풀잎,2022-01-15,1302
달빛쏟아지는,2022-02-19,260
조치적,2024-07-11,1600
악마늘,2022-01-12,1492.5
시원한맥주,2023-12-22,1560
신시아랑,2022-01-12,1302
재커찡,2022-01-28,1326.67
효닉,2021-06-26,61.67
오늘도맑을예정,2022-07-06,80
꿈속에서살던그친구,2022-12-25,1395
핑크빛팔레트,2023-12-24,1482.5
Militaring,2023-09-01,1498.33
간장마요치즈범벅,2022-02-01,1495
Tanco28C,2021-08-12,1340
버프범위좁아오,2022-07-11,1452.5
짱짱헌터,2022-12-26,1490
기상같은바드,2022-07-13,1460
냥아치추,2021-02-27,920
으히히햐,2024-06-28,1490
안봐주녜,2021-07-09,1432.5
매이쮸,2024-07-12,1526.67
가장높고오만한자,2024-07-13,1563.33
또셔,2023-01-19,1530
차가워보이지만따뜻해,2022-07-07,1430
Lavender93,2024-07-16,1553.33
씅각,2023-08-15,1465
KronosRose,2022-07-21,214.17
불사의사과,2024-01-28,1580
카토우리나,2021-09-22,1310.83
정세홍련,2024-07-12,1585
뮤우블레,2023-08-12,1417.5
아가안,2023-10-01,1417.5
니낫부,2023-12-30,151.67
전투중에하프치는바드,2024-08-27,1610
키위사탕치즈,2023-12-24,1563.33
chori2e,2022-02-09,553.33
나야나와로두,2021-09-04,1302
원소술사존버함,2021-08-11,1302
부산대조로,2022-10-05,1415
피건,2021-08-12,1302
공포의팽이버섯,2024-02-23,1536.67
강응득,2024-07-19,1591.67
어인사해주변호사야,2023-09-12,1370
차가루,2024-01-08,1526.67
무능한조력자,2023-07-26,1503.33
박새란,2022-12-23,1455
느엥느엥느엥느엥,2024-07-12,1560
님맘,2024-07-11,1585
모하량,2022-05-03,130.83
묭리퍼,2023-07-30,500
한국대표섹시포텐,2021-08-24,105
굿쳼,2021-08-02,1340
정븝미,2023-01-07,1546.67
클루우,2024-07-21,1585
갱3,2023-12-22,1536.67
6시3분,2024-01-01,1540
부서진눈꽃,2023-07-19,1415
마법소녀매지컬퓨어스펙터,2023-07-27,150
케홀나따까리,2022-04-17,900
블래아님블레,2021-03-14,870
오므라이스마도리단,2023-07-11,1430
wtto,2021-07-09,192.5
급식천월,2023-12-20,1561.67
유지훈짱,2023-07-23,1500
매화홀,2021-10-09,1305
우산돌릴까요,2024-07-13,1595.83
다리아가,2022-01-24,1370
내걱정은마요,2021-02-27,1050
현톳불,2023-07-29,1496.67
이번장마주범,2024-07-18,1565
차르트붐바,2024-08-17,1598.33
엽문제자앞문,2023-12-20,1580
호두예뻐,2021-05-16,1325
피스트레,2024-07-13,1561.67
해머루다,2021-05-16,1347.5
나만의나작바,2022-01-22,1415
페이토칵테일도둑,2021-03-26,1340
칼빛좌,2023-11-14,1477.5
로띠번,2024-02-07,1520
구속상태,2023-12-20,1580
듸발,2024-03-21,1595.83
널위한3버블용맹,2022-07-19,1381.67
구리텔,2023-07-29,500
망치왕모코코,2021-10-02,1447.5
화나면무섭따,2021-12-01,1460
레아디스,2024-02-11,1540
씨앗만두,2022-07-09,1460
사심가득한야옹이,2020-10-29,1417.5
블래형씨,2021-12-25,1415
퐁퐁라비,2020-08-23,921.67
곰도리가,2022-02-05,1302
빡구라구도화가1호기,2023-11-06,1540
두연이,2024-04-21,1540
바들밍,2023-12-21,1553.33
츄이뇽,2022-09-15,420
오또쉐용,2024-07-10,1595
레이리아수,2023-07-28,500
내세상에없던범부여,2023-12-28,1546.67
베른옹주,2021-08-12,1330.83
워캰,2024-07-12,1520
NiCi,2021-05-31,309.33
하나발,2024-07-10,1540
슬레s,2023-01-19,1490
PININO,2021-03-07,915
SpaceorTab,2020-08-23,913.33
빚타민민,2024-07-12,1520
삐애로,2023-02-04,1576.67
맵찔이,2024-07-11,1530
아키르찌리찌리짜라짜라,2024-07-17,1600
v뽀또v,2021-03-21,1030
즉살소서,2023-03-18,500
쿠즈리,2024-06-15,1540
이에산코동,2024-07-18,1602.5
내꿈은오펜하이머,2024-07-11,1520
배노루,2021-09-04,1325
저여기까지할게요,2021-08-11,1452.5
뽀땸,2021-12-30,1302
슬레이어만든순간,2023-02-25,108.33
안양장원영,2022-09-05,1378.33
강한남자금강석,2023-12-21,1520
레이아우스,2024-07-20,1543.33
코코넛소울이터,2023-07-20,1490
셋온음,2022-12-22,1490
용맹바드새영,2024-08-02,1585
티막티,2023-07-07,1490
온하랑,2020-08-22,870
뿔이터,2023-07-21,1490
임낭아,2022-06-27,600
일단누름,2024-07-17,1607.5
귓방맹이날려줄게,2024-02-02,1590
다시지으면그만이야,2022-06-28,1302
붓다미,2022-01-13,1302
때려주는형아,2024-01-01,1523.33
T팬티입은딸크육,2022-03-25,1445
참깨삽니다,2022-03-11,1340
브커로나,2024-01-08,1570
에키우드나,2023-12-19,57.5
희득,2023-12-31,1610.83
오늘은또무슨장난말썽쟁이,2022-07-16,1475
핑레이드,2024-04-22,1100
일단맞기,2023-04-17,53.33
다크초코아이스크림와플,2023-01-21,1340.83
윤예보,2022-07-07,1445
첫님,2023-12-21,1550
프나,2023-03-20,1548.33
테트리스,2024-05-26,210
풍둔아가,2023-07-09,1325
운백겸,2023-07-05,1490
몰래키우는홀나,2021-08-06,55.83
완숙반숙둘다머겅,2022-06-06,460
모험의막바지,2021-03-22,1325
베막,2021-12-12,1430
명예는정직한수고에있다,2021-08-12,1415
님거기제자리인데요,2024-06-29,500
입만안열면미인,2021-08-06,1302
문재현,2021-11-21,960
Membrillo,2021-08-08,1340
대마농장,2022-07-06,1460
쏭지,2023-12-23,1570
엑스칼리붱,2023-01-19,1340
레이드구경꾼,2021-05-02,970
디붕대표,2022-02-05,1452.5
개장수기,2024-01-07,1545
돌핀제리,2024-08-01,1600
꿈결에청라,2022-08-18,1345.83
밥도아,2022-01-20,1460
민대빡,2024-07-12,1530
구객,2023-07-20,1472.5
비비바,2024-07-13,1520
랏서폿구호대,2023-10-08,1472.5
띤삐,2021-07-13,82.5
쉴드주는오리,2024-06-08,960
말잣브커,2024-07-14,148.33
조래이드,2022-12-25,1415
야마7,2023-10-05,1506.67
민현서,2022-01-25,1445
멜뤼진애호가,2023-12-20,1550
버드대장김가현,2024-07-13,1520
찬울이터,2023-07-26,1477.5
스트라이커의실천과기술론,2024-06-02,1520
영혼뽀뽀쪽,2023-07-20,1500
뽀뎡,2023-01-23,1490
유리스타크,2024-02-29,1580
이안슬레,2023-01-20,960
마구주먹으로패기,2021-11-10,1445
붓빵이,2022-01-12,1302
심류화,2024-07-11,1586.67
행복슬레이여,2023-01-18,1490
만나면반갑다고,2024-07-20,1558.33
짭똘잉,2021-10-15,1370
Bilberry라민,2024-07-17,1605.83
수박맛초코송이,2021-09-09,1302
디스밀,2023-10-22,1475
빈이커,2022-05-29,1370
나눈도화지,2022-01-16,1475
아잉이최고야,2022-04-17,1427.5
얼라인,2024-02-03,1485
바니바니걸,2024-07-12,1595
사신예빙,2023-07-20,1490
소스꿍,2022-01-23,1372.5
누텔라땅콩버터블루베리잼,2024-07-25,1588.33
앞만보는아저씨,2024-07-10,1540
서머엔서머너지,2021-06-08,915
뇌운계곡,2023-01-23,1472.5
끄으읏,2024-07-12,1600
한봄닝,2022-12-23,1460
몽바,2024-05-23,500
예배당헌금도둑,2022-12-22,104.33
나도화가요,2023-02-17,1490
꾜조,2024-08-17,1614.17
어디감히그냥,2023-12-23,1477.5
빽율법신보,2023-06-30,1505
하프상속녀,2023-01-17,1370
차영이였던것,2023-05-04,1495
과일씨,2021-09-13,1327.5
아시디붕,2023-07-13,1493.33
루아린v,2024-04-09,1610
코타몽,2022-12-23,1490
네발도부수기,2023-02-26,1455
용맹바드명기분좋아,2023-12-20,1460
왔네용,2024-08-22,1620
못난힐러,2023-07-08,1540.83
아르시파온,2024-01-10,1460
프리텐다드,2024-07-28,1520
주술강,2022-07-07,1490
여름하이,2023-07-22,1490
마늘뇸,2024-01-08,500
쭈해피,2024-01-15,1275
Spoes,2022-07-20,60.83
루미아섬포코도둑,2023-09-19,1415
남인,2024-07-21,1586.67
충치예방연구회,2024-08-07,1520
뾰족머리삼도리,2021-03-26,900
변신잉,2021-10-02,1370
빛나는시온,2020-08-23,550
xunny,2024-06-09,1520
펭귄방패병,2023-09-26,1521.67
영서임,2023-12-21,1538.33
이터달,2023-09-11,1445
내친구분신,2024-07-11,1590.83
무작위붓,2023-11-17,1531.67
절구가뭐냐고,2023-12-26,1460
나리도화가,2022-01-13,1437.5
수라여내게오라오라으라,2024-07-13,1525
LikeTyson,2023-07-19,1490
마법사엑씨아,2021-08-13,1370
김수겸,2023-12-20,1580
데몬즈루츠,2022-09-23,1580
김광현,2021-08-11,1302
매운갈비먄듀,2022-12-21,1462.5
슈크림빵훔친범인,2022-12-26,1398.33
렌글리벳,2024-07-14,1541.67
KaRuem,2023-10-31,1250
공룡유전자,2024-08-18,1592.5
비오니조하,2024-06-06,1580
단발의케이틀린,2022-12-21,123.33
꾸릉S2,2020-08-23,915
그냥떡볶이,2021-07-09,51.67
진지데,2023-11-21,1520
냠냠콩떡,2022-05-13,1302
한국여자건스리,2021-01-27,955
빤상술사,2022-12-22,1390
화이트눈썹,2021-09-21,1302
양브갱,2023-12-24,1511.67
고양아고양아,2022-07-06,130
파박칠께요,2024-01-08,1520
밤마다쐐주,2023-03-02,302
징진구,2021-07-15,107.5
토라오라,2024-07-11,1531.67
개용스,2020-11-10,915
송건짝사랑하는여자,2022-01-24,145
구슬싸개바드,2021-08-19,1302
주먹쓰는튜니티,2024-07-18,1615
빛브렐슈드,2021-07-10,1302
귤과당근,2023-12-21,1515
소울이터말고야식이터,2024-01-30,1520
봉덕동꼬챙이,2023-12-22,1580
톡우,2023-12-20,1540
하늘오소리,2022-01-21,1302
나도절룡세있어요,2022-07-06,1355
강북구,2024-07-14,1591.67
다마태,2021-08-13,1385
XRichard373X,2024-07-16,1540
MindSociety,2022-07-20,77.5
오층석탑,2023-08-05,151.67
큐아기,2024-07-25,1600
V키빼고함,2022-12-21,1477.5
IRIArtist,2023-05-22,160.83
슈편,2024-07-12,1585
WWE,2020-08-22,1046.67
퍼진녀니,2024-07-12,1585
활없는호구,2020-08-22,915
개뽀,2024-07-12,1533.33
Liete,2024-07-12,1585
가티시차,2024-07-11,1540
푸딩고양이a,2022-02-14,600
웽이요정,2021-01-05,1340
수숭냥,2024-07-14,1561.67
빨간설탕,2021-03-08,915
쥐뇽,2022-10-01,1561.67
채해하,2023-12-30,1510
드럼은절벽,2024-08-28,1640
초우드,2021-10-09,460
진영이이다,2022-06-29,302
농사장알바,2023-07-24,1425
범츠,2024-05-20,1500
여전사진리지,2023-01-18,1490
가지주쇼,2023-07-01,1485
북극여우에요,2022-07-31,152.5
이블띠,2021-12-24,1302
냥천섬광,2024-05-25,1538.33
태권소녀최아랑,2023-12-20,1460
오의말이,2024-07-12,1605
망끼앗호우,2024-06-02,500
호랑은월,2024-05-01,500
아키야마레니,2021-11-08,1415
진홍의기사,2023-12-23,1533.33
양주악마1025,2024-02-17,1485
세상이바꿨어,2023-01-27,1340
그랜드스탠딩,2024-08-28,1640
요즈창,2022-12-22,1492.5
헐크헐크헐크,2021-08-19,802
Q파켓,2023-09-05,1482.5
썩은힐들어갑니다,2021-10-18,600
상소사거리,2023-07-01,1490
설탕굥기,2023-07-23,1555
캄상,2023-02-16,1370
MissG소울이터,2024-07-12,1540
짹짹이조련사,2021-08-14,1302
네오암스트롱제트고간포,2021-09-27,460
메마른피,2023-07-19,1520
플러스뮨,2021-08-14,51.67
핀하르트,2022-02-22,1416.67
WWWM,2023-03-31,1523.33
베니의골골송,2021-07-09,1396.67
쑤쑤양,2024-04-13,1528.33
포항단검마스터,2024-07-11,1540
먹투성이,2022-03-15,1302
농슬링어,2023-09-09,1415
강차챠,2020-08-23,985
처절한복수,2023-12-21,1530
밈관9,2022-07-08,1340
띵가율,2023-09-02,1415
츄콩콩,2022-01-17,1415
그거힐구슬아니고내구슬임,2023-08-07,1415
깐니,2022-10-03,1325
세이크리아교막내아들,2023-03-16,1370
수서몬,2024-07-20,1578.33
멜팅초콜렛,2022-07-16,1415
캠펏,2021-10-04,1432.5
아카시아란,2021-08-21,1340
델파이현창잡이,2022-09-12,1430
한방백신,2022-09-12,1310.83
망치짱큼,2023-09-29,1550
치료한다문도,2022-07-08,1462.5
회수맨,2021-06-06,455.83
신원동기상캐스터,2024-07-14,1540
등짝은워롣,2021-08-19,1302
농심너구리맛,2022-11-01,302
앙드레쵸,2020-08-22,987.5
가능하다는게중요,2023-12-23,1460
제비의수묵화,2023-12-25,1580
슬이터,2023-07-19,1415
루소베리,2022-12-21,1490
00Boschi,2021-01-21,1333.33
단눈,2022-07-10,1510.83
개날먹트롤러,2022-12-06,302
리퍼해슴,2021-09-26,1565
즐겜워로드,2022-02-13,150
블레이드키워여,2024-07-22,1540
멍멍똥,2023-12-23,1460
라리이인,2021-12-28,1302
탑제문바텀민찬,2024-07-16,1571.67
이래커,2024-01-09,1520
울고싶은날엔,2023-12-21,1490
전두광의탱크,2024-07-18,1585.83
홍콩지지자,2024-07-23,1503.33
얼음공주캐시,2024-07-10,1520
혀니빵,2023-06-30,1415
송젬마,2023-02-11,85.83
여우버들잎,2022-02-16,1460
밍도솔,2022-10-27,1475
홀나가홀랄라,2023-07-06,1415
성평등펀치,2024-07-11,1520
폴포리아빠,2023-10-10,1470
소봉스,2024-07-11,1566.67
로아온대신점화온을드리겠,2023-06-23,1592.5
스페셜티블렌드,2024-07-18,1594.17
머리머리머리머리,2023-12-23,1526.67
캬너지,2021-02-05,110.17
Rude77,2020-10-01,915
반월사두룡격,2022-07-07,1415
배우조이현,2022-03-20,1415
부수쥐,2023-12-21,1558.33
박으뜸,2023-12-20,1553.33
숭풍,2024-05-16,1375
태양모기,2024-07-13,1556.67
독서실아가,2022-02-04,1302
물약안씁니다알아서하십쇼,2021-06-24,61.67
꿀애기,2023-12-21,1520
야니의냥냥펀치,2021-05-10,1340
개짱개,2024-07-12,1566.67
도아가인데,2022-01-12,1370
목감노인정미폭장인박상현,2021-11-24,460
내가화살을쏘는거같니,2023-12-22,1510
막트해용,2022-01-12,1302
듀반,2024-07-10,1591.67
튀프리,2023-12-21,1465
소드웬디고,2023-01-19,1460
먼저죽을게요,2024-08-01,1520
달의조언자,2024-07-22,1561.67
히나타,2020-08-22,915
홀리몰리가콰몰리나이트,2024-07-11,1600
말죽거리잔혹사,2023-12-23,1480
상시난무,2022-05-28,802
퓨너,2022-07-07,1475
크래프톤주주입니다,2021-12-29,1385
선봬,2022-03-27,460
히와아,2021-08-08,1370
대가리부시기요,2024-01-12,1582.5
깨달아버렸다잔혈머신의길,2024-07-14,1523.33
미르관407호,2024-07-12,1600
홀혜류,2024-08-01,1600
Penicillo,2022-01-13,1435
악의조직하급병사,2021-08-31,590
덴리이,2021-08-14,1302
나랑워로드키울래,2023-03-01,1340
기분좋아지는주먹,2024-07-08,1340
하의염,2023-09-28,1490
나씨가문,2024-07-11,1585
Temeraire236,2022-07-16,1422.5
니넬라,2024-06-20,500
심쮸,2021-09-23,1432.5
퇴근하고자고싶다,2021-03-26,1341.67
누그쇼,2024-02-19,1372.5
클래식망치,2022-12-27,1100
긍정2,2024-04-13,156.67
바드안해여,2023-12-21,1460
유키아가,2022-06-30,1302
망치의무게를견뎌라,2024-05-31,500
파괴의충동,2024-03-18,1510
지뽀바,2021-08-11,1327.5
나주AI담당,2024-04-29,64.17
리넥브,2021-07-08,1325
보송보송양털,2022-09-25,1415
드론컨트롤조무사,2021-03-21,1334.17
쑹욥,2024-08-07,1590.83
souest,2024-07-11,1525
읃자,2024-06-23,500
베르히메코,2024-07-16,1530
그믐달레이,2024-07-11,1530
피자와찰떡궁합,2021-08-29,77.5
무지성포탄,2023-12-23,1580
슼빸슼빸우는새,2024-05-04,1520
짱큰퐁,2022-07-29,1385
겨세원,2024-07-10,1540
대쟤학,2023-12-20,1510
리버풀피터팬,2022-03-15,540
ball00,2024-07-16,1540
샤넬코꼬,2021-02-25,1037.5
동방의쿼카,2022-06-19,543.33
클로아지지,2023-09-01,1415
tople,2021-07-09,1325
북두안마권,2023-12-25,164.17
즐멍맨,2024-01-28,1589.17
담복,2020-10-11,847.5
꿀연애,2023-07-22,1503.33
기절패턴,2023-06-12,1385
가능동물주먹,2024-03-10,1510
세리미나,2021-09-24,1370
매서운겨울쉼터같은너에게,2021-08-10,1355
흰옷에붓칠,2022-01-23,1415
캐스퐁의웨더볼,2024-07-12,1568.33
황제펭귄의환상적인허들링,2021-07-13,1355
브레이커한설,2024-07-14,1541.67
뷰티바이블,2021-04-01,900
드론에몽도와줘,2021-10-03,1455
니똥소똥,2023-06-28,1490
로슬레,2023-01-18,1490
쭈힐줘,2023-07-24,1500
망조의고라니,2023-11-14,1415
잡상인금지,2022-03-17,1445
정신나간배마,2024-05-20,500
푸른꽃가루,2022-02-04,1302
더사랑한사람들을위해,2024-01-03,78.33
테슬라3호,2024-07-15,1540
하리후,2024-07-30,1597.5
원기옥가즈아,2023-09-15,500
홀나예준,2024-07-14,1555
주예령,2023-12-30,1510
폭풍바드,2020-08-23,900
낙서하는너구리,2022-01-12,179.17
헉펀치,2024-05-18,500
무지개반선생님,2022-01-21,1445
Veihar,2023-02-26,1370
광야를살다,2024-07-28,1610.83
날씨요정민하,2022-12-25,1475
레오파드다람쥐,2024-07-11,1573.33
웨더로스,2023-05-07,73.33
레수라,2024-07-12,1526.67
미치GO,2021-09-18,1302
어린이집간식전문털이범,2023-11-20,1500
검든홀닥불,2023-06-29,1496.67
버프주는토이,2023-09-24,1445
릴리베리,2020-10-11,977.5
붓든아가서폿,2022-01-21,1375
디트탕,2021-01-19,1325
별아가빵,2022-02-04,1370
머저리퍼,2020-11-18,1381.67
열매달홀나2,2024-02-14,1520
물들의찬송시,2023-11-06,77.5
등껍질도둑잡아라,2023-12-26,1521.67
김은쪽이,2023-08-09,500
우엉엉옹옹엉앙,2020-11-29,254.17
존나쌔보이는캐릭터이름,2021-03-02,975
광기의중수디트유저,2024-01-18,1520
갸스비,2024-05-25,1551.67
고추장닭한마리,2024-06-25,1520
바이스도,2024-01-03,1480
준덴덴,2021-07-09,1302
나희예,2023-12-27,1540
혀누에욘,2021-03-21,1340
우리동네호크아이,2024-02-25,1540
서늘한달빛아래,2022-07-06,1462.5
만년딜딱이,2023-12-27,1581.67
죽은히오스에봄은오는가,2021-10-11,1304.5
철혈여제,2021-03-14,1035
자신감을잃지말자,2023-07-01,1485
푸바오가고울었음,2024-07-12,1540
힐쥐꼬리만한홀리나이트,2023-12-26,1526.67
이엘린님,2024-07-27,1550
단태윤,2023-09-11,1415
북두신권계승자,2023-12-28,1460
조비는자유예요,2023-01-19,1364.17
ST로스,2023-12-23,1510
낫놓고기역자도모르면되나,2024-07-15,1560
로아서폿은닉넴이12글자,2024-07-18,1540
빠르게지나갈게요,2022-10-30,1385
울피누스,2024-01-03,1480
리퍼만키워볼게요,2023-02-11,1445
회폭아니에요,2021-05-23,448.33
감성커피,2023-12-23,1525
아미가,2021-08-19,1370
랄멘,2023-07-21,1500
바드도사람이에요,2021-07-10,1422.5
soul샤낼,2024-04-08,1583.33
주사대신알,2023-10-16,500
귀욤탱탱,2022-01-21,1370
영데쓰,2023-07-20,1472.5
약황,2023-12-23,1582.5
주먹구구덕,2024-03-24,1520
1013기무적해병,2021-05-07,320
쌀투더먹,2023-06-28,1475
달빛아래사랑,2024-07-14,1520
방울쿠키,2024-06-03,1600
권아로,2023-12-20,1460
찌리어,2021-08-16,1347.5
넬라굿뚜,2023-01-17,1415
도화가도화가어쩌구,2022-09-23,1325
다크복서,2024-07-15,1585
맛도리알카,2024-07-12,1565
착한동네누나,2023-08-15,1450
셔여니임,2022-09-27,95
칸트라리,2024-03-08,1580
통삼겹필라프,2023-12-20,1580
여름장마와우산,2024-07-12,1600
초록별우산아이,2022-12-19,302
채도동,2022-07-16,1445
pk팡,2022-12-21,1340
이게홀나인데용,2022-07-08,1460
카운터쿨타임인데요,2023-12-24,1580
뚜뚜띤띤,2022-09-20,105.83
잠만쭌,2021-07-09,1345.83
향요,2023-12-24,1540
기상캐스터연진아,2023-01-08,1540
블래스터씬,2024-03-16,500
빨간궁디,2021-12-26,1302
혜예빈,2023-12-22,71.67
화교,2024-07-17,1540
단검이똥꼬에박혀서안빠져,2024-06-15,500
전라도이빠이,2023-11-14,1601.67
방솔지,2023-10-27,635
놔봡,2023-07-22,1480
카오스대천사,2021-03-10,1550.83
백운철,2023-12-21,1570
츄르나라미미공듀,2023-07-03,1495
0도해0,2023-10-21,120
질풍노도시간,2022-11-24,1500
먼득,2024-08-22,1600.83
호지아이,2023-09-09,1417.5
슬레이어하예,2023-01-19,1475
풍연심,2022-12-21,1467.5
쁘아앜,2022-03-19,153.33
휠체어타는게제일쉬웠어요,2022-07-09,97.5
잇슬레,2023-11-14,1493.33
착한넘,2024-07-11,1520
세계최강디붕이,2021-05-16,84.17
머폭황,2024-07-21,1615
망밍밍밍,2022-12-23,206.67
푸름햇빛,2023-01-20,1460
곰탕후루,2024-07-12,1521.67
홍조레몬샤베트,2024-07-14,1528.33
활유월,2023-03-26,960
빚과잔금,2023-10-08,55
IRAHNA,2024-07-20,1600
먹력,2022-01-23,1445
뽀식이설렁탕,2024-07-22,635
멍보라,2024-01-13,1580
나만의노래,2024-01-01,1510
MintYogurt,2024-07-12,1595.83
심야의,2024-07-03,1510
붓은5개까지들어가요,2022-07-17,1340
26세엄태호의마지막지진,2023-07-19,1415
핏빛브커,2024-06-07,77.5
짐살라빔짐짐살라빔,2021-07-04,900
재봄낫,2023-07-20,1490
임래브,2024-07-13,1555
ATonyM,2023-06-17,302
호랑이인척,2023-11-13,1415
서유오리,2022-12-22,1498.33
뱀고기맨,2021-11-04,1462.5
극재,2021-12-12,1415
몽환적인리퍼,2024-07-13,1600
고양이눈동자,2020-08-23,1002.5
틸라클로르,2022-02-19,71.67
아리마카나언닝,2023-07-19,1415
긔염뽀짝갈꽁,2024-07-14,1595
라마협회장,2024-07-16,1561.67
기억났다소년,2023-12-20,1600
뻭퍼,2024-02-03,500
뉴진샌도,2023-07-14,1508.33
맛다시현호짱,2022-01-22,1417.5
지이왔어요,2022-11-27,1445
토끼가젤잘하는건토끼기,2024-06-16,1590
재우드,2024-07-11,1538.33
밍학,2023-01-29,1340
쵼수,2021-11-05,843.33
Tryplus,2024-02-16,1460
느타리버섯탕2,2022-08-29,1430
흔들리는나를붙잡아,2024-01-30,1531.67
쓰카웃또,2024-07-11,1600
남뚝배기,2023-01-24,1500
쌀공,2022-07-09,1340
딜하기좋은날,2023-10-08,1465
한이커,2023-12-21,1580
모찌포슬,2024-01-16,90
나는뚜기,2023-03-02,1370
모닥불쏘시게타닥타닥,2023-07-01,1490
공기백숙,2023-12-20,1521.67
소길사길서수길,2024-07-18,1520
Snowfresh,2023-12-20,1520
승리지향형탱커,2021-04-08,1355
냥냥랜드,2024-03-28,1540
금쪽이꾹,2024-07-12,1520
애옹이는애옹이얘옹,2024-07-31,1520
상식이삼촌,2024-07-11,1528.33
허연우,2021-12-30,1445
견과류에콘,2023-12-25,1575
l가브리엘l,2021-12-01,1415
쓸쓸한화분,2021-03-14,365
낫들면무서운여자,2023-07-20,1510
힘밧드,2024-07-23,1600
눈비쨍쨍,2022-07-06,1344.17
왕밤빵드,2023-12-26,1581.67
욕망의심장조각,2023-11-14,1415
김씸,2023-07-08,1490
후유텐시,2021-12-13,1383.33
스쿨GS,2021-03-13,1050
금태양스커,2023-04-11,1375.83
주지그리스도,2021-03-21,1310
거북이는기분이안거북해,2024-07-18,1535
김치레인저,2023-07-09,1475
컨트롤못해,2024-01-27,1548.33
하지않으면이루지못해,2022-01-14,1415
휠밥통,2023-12-22,1480
쿠엘아가,2024-07-11,1590
종날오니,2024-07-31,1520
횹토리전용날렵경쾌큐트걸,2023-07-23,1415
트롤해약,2024-07-13,1586.67
김사장셋째딸,2021-03-22,1355.83
쏘예향,2022-12-19,302
료초리,2022-02-10,1445
기상칼잽이,2022-07-07,1340
류하별,2024-07-26,1602.5
사프장,2021-07-15,1370
궁댕이의힘,2021-09-11,1355
리퍼튜나,2024-07-10,1592.5
장미안,2024-07-13,1541.67
쨈로틴,2024-07-12,1570
해달,2023-12-20,130
오뱡뱡,2020-09-08,226.67
늑대와성,2021-09-04,1380
천무화신,2023-12-21,1487.5
두댜댱,2023-11-13,79.17
무우다무다무다무다무다,2024-07-12,1535
기에나청어잡이노예,2020-08-22,903.33
백저쥐문데기,2024-07-21,1540
당넹영의노래,2021-08-13,1302
Ank로웬,2021-04-12,1336.67
화가단신,2022-01-23,1302
초록잎처럼,2024-07-18,1600
우산접지말고펴,2022-07-06,1462.5
첫눈오던그길,2024-05-04,1250
총알뜌뜌,2021-07-10,1325
평화로운숲,2022-09-02,1400
낭만기사김잼민,2022-08-20,1535
날나리퀸서커,2023-07-02,1452.5
좀만믿어줘,2023-08-11,1100
연웰,2023-11-13,1420
만돌이는은우꺼야,2024-07-12,1570
윤회의숲,2024-07-10,1590
블린츄,2020-10-08,915
온화충모닉,2024-04-05,1088.33
드읍드읍,2021-04-05,1050
폿딱이,2024-05-26,1580.83
정강이조심해,2023-01-19,1460
블뤵,2020-08-23,987.5
예보쥼니,2022-07-21,124.17
슥나,2023-06-28,302
딸기잼바른바드,2022-01-14,1445
binLaden,2021-03-10,312.83
내꿈은기상뽀스터,2022-07-11,1475
떼바씨떼바씨떼바씨,2022-07-07,1493.33
배틀빵스터,2023-07-02,1475
흑빛우럭,2023-12-21,1460
어으드로워,2023-12-21,1540
쵹쵹한예감,2022-01-24,1445
슈나가,2023-08-06,1460
수신중슬레이어,2023-10-25,1415
길레니아,2023-01-22,1503.33
흑구낫,2023-12-23,1540
해이릿,2021-08-19,1385
모찌gurA,2023-12-20,1460
잿빛아리아,2021-12-27,1350.83
Ashera,2024-08-02,1590
유크찡,2021-12-11,135.83
충주리퍼,2024-07-16,1576.67
식물절제,2024-08-12,1611.67
수우부,2024-07-13,1589.17
ArtDecoShire,2021-07-05,534.17
봉고반점,2024-01-09,1340
솜살단,2021-07-14,141.67
이단심판꽝,2021-05-02,61.67
Installer,2023-12-20,1460
멒핀,2023-06-28,1437.5
개굴도화R,2022-01-26,1302
황범찬,2023-12-22,1521.67
장발소녀,2021-07-08,1377.5
블레이드리셋,2021-11-19,1302
실리안바네로,2024-07-17,1520
소울이터별,2023-07-24,1500
홀리몰리아가펭구,2022-01-14,1460
ShadeOfMalpe,2021-07-12,915
랏정화폿,2022-08-02,135.83
폰잼민,2024-07-16,1594.17
이게왜도화가야,2023-12-30,1540
주당나비,2021-03-07,1350
기둥속삼뿟,2023-12-21,1523.33
회색강정,2023-01-07,460
뱌요,2022-12-29,145
탑월,2023-09-19,1415
나라아다,2021-02-18,1325
조시려니,2022-07-10,1409.17
댕이넴,2024-05-14,1592.5
PrayLuces,2021-04-20,1340
환웅의천의,2024-05-25,1526.67
낫으로벼베러귀농한순미띠,2023-07-25,1500
장꽁지2,2021-03-22,1325
05미대생,2023-11-12,1415
관더,2024-08-05,1595
슥샼쇽,2022-02-13,1340
늑대교단의위쳐,2024-07-15,1586.67
따봉기술스카,2023-12-21,1531.67
날랜련,2024-07-11,1566.67
츄닛,2024-05-27,500
민석이터,2023-07-19,1508.33
LSIE,2022-04-23,1385
세티노의그림자,2023-01-07,1510
낭만북,2024-03-03,1598.33
낫녀니,2023-07-21,1490
라이트닝법사,2022-02-11,1445
이대암살자,2022-07-07,1417.5
테엔,2022-07-20,1380
배재원숭이,2021-04-26,1340
한여름소울,2024-07-12,1585
고뿐,2022-02-26,1302
작은계란,2023-06-29,1415
보탄나베,2024-04-07,500
푸짱푸짱,2023-12-21,1545
패퀴지,2023-12-26,147.5
그정도는아닌거같은데,2023-06-30,1480
두치와,2022-12-25,1500
풍산들동6호기,2023-12-21,1541.67
마루윤슬미리내,2024-07-14,1595
꼬미도화,2022-01-21,179.17
어쩔바드저쩔홀나,2022-01-22,1543.33
천윤Bro,2022-01-31,302
동작역의마지막불꽃,2024-07-12,1520
하라무,2024-07-11,1540
붕어힛,2021-04-04,1302
SoPark,2022-01-16,1336.67
죠미입니당,2024-08-29,1640
킹버섯,2020-10-29,915
꼬챙이먹다걸림,2022-12-28,1513.33
찬란한신궁,2023-01-09,75
퀸즈알파,2023-11-21,1415
원미동사람들,2021-05-02,802
예거리베르소,2024-07-18,1600
이슬진로,2024-03-26,1523.33
허끙나,2024-07-14,1585.83
나명파개만월,2023-12-23,1475
가연a,2020-11-26,915
쿵따콩,2021-08-05,151.67
찍어줘랑,2023-07-21,1427.5
돈까스나왔습니다,2020-09-15,915
voiden,2023-07-01,1496.67
봄날밤,2024-07-10,1520
헤썬,2023-05-15,302
소울이터사수,2023-07-21,1415
인생드이블레,2023-12-20,1460
남생물,2024-07-10,1600
댕댕유니,2024-07-11,1540
리말,2024-07-14,1561.67
치르귀,2024-08-29,1615.83
복지관소화기도둑조휘용,2024-06-13,1583.33
바나나우유귀신,2020-08-23,915
전3개가나를주목해,2023-06-29,1490
딸기초코설빙,2022-01-24,1475
낫든비누,2023-07-20,1415
난메이플로다시는안도화가,2022-07-16,1370.83
소녀설윤,2023-07-20,1490
매콤보쌈,2023-01-19,1385
레에디,2022-08-20,1450
탄산중독브레이커,2024-01-04,1553.33
쮸아왑,2021-10-24,1465
시리우스아가,2022-02-01,1415
포포리사랑,2023-02-24,486.67
힐러이슬,2022-07-14,1430
화신의여왕,2020-12-07,915
백녹양,2021-09-11,1412.5
넬라굿노예,2021-07-09,1302
막꾹장,2024-08-04,1540
자꼬메티,2024-07-15,1500
평양없는평양냉면,2021-10-25,143.33
금뭐링,2023-12-20,1510
퀸메이아,2022-07-08,1422.5
그릴꺼야,2022-01-14,1460
때리는형태의무말랭,2024-07-16,1520
붓펜볼pen,2022-01-12,1460
망고향펩시,2023-11-08,1415
맑둥이,2022-01-21,1407.5
도폔,2024-07-14,1570
아조씨나쁜사람아냐,2020-12-09,1340
어허리퍼에용,2024-07-15,1560
뉴디야,2021-01-07,1325
힙합연어,2021-06-08,61.67
꽃길을걷는,2021-05-02,935
밟아의방패,2024-03-11,1520
인파대이,2023-09-04,1415
익인귀,2023-01-20,722.5
덤배,2024-07-17,1600
새콤앤달콤,2021-12-23,1350.83
기공토식,2022-04-30,460
IchTuDirWeh,2022-05-10,1380
말티푸너무귀여워,2024-06-10,1520
임우이,2023-04-04,1580.83
불Lr방,2021-12-28,1447.5
킹대광,2021-07-09,1302
길이전쟁하면워로드,2022-08-03,1340
makima90,2023-01-20,1397.5
린오몬,2024-08-29,1640
수희윤,2023-06-28,302
섬열파,2021-08-14,1472.5
Celestite,2022-02-25,1432.5
동동주술빵,2024-07-25,1600
정이향,2021-04-24,915
쿠키먹는쿠키,2023-07-20,1508.33
여러분귀여운리퍼가왔어요,2024-07-12,1585
쳐수,2024-07-24,1605
사골뼈브레이커,2024-07-12,1594.17
호로요이스무디맛,2024-07-12,1540
인턴쌤ABGA있어요,2022-08-17,1370
국기원1,2021-03-23,61.67
포터티스,2024-02-20,1460
디멘터비바리,2023-07-19,1490
좋지이게천국이야,2021-11-15,1310.17
kimgee2,2022-01-30,1100
후르트링씨리얼,2024-07-17,1600
뤄깃,2021-09-07,1415
춘꽁꽁,2022-12-22,1490
하이둘리,2024-07-18,1585
크라,2024-07-11,1520
JOWAYO,2020-09-12,915
쏭하는하쏭,2022-07-09,1477.5
몽키갱스터,2024-06-14,1540
설즈루,2020-10-06,920
아무거냐감자,2022-01-25,1302
노애,2023-07-21,145
D제로R,2021-08-03,1415
씨잇팔하프맛좀볼래,2022-12-22,1490
헛디딤,2024-07-12,1553.33
나는롱다리야,2024-07-14,1540
초심야,2024-07-12,1590.83
환장한감자,2021-12-11,1370
유월도류,2023-11-05,1370
힌린,2024-02-13,552.5
태애앵슬,2023-12-21,1555
오늘은그대와하늘위로,2020-10-24,922.5
현조치치야크,2024-07-23,1520
찐현성,2024-08-09,1585.83
달디단고구마,2024-07-14,1550
참치딱밤,2023-12-21,1553.33
한여름밤에는,2024-08-01,1546.67
월이워커,2022-09-01,205
쿠가의하프,2021-03-27,61.67
유르람이,2021-12-23,1302
웨덜리포터,2022-07-06,1460
악랄한아기,2024-07-18,1546.67
선월애,2024-07-15,1570
노래의섬,2022-07-20,1417.5
수제포탑,2022-10-11,1415
몸이허약한귀족가문막내딸,2021-08-05,206.67
량졸,2023-08-10,1540
천애제아,2023-01-24,177.5
자힐하는모닥불,2023-08-23,1490
망치는오톤,2022-10-31,600
Ev1scerate,2024-07-20,1550
원리퍼블릭,2023-12-26,1550
흙소탱,2024-08-29,1640
셋열,2022-01-12,1477.5
제티초코,2023-12-24,1580.83
와다따닥,2024-07-25,1540
짝준,2021-04-10,257.5
오빠올시즌한화기대하라매,2023-01-19,1490
냥탕탕,2024-06-03,1600
호조사귀,2022-08-16,302
M797,2022-01-21,1445
듄가미,2022-03-14,1302
싼후처리,2022-05-03,1445
바인냥,2021-03-26,1340
오르아나,2020-08-23,915
Oyelia,2023-07-25,1493.33
끔칫,2024-07-27,1591.67
데모닉닉,2020-08-23,916.67
케리드닉,2021-08-27,1415
1410드가자,2021-08-18,148.33
클롭제로소다포도,2023-12-01,1427.5
정신을체리,2024-07-15,1600
향름,2024-03-24,1526.67
레티반,2024-01-30,1520
포격실시하는고요한입니다,2024-07-15,1558.33
중갑워로드는죽지않아,2021-07-01,61.67
핑돌2,2021-09-09,1375.83
점메씨,2022-02-07,52.5
흰머리슬레이어,2023-01-27,70
방패모콩콩,2022-07-03,51.67
랭깅,2024-07-15,1526.67
택주s,2024-08-07,1560
때두때바,2022-05-23,460
치즈볼안먹으면딜버프X,2024-07-11,1490
정권직,2024-03-19,1520
무력아저시,2024-03-26,1600
BlackDiary,2023-12-23,1540
쪘웁,2022-01-22,1482.5
박후관,2020-09-29,925
귀썬,2024-07-11,1540
태권부기,2021-03-18,93.33
프렌실,2023-07-10,214.17
잠실이성당카레고로케,2024-07-12,77.5
첫늘,2023-05-06,1372.5
애기꽁냥,2023-07-21,1490
소울로드,2024-01-09,1460
도화가엘양,2022-06-16,373.33
쟛지우유푸딩,2024-07-22,1540
시로퍈,2022-07-08,1460
흑색음,2024-07-12,1585
홀리롤리폴리추러삼만리,2021-09-09,302
메스가키눈나,2022-07-06,1340
버섴담당일진,2021-12-28,94.17
전하번호,2024-07-17,1520
낫계란,2024-07-19,1525
3번홐홐이,2021-03-06,1340
범직안사람,2024-07-13,1545
손구락왕7,2021-08-18,960
신휘랑,2021-09-05,1430
은암소울,2023-07-24,1490
모모로꾱,2023-12-25,1533.33
상이율,2024-01-06,1520
악절,2022-07-06,110
밍뀨밍뀨밍뀨,2020-09-01,1325.83
Impu1sive,2022-01-23,1362.5
무결점모코코난사,2023-07-06,1480
에이엔니,2024-07-11,1520
Arical,2023-11-07,1455
스피너창,2021-09-05,1325
꼬니물꼬니,2023-07-14,193.33
Rozaria,2024-01-04,1586.67
야이찰라야,2021-10-03,460
빅맘마디스펜서,2024-01-17,1560
l스뭇라잌버러l,2022-01-30,1415
기송쟁이,2022-07-07,1470
죽부인뿌잉,2024-08-23,1565
갓브리,2023-10-19,205
쥬챼,2022-12-10,891.33
저는모닥불이아니라니까요,2024-08-08,1605.83
촉촉한초꼬칩나라,2022-12-27,1503.33
97배틀마스터,2023-11-07,1472.5
아가술사기상이오,2024-07-13,1561.67
경북대RN,2022-12-24,1460
괴도범,2023-01-13,1465
제초로,2023-07-19,1415
곽필자,2020-09-14,942.5
숫낫,2024-07-12,1540
모두가사랑하는동물귀소녀,2023-08-12,95.83
말랑두둥,2023-06-22,1511.67
리슝작,2024-08-27,1614.17
만개안에너있다,2023-11-21,1420
건들건들산책,2022-12-22,73.33
오리천왕,2024-07-12,1540
소울sia,2024-07-15,1540
차칸녹차4,2021-06-23,1325
한반도킹,2021-02-18,1356.67
데이워롯,2021-05-02,1027.5
eytg8e,2021-07-05,828.67
붕어의마지막길로틴,2024-07-18,1585
카즈오,2022-08-31,1496.67
모코코모코코루세이튼,2023-12-31,960
CHOCOME,2020-10-17,915
요밍아,2022-07-07,104.17
저세상벌레이드,2023-03-13,1445
김밥에오이는꼭넣어주세요,2024-04-11,119.17
짭랑미,2021-01-29,1050
재르가나,2021-08-12,1340
세실충,2021-11-18,302
훔칠래,2023-11-13,1490
먼치밀,2024-07-18,1593.33
OO강,2023-12-20,1520
애기앵두,2024-07-15,1548.33
도화가또니,2023-03-18,1415
섭섭한임금님의수라상,2023-12-25,1530
유링빠,2021-06-09,1325
기상빛차,2022-07-21,111.67
바도희,2021-04-05,1005
득도한묘선,2021-01-30,1040
얌체입니다,2021-12-28,117.5
메론빵피자빵죽빵,2022-04-06,546.67
오늘은e요일,2024-01-10,202.5
형아엉덩이에모닥불붙었어,2021-07-29,1430
로스릭의하프,2021-08-05,1430
노령화월,2023-12-21,1510
주쥬누나,2022-01-26,1325
돈만돈,2022-03-17,1500
난너의오나홀나,2021-09-16,460
쌀밥에김간장,2024-08-29,1640
뚱땡련,2022-07-11,1480
두디캉,2023-08-12,1275
닐레야,2022-02-12,1370
인둥이D,2024-01-12,1415
냥쁘이,2021-10-02,1370
잉파에여,2021-04-17,557.5
낙동강나이트,2022-12-22,1408.33
질붓,2022-12-22,1475
ArcanistBat,2023-02-02,1460
성전문,2023-10-12,1340
힐을피하시면어떻게해요,2023-10-26,1322.5
슬레이어에쌤,2023-01-23,102.5
끙펀치,2023-12-21,1585
호크또,2024-07-12,1590.83
브카반,2023-12-24,1580.83
탈바꿈,2024-05-26,500
오늘은기분이조아,2021-08-11,1445
송이초코,2023-12-21,1550
숯불후랑크줘나많이,2024-06-06,53.33
LeeBombBe,2021-07-21,1375
방패든하늘,2024-05-06,1100
민해블,2021-05-02,1325
홀리블리,2020-08-27,880
내이름은토비,2023-12-30,1560
스트라이커호뺭,2021-04-05,605
모두친구,2024-07-12,1523.33
한결같은한결이,2023-12-22,1460
롸롸잇나우,2023-04-05,152.5
스루시스,2023-10-24,1490
워종말,2021-05-11,64.17
웅태7,2021-01-30,915
전우셩,2023-11-02,1589.17
FM보여주시겠습니까,2022-02-28,1302
카피바라가좋아요,2023-06-30,1508.33
OraO,2021-03-07,265.83
벨빌,2024-02-10,805
회의실초코파이도둑우대리,2024-08-03,1606.67
카탈리노,2023-07-04,1508.33
messiah,2023-12-20,1530
등골전이,2023-12-24,1551.67
나는최강이다,2023-12-22,1573.33
이상한사과,2023-07-26,1498.33
솜설화,2020-12-23,61.67
여러분들의응애아기배마,2023-06-02,1555
알버트다우니주니어,2021-07-14,67.5
버O,2023-12-29,1540
창기사뚠냉군,2022-09-23,302
트포내놔,2023-12-20,1540
눈떠보니이세계전사라구,2021-07-10,1340
재조무,2023-08-14,1548.33
진각성계왕권풀카울호로화,2024-03-23,582.5
리옌느,2023-12-31,88.33
가모탁,2024-01-01,1582.5
너프조심,2024-07-11,1573.33
지욘쓰,2022-06-19,440
도붕삼,2024-01-14,1460
람쥐썬더MK10,2022-12-21,1492.5
겁쟁이의시험,2024-05-20,500
토끼풀꽃말,2023-12-08,1430
꿈나무기상술사,2022-07-30,1340
뇨챠링,2021-09-14,1345
방랑시인버서커,2024-01-11,1467.5
아이싯뗴루,2024-07-18,1520
Mdrab,2023-11-08,1540
20사단포병,2023-06-28,1415
채이리타,2024-07-11,1525
EllaChandler,2023-03-06,1340
아이도루깅아가,2022-12-22,1490
o호두파이터o,2023-02-19,1475
승룡워,2024-07-18,1600
쓰삐용쓰삐용,2024-07-16,1520
단검이어울리는여자,2021-03-06,370
도철만믿으라구,2023-12-21,1580
XlEN,2021-08-13,1302
고양이네마리강아지한마리,2020-10-06,915
리퍼너무좋고,2024-07-16,1585
접배,2023-10-06,1581.67
Flicha,2023-04-03,1523.33
델라닝,2023-12-30,1580
노핸미,2023-12-25,1580
너굴너굴야옹,2021-05-03,1340
코와이,2023-12-20,1580
Aapisto5,2023-01-21,1340
인파도딜러다,2024-07-12,1595
천상말고광시곡,2021-01-28,997.5
모겐소,2022-02-16,1302
자두앵두소환사,2023-03-07,1396.67
김과미역,2021-03-06,1370
도움날파리,2021-12-01,1415
RB미이히,2021-05-10,870
신병제3훈련대대,2021-09-18,302
콜드브루001,2023-10-16,1415
홀리나이트부킹고수,2021-08-13,1302
마라부대,2023-06-30,1450
티르냐냥,2021-03-15,1030
만월스코,2024-01-07,1525
푸엥취,2020-09-20,902.5
루솔레이,2023-01-21,1415
동스커동스커,2021-10-15,1417.5
술월,2024-07-17,1595
교적왕,2023-04-20,1560
모찌펀치,2023-11-12,1591.67
양달의,2022-12-22,1422.5
도칼날,2021-02-27,915
핵땅꼬맹이,2023-07-20,1510
로잘알바드,2022-01-21,1370
다시돌아온마블덕후,2024-07-27,1606.67
점심물냉,2022-12-25,1462.5
찍먺도아가,2023-12-21,1460
처갓집양념슈프림순살,2024-07-17,1591.67
머리위로떼바시,2024-04-22,1520
브오살,2023-12-24,1584.17
온해나,2022-07-12,1465
초류사,2020-09-27,922.5
찌럔,2024-08-07,1540
성원보트,2024-07-12,1590.83
온서화,2022-05-05,1467.5
예리햐,2021-11-18,1415
꿀빠는삶이인생목표,2022-01-09,75
겨울을걷는너,2023-11-07,52.5
얬뇩,2024-06-02,1520
브레에요,2023-12-21,1573.33
해리델,2023-07-05,1415
한강곰,2024-01-01,77.5
팃하,2022-05-23,1460
슝수슝,2022-07-14,1409.17
비의연주자,2024-07-13,1570
이이리리리리,2021-09-02,167.5
78세노기웅의라스트댄스,2024-07-12,1525
이시형,2024-06-25,53.33
웅띠,2022-06-09,513.33
봉사왕이동헌,2021-07-08,1397.5
랏딜브레이커,2023-12-22,1560
오든,2023-12-22,1576.67
F1C0AA,2023-04-30,460
연세하,2024-07-16,1585
너구링o,2020-09-13,915
의심하지말고날믿어보셈,2024-06-20,500
슉슈슉피슉,2023-07-09,1415
chuon,2022-01-26,1370
중성마녀바드,2023-08-30,1415
보이스카운터,2021-08-01,1415
돌팔아윳,2022-07-07,1460
양파달팽이,2022-08-22,177.5
밍망몽먕,2023-07-24,1437.5
자칸,2023-12-26,1546.67
뉅웱,2023-12-18,500
소울을먹겠습니다,2023-07-20,1490
오의시꾸나레모에모에뀽,2023-01-01,1490
권광빈,2020-09-09,1015
럭키패키지,2023-03-04,302
FlNG8R,2023-07-03,1415
퐁퐁하며우는그직업,2021-03-15,895
아루아샤,2021-08-03,1392.5
황작바,2023-12-20,1555
타카모리,2023-12-20,1580
마싰는마카롱,2024-02-03,1520
섬열팡팡,2022-04-29,1445
바이올렛엘라,2022-01-23,1369.17
신이커,2023-12-20,1531.67
Avaler,2023-07-31,1490
기맙소사,2023-08-02,1415
뚝베기헌터,2021-10-09,1370
침홀,2023-07-31,1415
슈퍼샤이,2023-07-23,1490
황제버린라를,2024-07-11,1520
냥냥보군,2022-02-07,1492.5
구민수2,2024-02-17,1591.67
소녀는달리다넘어졌다,2024-07-13,1526.67
황팸,2021-07-11,1415
감자볼냄새,2023-08-03,1460
얼굴만재김채원,2021-09-01,1302
Legends,2023-06-29,1437.5
봄이찌,2024-07-30,1600
카피슈어,2022-07-06,1475
은밀함,2021-08-10,482.5
치킨곰돌이,2024-01-07,635
나자둥,2023-12-23,1510
휘슬,2023-12-20,1568.33
세리에린,2022-07-06,1500
여우비가오나,2022-07-10,121.67
이노바드세요,2024-07-13,1573.33
샤앙,2023-07-20,1415
다먐미,2024-07-12,1546.67
도아가가또,2022-07-21,74.17
미쮸기상술사,2022-12-25,90
Mika,2021-12-25,1548.33
힐쟁이파코,2022-02-23,380
여영희,2024-07-12,1597.5
치맥조아,2024-08-28,1620
우엉당근고구마,2022-02-01,1445
리즈모도라도라,2023-01-04,1340
바드29세,2023-03-27,1460
세그루의나무,2021-03-07,329.17
에휴휴휴휴,2023-06-29,1445
라임향스무디,2023-09-11,1415
머신이터,2023-07-19,1490
심으소서,2021-08-14,1302
우산모코팡,2023-07-25,1415
히히낫베기,2023-08-07,1510
삼문동칼엘슬레이어김동수,2024-07-15,1550
주먹쥐고발사,2024-06-01,500
소서핫해영,2021-09-09,80.83
성능좋은용포바속,2022-06-04,1465
울우지,2020-12-09,915
낫들고김매기,2024-08-29,1640
퓨리윤,2023-01-18,1490
탐욕의별,2021-05-19,432.5
황병기,2023-08-27,1490
b산들d,2021-08-08,1302
든든실드,2024-07-27,1520
소울이터의도장깨기,2023-08-19,141.67
나도할께브레이커,2024-07-14,1600
배틀퐁,2024-06-22,1520
계란주는첫째딸,2024-08-18,1590.83
차관,2023-11-18,1415
존나강한워로드,2021-03-07,1330
체리카,2022-07-11,1445
버러지라네,2021-04-24,150.83
시리우스성서,2024-07-14,1600
케이븐,2024-01-03,1520
듀화기,2021-01-04,995
탄도학과22학번,2022-08-04,1383.33
바드하프뺏은도화가,2023-12-24,1510
블레스터인데용,2024-02-23,1520
갓소울푸딩,2024-07-14,1585
o빨강풍선o,2023-02-02,1395.83
뤼쎌,2024-06-29,1560
지금여긴비와이,2022-11-24,1400
부혼신,2023-01-22,1460
윤카짱,2022-12-07,1540
리어카때려부시는호소인,2023-12-20,1480
행복한윤자두,2021-08-20,88.33
얌얌팍,2021-08-26,260
점프하다쿵했져,2023-07-01,1490
카드깡체리,2023-12-25,1580
백빤챤,2023-12-20,1460
제주한라봉스파클링,2023-12-26,1460
철혈마존,2023-12-21,1583.33
PiscesSJ,2022-02-11,1427.5
딴점이없는데용,2024-07-11,1540
귀염커염,2022-01-27,1355
쪼윈,2022-07-30,1460
대마법사마조리카,2022-02-28,333.67
이더포스,2023-03-20,1370
조명기옥,2021-09-12,1302
구민둥,2022-07-11,140
육발애,2024-07-15,1600.83
여우앤시스,2022-07-07,1472.5
탕싹,2022-12-18,302
콩콩이먹물뿌리기,2022-07-20,1375.83
홀뤼쉣뜨,2021-07-09,1375
쿠키는억울해,2024-07-28,1613.33
서머앙디,2021-10-05,1370
밍구닉,2022-02-10,1302
키렬e,2022-06-11,55
반헬싱닉네임좀,2023-09-29,1437.5
박삼동츄르도둑,2023-09-24,1415
크랑슈,2024-07-12,1585
뺙쎔,2024-07-19,1540
용이깜짝놀라면,2024-07-20,1520
청포도싸움,2024-07-15,1560
수라퓨처,2024-05-01,500
함께만드는인천,2022-03-24,1370
Ewaclar,2020-08-22,987.5
주먹타격기술,2024-07-12,1588.33
달라란분수,2021-09-05,1340
지존최강비에고,2021-08-24,1302
어서가밤이깊었으니까,2022-04-12,1561.67
오줌존나난무,2022-12-21,1460
홀옹나,2021-08-15,1415
막내현주,2024-07-13,1561.67
v달야v,2022-12-10,79.17
아야하,2021-09-02,1415
상소할까서머너할까,2024-07-15,1521.67
중지권안구찌르기,2023-12-21,1541.67
포쏘농,2024-07-15,1600
도건시,2022-01-24,1490
Jwoo,2023-12-21,1518.33
사랑의초콜릿,2022-01-17,1415
김춘셜,2022-02-12,1392.5
컴팩토리스트,2021-04-24,1325
모용일화,2021-12-03,460
루얀데,2022-01-28,960
쪼렙브커,2024-07-13,1530
내면의건슬,2023-11-26,1550
낫든황새,2024-07-10,1595.83
민트우사밍,2022-01-30,106.67
금쪽이전문물리치료사1,2024-06-22,1520
Tonypriseter,2021-08-01,1420
도화치느,2022-01-13,1417.5
밥옹아,2023-12-24,1460
공대장해주세요,2023-12-22,1570
충동루끄,2023-09-14,1490
퍼리안리실,2022-05-03,600
kashiy,2022-12-11,1565
정의의주먹낭만의길,2023-12-23,1568.33
먀뉴라,2023-02-06,1381.67
치즈발린호랑이,2022-06-16,960
료닡,2022-07-21,164.17
무르킨,2023-07-19,1490
브브아브,2024-01-02,1582.5
도박판담당일찐흑녀,2022-12-22,1492.5
상병우산,2022-07-07,1460
권아무개,2023-12-24,1472.5
초승그믐,2023-12-20,1540
애니츠킥,2022-11-27,1340
홀홀홀웃어요,2021-08-20,1415
아티루,2021-03-07,1050
람다람,2023-12-26,1581.67
르니추,2022-07-14,1374.17
황후랏폿뗑컨,2023-06-27,302
작은친절에속지말자,2022-04-21,1302
펀치왕브레이커,2023-12-20,1560
전사팬티,2024-07-23,1585
화려한붓워크,2022-01-22,1460
보라색이지,2023-01-29,1475
쵹쵹잉,2020-08-23,400
나는도아가에오,2022-01-13,1325
곡성군카리나,2024-07-18,1600
낫종혁,2023-07-20,1503.33
쬬상,2023-12-20,1565
유산각,2023-12-20,1590
양나율,2021-12-23,1415
5분만이따핥게,2023-01-07,76.67
아포칼림스,2023-12-21,1460
나무나무나,2024-07-14,1605
야근확률70퍼센트,2024-08-02,1530
창쌀산,2024-08-29,1640
뚜또띠따,2021-07-27,1340
원소덴,2021-12-22,1455
위카엘,2021-12-15,1385
추락하는것엔날개가있다,2024-02-16,1460
자외선차단초경량우산,2024-07-15,1585
고뚱,2024-01-08,1540
허냄유,2024-06-18,500
그런데왜우느냐,2020-12-07,960
잽바드,2021-09-18,360
분노의망치오함마,2022-01-26,1457.5
럭키순희S2,2024-08-22,1613.33
대장군한짱구아빠,2021-03-18,955
클로뎃모렐,2023-12-20,1545
난민아님와첩임,2021-03-14,1340
버스트블레이드할게요,2024-07-13,1520
요고뚠뚠,2021-03-14,915
여자홀린나이트,2024-01-16,1520
낫삯,2023-07-19,1500
너네집어디냥,2023-06-01,1460
나연소울이터,2023-07-22,635
니카와폭주통,2023-12-21,1540
파티껴주세여,2021-05-02,1340
베이코넬,2023-07-21,1508.33
체리콕투샷추가,2023-12-20,1586.67
쿠루미우산,2023-09-08,1415
상도동핵주먹,2023-12-22,1531.67
오랑젯스쿼시,2023-12-20,1510
MinniA,2022-05-03,1556.67
호로요이후르츠맛,2024-07-12,1540
버킹엄,2024-01-06,1590.83
쬬레밍,2024-02-25,1460
검오널,2023-07-04,1472.5
악보로드,2021-07-08,1325
도아가는이런거몰라,2022-01-12,1477.5
짬뽕크림,2023-03-26,1302
가비해무,2023-07-25,1490
바비부브베부비부벱,2023-12-02,1275
체리향젤리,2021-07-09,1370
행운번호001,2023-12-14,1129.17
쿠르드,2024-03-08,1540
도리쓱싹,2024-07-10,1590
바드하프도둑도아가,2024-07-15,1585
섭섭한고기워로드,2022-07-04,321
시골쥐의여행,2023-09-23,1415
삐약삐약삐,2021-07-07,1325.83
따뜻한힐on,2021-12-23,1302
리에화,2021-03-25,1340
함사화,2024-07-18,1578.33
연거북이,2024-07-13,1585
재빠르구용,2023-07-20,1490
펭금엉금,2024-02-02,94.17
민초수호단장,2021-07-09,1430
나아루우,2021-01-30,915
뷰드득,2022-01-25,1370
한치치,2021-08-23,1415
그만큼변신이하고싶단거지,2021-03-27,93.33
보라카드만모아요,2024-05-16,1000.83
수려한붓칠,2022-12-22,1361.67
망주우,2023-12-21,1520
에포나다판다람쥐,2022-07-12,1462.5
임야영,2024-01-11,1540
서폿도아기,2024-03-19,1580
배템아끼면탈노,2023-12-20,1580
맘스땃쥐이,2022-07-08,1460
단아플,2020-08-23,1010
빗Sorry,2021-01-23,1325
우리아기도화가,2022-01-13,1462.5
히숑,2024-07-12,1528.33
징징홀,2022-07-28,70.83
석류팡팡,2023-01-18,1340
AIRCATS,2022-12-26,1475
푸른모란꽃,2024-07-15,1600.83
RIHOLY,2021-03-21,940
우산들고다니는응애도둑,2022-08-02,1500
킴팅이,2021-06-07,478.33
무력화시도s,2020-10-26,935
빛샘달장워록,2022-04-19,1370
소이테랑,2023-07-29,1415
김병수1,2021-07-09,61.67
술지니,2020-08-22,900
지금비가와요,2024-07-21,1585
204호아가씨,2021-12-25,206.67
헬융,2023-01-20,1340
갈릭크림치즈,2023-07-28,1531.67
프루지너,2023-01-23,1460
RiverzerO,2024-07-19,1599.17
슬땅따,2023-03-06,1343.33
빡사,2024-03-14,1460
뾰족삐죽,2024-08-07,1540
아이엠상술,2023-12-12,1460
마카롱케익한입,2023-10-11,1440
딱복뚱이,2022-07-19,135.83
금방오세요,2024-03-05,1465
비디치갤러리,2021-07-23,1370
알아줬으면,2022-02-04,80.83
IIDestroyer4,2021-09-01,302
통신시스템,2021-10-30,51.67
리퍼설팡,2024-07-12,1520
봉봉아리,2022-03-07,1415
덴스케,2023-12-27,226.67
화가엄마1,2022-07-08,1460
씽낭,2024-05-07,500
앤썸게이샤,2022-02-04,1302
흑풍이규,2024-08-29,1640
황혼자세,2022-03-20,1302
살아있는마네킹,2024-04-12,1340
도화오뎅,2022-01-22,1445
창고지기부엉,2023-12-24,1535
고오급휠체어,2024-07-14,1490
페이튼대스타,2023-07-20,1490
cho위시,2022-01-12,75.83
530딱총,2021-12-23,1330.83
질질공,2024-07-23,1585.83
안산빨간호두,2023-12-20,1521.67
뚜콰아앙,2024-01-04,1472.5
배럭구간랏폿난해결사,2023-12-25,1477.5
띠라아,2023-02-07,1340
하이팀대장,2021-01-28,945
리버스홍길동,2023-12-21,1460
상처주지마,2021-03-14,1326.67
계란우현,2022-11-10,406.67
치와와키우는홀리나이트,2021-10-27,1340
그레이아리안느,2022-11-17,540
하삼동카페모카,2022-12-24,1415
그저탱킹,2021-08-18,1346.67
바닐라맛믹스,2022-01-27,1460
부은혜,2024-07-12,1540
고기는애정이야,2023-04-17,600
촤촵촵촵촤곰팅이,2023-01-26,960
jDrescue,2021-03-26,133.33
박국직,2024-08-12,1610
도도백,2021-03-25,1325
스아발부캐2,2021-03-09,1340
빛의기사소울마스터,2023-07-21,1540
예두카나,2021-03-21,925
데슈,2022-12-26,220.83
비안오잖아기상청아,2022-11-25,1445
남들이,2024-07-14,1591.67
아이스베라,2020-11-29,151.67
도도하나나,2023-12-05,1460
수국발화,2022-07-06,1475
구워먹는초당옥수수,2022-10-06,302
뿡뿡신나,2024-07-15,1526.67
영혼꿀깍,2023-07-22,1415
수야롭,2021-02-02,1373.33
겨울사파,2021-08-12,1326.67
밤다향,2022-01-22,1340
블래포격C,2023-12-23,1521.67
나르가의영역,2024-08-29,1640
Lomunas13,2023-07-22,1415
네가선택한백스텝이다,2022-07-08,1340
여바링,2021-11-18,446.67
X키뺀년,2021-08-12,1358.33
그래호구마아,2023-10-30,1470
코요라드,2022-02-26,1310
냉팟,2023-09-22,1581.67
아가콩콩이타요,2023-02-13,1445
워로드허수아비,2021-08-05,1302
하시모토상,2023-02-19,600
바퀴보석이2개,2022-09-06,600
소서하려고만든소서,2022-02-15,1302
kai리퍼,2021-10-29,560
흑산도누렁이,2020-10-09,1360
풋풋한도아가,2024-01-16,1520
코딱지,2020-10-02,447
슉슈슈슉원투,2024-07-13,1600
지금딴년이랑있어,2024-07-24,1528.33
우주채강졸귀탱구리구얼이,2023-05-16,1415
모다모다피,2022-02-06,1460
이준산,2021-03-10,1341.67
리퍼링중,2024-07-12,1540
등꼴브,2023-12-21,500
도툐리총,2023-12-24,635
김힟나,2021-04-12,997.5
oqowie,2023-01-18,1399.17
씩씩한모코코,2024-02-05,1100
레이닐라,2023-08-19,1225
PockerFace,2024-06-25,500
아셰리네,2022-12-21,1462.5
눈건지,2022-02-04,1325
후시딘중독,2021-01-04,915.83
각성카자마진,2023-12-26,1528.33
커떼,2024-01-16,1460
쭈잉잉,2024-08-13,1540
진유화랑,2021-04-30,1335
스텝밟는초롱이,2024-07-10,1545
캡모코코,2024-01-14,1580
리퍼다용,2024-07-11,1563.33
아잠만명치맞음,2023-12-29,1580.83
브손,2023-12-27,1467.5
아웃파이터보다인파이터,2022-07-06,1370
킹갓기상술사,2022-07-18,94.17
빅멀,2021-08-15,95
도월연화,2024-01-29,51.67
샤디링,2021-04-24,61.67
가취있기룰,2022-12-22,1368.33
닛몰드론,2023-08-15,1415
이노사리스II,2024-07-13,1585.83
주먹왕재윤,2023-11-18,1485
바두두두득,2023-12-12,1415
희야고,2021-07-10,380
밥통런처,2022-06-19,1531.67
송난나,2023-11-08,1482.5
아리쥬앙,2023-02-13,1340
신성한신성검쓴신성한인간,2023-12-30,1540
RS콩,2024-07-14,1560
기본유저스카,2021-08-30,1302
절제하는융규,2021-09-03,516.67
피스타치오예끌레어,2023-12-25,1546.67
하프로얍얍,2021-07-22,101.67
파전도토리묵동동주한그릇,2021-05-04,1380
블레찬빡,2021-05-02,925
zIxSnTgP,2024-07-11,1520
볼냠,2022-12-22,1490
성속성언데드,2021-01-21,1396.67
격발식,2021-12-24,1302
린모아,2021-12-15,993.33
아직한잔밖에안했어허헣,2022-12-30,1460
임금인상,2024-07-31,1560
매꾼열매,2020-10-10,325
아델라건슬링어,2024-08-27,1600
초심거북이,2022-01-21,1370
차징실패,2021-08-12,1302
쉣나,2021-08-26,1302
리잎스,2022-02-16,127.5
라인소프,2023-07-21,1500
우다다륑,2024-06-13,500
루키네제초병,2023-07-20,1490
9시뉴스기상특보,2022-07-19,1427.5
복래동생,2024-08-02,1620
Ark1004,2020-11-01,1325
먹구나랑살구,2023-06-28,1465
선주뗑,2024-07-10,1550
기애앵,2021-03-27,850
러브지야,2023-06-28,1340
티노리브,2024-07-19,1520
순살거너,2023-01-09,1340
리오르붓쟁이,2022-02-18,1435
민기상술사,2022-07-06,1467.5
밤하늘아래거두다,2023-07-19,1508.33
유림음악,2022-07-07,1430
절스파이라이,2024-07-21,1600
박한용,2024-08-13,1600
우찌농,2022-12-26,1490
다크초콜릿오빠,2024-03-30,500
프리드리히알프레드서머셋,2023-12-23,1516.67
양봉주먹2,2024-05-21,805
와사비사랑개,2023-10-13,1415
황야의렁준,2021-01-30,915
폭행범이,2024-07-09,500
바칠루야,2024-01-19,1340
기공해연,2021-07-18,1325
뿌그리라면,2021-08-29,354.33
예나펑,2022-12-28,1462.5
막스맨,2023-09-02,1523.33
낡은고리,2023-07-28,1415
하루는도화가,2022-01-30,1445
해슈슈,2023-06-28,1415
무서운유령,2021-07-15,460
청수은,2021-11-12,1325
오빠됐어나집에갈래,2024-07-13,1600
먹물세례콩콩콩,2024-07-11,1575
졸라떙겨,2024-07-11,1520
엘루오네,2023-03-08,1340
루시페리안,2023-03-19,1490
꾸꾸이니,2023-07-20,1490
목마른디블,2024-07-13,1590
스리라레,2024-08-13,1600
다라고,2024-07-27,1593.33
우리같이뭐할까,2024-02-06,1540
네이드로,2022-01-21,1430
소요산지박령,2024-06-25,500
투퍙,2022-07-18,1465
한번도아가,2023-07-10,1295
밀어서잠금,2020-10-07,1341.67
핵꿀잼롤,2021-07-08,1329.17
썸머느,2022-01-31,1325
힝기옥,2021-09-28,1415
뚫어주까,2022-01-11,141.67
ArataS2Arina,2022-12-26,1472.5
달꽃쏭,2023-07-19,1500
집구석춉춉이,2024-07-14,1593.33
라하르트의꿈,2023-12-21,1580
05년생유빈이,2024-07-11,1528.33
사나이김초롱,2023-12-22,1525
현이엥,2022-08-15,96.67
태양충격,2023-12-10,500
누리굥,2024-07-13,1540
곽왕출현,2022-12-24,1445
빵뎅이에버스트,2024-07-17,1585.83
불타도,2022-02-05,1302
전자태그t,2020-09-03,1314.17
스찌왕김바드,2021-12-23,1417.5
대원고아원1짱,2024-07-11,1610.83
건슬재미서보여서,2024-07-13,1585
아쟤,2023-12-25,1535
소립자,2023-12-20,1100
l이노스l,2021-09-17,600
Aogg,2023-09-23,1523.33
Xystem,2021-03-21,1325
꾸리니,2020-08-23,900
밤자봄,2022-01-12,1460
아래로동동,2021-01-06,1340
거대바우,2021-07-01,1340
구천구백원짜리,2022-07-17,259.17
쩰리잉,2023-08-31,1580
썬크림을너무많이발랐다,2021-11-23,51.67
도톰한붓,2022-05-10,1500.83
범호룡,2021-04-04,1350
친구도화가나요,2024-07-12,1565
짱짱짱456,2021-12-23,1302
아가키누,2024-01-02,150
곰탕된푸우br,2023-12-23,1460
하양뻥이,2021-08-12,190.83
유니콘퀸,2023-10-05,1545
미니메이별,2024-07-21,1602.5
ICPO,2024-02-20,1538.33
에휴내인생,2022-06-16,95.83
배마가된엘프여사령관의딸,2024-07-23,1585
펭이커,2023-12-20,1540
봄이는질풍노도시기,2024-02-20,83.33
완송,2021-09-17,1385
리액트마스터,2024-07-13,1530
zx초보버서커xz,2020-09-24,915
대너워로드,2021-07-09,1460
마카오할머니,2023-03-07,177.5
악어쥬뜨,2023-09-08,1415
나수펀치,2024-07-12,1593.33
노란색번호판,2021-03-18,1344.17
디트는안죽어,2021-07-29,1415
입술도둑l,2022-12-26,1460
블래스터lll,2024-07-10,500
알로에버블티,2024-01-06,225.83
민속촌성경도둑,2023-07-18,500
율냐냠,2022-12-22,1490
시금치냉면,2023-12-22,1580
검정이리나,2021-07-11,1416.67
김승기씨,2024-01-09,1485
새샘새나루,2023-11-26,1457.5
아가쌀고래,2022-07-06,1460
쪼체,2022-01-12,1455
그로데,2024-08-29,1640
라너렛,2022-07-09,1415
ASylph,2022-12-22,60.83
바밤바맛고구마,2023-12-21,1525
웨더아이탱,2022-07-10,1445
성급회복약,2024-08-29,1640
주먹쓰는냥집사,2024-07-13,1560
내맘대로데카를플렉스해,2021-04-18,1381.67
미겜사냥꾼,2023-12-24,1490
카레곰리즈,2024-07-14,1595
다른지역주먹,2023-11-30,500
이세카이환생,2024-02-27,1580
쭈이블,2023-07-19,1490
오니에몽,2022-04-19,1370
미호마브,2022-04-22,1415
레이디퀼렌,2024-02-19,1460
홀나는솔로,2022-11-16,1477.5
무적파죽,2023-12-23,1580
랄쮜롤,2020-08-23,930
그유린,2022-01-22,1465
화루피,2023-12-21,1510
카단사생팬,2022-12-23,1340
고도쓰,2020-08-23,945
리브타일러,2024-07-13,215
밍치맨,2021-08-12,1440
뚝몰루,2024-01-02,1560
한쁘미,2024-07-27,1560
붓으로퍽퍽,2022-12-23,1413.33
코드네임II,2024-07-28,1585
심술미묘삼색이,2022-01-14,1331.67
홍한슬,2023-11-14,232.5
영혼없는대학생,2024-03-26,1340
이불속딩글,2022-01-12,1302
발톱세운성냥,2023-07-24,1509.17
님도화가많아,2022-01-15,1302
먹고싶을듯,2023-06-05,500
여우가방,2024-07-11,1592.5
클린웜코튼,2024-07-14,1563.33
후루루누,2023-01-22,1475
레보스키,2024-07-17,1543.33
무자브,2023-07-19,1501.67
이볼브드홀리나이트,2021-08-12,1355
센치한사과처녀,2022-02-09,980
최전방수비수호날두,2022-12-21,1465
드두릭,2022-09-23,1445
헨디크,2021-07-09,1302
까악삐약,2020-10-23,952.5
휘파람화가,2022-02-04,1462.5
키동동,2021-04-04,900
고래가넘어지면,2024-07-30,1570
붓으로머리톡,2022-01-12,1475
지빈이커,2023-12-21,1515
단검순보,2024-07-01,52.5
20231218생성,2023-12-31,1535
신기루냥,2022-01-21,1445
요즘은제로세상,2024-07-13,1550
부장님항문에레이지스피어,2024-02-09,1100
혹한서검,2023-11-09,53.33
박집행,2023-10-16,1490
라르랴,2020-08-23,977.5
야화바라기,2023-01-19,1370
무도가개구리,2023-12-25,1460
므진차레프트,2021-11-09,302
폭주하는대검남,2024-08-05,1593.33
먕먕이남동생,2023-12-25,1460
암흑의아담,2021-09-22,1415
아이슬란드북극여우,2023-07-30,1506.67
매콤한우산맛,2022-12-26,1340
JuDaYeong,2024-01-16,1582.5
휘리릭탕탕빵,2023-07-15,1480
아무것도안한다는마음가짐,2023-07-22,1465
똠얌꿍브커장인,2023-12-22,1510
나눙소서가종말종말좋아용,2024-07-15,1600.83
콩이예요,2023-12-21,1546.67
사령의슈슈,2023-12-01,1573.33
예리한참새,2022-12-29,63.33
육군조리,2021-09-09,1370
잼니바보,2024-07-15,1520
맛가이터,2023-07-19,1500
만취된홍구,2020-08-23,900
최소샤람아님,2021-07-09,1415
핑쿠째리펀치,2024-07-15,1551.67
소울잇탕,2023-07-23,1490
인생은지겨워사는건끔찍해,2024-08-29,1640
브레쿵2,2024-02-26,1545
무사시장하기,2024-02-05,145
피나물래,2021-10-19,1310
눈보다하얗게,2024-07-12,1587.5
초싐배마,2022-05-15,302
워뜨시,2021-01-21,1325.83
듬직한도토리,2022-12-22,1493.33
코르리스,2021-08-13,1302
빌리아넬,2023-08-02,500
유수필,2022-12-15,302
화자김민석,2023-07-22,1415
블레이드너무이뻐,2020-08-22,939.17
정월대보름만월,2024-06-26,1520
준디붕쓰,2023-01-18,1340
휴코코,2024-07-10,1600
갈망해라,2023-01-21,1340
요즘정말햄들어요,2024-07-11,1600
콘제이,2022-12-23,1460
힝흑,2024-07-15,1590.83
커서예대갈래요,2023-01-23,91.67
오늘은금금금요일,2022-08-21,1315
호감기믹뇌호격,2023-03-07,1340.83
돌지마라,2022-01-09,177.5
카라파라,2020-08-22,1328.33
남캐안함17,2023-07-19,1477.5
신사지,2022-07-06,1480
윤슬제비,2022-07-06,1477.5
왕망치동생,2024-07-18,1585
닉네임어카냐,2023-07-22,1509.17
I석류I,2023-12-22,1573.33
캐리트,2023-07-20,1490
하이드퐁,2022-01-08,1302
힝퉥퉥,2023-01-22,1496.67
근처에있으면따뜻해요,2021-12-23,1302
팻자,2024-07-13,1600
아가곰달이,2021-09-09,158.33
크오아앙,2021-05-04,1330
효니펀치,2023-12-22,1545
비열,2023-06-06,1589.17
붕어빵안에체리,2023-07-21,1490
약초넣은화톳불,2021-08-09,71.67
박민쟤,2021-09-17,1387.5
뽕설이,2021-01-04,960
아내수연,2024-07-16,1585
곰자리,2023-12-20,1460
써브웨이양상추도둑,2024-07-26,1520
수제버기,2024-01-04,1460
수라백,2023-12-22,1580
단정홍백,2023-07-21,1490
EternityWon,2023-12-22,70.83
자애로운순간,2022-01-13,1302
미띠광일,2024-03-21,1520
기본기만하는사람,2023-12-21,1520
노두민,2022-12-30,1370
sante18,2020-10-03,1332.5
블루베리는영어로블루베리,2024-08-03,1591.67
데런히주,2023-01-20,1340
혁이블래,2024-07-18,1585
라위이이인,2022-01-13,1370
형광민트초코,2023-03-15,1580
의사는칼을들어,2021-09-13,1415
자몽혜서,2023-10-31,1500
호우붕어싸만코,2022-07-07,1472.5
백요와,2024-07-16,1340
우거진숲,2024-08-28,1600
쑝가이,2021-10-01,1340
용가리학살자,2021-06-19,534.17
메로지누바,2023-12-27,83.33
주화연,2022-02-25,1480
방패들고딱딱,2021-07-30,1394.17
간호사관생,2022-09-27,1516.67
침챡몐,2024-07-09,500
짱구리스,2021-09-06,1302
무민창술,2024-07-14,1520
응애나애기보호막,2021-08-08,1392.5
무민모드,2023-12-28,1540
하이식,2023-12-20,1546.67
핑찍으면찌름,2021-09-10,1361.67
소울이더럽,2023-07-21,1508.33
창빔,2020-10-11,915
밥묵자배고프다,2021-12-08,142.5
라펠서폿,2024-03-17,1520
에르핀,2022-12-21,1340
이번주부터장마시작,2024-07-14,1521.67
Blitzcrank42,2024-07-11,1520
아윽진짜,2024-07-31,1601.67
까치화방,2023-04-29,302
NEXON슬레이어난민,2023-09-28,1545
LMeDICJ,2023-12-25,1560
느린승민,2021-09-27,1417.5
마따따비사탕,2023-12-29,1510
극의호랑,2022-01-29,1302
점화소서on,2024-07-11,1586.67
LucyNella,2020-11-07,927.5
레몬파프리카,2022-01-23,1445
신철봉,2022-09-26,1375.83
나름브커1,2024-08-08,1560
금제비,2023-08-20,1477.5
와일드하츠,2023-02-24,1445
임자얀,2023-07-22,1415
거짓의검은양,2022-12-31,1460
이걸이제야하다니,2022-06-08,960
론리체,2022-01-30,1357.5
환상적인하루,2024-07-17,1560
30세무직박춘봉,2021-03-21,925
물리학하프교수,2023-01-21,1340
믬씨,2024-04-23,1460
복숭아는물복숭아아,2022-10-30,75
김치확,2024-08-29,1640
부여오함마,2023-12-21,1533.33
용용나라리퍼,2021-01-30,900
아이리네1,2021-06-15,1325
몽재섭,2021-12-22,1445
화염의아레스,2023-12-11,1415
죽이고싶은드론쟁이,2024-07-17,1591.67
나의주먹은하늘을뚫을주먹,2024-02-06,500
핫멍,2023-12-22,1565
초록색크림빵,2021-09-10,1302
물량꽁처,2024-07-10,1595
루풍당당,2024-07-10,1540
씸흥도,2023-06-28,1430
어흥격,2021-12-26,1370
싱긋웃는포로,2024-07-06,500
문아롬,2022-07-18,1385.83
호크종헌,2024-07-13,1594.17
자세히보니더예뻐,2023-01-15,150
양키복서스티브,2023-12-22,1520
끌끌한라드,2021-07-21,915
리퍼엘리,2024-06-30,1278.33
도혜련,2022-01-22,1540
깡은새우깡,2020-10-24,915
콩쏘린,2021-12-30,1302
멍꿀바아드,2023-07-01,1508.33
빽다방백주부,2021-07-09,1370
킴테커,2023-12-20,1571.67
납작만두의풍만한만두피,2023-12-21,89.17
폭군나뭉,2022-03-21,600
뮝홀나,2022-02-11,1432.5
만월갤러리,2024-07-19,1540
나는블레이드검이세개지요,2024-06-04,51.67
음유시인쿄후,2022-01-22,1302
홀닥불고기,2022-07-07,1475
so앉아리스,2022-12-18,74.17
경찰아저씨이쪽이에요,2022-01-31,1450
자체광화,2023-12-21,1510
오느른맑음,2022-01-15,1420
아가배틀,2021-03-21,1340
누가봐도평범한닉네임,2024-07-12,1590.83
왔더,2024-01-14,1520
납작한구름빵,2022-07-07,1472.5
유효원,2024-06-02,500
순정멜로,2023-12-21,1561.67
땁블레이드,2023-07-20,1415
은옥리,2023-11-03,1445
제주도바나나맛맛,2022-07-17,55
스트라이컬,2021-03-17,1379.17
망뢰,2021-03-10,1354.17
ration서머너,2022-07-13,1472.5
동탄쌍둥이싱글맘,2023-12-21,1571.67
포르헤이,2021-08-12,1302
빨간머리아르카나,2021-04-14,370
부산해운대파라솔도둑,2022-07-08,1460
형베드로,2024-07-12,1541.67
홀리싯치즈크러스트,2021-11-27,79.17
반대의반대의반대의반대,2024-04-10,500
하개하개,2024-07-14,1585.83
소울샤낼,2024-07-14,1520
별챈니,2023-04-18,1610
DeadCide,2023-07-22,1500
머리치는놈,2023-12-20,1580
야성의지사명,2023-07-28,1415
가집행,2024-07-24,1533.33
반짝이를품은아가새,2021-07-12,1385
사멸은블레이드지,2022-02-26,99.33
라락준,2022-12-26,1340
렐루샤,2023-05-03,1396.67
또리캐스터,2023-09-07,500
체리잉,2023-12-20,1460
김또아,2024-07-20,1520
남심을노리는큐피트의총알,2022-12-27,151.83
별빛탐구생활,2024-01-08,635
두꺼운다시마,2024-07-12,1604.17
hooni,2023-12-23,1460
견지온,2021-03-06,61.67
카마인숑키,2024-01-17,1100
먼져퇴근할게요,2023-07-02,1470
여호크나올때까지숨참음,2021-04-05,915
햄낑,2022-01-23,1480
말랑멜렁뚠때니펭귄,2021-10-28,302
고급바세린,2024-07-28,1545
oO도토리Oo,2022-01-23,1383.33
제가바드린거에요,2023-01-01,1560
눈물도미소도거짓도진실도,2024-07-11,1523.33
사장은바빵,2022-11-10,1571.67
페이나인,2021-07-05,370
ObaII,2021-08-12,1302
옴쿠란보,2021-01-30,980
쵸코볼탱,2023-07-20,1490
슬의생남친,2022-11-20,1585.83
타짜고늬,2022-06-01,1370
레오베리,2022-06-18,600
행복이아가,2023-08-31,1415
하이니아트,2023-10-10,1490
불편한관계,2024-07-10,1528.33
소울배럭2,2023-09-14,1460
인저리,2024-07-14,1603.33
김펭규학살자,2021-07-08,1302
돌아온호크에오,2023-04-20,302
아오화랑시치,2024-07-28,1561.67
블레핑크,2024-05-29,500
화정달암쥐,2021-03-25,1349.17
냥금,2024-07-14,1521.67
다운스트로크,2022-01-24,1415
준형이의금손호소인,2023-12-24,1548.33
무한큥,2022-07-12,190.83
무릉도원이냐구여,2024-01-24,1533.33
퍼펙뚜스윙,2024-07-13,1560
우리누나예쁘지,2023-01-05,600
재로나이트,2024-08-29,1640
달콤한꽃잎퐁당이,2022-07-06,1340
밑장빼는나그네,2022-12-22,1475
억모닉못하는게뭐야,2024-07-11,1550
찰진따귀맛좀볼래,2021-09-19,1370
긱스와세제,2022-07-10,1472.5
희영부인,2021-07-22,226.67
군대보단바드가낫지,2024-08-29,1640
헤드어텍기능장o필기만점,2022-07-07,1407.5
귀여운척하지말라고,2022-07-16,1302
방구니기상,2023-10-15,1520
슬레콩메,2024-01-15,1510
뻘건하프,2021-03-21,1368.33
망고빙수치즈마요,2024-06-10,72.5
Glauke,2023-07-03,1487.5
인중에가스라이팅,2023-12-21,1580
사골조랭이떡만둣국,2024-07-14,1560
로코규,2023-01-20,1392.5
게세기,2024-04-08,1600
버거디트,2022-11-19,91.67
낫낫낫낫,2023-12-21,1543.33
세나지,2021-07-07,55
포니테일금발벽안의이춘택,2023-10-20,1485
꺾이지않는초심,2022-11-21,960
오온개공,2023-12-22,1535
믹서기우양산,2024-06-17,738.33
포치아가,2022-07-09,1460
배빵가이,2024-07-17,1540
등짝호랑이창법,2023-01-22,1460
산타성기사,2021-01-29,400
맘에들면나중에바꿔줘야지,2023-01-20,1345.83
Loben,2022-11-05,583.33
어니언쿠키,2023-12-25,1540
Argobreaker,2024-02-28,55.83
흰색집토끼,2023-09-09,1553.33
포탈타면낙사,2022-01-30,1325
아트홀나,2021-06-02,1329.17
겨울이울보,2023-11-04,1415
빵의소리,2022-07-14,1457.5
하늘은만물을움직여요,2022-07-20,1410
슬전생,2024-06-08,1482.5
조국수호펀치,2023-12-20,1526.67
시라유키해둥,2023-10-15,1415
아가의날씨,2022-07-06,1490
씌쁘트키안빠쪄요,2021-04-05,900
성욕은죄인가축복인가,2021-01-16,1325
양다채,2023-01-19,1437.5
선주태훈,2024-05-10,1600
마뱀마뱀이,2021-07-29,966.67
광마극멸제존,2024-07-25,1585
우산한번까봐,2024-02-04,1543.33
조나의일벌21호,2022-07-07,1472.5
tamagoyakki,2023-06-29,1465
따뜻한아이스초코민트라떼,2023-07-01,1415
시컴한놈,2024-08-09,1585.83
경현팽,2021-06-21,1325
무하마드빈즈,2023-12-23,1530
뒤쪽을봐임마,2021-01-08,1345.83
월만즉휴,2022-07-20,163.33
앙칼냥,2022-12-23,1470
LaniStella,2024-08-29,1640
창슈와,2021-07-08,1350
푸현대포,2024-07-01,1100
인코스딱밤,2023-12-20,1540
창찹찹,2022-01-26,1415
예리한농기구,2023-07-22,1490
숙련팟에서억까라고했나요,2023-11-02,1590.83
버프떼깅,2021-03-27,61.67
로생마지막바드,2023-09-12,1505
만지고싶은마음,2023-12-30,1521.67
기출변형mk4,2022-12-22,1490
레이저빔임,2023-03-17,1415
기성스카,2024-07-21,1528.33
현펀맨님,2024-04-17,1603.33
숙호랭,2024-08-29,1640
우주최강명이나물,2024-08-20,1600.83
브레희꺼,2023-12-20,1460
탱킹전사랄부탱탱킹,2024-01-04,1520
가족사진나오게해주세요,2024-07-15,1585
루미나리터,2023-08-05,1460
데가베아,2022-03-04,460
꼬양잉포도잼,2022-01-27,140
LYS데플,2021-03-06,1374.17
서윤츄,2023-09-16,1550
투탕병팔이,2023-01-22,1415
모든레이드공대장가능,2024-08-29,1640
원하쥬,2022-07-15,1496.67
잘튀는닉,2024-07-12,1598.33
짜장봉,2023-06-02,1551.67
사신영혼주머니,2024-07-11,1585
대체무슨말이하고싶은거야,2023-11-30,1523.33
우왈가,2024-05-04,965.83
동키홀나,2024-07-12,1520
귓볼브레이커,2023-12-23,1533.33
짭짤한소금캔디,2022-02-14,1360.83
흰톨,2023-07-20,1490
로스크라,2023-12-23,1508.33
바뉠라라떼,2022-01-13,302
gamburst,2022-07-19,1460
태풍피해없어요,2023-08-17,1490
너희는첫판부터장난질이냐,2024-07-23,500
납득이간다,2023-12-23,1465
새녘소리,2023-09-02,1477.5
ScytheDDoo,2024-07-12,1520
은야인야,2022-09-05,1310
실버왕pro,2020-10-29,915
로스트와,2020-08-23,922.5
고기엉,2023-12-22,1525
아디다쓰리퍼,2021-03-28,1370
팟슷탓,2023-07-03,1415
성스러운회사생활,2023-07-20,1523.33
바도돌,2024-08-29,1640
철파,2024-07-29,1600
넬라조절장인,2021-05-09,1342.5
언제나자비롭게,2023-07-01,1470
코살,2023-12-24,1520
이슬비잇,2024-07-13,1590
땅라멜,2023-07-31,95
쩡녕이,2021-01-20,975
절구없는딜서폿,2021-07-09,130
김치힐,2021-09-07,1490
여기에바드있어요,2023-12-26,1510
득득득,2024-01-30,1273.33
슈츠나인,2021-05-24,110
KoreaNoob,2020-08-22,915
선천적슬레이어들,2023-01-21,1460
단검을흔들어주세요,2024-07-31,1576.67
행복한햄찌,2024-07-14,1560
랏폿의민족,2024-05-21,500
등식아가,2022-03-15,1415
뚱사신,2023-07-23,1485
령뿐,2024-07-13,1540
풀캠에풀풀풀캠,2022-02-04,1370
털없는용수망치,2023-07-24,1415
Bangpaee,2024-04-09,1580
놀한,2022-12-18,1415
티튀,2022-04-18,960
성편,2021-08-12,1462.5
쿵푸파이터,2023-12-22,1543.33
낭만바드다,2021-01-28,1340
냉모밀사냥,2021-05-24,1340
낮에는아이유밤에는비비,2024-07-19,1555
오므라이스맛나,2023-07-25,1500
멜항,2021-03-26,1356.67
미이라,2024-07-18,1600.83
wndqhrzo,2024-07-19,1590
용바주는모나,2023-12-25,1546.67
팡팡때릴게,2023-12-06,1275
풍구건슬,2021-09-02,162.5
JJJJTP,2023-12-20,1543.33
고신대님제발일시켜주세요,2024-07-10,1591.67
동물탈워로드,2024-07-12,1541.67
프네스,2021-08-20,1302
우왕냥,2023-01-24,1340
깜궁잉,2022-11-24,56.67
유시낫,2023-12-21,1585.83
흠냐릥3,2024-07-15,1520
서폿처음해요,2021-08-12,1302
예시냥,2022-07-11,1553.33
유구룸,2024-01-22,155
남캐삭제좀,2024-07-14,1587.5
까리한소망,2023-12-23,1583.33
헬스장바지도둑,2024-07-23,1585
부케리퍼입니다,2020-10-26,1340
코큰코,2022-07-18,1460
기쿠히메,2024-07-29,1586.67
버프걸훈,2024-08-29,1640
홀나버블,2021-06-08,370
진홍무채색,2023-08-16,1565
슈워,2024-07-14,1558.33
디트체험판,2023-10-27,1490
펩시랑민초,2021-08-27,1372.5
끼초초쵸,2022-01-21,1355
황후꽃름이,2022-08-21,1370
헤비디센세,2022-05-22,145
햄안넣은부대찌개,2021-10-06,1415
woosagi121,2024-01-16,1558.33
설린팡,2023-11-16,105.83
최백준,2023-02-13,53.33
열명을움켜쥔자,2023-12-20,1535
한유철,2021-08-14,1302
오늘의호크,2023-04-08,1392.5
미소모미,2024-07-11,1540
한달바드,2021-08-03,1430
고스트프린세스페로나쨩,2023-07-01,1417.5
o미즈o,2021-07-10,61.67
녕듀,2022-02-04,1335
SD두샨,2024-07-13,1520
호크인건가호크인건가요,2023-02-13,1460
새벽의마수,2021-01-21,1340
바드루삥뽕,2021-04-24,1040
옹꿀꿀,2021-03-21,915
하러닌,2021-03-14,1341.67
한국공학대학,2022-07-14,1467.5
영원은나의생순간은나의힘,2023-12-27,1510
사신화빵돌이,2024-07-15,1600.83
스커히,2021-05-02,1330.83
소주한잔해야지,2023-12-25,1585.83
정마담그패봐봐혹시장이야,2020-08-22,1041.67
3버블용밍,2022-05-01,1415
떼마시레몬,2024-07-21,1600
창룡바하무트,2024-07-14,1591.67
달향바,2022-07-18,1340
근혜법사,2021-12-23,1415
할렐루야보스,2024-06-27,1560
하이퍼워로드,2023-12-22,1580
기상을다루는절대적존재,2024-07-20,1585.83
희어로,2024-08-02,1610
시조참치,2024-02-16,172.5
PRED448,2023-02-01,1340
대한민국사나이,2024-07-14,1543.33
관전하는힐러,2021-09-09,600
맞추는놈,2023-11-01,1563.33
아리아나그란데사이즈주세,2022-12-22,1340
나롱이,2021-08-12,1460
요크공조,2020-12-20,975
이랑실,2024-07-30,1546.67
허예은,2024-07-11,1540
신드바드의보험,2021-07-12,1400
모닥도령,2023-06-29,1462.5
현을뜯는용맹한힐러,2021-11-24,1467.5
앵그리체어,2022-12-22,1340
냥땡이,2021-03-26,1035
뚠띠띠띠,2021-12-24,1302
용뚜띠,2024-07-10,1545
Shiftx,2021-03-27,606.17
8429,2022-06-28,1090
메가데몬,2023-12-05,1415
철이와메텔,2023-03-03,1460
남권왕,2023-12-21,1543.33
민트초코맛하와이안,2021-04-05,915
물방구맨,2024-07-16,1578.33
마기퍼,2024-07-14,1520
mp49,2021-02-20,1325.83
바람의해적왕,2023-06-30,1493.33
꽝뀡꽁,2024-04-28,1591.67
남세아,2024-07-15,1600
마딘이o,2023-01-26,1460
예쁜사람,2021-08-18,1460
진라야,2023-11-12,1425
기상이기상기썻어요,2024-03-07,1525
굴러서두두두,2024-07-13,1585
종말의예언자장승수,2024-07-13,1600
델릿,2023-12-30,1445
탕탕탕빵탕탕탕데끼얏호우,2023-07-02,1490
민시로,2024-07-20,1525
아가풍경,2022-02-01,1445
버서커보다좋겠지,2023-01-19,1467.5
손도장,2021-03-29,215
용차리퍼,2022-12-27,63.33
황제맛단백질,2024-05-27,1520
브펀,2024-01-11,1460
마를덴,2024-06-04,500
녹숭아복차,2022-12-30,1555
힐링푸션,2021-07-05,61.67
극딜만힐줌,2020-11-21,915
모코콩뭉치,2022-12-22,1460
사쿠야히메,2022-08-30,1585
Deca0,2023-08-17,101.67
아사히노,2024-07-16,1578.33
바낙국드,2024-08-13,1555
스피드펀치,2023-12-24,1558.33
하루1프로,2024-02-18,1340
H컵누나,2023-01-19,1470
언젠가의너처럼,2023-12-24,1540
중국노예2,2022-07-23,1475
피에스브이엠,2022-07-09,1465
은신인데이게맞네,2020-10-08,915
심연의천명,2023-12-24,210
경기도민의슬픔,2022-07-10,1345
Iverfin,2023-07-21,1490
박완규가부릅니다홀리나잇,2024-01-07,1540
프프푸,2021-08-20,1415
황금비현,2024-07-15,1600
즈수리,2023-01-20,1460
서숲,2024-07-19,1602.5
응같이한다,2024-07-20,1540
올챙이먹방,2023-07-25,1490
묘호량,2023-12-23,1563.33
스카삼치2,2024-08-29,1640
유람꾼,2024-05-01,1352.5
도화가는넘나귀여운아가야,2024-08-29,1640
흐긔리퍼,2022-02-27,1302
탱글강결,2022-01-21,1502.5
버프받은리퍼누가막을건데,2023-01-16,1475
벚꽃은예쁘다,2024-07-14,1599.17
노힐구슬,2022-03-20,1302
기코리타,2021-12-18,60.83
인파히키,2024-01-29,1520
노쇼절구,2023-11-04,1600
응애나애기하프임,2023-12-27,1460
카카로보트,2024-07-16,1601.67
우주욤,2021-03-21,1338.33
핫병탁,2024-06-13,1560
암례,2024-08-29,1640
은나옹,2022-12-29,1415
까달서커,2021-12-23,1370
주루욱,2022-07-19,1500
27세이승윤,2022-03-07,1415
이이이잉잉터,2023-07-21,1498.33
뿌셔뿌셔맨,2024-07-12,1528.33
서기범7,2024-03-02,1520
사심수,2021-10-02,1417.5
폴리엡,2024-07-11,1592.5
스커연,2021-04-12,915
여응도,2021-08-14,1334.17
불테라,2023-01-19,169.17
히야M,2024-07-11,1520
라피스델,2021-08-12,1409.17
이엑스Il,2022-01-30,1325
뀨카츠집부수기,2023-10-14,122.5
Ethicality,2022-01-29,960
97세김광만혼신의로우킥,2023-03-16,1496.67
syrtos,2023-01-23,50.83
백딜하는헤드딜러,2023-06-10,1495
나의소울Eater,2023-12-20,1460
앞점프가하고싶은모코코,2021-03-26,109.17
서늘한화살,2021-09-06,500
오이왕자,2022-01-31,1445
네임듀,2024-07-18,1612.5
백스탭연습중인수습창기사,2022-01-24,255.83
보라앵무새,2022-02-15,1415
AWKZ,2023-07-19,1508.33
샤인머스켓너구리,2022-04-01,1445
쯔겸,2022-01-27,1370
낫동이,2023-07-21,1415
사쿠라명인,2022-07-18,1445
혜지만,2022-01-21,1302
허벌냉면Mk2,2021-11-30,1415
밍따밍따,2021-08-21,1302
어전의칼팝니다,2023-07-01,1490
누누펀치,2024-07-22,1595
마이프레셔오레하,2023-01-24,1370
너무나심심,2023-02-15,1340
우산줘도안가,2022-07-06,89.17
성당가고일,2022-08-09,1380
레모오온,2024-07-14,1600
이이임,2024-07-13,1600
녜웽,2022-12-27,153.33
fd32,2023-07-27,1475
포식짱똘,2023-12-22,1585.83
나건들면수갑참,2024-07-13,1558.33
부산누누,2021-08-26,1437.5
치킨좋아하는버서커,2022-02-27,1432.5
젖껄리나,2023-12-26,1510
장애호구,2024-07-10,1520
용코우도아가,2022-12-21,1445
검캄,2024-08-29,1640
콩콩무지개,2023-07-01,1415
냥냥뻔찌,2024-07-16,1540
이기적인서포터,2023-02-06,1374.17
응애아기슈,2022-01-13,1370
별의세레나데,2021-05-28,1465
보기보다열심히하고있어요,2023-06-30,1465
피에로즈,2021-01-28,915
델타왜가리,2021-06-06,526.67
사막여우도아가,2022-07-16,110.83
0에드먼드0,2022-03-04,1445
민재둥이,2020-08-23,975
띵총,2024-07-09,500
챠스르,2023-07-03,1415
봄이는못말려,2022-07-18,1415
뉴쉡은그림그려,2022-01-21,1385
진가울,2023-01-22,1349.17
참돌대왕,2024-01-06,1455
모버검,2023-12-21,1589.17
AIM슬레이어,2023-10-10,1482.5
루단아,2023-12-23,1516.67
교수님의책상을부순권민재,2023-12-21,1555
동승이이,2023-11-12,1490
서민교,2023-12-27,1460
넥슨거른다,2021-04-25,1341.67
어떤재능도배경도없는사람,2023-07-02,1490
붓꿍이,2023-07-03,1507.5
정희전용셔틀,2024-07-10,1565
랑옌,2022-04-10,1472.5
살살녹는중,2022-05-02,130.83
적당히잠,2024-07-15,1561.67
홀리나이트인식,2021-07-23,1415
우산도둑심연아,2023-03-03,1457.5
구지음,2023-07-19,1520
뇽뚜기,2023-01-22,1460
애키도아,2024-02-13,1482.5
리틀불꽃배마,2024-03-10,1580
똥꼬만때리는리퍼,2024-07-14,1585
해바라기동네,2023-11-10,1545
무한환생,2021-01-21,1340.83
7월17일오전2시43분,2023-07-22,1500
파인애플과자,2021-08-23,1406.67
금강도,2024-07-11,1590
굿애드,2024-07-25,1585
말티즈투,2021-07-16,1417.5
브커땅콩,2023-12-21,1548.33
모찌펀찌,2023-12-21,1566.67
청년한스,2023-12-21,1475
엘오킴,2023-01-05,1340
썬더마스터,2021-12-08,1432.5
Alliswell,2021-09-05,1415
회기동텃밭찰옥수수서리꾼,2024-07-12,1550
홍암인파,2022-05-07,93.33
윙금,2023-09-30,1490
수라재,2024-04-11,1340
앵두소다,2024-07-12,1530
CODBOYZ,2021-10-24,1420
걱정하덜덜말랑카우,2023-12-23,907.5
라르딩,2024-05-15,500
까불면주금,2024-08-29,1640
디트뷰기,2023-01-08,1490
random9777,2023-12-26,1460
과빙,2024-04-11,1541.67
갬펀맨,2024-06-25,500
마초동생칼잡이,2020-12-31,915
QSkell,2021-03-19,1050
밀누들떡볶이,2021-05-24,985
그거제꺼라구요,2022-07-18,1472.5
댕댕펀치를받아라,2024-03-12,960
난그대의그림자가될것이오,2023-01-19,1500
이리와눈나가호해줄겡,2024-08-29,1640
감감자칩,2023-08-27,1415
오원취화선,2024-07-18,1590.83
버오인,2022-12-26,76.67
이드이터,2023-07-20,1503.33
디붕빅,2021-12-02,1422.5
그애디,2022-06-11,1533.33
주니리엘라,2023-12-28,75.83
봄혜윰,2022-02-19,302
도수입,2024-07-11,1585
늙고병들고힘든,2024-05-01,1460
쑨또삐아,2024-05-31,1250
아잉홀리,2021-02-04,915
모닥불산업기능요원,2021-12-23,1340
던킥,2021-03-21,1335
신사숙녀모코코여러분,2021-11-09,460
장림동사토루,2024-07-14,1570
망치쓸거야,2021-02-28,960
스탠스바꿀줄모름,2021-11-19,1325
노도에욧,2022-07-06,1475
이란,2023-07-26,1581.67
너의재련은,2024-07-13,1540
블래는예술이다,2021-07-13,106.67
싸라기비,2021-04-16,1373.33
이류시안,2023-01-21,1460
오감배틀,2024-07-15,1597.5
사랑스런건슬,2023-12-28,1520
쵸카든,2023-06-29,1490
유유천황오,2023-07-06,500
KickCat,2021-07-09,1302
변두부에디션,2022-11-01,1460
마제소바정식,2024-07-12,1558.33
던퍽,2023-12-20,1580
어이어이거기아저씨,2022-12-21,1340
또하넹,2023-12-29,1590.83
마을의아가,2022-12-22,1340
상빈게이,2023-12-21,1467.5
돌사신,2020-09-29,915
회원탈퇴,2024-07-13,1595.83
은셔도아가,2023-11-07,1490
묭우산,2022-07-06,1370
꽃유미,2024-03-26,1520
파페붓,2022-01-23,1302
녀쉬,2022-11-26,105.83
켈령사,2023-06-30,1475
언젠간천천히올라갈아가,2023-07-03,1490
채수빈십련,2024-01-07,192.5
한자사전,2021-08-26,802
호야별,2022-08-17,460
게빈이의수확시간,2024-07-10,1566.67
꿈에들어와,2024-07-07,1487.5
오로라코코,2023-12-21,1510
실험용13호소울이터,2023-07-20,1508.33
JHoMA,2023-12-22,1531.67
aoaos11,2023-12-20,1525
어디가이거만맞고가제발,2023-01-18,1490
죽고또죽어,2024-02-25,1510
브레드홀리,2021-10-09,1370
여기에힐러있어요,2024-01-30,1568.33
성훈이뚝배기,2022-01-04,1450
포도쥬스냠냠,2023-09-19,1415
또내일이있잖아,2022-11-07,1100
쵸승우,2024-07-20,1556.67
여름스팀세일,2024-07-13,1540
대검들고폭주하는친구,2023-01-20,1340
무우규,2021-08-11,1460
소울이터다운,2024-07-13,1585
홍7l옥,2021-07-09,1340
특제회복물약,2021-08-26,92.5
백어택잘치는인파이터누나,2021-08-26,1370
도월주,2023-08-23,1450
사신광부,2024-07-12,1585
붙어볼개,2021-03-21,1010
소주있닝,2021-08-12,1370
피시방우산도둑주원이,2022-07-06,1522.5
흔들리지않는편안함시디즈,2023-04-14,1420
장보러나옴,2024-01-02,1460
이빨에초밥이끼면ESC,2022-12-28,1503.33
이커후늬,2024-07-12,1530
아크라시아브레이커,2024-07-13,1540
릿슬레이어,2023-07-21,1560
모코코미니로봇,2022-02-19,93.33
진애화,2022-02-11,1450
원딜조아,2021-12-23,1445
Vectorss8,2022-12-28,1472.5
퍼리나리,2024-08-09,1540
기믹싸게도트,2022-01-25,1574.17
낭냥망치,2024-07-12,1540
감청의검,2021-04-24,1375
진블래,2023-12-30,1580
포르레이니,2024-07-15,1590.83
누만월,2023-07-30,105
겸꽃,2022-05-08,302
델리퐁퐁,2022-02-09,1445
음유시인엘라파,2024-08-01,1610
달달한달고나의축복,2024-06-24,500
돈스탑더뿡,2022-07-18,1380
품행불량,2024-01-10,1528.33
나랑똑같이생긴브레이커,2024-07-20,1590.83
카드캡터체리e,2022-03-16,1330
쪼그만바드,2022-11-10,1523.33
일본어,2022-12-24,1526.67
촌스메,2023-05-13,1571.67
은제2,2024-07-11,1535
황가빈,2022-10-11,1555
한국조아,2021-12-03,1340
버프줄게돈줘,2024-03-25,1580
장래희망정마담,2022-12-27,1411.67
만수동냥냥펀치,2023-08-04,1546.67
체리다떨어지네,2024-02-27,1520
루나코코써니,2023-07-31,1560
쿠로아가o,2022-03-17,1445
홀리몰리쪙,2021-08-31,1417.5
순민쨩,2022-05-10,51.67
무하마드명기,2023-12-25,1536.67
홀리찣,2021-09-24,1370
시상엨,2022-07-21,1340
양타코,2024-07-18,1585.83
도므너,2023-12-25,1590
알빠콩,2024-07-16,1580
운명지배,2021-04-08,915
하모옌,2021-04-05,900
그린브레이커,2023-12-22,1460
황기천,2023-08-19,1490
차홀리,2020-08-23,1327.5
백수2,2022-01-13,1400
해방된야수,2024-07-14,1563.33
19930615,2020-10-08,970
c리오,2023-01-25,1493.33
선우채희,2023-07-20,1490
자이녘,2023-07-20,1415
마석고김채원,2024-07-14,1528.33
감마보레,2022-12-22,1576.67
밤하늘토스트,2023-09-19,1450
오늘은깨고자야겠다,2023-07-20,112.5
솜랴랴,2023-09-12,1415
팡시치,2024-07-14,1520
남궁팡석,2023-07-27,1427.5
창수리센터,2021-03-26,1350.83
큰칼언니,2023-01-22,1425
유걂임다,2022-12-25,77.5
시프리에드,2023-10-06,1490
믿어만주세요,2023-07-20,1600
금빛아라,2023-12-21,165.83
세공하기,2023-01-01,1490
요질알,2023-01-02,1490
에너G,2024-07-22,1528.33
슉슈슉슈퍼노바,2024-07-14,1585
께츠,2023-07-20,1508.33
롤라로룰,2023-12-21,1565
쫘릉디트,2021-08-13,1302
루미구름,2021-07-15,1302
꽁치보따리,2024-07-15,1605
안돼로붕쿤도망챠,2021-07-23,1472.5
설가놈,2024-07-11,1521.67
하이브커,2024-01-20,1460
호하스펙,2023-12-20,1580
뜨거운자판기커피,2023-07-01,1490
욤뇸묙,2022-01-30,1352.5
빛나는이동형모닥불,2022-07-17,1475
개념워로드,2021-11-22,1322
긤모찌,2022-07-16,78.33
기하온,2022-07-12,1475
남자의주먹이운다,2023-05-30,51.67
샘바드몽,2022-03-19,884.67
열이소환사,2024-06-15,65
게르건,2020-08-23,917.5
데소울,2023-07-22,1520
피자는역시도미노포테이토,2024-01-21,1460
한박자가느려요,2021-07-09,1340
오달구,2020-09-27,1344.17
2022년12월20일,2022-12-23,1482.5
큰일창술,2022-09-11,1415
슈슈밤,2023-12-21,1583.33
바홀말고바로나,2022-01-26,1445
블레치밍,2022-09-26,1573.33
인깜깜,2022-03-12,1302
오깜인데요,2022-07-09,1460
창환띠,2023-12-23,1566.67
징유,2024-07-10,1587.5
삽겹살우유,2021-01-12,915
양손에수면제,2024-07-16,1605
때굴때굴z,2023-12-26,1510
션기상,2022-07-12,1500.83
소사벌리스,2021-08-14,1302
그림하나주세요,2022-01-13,1475
미드안보는사람,2022-01-23,1445
교련복,2022-12-21,1495.83
용림산,2023-12-02,1415
밤세센,2024-07-12,1556.67
원펀치투쓰리,2023-12-20,145.83
너프안먹은사기캐,2023-12-21,1550
에본코스트,2024-07-11,125.83
김에퓌,2020-08-23,1005
힐루랄라,2021-12-25,1302
홀리롤리몰리과카몰리,2024-01-29,873.33
12이름,2024-07-12,1520
힐다혜,2024-07-15,1548.33
퐁카리,2023-06-30,1500
미니감쟈,2023-12-21,1540
라떼더블,2024-03-24,1200
단예연휘,2021-08-24,1303.67
네안의망자를끌어내라,2024-01-22,1540
샤이마녀,2024-07-12,1540
모다모다까폼,2022-05-02,1342.5
창월입니다,2024-07-12,1523.33
에고스티,2024-08-27,1605
산토끼의반대말은판토끼,2021-07-25,1430
HGeonW,2022-09-16,1460
리아솔크,2023-07-01,1490
서폿복수전공,2024-07-14,1545
파랑구름곰,2021-03-17,900
응나아아아아앙,2024-08-29,1640
멸천마신권,2023-12-21,1580
광설백,2024-07-15,1587.5
꾸시리,2022-01-04,1303.33
scorb,2023-07-20,1490
우는오징어27,2021-08-27,1415
피하지마제발이것만맞고가,2023-12-27,1560
어라평캔을안했네,2024-07-30,1545
지옥전용해머,2021-11-29,1325
마법사될꺼에요,2021-09-18,1302
AngeL향기,2022-07-10,1390
기분이그래,2021-02-05,1315
타닥하리,2024-07-15,1535
쏘울리에,2023-07-20,1490
오늘뚀,2024-08-29,1640
immdong,2022-01-10,1302
단호박차기,2021-03-17,1334.17
매화나무3그루,2024-07-17,1525
제니베이커리쿠키,2020-08-23,1046.67
최꽃순이,2024-07-14,1598.33
라하르틋,2021-08-05,1415
임모탈퀸,2022-01-29,1445
체술땡구,2022-12-25,119.17
SpizuIy,2024-08-13,1601.67
아키투안,2024-07-11,1520
청윤하린,2021-12-26,260
발대,2022-09-18,1450
인절미근위대장,2022-07-07,1460
종강기원바드,2021-03-07,1335
별빛유령고래,2024-08-07,1600
머스탱을보며우는남자,2024-08-06,1585.83
울핑e,2023-07-20,1415
김우아,2021-08-13,1302
십육센치거대한,2024-05-12,1521.67
할거없는윤백,2024-01-09,1487.5
서머퐁퐁,2021-11-08,1550
섬라함,2024-07-12,1520
히카소서,2021-08-12,1302
천화윤,2024-07-13,1600
때또때빠,2023-01-21,1379.17
평동,2021-09-18,1370.83
유커머스,2023-07-19,1490
냥냥늉냥냥늉,2024-05-03,1594.17
매콤징어,2022-07-07,1355
집나간니나브찾아요,2021-08-14,1310
전사대,2021-09-18,1406.67
힐쁨조,2020-09-29,915
깔끔한스커,2021-05-15,1335
범수와버서커의라스트댄스,2023-12-25,1565
흑호난무,2021-03-18,1050
월계동뿅망치,2020-09-01,1020
작고힘쎈벌레,2021-04-27,900
1바알,2021-05-23,1325
홀우존,2023-01-08,1472.5
바퀴벌레대쉬,2022-04-13,1370
훈피야,2024-08-29,1640
나만빨강머리,2023-01-21,1340
천맘3,2022-02-27,1340
밤하늘에무수한별,2021-07-06,900
날먹바드척살,2021-07-09,130
검은솜바드,2021-11-06,1430
상꾜,2021-10-23,302
소울먀,2024-02-05,1521.67
복숭아길들이기,2023-06-30,1460
베르디엔느,2021-01-30,915
오리듀,2024-08-29,1640
차룡포,2024-07-12,1540
소울o3o,2023-07-19,1415
스테라티아,2023-10-15,1460
단구네,2024-07-11,1545
더우면에어컨틀어엽,2022-07-08,1370.83
WillBeBright,2024-07-15,1590
눈물5,2020-08-23,883.33
이홀놔,2024-08-08,1601.67
엄청쌘인파,2021-09-10,1365.83
도라에몽의주먹,2023-12-21,1465
할렘가사신,2023-07-23,1490
자발케인,2023-07-25,1493.33
램프홀리,2021-10-04,82.5
홀맄낰잌틐,2021-04-12,915
너의불행이나를기쁘게해,2020-08-23,950
바람부는대로물결치는대로,2022-04-13,1541.67
광기보스,2023-04-16,1467.5
로즈옐,2021-05-25,514
차운스,2020-08-23,1005
천상지아,2020-08-22,965
커플브레이커커브,2023-12-26,1510
공담당,2021-12-24,1415
설기화,2022-01-13,1331.67
보리둥이브레이커집사,2023-12-23,1580
다굴이요,2021-08-12,1302
동산동복구,2021-03-22,1383.33
독카살,2023-07-25,1490
미끄덩콰당,2024-01-13,1540
솔져78,2021-11-10,1302
아가는도도해,2023-07-22,1420
Postscript,2024-07-13,1600
파티거절하지말아줘제발,2022-07-10,1432.5
서리응애,2022-03-02,1325
서레달,2023-12-21,1550
수달치,2023-12-27,1583.33
주아큰아빠,2024-08-28,1606.67
눈싸움하는직업,2023-12-21,1580
윤의빛,2021-04-04,1340
이섹희,2023-02-08,1470
햇님반붓순이,2022-07-10,1432.5
통벅지,2023-07-05,1417.5
러브맥스봄버,2022-03-15,1302
홀Lr공주,2022-12-24,1460
흑우시작,2021-07-31,71.67
은지해,2024-01-12,1460
쿄쩅,2024-07-11,1540
아사이베리홀리,2021-11-15,1325
칸나기텐리,2023-12-19,1588.33
브커키커,2024-07-12,1555
킹왕짱호사,2023-12-22,1540
부두술사김상술사,2022-12-22,1490
도도토부캐2,2021-04-23,415
Piecorn,2024-07-05,256.67
정됴다,2020-09-17,859.17
베슈트,2021-03-21,1050
라인커,2021-03-17,1373.33
쿠루크루,2023-11-21,84.17
조덕홀,2024-04-18,1563.33
세느b,2022-07-21,1470
즐겜중인궁수,2024-07-16,1543.33
검은이리나,2021-06-16,1326.67
누얌잉,2024-07-21,1591.67
홀떠,2020-08-22,920
모모츄츄,2023-12-22,1540
입턴놈이뒈지더라,2022-07-07,1462.5
말랑말랑호랑이발젤리,2024-07-29,1590
윤테리,2024-07-15,1566.67
이프릴,2024-03-24,725
Ms레게,2021-10-16,105.83
쌀먹중독상담,2023-07-19,1415
상술상술상술,2022-07-07,61.67
뛰어오름,2021-10-19,460
농사짓는병아리,2024-07-12,1585
양념과자,2023-07-20,1415
우유미소,2023-01-19,1340
냉면집알바생,2024-07-12,1583.33
이슬도화가,2024-08-05,1597.5
부릉님,2024-03-14,1511.67
실로퐁,2022-01-24,1561.67
사탄양,2023-12-20,1460
수라모아콩,2024-01-21,257.5
민트향모카,2023-07-20,1510
설랑슬,2023-12-23,1581.67
별그레이,2023-06-12,302
임정웅,2024-08-17,1595
7써클마법사,2021-05-02,1325
2월의기상술사,2024-01-23,1460
거래,2022-07-06,1490
구슬좀드셔줘,2024-07-23,1590
4시36분,2023-06-30,1490
편애유,2023-02-07,1340
곳에f,2021-10-31,460
소주먹은오태식,2024-07-14,1600
젖소아가,2023-11-10,1586.67
뽀시코기,2021-01-07,1050
IndianSummer,2024-08-13,109.17
울부짖어라천하섬멸옥,2023-04-05,1302
미캣이당,2024-07-13,1528.33
왼손수면제오른손은황천길,2022-01-15,1410
규은이의블래스터,2023-08-18,1605.83
예원꿍,2022-07-09,1470
비잉멍,2024-08-29,1640
백정국,2021-08-16,95.83
수라잉멍,2024-08-29,1640
근가루,2024-07-12,1520
케찹많이달라셨죠,2022-02-08,1370
Repin,2024-07-12,1545
누누퐁당,2024-08-28,1520
골드키위국밥,2022-12-22,1490
계세요,2021-05-16,1325
게일라우,2023-03-22,840
이짜짜,2021-01-30,995
물개폭격,2021-07-09,1325
아박성,2023-12-26,1480
탐켄치왕자,2021-09-27,1375.83
소드데인저,2020-09-20,970
애배뱃,2023-07-06,1490
무다,2023-12-20,1460
자크니,2021-05-02,387.5
휴가좀요,2020-08-22,879.17
안녕서울안녕소울,2023-08-06,1415
해운대원투펀치,2024-01-21,1342.5
초코우유소라빵,2022-07-06,1475
화리결,2024-08-05,1566.67
그뤠잇배마,2020-11-03,930
솜빵망,2024-07-16,1540
안유진안유진,2022-11-08,1370
벌집에서흩날리는페로몬,2023-12-22,1520
아가야채,2024-07-21,1520
zenoe,2023-07-25,1465
자는댕,2024-07-16,1540
서윗붕어빵,2022-01-23,1370
청토링,2024-07-29,1541.67
전기도둑2,2021-07-09,1370
마베퀸,2024-04-04,1580
소울낭자,2023-07-19,1490
해피니스드롭,2022-07-19,1495
권덕혜,2024-07-11,1520
뮤니량,2024-06-03,500
브커뽀까,2024-07-14,1531.67
단풍잎이나를버렸어,2021-09-10,1302
다산동평타싸개,2021-10-03,1445
오이냉국한잔해,2023-10-13,1490
몰락한시루떡,2023-07-20,1415
청적유굉,2023-08-29,1455
미니와황로두,2024-07-12,1520
유제이제이제이,2024-07-25,1600.83
김점례버린,2024-01-02,1480
박가네광전사,2023-01-23,1503.33
이형굳잡,2021-03-22,896.67
뜽스키토,2023-11-01,73.33
조선의킬구,2024-07-16,1545
헤드안때림,2024-07-17,1591.67
우산이울면울산,2023-12-25,1583.33
킴태그,2021-04-12,1357.5
출출한홀리,2024-07-19,1590
세상을구하는우비소녀,2022-07-09,1405.83
볼프강아마데우스로시츠키,2024-05-25,1540
끠아아앍,2022-07-17,1467.5
넬찡리퍼,2022-03-08,460
패스줘서만든캐릭,2021-01-21,1340
존맛탱꾸브라꼬오오옥,2024-07-14,1548.33
초블레이드진,2024-05-27,500
야해머가져와,2023-06-28,1340
Hasssi,2024-07-14,1600
당고쭝,2024-07-11,1525
이걸이렇게하면저렇게되나,2024-06-04,1520
프리징스펠,2021-08-13,1390.83
래용잉,2023-08-19,1470
폰시아노,2021-03-14,1365
슈슉슈크림,2024-07-11,1540
전설속행,2022-08-04,1560
똥뻔치,2023-12-20,1545
태양그대,2024-08-28,1540
솔라카이,2022-08-26,960
유빈의집행자,2024-06-11,1521.67
도롱도롱,2021-06-12,155
계영욱나가신다,2024-07-18,1568.33
335,2020-08-22,905
창술x소녀,2023-06-29,1415
그녀는창,2022-08-29,1415
애기바드임,2021-09-03,1302
긍뜨짱,2024-06-15,1435
건우기옥,2024-07-13,1592.5
홍염수제제작해드립니다,2023-09-16,1490
김꼼자,2024-07-12,1520
ysj82,2020-09-18,915
끄져줄가,2021-12-23,1370
리퍼가미래다,2020-10-17,937.5
무채색궤적,2023-12-24,1520
슬레율율,2023-01-19,126.67
선비쟁이샤,2021-09-14,1355
쪼나브,2021-10-23,1100
선녀아,2022-07-06,1457.5
아후야후,2023-12-26,1513.33
깅미뇨,2023-09-21,1460
지하수라,2024-07-12,1600
해줘언능,2023-10-17,1457.5
갱식씨,2024-07-18,1561.67
짜장이터,2023-07-19,1490
소울체이서,2023-12-27,1465
가지1튀김,2024-07-12,1528.33
강무열,2023-12-24,1555
프나여신이나경,2024-07-10,1520
인히스,2024-08-30,1640
폭풍우즈라,2023-03-05,1352.5
샤마르2세,2024-07-18,1586.67
건은딱,2021-04-12,91.67
파악했다,2024-07-29,1565
정원28,2022-07-07,1460
주혜원,2023-12-22,1568.33
llody,2024-07-12,1540
림예이,2024-01-05,1586.67
에어로시아,2022-07-17,151.67
신속뚜따팡팡,2022-07-08,1460
사사사과,2022-10-01,71.67
미소녀두두,2023-12-23,1540
설악산잉어킹,2023-07-24,1415
꿀권왕,2023-12-31,1510
신도림테크노마트폰팔이맨,2023-07-23,1490
IMPOSEIDON,2021-07-06,1350
먹물집막내딸,2023-01-24,1340
조선춘향,2021-10-05,1402.5
서러워서바드키움,2021-09-28,1010
편혜연,2023-07-20,1415
달콤바나나우유,2020-11-29,915
잘못된애교,2023-12-22,1460
다꼭다꼭,2023-01-23,1340
상받은,2023-09-07,1415
블랙티향,2024-07-15,1520
례햬,2023-09-05,1415
슈슈슈슉시빠라마,2022-03-15,1302
봄리밍,2023-06-29,1467.5
이에길,2022-09-07,1490
황정천,2024-07-13,1585
드디어앞점프,2024-07-16,1601.67
시그마우이니,2023-01-09,249.17
나혼자절구,2023-07-18,1415
짱쌘바드123,2021-03-21,1371.67
장마가끝날무렵,2023-07-24,1508.33
떨슴,2021-08-14,1302
협박녀,2023-09-10,1462.5
행꿀예,2024-05-31,151.67
사신언냐,2023-07-25,1490
화댕,2023-12-21,1510
오성정권,2024-07-12,1535
우산기류,2022-07-07,1370
루페온의게트롤,2022-12-22,1500
디어베리,2020-10-06,970
블레이드힘들엉,2024-02-03,1520
데몬루체,2020-12-31,1310
크니크,2022-01-04,1355.83
톤댱,2022-02-24,1370
한코비,2021-07-05,1007.5
질풍노또의시기,2023-03-15,1412.5
소울이터박보영,2023-07-19,1500
문방구BB탄도둑건슬링어,2023-09-15,1503.33
권솔하,2023-07-21,1490
주희누나예쁘다,2022-07-01,1571.67
밍숭맹숭민,2024-07-11,1525
키키리삥삥,2021-08-11,1302
직냥이,2022-01-29,130
와규업진살,2022-07-19,500
죽습st,2023-02-24,460
풍수왕김풍수,2024-02-12,127.5
소스쨈,2021-08-13,1302
안타키아,2023-07-27,1490
Elfriedesh,2023-07-20,1490
아마나냐,2023-12-29,108.33
하키리스,2023-08-27,1526.67
베루드라,2023-01-26,1308.5
잠식해방,2020-09-16,970
방아찍는오빠,2021-05-13,534.17
망청귀,2022-01-21,1415
서명코3,2021-08-29,1313.33
니악솜,2021-07-08,1432.5
막타치는은비,2022-11-28,600
히키드나,2024-07-03,1600.83
벌레린,2021-12-24,1373.33
상여자헌터,2023-12-20,1602.5
아가운댕,2022-01-27,1445
서아빛,2022-07-10,1462.5
세렌디팡,2023-12-20,1565
뽀사삔다,2024-08-08,1520
소울러스,2023-12-20,1558.33
율아작,2022-09-09,1415
동새우,2021-08-27,1315
호두처럼딴딴,2024-07-28,1575
나는아아가좋다,2023-03-10,1460
SL73AMG,2022-02-04,1342.5
디붕아달려,2022-07-07,1415
팔월의시작,2022-07-06,1340
헐진짜여,2024-01-07,1252.5
소나무솔방울,2024-04-23,123.33
프로헛방러,2022-02-10,1340
깡재언,2023-12-20,1511.67
배마공학,2024-07-16,1585
민호랑소서,2024-07-23,1520
서폿은쌀먹이맞아,2024-01-15,1460
형듀야좀참아봐라,2022-12-22,1490
깜작체리,2024-07-11,1560
악마입니다만문제라도,2022-01-21,1302
정확신속숙련무력,2023-10-30,1485
주문하신길로틴나왔습니다,2024-07-27,1540
찬밍하라,2022-08-13,1470
오이오이라임모히또,2024-08-30,1640
꽁지업,2022-01-23,302
Iaa,2023-11-02,1490
무다돈아,2024-07-11,1592.5
코코로쟝,2024-08-30,1640
고타마싯다르타모싯테이타,2024-07-31,1580
멜밧드,2024-07-31,1595
라벤더크림라떼,2022-02-08,493.33
승호브레이커,2024-07-10,1520
거절누르지마세요제발,2023-07-20,1415
여우나라법사,2024-07-13,1585
Sxxt,2020-08-23,1320
JJAD,2021-06-12,1340
잉뚜이,2023-12-22,1540
qwkpx,2022-07-07,1465
신도시리퍼,2023-11-14,78.33
l역몽l,2024-04-05,1520
검머피,2020-08-23,1328.33
사슬낫제니후계자,2023-07-28,1496.67
월아노피곰도다샤,2022-02-07,1460
퀸덤,2023-12-29,1460
발차다꽈당,2021-03-21,1325
모코콩각인,2023-01-20,1400
퐁퐁이슯,2024-07-13,1585
엄동배,2024-01-01,1510
온수방열기C,2022-11-21,1350.83
우리집크앙이,2024-08-30,1640
바드딸갸,2021-03-14,112.5
망고코코프라푸치노,2024-08-20,1605.83
응아점,2024-02-01,1475
순대를누르면순댓국,2024-06-10,500
선율의빛,2024-08-18,1600
몰랏숑,2023-02-16,1585.83
기상청팜토리,2023-09-16,1415
민쵸나이트,2021-05-09,1375.83
마도폭주,2024-07-11,1540
절제보단절정이쥐,2022-05-29,1370
솜코보,2024-07-16,1573.33
인류최대최악의절망적사건,2024-07-12,1585
틀In그림찾기,2022-10-01,600
하이퍼서폿,2021-06-23,61.67
배창섭,2024-08-18,1475
소년임,2023-02-05,1355.83
롱날드,2022-04-07,1302
Bummom,2021-12-23,75
융건릉야생낫쟁이,2024-01-17,77.5
심판의가루드,2024-03-18,1540
슈고고,2022-01-25,1445
동탄퐁퐁나이트,2023-12-22,1467.5
홀엉교,2024-08-20,1585
용맹움냠냥,2024-07-20,1616.67
카쥬쥬,2024-07-10,1525
크라우류,2023-08-06,1370
으앙으앙이터,2024-07-13,1585
잠드는겨울,2021-04-02,945
봐돌리,2023-12-26,1586.67
버스커버서커여서커,2023-01-20,1340
주먹왕떠차에오,2024-02-14,1561.67
네모나이트,2024-07-27,1540
검은깨꿀호떡,2023-12-21,1460
꼬마마법사민주,2021-09-24,1447.5
힐상호작용,2022-01-12,1475
순신이은동이,2021-01-09,1350.83
패스트리머랭케이크,2024-07-13,1604.17
붓으로해줘,2022-01-28,1445
햇살닮은나나,2022-03-07,1325
잘생긴허수아비,2020-10-24,61.67
L의H다,2022-07-07,1340
내마음에쏙들어,2021-05-02,1325
헤마니아,2020-12-07,1032.5
SorcerySoky,2022-01-21,226.67
희쿠콩,2024-01-15,1584.17
김브레이,2023-12-20,1546.67
농약맛붕어빵,2024-08-30,1640
건슬최고봉,2023-09-08,1340
소울이터카이오,2023-07-19,1482.5
따뜻탱,2024-07-13,1585
나수얌,2024-07-12,1600
두화리파,2022-01-26,1385
o쏘울이터o,2024-03-04,1460
브리티쉬송헤어,2024-07-12,1568.33
소다SD,2021-03-03,80
전율의검투사,2021-12-30,302
롤리롤리홀리팝,2021-05-29,74.17
홀리몰리룰루랄라,2021-12-25,55.83
아톰알카,2023-02-03,1493.33
스크린도아가열려욧,2024-07-28,1570
밀크어린이집,2021-11-17,460
앞으로막아뒤로막아,2024-01-24,1610
게임하고있어용,2021-05-19,1410.83
렛업,2022-10-22,550
방구석찐따,2023-12-22,1555
먹다남은공화춘,2021-12-23,1302
고독한아몬드,2023-09-27,1490
아으춥다,2023-12-25,1100
이새롱,2023-02-20,1370
저는괜찮아요,2023-10-29,1100
테스트용512679,2022-01-21,58.33
유리몸티어니,2024-07-18,1606.67
성고충,2023-07-20,1508.33
바드가넘어지면ln뚜,2024-08-02,1520
사냥의시간도딜러예요,2022-01-24,1445
후회금지,2021-05-13,843
욱s쉴드,2021-09-19,1302
입이예쁜나비,2021-07-26,1401.67
실링삐,2023-08-28,1540
나는나는민초단,2022-01-09,110
워마리,2021-04-11,76.67
인생한방만노림,2024-07-11,1521.67
고왈철,2021-09-09,1390
춘자할멈의마지막유성강천,2021-06-13,855
Alan0811,2024-01-26,1531.67
hs솔무이터,2023-07-20,1475
지뤄링어,2021-07-22,1415
옹씨네솜주먹,2023-12-23,1580
엔젤릭새미,2024-03-23,55.83
버터쿠키우유,2024-08-30,1640
봉쨈,2024-07-11,1521.67
모코코쓰담,2023-06-14,1373.33
크루이튼,2021-08-12,1417.5
마엘의속삭임,2021-10-15,1370
격투박홍,2024-07-03,82.5
호리이터,2023-07-25,1490
육서커,2020-08-22,992.5
므이익,2024-07-15,1598.33
호졷두,2024-07-19,1600
심술난붓쟁이,2022-01-13,1465
닼소이터,2023-07-20,1415
낀울,2023-07-20,1490
은하2,2023-12-20,1540
낀홐,2021-11-20,460
호펀땅,2024-08-30,1640
천상광시서왕,2023-08-26,1275
싼타페브레이커,2023-12-21,1523.33
버프너무좋네요도화가님,2022-01-30,1425
하나님창들고뭐하나,2023-06-29,1415
아기안할래,2023-07-31,1490
먹바닥,2022-02-23,406.67
MeMaMu,2024-08-04,1600
끌루빵,2023-03-25,1605
입큰동물하마,2023-12-28,1580
우산땡컨,2024-07-11,1530
Punchee,2021-07-18,1302
로아철권8,2023-12-24,1540
발라에나,2024-07-17,1540
꼬리힘,2023-12-21,1535
호앙무섭징,2022-02-10,1304.5
쇼쎠,2024-07-26,1538.33
찌끌애기,2021-03-25,925
리라꽃잎,2024-07-15,1553.33
혜정이는남친이랑네번한대,2024-07-10,1556.67
순환의계절,2022-01-16,1385
플맄,2021-02-20,900
바닐라수무디,2022-02-17,1415
김훈예,2021-08-31,1355
작빙,2023-09-29,1477.5
정화없는서폿이어디있음,2024-07-14,1600
너쟁,2023-10-05,500
백골부대짬타이거이준형,2024-07-12,1587.5
해꾸슬,2022-01-12,1389.17
핰새,2021-09-24,153.33
jkdnwl,2024-01-28,1470
링닁,2023-07-01,1482.5
던파망해서인파하러옴,2021-12-09,1415
남해달,2024-07-21,1520
워일도,2021-08-18,1394.17
조옛,2021-08-13,1402.5
혜루니,2020-10-01,915
낫든하랑,2023-07-20,1490
큰홀뤼,2022-02-11,1375.83
안쪘어,2024-08-25,1615
붓긁히기,2022-12-22,1490
빈옴,2021-03-03,1356.67
홐팀장,2024-07-19,1580
홍준잉,2024-07-11,1585
장난감총쏘는누나,2021-07-06,1325
해바라기입니다,2023-01-21,1485
나먹물,2022-07-13,1375.83
천하제일혼,2021-08-18,1387.5
캐릭터이름최대열두글자네,2022-07-07,1460
민똘펀치,2023-12-22,1520
함유이,2023-07-24,1415
요즘통잠을모짜렐라,2022-05-06,302
충이본캐라니,2021-07-09,1415
한손스커,2022-10-30,1563.33
조땁,2023-08-23,1415
화뇽덤덩,2022-12-31,1520
중요한건꺾이는허리,2023-12-21,1543.33
장극,2023-12-27,1585
낭만을찾아주세요,2022-08-26,1380
나는한다뭐를무력을,2023-06-30,1480
배청년,2022-03-15,1415
버스트한테버스타,2024-07-13,1561.67
나의거대하고묵직한주먹,2023-12-22,1580
물아격,2024-07-11,1560
뉴비탈출넘버원,2020-10-24,915
lm신뢰에요,2023-12-21,1510
선물장인2,2024-08-12,1593.33
유나는,2022-01-24,1447.5
대충행그러면,2024-06-29,1100
초폐왕디스트로이어,2021-07-29,1083.33
날아라디붕디붕,2021-12-24,1447.5
설레게웃지마,2021-08-13,1370
역대급백수인생최선의선택,2023-12-19,635
달동네탁형,2021-03-21,1343.33
퓨레션,2021-06-29,1340
뭇별화가,2024-07-27,1585.83
현타딜러,2023-10-04,1560
펭투사,2024-07-14,1556.67
명랑뱀,2021-12-07,1500.83
냉병기조아,2021-01-30,1045
팰닉S,2021-04-10,1345
너만고하냐,2021-05-14,1410
베라누스,2023-12-31,1487.5
끄북이,2022-02-10,1302
Rainlane,2021-04-25,895
탄꾸릉,2024-07-11,1585
연주를들어봐,2024-07-15,1520
불꽃성기사장올리비에,2021-04-12,1330.83
평택1번이윤정,2024-08-09,1600
캔디애플레드텔레,2024-07-12,1551.67
권용왕,2024-01-04,1485
우리단수나,2023-02-18,142.5
빛강선의성공작홀리나이트,2024-08-01,1540
하나잠,2024-07-26,1580
ID예꽃,2023-12-21,1580
브래져,2023-12-22,1460
그림자추출,2023-07-21,1490
모코코네막내아가,2023-07-05,1445
한여름밤너라는바람,2024-07-16,1600
나는개팡이,2023-09-30,1415
알림받습니다,2024-08-01,1610
금닭발,2021-11-09,1355
김씨한대피고해,2022-11-12,1487.5
스페셜모카라떼,2024-08-08,1593.33
쏘맥의향연,2021-08-13,1381.67
캔맥주소주,2023-01-17,1450
아무런상관이없겠지,2024-06-16,1600.83
꽃혜빈,2023-07-20,1500
헤페르,2023-12-21,1580
엄마가시리봇,2022-12-30,1505
달콤포근,2022-01-13,1475
선택적양심,2023-07-19,1415
권고운,2023-12-22,1550
니나브의요리교실,2023-12-23,1540
절대박치바드,2024-07-31,1600
지나가슬레,2024-01-11,1580
ELE칼리고,2021-07-05,113.33
LanceMasters,2024-07-14,1595.83
경아단,2024-02-05,1452.5
카카오주식탈출,2021-09-18,1368.33
신바드의대모험,2024-01-12,1460
하겐다즈봉봉,2022-02-12,1302
이세카이체리,2023-02-11,1370
설원의새벽,2021-03-14,896.67
브레이커고장난8톤티코,2023-12-26,1540
heyheyy,2021-07-20,1411.67
환희의칼날,2023-06-29,1415
권민혁0,2021-08-03,1340
츄라이후리스,2023-02-28,1370
라임향기숲,2021-09-05,1370
지뇽은무너졌다,2022-01-04,1400.83
제갈윤미,2022-07-09,208.33
핵또진,2024-07-29,1546.67
소울로수채화,2023-11-14,1581.67
나콘,2024-07-07,1540
햄찌의우다닷,2023-12-23,1480
룰라비,2024-07-12,1530
Rhipsalis,2023-12-23,1460
새벽의예배당수석성기사,2022-02-27,1302
빛나는왼쪽엉덩이,2022-07-07,1460
이온큐배럭2,2022-02-08,147.5
아리에와르셸,2024-03-09,500
뿡이뿡이뿡이,2023-04-05,1540
뮤치아,2024-07-12,1558.33
죽을때변명하는사람,2024-06-11,500
먹물지오,2022-10-07,1460
짭바게티,2024-07-12,1585
비온날집순이,2023-06-29,1480
도아고추잡아땅기기,2024-07-22,1590.83
엘라견,2023-06-22,1495
도아가는도화가,2022-01-12,1445
소울캔들,2023-07-21,1509.17
달달한도구,2022-01-24,1417.5
슬기님,2023-08-24,1467.5
스트라이꼰,2023-12-20,1528.33
SSR여우비,2024-01-27,1460
바드이쁘닝,2024-07-19,1545
박민나,2023-03-19,302
매콤노,2023-12-23,1558.33
경기도불주먹에이스,2022-07-10,986.67
쭈켜,2024-06-15,500
달소떡상,2024-07-22,1563.33
영광의불꽃,2023-11-30,1543.33
솔라하엘,2022-01-03,1385
미로로직,2023-01-19,1490
선운문주먹,2023-07-21,1415
시골의촌장,2021-10-08,1325
엄마나똥쌌떠,2022-01-25,1302
엘리틀누커,2021-09-05,1373.33
슈프림반,2022-01-12,1370
홀리조자룡,2021-07-08,1302
고망,2024-07-16,1600.83
윤해이,2024-07-16,1601.67
김배성녀,2021-09-08,1370
배마헤노,2023-10-22,1520
바드짱짱,2024-07-15,1590.83
jokbug,2021-09-01,1370
갱행,2022-05-20,1370
북측의검은수염,2024-04-15,1520
슬레클로,2023-08-11,1415
후쿠로가투다닥,2023-12-22,1540
옌디디디디,2024-07-12,1561.67
슬이플,2023-12-23,1573.33
염다희,2022-07-13,115.83
김계난,2024-05-29,500
상남자특뒤에서팸,2023-01-03,1480
리미트기상,2022-07-24,52.5
띵땅뚱띵,2021-07-30,56.67
회몽약,2022-01-24,1302
해떠라,2022-07-16,1465
여히리스,2022-12-08,1513.33
설시리,2023-08-15,1477.5
돈카츠백작,2022-05-26,590
Buslost,2023-12-27,1536.67
레몬브레이커,2023-12-23,94.17
냥축오,2021-12-25,153.33
쁘띠하뿌,2023-03-04,1400
천상의노을빛,2023-07-19,1487.5
야옹이는날지못해,2023-07-24,1460
용상향,2024-07-16,1570
노인준성,2024-07-11,1604.17
아돌푸히틀러,2024-07-12,1540
으샤으샤힘내자,2022-07-06,1399.17
MiXtoneBard,2021-04-12,915
자기츄츄,2023-11-19,1540
삼도륙,2024-01-26,1515
전재성,2023-12-20,1460
하얀엘더,2024-07-11,1521.67
소금빵먹고싶다,2022-06-09,1310
슈붕빈,2021-02-26,915
깐부구해요,2023-07-09,1415
갈현동후레C마트,2023-01-18,1490
개잡듯이막아,2021-07-09,1325
O모스타르O,2023-08-01,1415
화가아찌,2024-07-13,1540
민초마카롱,2023-12-22,1510
디그도,2021-04-19,145.83
우상룬,2021-09-06,1415
지금인가,2023-06-29,1250
하쿠더쿠,2022-02-14,1302
Paesup,2021-09-11,92.5
효롤롤롤로로,2021-03-18,915
쓱빡쓱빡,2023-12-21,1580.83
몽실이콩국수,2023-01-18,1490
울개님,2024-02-04,1340
UP새우,2023-09-29,500
댕댕건슬링,2024-07-12,1520
얼음뿌셔,2023-07-20,1508.33
마사키,2024-08-30,1640
낑노시,2020-12-31,990
티모는은신중,2024-02-02,1460
점단,2024-07-11,1545
종원이골드간다,2022-11-17,460
두발장애,2022-06-20,1545
백야검,2024-07-12,1520
슈룹촵촵,2023-01-19,600
바드냥데르1,2023-11-14,1506.67
ProtectSP,2023-12-26,1530
기상황나,2022-07-10,1340
크리스탈사려고만듬,2023-01-04,1340
보사,2023-07-19,1520
도마동영혼소식좌,2023-12-21,1477.5
연시홍시단감곶감,2023-10-22,500
문어수달,2023-05-23,953.33
채채네낫잡이,2024-07-14,1540
믹스팩토리,2020-08-23,990
내총이울부짖는다,2024-01-02,1465
냥지우,2023-10-16,1487.5
세상을구하는럭스,2022-02-12,149.17
야통이는화가야,2022-09-01,460
왈엣,2021-12-27,1370
고결한치유사전용,2022-07-15,1470
꾸하핳,2021-04-30,950
물든도화가,2024-07-13,1551.67
이거저거해본,2022-01-26,1344
뺄수없는사연이있습니다,2024-02-01,1533.33
소울이터원해요,2023-07-30,1490
호연세가,2024-01-11,1460
매실새벽,2024-07-17,1520
어썸잉,2023-01-23,1445
마계최강헌터,2023-12-23,1511.67
마추콩,2024-07-14,1540
절대질풍,2024-07-14,1594.17
까만홍합,2024-07-06,188.33
코마땅,2021-02-01,522.5
사신꾀돌,2023-07-21,1490
콘마이어,2021-12-18,1302
오른손나이키왼손황천길,2023-12-21,1472.5
커피신공,2022-08-31,1580
동키의단짝친구슈렉,2022-04-14,600
호크니안,2023-11-09,1600
설익은청사과,2021-09-21,1325
보석을위하여,2024-03-08,1425
포커선수,2023-07-03,1480
복숭아총도쏘다,2022-02-11,1370
리퍼푸망,2021-03-17,1340
정백덕,2021-07-22,1445
라니냔,2024-07-14,1566.67
랏머,2024-07-18,1520
축뵥,2023-09-04,1460
묵직한지유,2024-07-03,500
이쁘고귀여운아가두둥등장,2022-01-13,1460
0l오리히메카,2024-07-11,1565
솜이는멍멍,2021-08-12,1370
사린아가,2023-12-22,1515
떼이지,2022-01-07,1472.5
밍이둘,2023-01-01,460
HelloDigiMon,2022-11-12,1487.5
띠모슬레,2023-02-03,184.17
정확도낮음,2023-01-04,1340
장아르미,2022-01-18,1475
마술을믿으세요,2022-08-11,1340
장천제삼검2115,2024-02-14,650
맥콜은범죄다,2024-06-29,1600
하프명가막내딸,2024-01-21,1518.33
덩갱얼쥐,2024-08-30,1640
창쓰는메로나,2024-01-26,1543.33
불닭치킨마요피자,2021-09-10,1302
우제영,2023-06-29,1472.5
빗속에서흘린눈물,2021-08-26,960
양덕동봉석이,2023-08-18,1415
재밌는홀리나이트,2023-06-13,1033.33
끗술,2022-07-21,460
깊이삼촌,2023-12-22,1541.67
루키컨,2023-12-21,1571.67
욤둉,2023-10-08,1475
윤시온,2021-07-10,1325
권권준준,2023-12-21,1511.67
핲바디,2023-07-01,1496.67
형니발,2021-07-09,1050
설나냥,2021-12-22,1355.83
3시36분,2024-08-03,678.33
페일라스트,2022-01-13,1302
솜써니,2022-07-06,1417.5
초심탕,2020-08-22,915
아가요정귀요미,2022-07-10,1460
빨간수첩,2023-03-29,460
주노맆,2023-12-29,1475
저를찾고있으셨나요,2023-10-01,1490
앚커,2023-12-21,1576.67
조남후잉,2024-08-17,1585
붓으로개팬다,2022-01-22,1500
계양구불주먹,2023-12-23,1581.67
자칼로네,2023-10-21,1340
SouIEater,2023-10-24,1588.33
먹물이진아가요,2023-12-23,1523.33
안산디붕잇,2022-10-03,302
후울러덩,2023-11-09,1560
태보마스터애국전사손기범,2022-04-28,768.33
김뚱쓰,2024-07-30,1560
콩다현,2022-10-03,1445
티켓배송,2022-12-23,1490
주묵묵,2023-12-22,1530
거북목창술사,2022-12-21,1415
오셰은,2022-01-13,1460
에붸붸붸뷉,2022-09-04,600
키퀴,2022-02-03,167.5
슬레핥쨕,2023-12-01,1490
건슬잉몽,2021-08-20,1325
머용가리,2023-12-20,1460
구원의손길하나,2023-07-04,1475
지누횽,2022-12-23,1447.5
내당s,2021-03-07,920
채소랑야채,2024-08-30,1640
캐영당,2022-12-30,1370
둑노옴,2022-01-11,1345.83
미니카드상,2023-07-03,1475
천하별빛,2022-12-29,94.17
에퀸좌,2023-02-11,1406.67
마리나비스콘티,2023-10-21,1462.5
고랑모르쥬,2020-08-23,1322.33
물의왕국,2023-08-08,1452.5
사르딕,2021-12-23,70.83
썸머야진짜잘했따,2023-01-21,1475
타겟슬,2021-03-14,64.17
내앙마돌려줘요,2022-01-31,1302
엄마나는정령왕이될래요,2022-08-22,340
낫든수달,2023-07-21,1490
믕차차,2024-07-13,1526.67
오동통왕자두,2023-01-19,1340
반데릴라,2022-01-10,734.67
무술의달인김흰띠,2023-07-19,1430
시나몬송편,2022-01-21,1460
느리구먼,2021-04-23,107.5
Lakefront,2022-01-30,1370
youwoI,2023-09-19,1432.5
만소얼,2023-12-22,1462.5
안틸레,2023-09-12,1523.33
인파의원수,2023-12-20,1540
이건참아쉽다,2021-11-04,1302
내특화돌려줘요,2022-03-19,1415
도화가육아일기,2022-01-21,1370
우산애몽,2022-07-13,1460
엘난민미스틱,2024-08-30,1640
부시드노엘,2020-08-29,986.67
떨림바드,2023-12-30,1475
샤린빈,2024-07-15,1540
슉슉우,2023-07-05,1460
에아르뉴,2024-07-14,1540
소서1,2023-12-23,1535
쪼로미,2022-07-28,1370
비악비S,2021-08-12,1302
오로라초코칩,2021-05-02,1325
도구향,2021-09-02,1346.67
알곡과쭉정이,2023-08-06,1415
서꾼팔,2023-01-21,1503.33
155만킬로의필름,2024-01-15,1520
암샨,2020-10-03,325
신해서커,2023-01-19,1490
햄이네158,2023-01-19,1457.5
하니지니,2024-08-01,1603.33
성심당소금빵도둑,2024-07-24,205
넌연필이고난지우개야,2024-08-25,1616.67
나유리쥬,2021-08-13,1302
산지직송유산,2023-07-27,1596.67
창원모코코,2024-05-27,1556.67
스위칭을모르는사람,2023-12-27,1580
푸들덕선,2023-12-31,1480
호박맘모스,2023-12-22,1580
무도xx배틀1,2021-12-27,600
장선형,2023-12-20,119.17
욱s드래곤,2024-07-16,1600
사신다크폰,2020-08-23,935
히Dan,2023-07-21,1490
CARINVictory,2023-07-23,1555
아가는하프도둑,2024-05-13,500
람쥐4호,2020-10-04,860
다니엘라S3,2024-06-14,500
에휴내가참아야지,2021-04-26,171.67
하카타가메니,2021-03-27,1404.17
어린왕초A,2023-10-28,1430
불난집구경하다보니우리집,2022-01-22,1370
도하가는화가야,2022-01-12,1302
나츠니지,2023-06-30,1445
혜라핀,2022-09-24,1460
전진해죠,2024-07-12,1535
방패코니,2023-12-23,1536.67
띵구름,2022-07-20,1370
여김숙희,2020-10-25,1325
모수아,2021-02-22,685.67
무애심,2022-02-11,1445
또두링,2022-06-19,1460
술을사랑하는언니,2023-01-20,1508.33
아땐,2022-01-13,1302
이백,2021-09-15,1475
딸기시유,2024-01-22,78.33
수라망,2023-12-25,1582.5
박혀욤,2024-02-27,1540
니토,2021-02-14,1417.5
내연관리쉽지안내연,2021-12-27,1302
코로나19는위험해,2023-05-18,1340
율조히,2023-01-23,1460
셋쇼마르,2024-07-12,1520
집행관솔라스1,2021-01-25,163.33
오지마나가,2023-07-25,1490
타마시오이시,2023-07-19,1415
메로나타로,2024-05-31,500
동사무소절대강자,2024-01-03,1540
기상청면접탈락한기상술사,2022-07-07,460
다보이,2023-12-22,1556.67
말랑말랑말람말랑냥냥펀치,2024-07-13,1591.67
희슥,2021-09-28,583.33
해머플레이,2022-09-25,97.5
바들희,2021-03-14,55.83
하츠네밐쿠,2024-04-14,1520
헬2포터,2022-01-23,1415
안개맛이슬,2022-07-10,1465
경희대학식도둑,2021-03-22,1372.5
달달한꿀주한잔,2022-07-07,87.5
튜토요정11,2023-07-01,1422.5
힐이모애요,2022-03-16,1302
나도어디가서꿀리진않어,2023-12-23,1555
따아아아람쥐,2021-09-18,302
레비챤,2024-07-19,1590
달콤화니,2021-01-21,1335
은달셈,2021-11-23,1506.67
이불밖은추오,2021-07-12,1430
주먹만써요,2023-12-22,1520
s마루치s,2021-03-21,1325
딸기로얄밀크티,2023-11-19,1462.5
흐읏쨔아,2024-04-23,1528.33
레이격,2024-08-25,1620
루테란은홀리나이트다,2024-07-12,1543.33
Barnsley,2021-01-30,1325.83
편의점명품비닐우산,2022-07-18,1508.33
답답한마음을풀어헤치는것,2023-12-24,1460
쳐맞딜잘함,2023-03-04,302
슼게이,2023-01-14,1565
홀리꾸리,2024-03-22,1584.17
고길득,2020-08-22,992.5
무지성으로할게요,2023-07-25,1415
아가순덕,2022-09-28,1460
잔혈못따는리퍼,2024-07-12,1550
다부셔버려요b,2023-12-21,1550
치무차쿠맨,2023-12-28,1580
블리번도,2024-07-12,1540
대검낭만간지남,2024-07-13,1525
다시바바,2022-05-28,933.33
산다는것은치열한전투이다,2022-09-01,466.67
우르콰앙,2024-07-29,1601.67
O도와줘요스바로그씨O,2023-08-05,1415
용촤,2024-01-25,1541.67
랩대,2022-07-10,1396.67
후크개포동,2024-07-17,1520
기상케인,2022-11-10,302
일단쳤어선빵,2022-01-11,1302
저글러스저글러,2020-09-16,307.5
악의꽃2,2022-08-16,1460
용태래,2022-07-18,1415
뮨히디키,2022-01-23,1425
SBINHA,2024-07-21,78.33
크림티비,2022-01-13,1370
파이리꼬리직화구이,2024-07-14,1520
레우코시아,2024-07-14,1600
도심과함께라면,2022-12-22,1340
마법소녀유아란씨,2022-01-23,1370
몬티나존슨,2023-12-23,1540
민국암살자은향,2023-09-13,1415
건카자,2024-08-06,1575
easyheon23,2024-07-13,1540
낫꿀벅,2023-07-24,1415
게슥,2024-08-09,500
마쯔모토,2024-05-21,1540
헌터남2번,2020-08-27,915
뚜니네셋째딸,2023-11-12,1490
성포동사시미,2022-10-26,1386.67
야가다50공수,2023-02-21,1445
o0도구0o,2021-05-06,885
이상한곰아지,2024-07-11,1602.5
또또친구없는말투,2024-07-16,1520
Ag11,2022-11-15,251.67
쌍검유랑,2021-05-09,630
저는대검,2022-04-29,1533.33
버티면마법이온다,2024-07-16,1593.33
ll이웃집노예ll,2023-07-21,1540
밥규밤,2021-02-15,990
해골고정,2023-12-28,500
황마원,2023-12-20,1460
우산쓴고냉이,2022-09-10,600
빠라라라밤,2022-01-02,1396.67
자제요,2023-12-24,1560
더금,2024-07-14,1590
오라맛풀,2021-11-06,600
루시펴,2021-04-12,774.33
웅쓰디,2024-04-10,1523.33
기꺼이걸으리홀붕이의길,2022-06-19,302
돼지국밥순대국밥뼈해장국,2024-08-19,1593.33
도하밤,2022-01-27,260
님코,2021-03-05,596.67
가격손봐줘야겠네,2023-07-22,1462.5
익스워로드,2021-01-02,1361.67
Or후,2021-05-10,1355.83
한라산매콤주먹,2022-01-26,242.5
개쩌는방패,2023-12-26,155
브레이커맛퐁듀,2023-12-21,1460
미술도담,2022-12-25,1462.5
비비알레,2024-07-16,1588.33
쥬미앙,2022-03-12,1352.5
우냥이네기상청,2022-07-06,1340
대왕포메,2023-03-25,1460
인포닐,2023-12-21,1460
데테하,2024-06-29,500
자주뵤라,2022-07-09,1460
베리아비,2024-04-11,1580
식사는없어,2023-09-01,1503.33
니나뀨,2020-10-07,960
무료개통전문,2024-07-04,500
JUNI블레,2022-07-06,1462.5
스트라이커아웃임,2024-01-04,1540
판다티모w,2022-01-23,1465
역촌동푸른눈의백룡유재식,2023-07-19,1415
에이스녹차영,2021-07-09,1302
치즈랑초밥,2022-12-26,1415
천새윤,2021-08-31,1370
멍뚱아가,2023-12-21,1460
형이기상하래,2022-08-16,51.67
달덩츄,2024-07-18,101.67
강구조노예,2024-07-13,1523.33
무스포츈,2021-01-27,1040
든든한냉면,2024-07-14,1576.67
윤이짜장2,2021-07-22,1370
파인젤리와삭,2024-07-11,1543.33
푸누리,2023-04-03,553.33
안개끝,2021-07-29,1302
24년여름소울이터,2024-07-14,1520
엘레노즈,2022-01-21,1460
달달꿀단지,2023-08-08,1445
쁘띠넬라쁘띠버스트,2024-07-20,1595
광기를잃은그녀,2023-01-18,1415
알으카나몰루카나,2023-10-17,1460
너희가바라던그바드,2021-07-08,1415
바람이불전,2023-07-06,1470
리퍼안할거야,2024-02-03,500
하늘집단,2024-07-14,1593.33
똑똑똑천국문,2022-02-10,1325
바퀴가없는8톤휠체어,2024-06-06,1601.67
행타,2024-01-14,1460
질풍맬리,2024-07-14,1520
오크단검,2020-10-13,960
챠챠프,2023-05-25,75
디붕서닐,2022-08-04,960
도르래챠,2024-08-30,1608.33
그림실력니아,2023-12-23,1460
레미파솔라스,2023-09-14,1415
I잔불l,2023-11-10,1592.5
임한별팬,2024-07-11,1520
세부망고펀치,2023-12-27,1561.67
인주임,2022-02-10,1325
검스빤스,2022-04-13,1437.5
화가아빠1,2022-12-23,1490
영양부실,2024-07-24,1540
보들보들호랭,2022-01-23,1381.67
레하디,2023-01-28,142.5
귀축버서커,2021-04-09,429.5
엄지랜서,2021-04-25,1340
sdfaqd,2023-09-18,1415
팡산,2024-07-12,1550
대빵홐홐,2023-07-01,1490
짜장면속완두콩,2023-12-27,1565
양바뇽,2022-12-22,1460
치킨탱탱탱,2021-11-24,1415
헤두레이커,2024-01-09,1521.67
YT아가,2023-12-22,1510
챙이꽃,2022-10-06,1520
빠기아님,2021-12-24,1420
저는회오리수류탄이에요,2023-12-23,1580
2번째창술,2021-08-14,1370
칼림밤,2024-07-12,1570
퍄루루,2024-07-16,1603.33
파천킹,2024-07-15,1520
EIEIE,2020-10-19,550
환요붓,2023-12-25,1580
릭모티,2023-07-19,1490
gananaga,2022-01-24,1445
잔혈기계승연,2023-12-20,1580
엘리해버려,2021-10-01,1386.67
도미미레,2022-01-23,1460
루호리,2022-02-10,1370
눈송이만개,2022-01-27,1302
아비지옥,2024-06-03,500
혈월검신니나브,2024-08-17,1600
올삠이,2022-01-23,1450
니나부산어묵탕,2021-10-21,1340
멜런통통,2023-12-21,1568.33
린듯,2024-07-18,1600
버프간다붙어,2021-08-24,802
금쪽망치,2023-09-11,1582.5
하프갤련,2021-07-09,130
어린이집막내망고,2022-12-23,1465
퐁슬,2022-11-27,1422.5
하프는세상못구해,2022-01-28,960
뽀옹뿌둑,2023-08-30,57.5
곰곰곰도리도리도리곰도리,2022-02-01,1445
쏘울이터오리,2024-08-08,1520
서폿체험,2023-07-06,1415
코통홀닥불,2023-07-09,1508.33
하프요정설이,2023-09-22,1490
브랭이커,2023-12-22,1467.5
본채만채,2022-08-08,1345
일등항해사제논,2022-06-07,104.17
내지갑이아파,2023-12-23,1460
츼잉잉,2022-07-06,1462.5
래디웰,2024-07-15,1523.33
CronasaNPC,2021-09-20,1330
바른붓,2022-01-15,1370
붓민이는아가야,2022-03-16,1302
거미의심장,2021-08-12,1325
프록터,2023-12-26,1580
홀귀귀,2021-04-23,1340
프레이즈v,2022-01-11,1415
삿살,2024-02-20,1580
땃쥐펀치는따땃하쥐,2023-12-30,1520
도아가스,2022-01-12,1370
블레드러머,2022-09-25,1370
소유니얏,2021-10-23,1415
걍정수,2021-09-04,1420
섹시여왕,2023-01-25,177.5
워로드아닙니다,2020-08-23,904.17
가끔네생각이나는걸,2022-12-03,366.67
48CX,2021-06-16,527.5
쁘레닷,2024-07-31,1590
목욕탕면봉도둑홍지원,2022-12-25,1405.83
필라불꽃,2023-07-02,1496.67
옆낫,2023-11-10,500
에르바프,2023-01-20,1460
cokeiswater,2021-08-12,1302
피구름을그릴거에요,2023-01-10,1340
위고링,2021-01-30,1341.67
초미녀홀나,2023-07-28,1462.5
엉덩이주사놓을시간이에오,2021-01-10,1341.67
슬비해나,2024-08-25,1600
천년묵기,2023-07-30,1415
디붕하네,2022-01-10,195
낫든도둑,2023-07-24,1460
Mxcoco,2021-03-21,1325
정할닉넴이없네,2023-11-10,1415
매화키스,2023-01-19,1430
헤앤느,2024-07-31,1520
도금신,2024-06-20,500
전나게빛나는회오리수류탄,2022-04-02,460
민트초코칩붕어빵,2023-08-11,1540
18일만료쿠폰,2022-07-19,1340
서폿없으면죽어요,2023-05-05,1513.33
바닐라늴리리야,2024-08-13,1540
품절난김밥,2024-05-03,1540
일루미라지,2022-10-18,155
마믅,2024-01-12,1462.5
버프폴리쉬,2022-12-25,1493.33
주머니홀,2023-11-24,1415
기상을지배하는아가,2022-07-11,152.5
와우해장국,2024-02-02,1460
나희x,2022-07-07,108.33
여자요즈족도화가,2022-01-13,1302
홀리홀리나잇트,2021-07-09,1415
SeoraBang,2024-07-23,1545
남극핑구,2024-07-11,1521.67
울이터짱,2023-07-20,1420
곰곰춘천식닭갈비떡볶이,2024-01-02,1460
유야남신,2022-11-20,1415
말랑견,2024-07-14,1520
아가보단바드야,2023-12-23,1580
원투훅쓱빡,2023-12-22,1472.5
무등산타잔,2024-07-13,1523.33
쩡소바,2021-02-05,1340
워둥워둥,2023-01-19,1445
하얀맥심,2024-07-22,1600
오늘은위험한리퍼누나,2024-07-16,1540
현미소울,2024-07-13,1548.33
스쫍,2023-07-22,1415
패링브레이커,2023-12-22,1566.67
강남구논현동흡카죽돌이,2023-12-20,1485
내맘속디트,2023-11-23,1525
마빡맨2,2021-04-15,1330
모네양,2024-07-28,1592.5
브레이커다다다닥,2024-01-17,1565
꽃또야,2022-01-21,1420
은섵,2024-08-25,1600.83
성채임,2022-09-25,1445
야구나래,2023-01-19,1383.33
채치기병,2024-01-19,500
홍이닉,2024-04-11,460
브르꺼,2023-12-22,1580
무지개파르페,2024-08-30,1640
수녀님저는남자가좋습니다,2021-03-07,882.5
감자칩먹는돼지,2021-07-09,1415
사그락들다,2024-02-09,1580
메이윈,2021-03-18,1340.83
로아를즐기는어린이,2021-10-16,590
OPKJ3,2021-04-05,1325
발사소녀,2024-07-10,1521.67
또마쯔,2022-12-23,1460
쓱쓱싹싹쑉,2022-09-21,1445
Walea,2023-03-16,1340
어쩔메모리폼,2022-01-15,1302
이거이그림술사,2024-07-26,1540
즉사필생,2023-12-22,1536.67
로오슬,2023-01-19,1490
소울별미,2023-10-15,1521.67
케세트,2023-12-21,1520
딘탬,2021-08-24,1350
군주참,2020-12-23,915
꼬질꼬질해도귀여워,2024-06-29,500
펄스건다이애나,2023-07-19,1415
시기우스,2020-12-07,915
zl존또구,2022-01-07,52.5
민국아함만봐주자,2023-07-04,1493.33
창그리고녀,2020-08-23,915.83
사석리,2021-03-27,1325
적혈두꺼비,2023-01-18,1490
harp고라니,2023-03-09,1340
비페라,2024-01-25,805
가속경계,2024-07-11,1586.67
파슬어,2023-12-20,1520
똥개였습니다,2023-12-24,1600
리듬뷰티,2023-02-22,1370
로제새우필라프좋아,2023-06-16,1541.67
단단한캐내디언,2024-07-15,1600
야수선배,2024-07-11,1530
구슬통,2023-06-28,1490
호빈잇,2024-07-15,1525
로린이쉨,2022-07-25,1340
추억의행복도화가,2024-08-30,1640
무연초화,2021-08-06,1302
세노테스,2024-02-22,1600.83
안괜찬홍,2022-03-30,1340
못참고만든캐릭,2021-07-09,1302
드랍더빛,2023-12-30,1460
l슈즈l,2024-07-14,1600
WarriorBlz,2020-08-22,896.67
이븐꼼,2022-07-23,72.5
다생각없어요,2021-11-07,51.67
아기소울응애,2024-01-08,1540
브래이거,2023-12-23,1540
김왕문,2022-05-04,1460
사랑을담아서송하나,2021-08-13,1417.5
젤라썸,2020-08-23,400
머한3,2023-07-30,1422.5
야인남,2024-07-15,1540
킨극,2024-06-02,1415
두히나,2023-01-24,1415
체술을부탁해,2024-05-19,500
아기별토끼,2023-07-23,1490
룰루경단,2023-12-21,1510
탈출의노래연주자,2023-02-08,1450
주디나이트,2021-06-11,61.67
복싱함,2024-08-30,1640
악령군단장,2023-07-24,1508.33
날씨는조아요,2022-07-10,1460
오하만,2022-09-25,1340
트로카보,2022-07-19,1470
샤방울,2021-10-21,1417.5
GTR루페온,2023-05-22,1381.67
쉬아몬,2022-02-13,1302
배마배틀마,2021-03-25,1325
상남자현동,2022-10-01,1415
민초빵,2024-07-12,81.67
복숭아추적자,2023-12-26,1525
sooso현,2024-05-13,600
25년산모태솔로,2022-12-30,1460
날치야날치해봐,2022-08-26,1370
트루데런,2021-04-30,520.33
깝충,2022-10-25,1375
우잭나,2022-01-23,1445
기쁜하트,2024-06-18,1340
비슬이슬비슬이슬비,2024-08-25,1603.33
암살자가꿈인앙재혁,2024-07-11,1540
쿠모커피,2024-01-28,1460
고개반숙인남자,2024-07-12,1523.33
님엉덩이이쁘네요,2023-07-17,1570
만특비,2024-07-14,1520
논두렁매생,2021-08-12,1397.5
홍화요,2023-11-11,52.5
매일매일퇴근생각,2024-01-21,1460
에기요,2023-12-25,1545
마다라오e,2023-07-20,156.67
붓녕이,2022-12-30,1503.33
스카우터떡상기원,2020-09-30,1010
초롱오빠,2024-03-25,1548.33
말랑레인,2021-05-23,900
jasper0425,2023-07-27,1447.5
도쿄디즈니씨,2023-07-05,1462.5
엘비앙,2023-12-26,1385
반비린,2023-12-22,1460
우리아이벌써커,2023-01-18,1351.67
황금우체부,2021-05-23,1050
우뚜빈,2022-11-13,1540
킴선아,2022-07-26,820
찡버라내,2024-08-06,1602.5
킴선or,2023-01-07,1340
휘릭꽁,2023-07-23,1415
춘스춘스밤밤,2024-07-21,1600
지니는어린이,2023-01-18,1584.17
포션안먹는청년,2023-12-26,1580
카페스톤커피머신기도둑,2023-12-20,1520
비비기기너너,2024-07-22,1600
화가소연,2022-01-14,1386.67
윌령,2024-07-12,1550
현충로역,2021-08-08,1356.67
거제수나무,2024-07-15,1590.83
AttoCEO,2021-08-24,1405
진지하누,2020-12-23,915
브렌홀츠,2021-08-25,1370
나는돌데모닉,2021-02-27,885
카레의유산,2022-04-15,1370
바램은칼퇴,2024-07-11,1523.33
진엘,2020-08-23,907.5
고킨,2022-07-15,1460
보리매리,2024-07-13,1600
텐텐벨,2024-07-13,1560
엘융카나,2022-02-10,1445
시크인형,2024-07-28,1540
도화가만키우는나,2022-08-27,973.33
슐아비,2022-01-21,1528.33
이기적꼰대,2021-09-17,1370
낚시바늘투척,2021-05-17,75.83
몬헌에서해머하다왔어요,2022-07-24,1420
송사견,2023-12-21,1580
세쿠시연사,2023-07-21,1415
볼덴,2022-09-23,1477.5
Hatsuyuki,2024-03-21,500
개고은,2020-08-23,907.5
콩먹으면정력감소,2023-11-15,107.67
문화동스턴건,2021-08-14,1415
권히츠,2024-08-19,1530
점화추어,2023-07-11,1490
맹파커스,2023-12-21,1540
이세계에선내가초미녀바드,2021-09-09,1306
인생이코미디인남자,2022-02-25,1355
소앉아vs소서,2024-07-18,1555
코알라킥,2022-01-13,1415
워너비3,2024-07-14,1520
매쓰몽키,2021-11-02,1330
새벽안개꽃등심,2021-10-26,1325
으에엣떼마씨,2021-08-20,1302
으연,2021-11-12,460
류작휘,2021-03-02,802
다애띠,2023-04-08,1398.33
햇감좌,2021-01-30,1340
무료로번개를쳐드립니다,2022-11-15,600
xGOOBERx,2023-07-25,112.67
말랑츄잉,2022-07-06,1435
새벽온,2024-07-15,1585
한방뭉개뿌까,2023-09-21,1540
미누미누,2023-12-24,1560
고어레스,2024-07-15,1594.17
루시페린느,2023-03-19,195
장진홀,2024-08-05,1545
딸기먹는치와와,2023-12-21,1540
발포창,2024-07-11,1520
흑련슬아,2022-05-26,1415
망치가글러브들면,2024-07-10,1528.33
우산검선,2022-07-23,52.5
퍼지나,2022-01-24,1370
출근전로아,2023-10-13,1415
국쑤국쑤,2022-01-23,1414.17
얼음맛소다,2021-05-23,875
머리를내리쳐요,2024-06-29,1586.67
MZ알비온,2021-09-18,55
LACTOFIT사이다,2022-07-19,212.5
모든공격은내앞에서멈춘다,2021-03-21,925
박도유의싸늘한레프트훅,2023-12-23,1460
쌍레기갑니다,2021-05-23,1345.83
레디스즈,2023-01-19,1425
리퍼는적폐,2020-10-03,915
아르카나권이,2024-07-16,1585
니나브손절한웨이,2022-01-21,1302
말쏘,2023-07-23,1490
일도삼도천,2022-03-18,210
만천명을움켜쥔자브레이커,2023-12-22,1580
워로듘,2020-10-22,915
너욜,2022-01-16,1460
지복순,2023-11-23,1490
야드에요,2021-08-15,222.5
파니에요,2023-09-21,52.5
리본펭민아리스,2022-04-20,104.17
앙큼한니나브,2024-08-09,1565
홀나파르페,2021-05-31,61.67
예배원인,2023-12-22,1541.67
묘나틱,2023-01-24,1460
애쉬마젠타,2021-04-12,1050
Benim,2024-08-13,1600.83
또곰탱이,2022-07-02,600
먀홋,2022-02-20,51.67
여우쉐,2022-07-12,169.33
임가온,2024-05-19,1292.5
숙련자코스,2022-12-24,1495
열심히키울꺼에요,2024-07-12,1520
차가운snow,2023-07-24,1498.33
메리블루베리파르페,2022-12-21,1340
호스토,2023-07-09,1340
만두빵방지우,2023-01-02,1500
무슨짓이야,2020-12-25,1380.83
서잔월,2024-07-12,1520
디테치먼트,2023-11-19,1500
우산이없도,2022-07-10,1422.5
현슬,2022-08-21,1482.5
츄러쯔남친,2021-03-21,61.67
독고근철,2024-07-14,1585
블레후유증,2021-08-23,96
서폿필요한사람있나요,2022-02-25,960
엉골살헌터,2020-12-21,915
듀콩단,2022-07-07,1410.83
서세린,2023-12-23,1565
VllOLET,2021-08-28,1415
어서내게와,2021-07-05,61.67
아기디붕짱,2022-07-17,1465
홀리나이트좋냐,2021-06-25,802
동낔,2023-12-21,1580
린단우,2021-03-22,1050
은적하,2020-08-23,1015
여유우산,2024-06-19,1525
Arjuna2Life,2021-04-25,95.83
유혹적이다,2024-06-18,500
불교사찰목탁도둑,2024-08-09,1611.67
FalseReaper,2023-07-23,1520
아졘구,2021-08-30,177.5
우빵서,2023-01-21,1415
머스캣모히또에이드,2024-07-24,1585
VFow,2023-12-25,1582.5
혼돈이도래하리라,2024-07-14,1520
창구리꺼,2020-08-31,1328.33
렛미현,2022-08-30,1445
몬스터즈워로드,2024-01-04,1580
여우비검사,2022-07-07,1417.5
영혼이말대꾸,2023-07-25,1506.67
피리부는훈타,2023-06-30,137.5
나애기공듀응애,2021-06-26,1325
한글로드,2021-07-11,96.67
달달한로생,2023-10-18,1580.83
피치공주지호,2023-07-19,1490
아가뽑뽀,2023-01-03,62.5
오비삼척,2023-12-24,1540
섭주따라활잡이,2021-12-19,51.67
모찌도둑,2021-04-01,1325
로아환경부,2024-08-30,1640
헬슬링어,2024-07-21,1540
Leinhar,2022-07-18,1340
홀나일삼,2023-07-26,1465
플라워피닉스,2024-07-14,1605
카멘을두번돌면투탕카멘,2023-10-20,500
아스유키,2021-08-02,302
항상먹은걸로,2022-01-21,1415
헤이왕자,2021-01-21,1345.83
기상캐스터익똥,2023-05-14,302
죽습홍,2023-07-15,1498.33
서머너원진,2023-01-14,1470
바바쏘울,2024-01-05,1460
마이클코어스,2023-12-22,1520
쓸데있는긴지팡이,2021-08-26,1302
장카윈,2023-11-14,1490
붕붕토끼,2022-05-13,52.5
주붓얏,2022-02-17,1302
르세이오,2022-08-24,1410.83
나만의작은아가리퍼,2023-07-02,1508.33
나는예쁘지않습니국주,2023-01-19,1490
새롬동창잡이,2023-03-14,1340
저달쟁이,2023-12-24,1460
미니동화,2023-01-18,1340
아르카나엔,2022-12-12,302
힐장판에주님곁으로,2022-06-01,1390
5449,2024-07-14,1543.33
IFWein,2024-08-03,1600
빙근뱅근,2024-07-13,1585
강성노조데모닉,2023-06-29,1462.5
소울이터니아,2023-07-20,1490
환월루비,2023-12-25,1518.33
코매카,2021-08-12,1325
레종소서리스,2021-08-13,1302
벽력일섬6연,2024-07-04,500
잔혹한콩이,2024-07-12,1585
호두와땅콩먹기,2021-01-30,1325
전형적인배틀마스터,2021-11-13,1413.33
홍리나이또,2021-09-03,1310
치와와키우는브레이커,2023-12-25,1520
붓질고구마,2024-07-16,1530
워로드안준혁,2021-05-12,526.67
zl존현우짱2,2023-05-29,1422.5
말랑소서리스,2021-10-31,380
론마시,2024-05-24,500
양념치킨또치,2022-04-20,1521.67
살여,2024-01-29,1585
딜없슨,2024-07-12,1585
든든한똥베리,2024-07-11,1520
디알케미스트,2021-12-30,1397.5
이셰개스카,2023-12-22,1460
켠김에바드까지,2020-12-20,920
연약한천사,2023-11-13,1470
난메리야지금네뒤에있어,2024-08-30,1640
천둥펭귄,2021-03-27,1340
루시안이되고싶은발라,2022-01-30,1370
복싱배운찐,2023-12-23,108.33
붙잡아줘,2023-01-23,1340
o착괴o,2020-10-20,915
며쪙,2023-04-14,302
권설잉,2021-05-02,527.83
윈디windy,2020-12-14,808.33
틸아가,2022-01-26,1457.5
오른손이하는걸왼손이모름,2024-07-14,1566.67
발기창,2022-05-05,1460
겨울보다는여름이지,2021-12-23,72.5
똔티,2024-07-14,1595
상어초,2021-03-21,1325
야구슬안먹을거면꺼져,2024-05-17,1610
꼿꼿해,2021-09-10,1310
뒤지게패야말듣는사람,2023-11-22,500
정선생님,2021-05-09,885
집나온냥냥이,2024-07-18,1585
가주카,2023-01-20,1490
고맙습니다요,2022-01-14,1340
뽀짝뽀짝힐넣음,2023-01-31,590
망치쓸줄몰라요,2021-08-21,130
혼자는블래스터,2021-12-23,1302
항상u,2022-01-24,1503.33
정바디,2021-03-11,1325
한청명,2022-02-02,1302
말썽쟁이창수리,2021-11-05,460
토끼소대도화가,2023-12-23,1580
요늬,2021-11-17,960
뱀이슬레,2023-12-23,1580
나약한말,2023-12-23,1540
바나나아이유,2021-11-01,600
시타에,2024-08-05,1590.83
장밋빛,2024-08-03,1600
심심풀이99,2023-10-12,1563.33
전멸하라,2023-06-29,1250
인절미펀치,2024-01-14,231.67
부패도구,2021-12-28,1302
유유천황삼,2024-06-23,1460
저승치킨,2024-04-20,1540
바드집안며느리,2024-07-27,1605
JeanGenie,2023-10-11,1417.5
더복서라잌펀치,2023-12-28,52.5
리소류,2024-07-19,1520
도라에몽빤치,2024-05-19,1340
슈슉슈슈슉슈샥,2022-11-13,1462.5
o아브버스o,2024-08-30,1640
동화속도아가,2022-01-12,1455
참이슬이터,2023-07-20,1498.33
도화륌,2022-01-16,1385
클러쳐,2023-12-23,1585.83
무교인성기사,2021-12-23,90
축무기마법주문서,2023-12-26,500
샤인머스캣푸딩,2020-08-23,1345
만월낫배드,2023-10-20,1445
곰도화,2022-01-14,1445
소통브레이커,2023-12-21,1535
햇반얌,2023-10-04,1460
TestNuG,2024-08-09,1520
아울펀치,2024-07-23,500
S바이퍼,2023-07-04,1508.33
모닝수묵화,2024-08-30,1640
아효우,2023-07-19,1490
폐급인척했던로아생활,2022-12-13,302
BigData,2023-12-20,1578.33
수려영혼,2024-07-23,1543.33
Tahie,2024-07-11,1526.67
주워온커마,2023-07-22,1490
귤치킨홍대점,2023-12-24,1520
문어도인어도모두친구,2021-12-28,1302
민트휴먼,2024-06-26,500
단애지,2023-12-21,1546.67
Laziere2,2021-03-16,1370
단라곰,2024-01-01,1535
시딘이,2021-03-21,749
대머리마법사멀린,2021-08-27,1427.5
인천비비탄,2023-12-21,1528.33
시리쿠,2020-10-04,940
라포니소울,2023-07-21,1415
화선지에피는꽃,2022-11-24,1523.33
내가수라가될게,2024-07-12,1570
공기청정제,2022-07-09,225
체술인파쓰,2021-03-14,1340
은이랑c,2023-05-14,1400
배틀마스쫑,2024-07-13,1540
화끈한드라이아이스,2023-01-24,1490
뇽상술사,2022-07-08,1460
계왕권100배닷,2021-03-27,1326.67
서울의탈,2024-07-11,1540
선생양기리,2024-07-16,1568.33
포식대장,2023-01-31,1415
엔씽,2023-11-10,1550
구덕수,2024-07-15,1591.67
류미룡,2024-08-30,1640
실드치러간다,2023-07-18,1465
간장조림,2024-07-11,1585
도아가는똑땅해,2022-02-28,1325
마음만은재빠른사나이,2021-09-18,533.33
스토리는중요하지만슈모익,2024-07-15,1540
소울이터꼬꼬꾸꼬,2023-07-20,1415
본캐도리퍼입니다,2021-08-12,1302
시릴옌,2023-01-23,1340
전래동화속,2024-06-13,500
아앗머리가,2024-07-14,1578.33
민쵸아가,2022-06-30,600
성준백키로,2020-08-22,935
세젤귀애기,2022-12-31,1460
뚠써,2022-02-04,1442.5
리퍼라티,2024-02-12,108.33
용젬젬,2024-07-14,1523.33
꽈아앙,2023-08-09,1490
뜨호,2021-12-23,1370
세이렌커마,2024-01-12,567.5
따뜻한모닥불에딥키스,2022-07-16,1396.67
브ZII이커,2023-12-21,1520
사나이들을즐겨먹는자,2024-02-11,1460
보험설계사장만월,2023-07-19,1475
생선이싫어요,2022-01-27,1460
최고급돌,2023-12-22,1540
빽핑보라구요,2024-07-14,1523.33
Eunhwa1,2022-07-27,1415
쁘띠재욱,2024-07-16,1550
효주뚝,2024-07-12,1536.67
레이첼리스,2022-01-03,1302
중회복,2023-11-12,1415
양산형원월드4호,2022-02-06,1302
응큼한뒷태,2024-07-21,1589.17
뽀로로헌터,2023-12-23,1561.67
감자는뒹구르르,2024-07-13,1520
사쿠라신이,2023-08-02,1432.5
아옥희,2024-07-11,1540
뽀로로변환,2024-01-17,1250
벨라드,2020-11-17,915
먹해랑,2024-01-16,1584.17
시혀비,2024-06-30,53.33
뛰뛰방방,2023-12-26,1540
치즈계란밥,2022-01-26,1462.5
새벽하늘그림리퍼,2023-07-20,1508.33
뭉복,2024-07-14,1585
탕탄빵,2023-12-22,1250
히히주먹발1싸,2021-07-10,1302
만개한버스트,2024-07-17,1610.83
아빠가타이슨,2024-01-17,1550
채서예,2022-01-26,1445
림레이크에선일상임당,2022-01-24,1465
엄청난떼바시,2024-07-12,1600
깡스야또참냐,2022-03-31,1370
애기비버,2021-12-27,1377.5
Aloera,2022-01-22,1445
도아가출,2022-02-10,51.67
조서하,2024-07-11,1563.33
리퍼롤백,2023-01-18,1518.33
잼잼띠,2023-12-27,1460
구슬을먹으면피가찬대요,2022-01-21,1475
순진하니,2022-01-24,1500
낫으로머리베기,2023-07-21,1415
미카남편,2024-01-09,500
아스페잘못씀,2022-12-22,1381.67
블비슬,2021-04-05,505
엄살마스터,2024-07-06,500
엄살두목,2023-10-14,1583.33
귀여운동네한석봉,2022-01-23,1302
빛머규,2020-11-09,1360
낫밥통,2023-11-25,1415
호랭펀치,2024-06-06,1607.5
인천남기석,2021-07-05,82.5
미소야돈카츠김치우동전골,2024-07-10,1600
사신하,2023-07-25,1500
로아유토,2024-04-17,1580
엄마난커서스트라이커가될,2023-08-29,1490
꼭뚜각시,2024-07-20,1540
술레어,2023-01-19,1490
홀리뱅님,2022-07-19,1450
빱끄,2024-08-20,1615.83
페레니얼라이그라스,2023-01-19,1400
S급헌터이상이,2024-07-13,1561.67
리오체술,2022-03-17,1450
쿠쿠라크,2024-01-16,1460
땅거미가질적에,2022-02-02,1387.5
허주아,2023-12-04,91.67
쇼콜라아가,2022-03-07,1460
홀리몰리짜파굴리,2024-05-27,500
멈이,2023-12-20,1460
돌링어,2023-09-19,805
뼐스,2023-12-23,1545
M61,2023-10-11,1565
초면에바지내리기,2024-03-01,81.67
부드러운산들바람,2022-07-07,90.83
솔B,2024-07-15,1520
소행성녀,2024-06-18,1460
기상해람,2024-07-16,1540
리퍼님헤드좀돌리지마세요,2024-07-11,1573.33
연애쮸,2022-07-18,220
뚜시오구,2023-01-21,1420
워로드깎는노인,2021-09-18,1330
디풍,2021-04-05,1340
스까구,2023-06-29,94.17
악요명운,2024-07-19,1585.83
홑나시치,2023-10-05,1540
유입은화형이지,2021-08-23,1302
달달광자,2024-07-14,1551.67
하렌우현,2023-12-24,1558.33
와따따뚜르갠,2024-07-19,1526.67
화일론머스크,2024-06-17,1520
너만힐,2021-08-20,1392.5
아일라트리스,2022-08-03,90.83
냥냥꼬리,2023-09-25,1515
모닥모닥뱃살태림,2022-12-22,1482.5
쀼야,2023-12-20,1477.5
떼바시바어디가,2022-03-19,1302
딴딴호두,2022-10-28,1590
앵두맛오렌지,2024-06-28,500
투다리,2023-10-02,1589.17
난모구로,2024-07-15,1550
읫힝,2021-03-05,1404.17
케스발,2021-09-18,1386.67
통통한수댕이,2022-06-08,1450
총쓰는이쁜이,2021-09-11,1415
89년생YTS,2021-12-30,1005
백투,2021-08-18,1302
슬레이어기욱,2023-11-27,106
ASK도화가2,2022-01-25,1302
우단벌레,2023-04-29,1578.33
ATMAN란,2024-02-13,1530
w조이w,2024-02-13,1460
권시조,2023-12-22,635
파폭맨,2022-12-30,1506.67
기발기발한너,2023-01-27,1347.5
금빛잉여,2023-03-19,1593.33
오늘도덕후,2021-12-23,1415
으뜸뱁새,2024-07-17,1525
호크gurA,2024-07-17,1585
김랑이호두한,2023-04-24,1465
플랑크통,2021-09-29,1325
아르베이지,2022-07-19,1355
이커델,2024-05-24,1520
obnYASH,2022-07-09,109.17
이리가좋은사람,2024-07-24,1525
가난대결,2023-12-26,1580
웨딩업체,2022-01-17,1437.5
엔캄스,2024-08-04,1590
앞으로붓은흉기에요,2022-01-29,1370
붉은씨락,2021-04-05,1325
H뱅크H,2024-03-31,1415
소민이01,2024-01-06,1575
벤칸W,2023-01-24,1460
블서니,2024-07-11,1585
발탄부터상아까지,2024-07-19,1560
모카맛양갱이,2022-07-06,1343.33
소환하나연,2020-08-23,1330
랏폿파티전문,2022-11-28,1430
아류오,2023-09-19,1415
께네,2021-03-23,1355
워붕워부웅,2023-08-17,1415
군특피해자,2022-07-09,69.17
뽀또는맛있어,2021-12-27,1302
RikunE,2020-08-22,1314.17
포도유자청,2022-01-02,1302
RBerry,2022-05-11,1385
ApplesBook,2022-03-17,718.67
엔버하자,2023-07-23,1415
채원쮸,2022-01-23,1445
나라프로복서,2024-08-19,1616.67
난쟁이가쏘아올린작은미폭,2021-07-13,110
오빠에르메스사주세요,2023-08-04,1496.67
휴일님특근하세요,2022-05-23,480
갱갱이바드,2021-07-19,467
나가론드,2024-07-12,1521.67
민초력,2021-07-29,1417.5
축복의오호랄라,2023-12-22,1565
딸기맛우유쿠키,2024-07-30,1600
만월은예술이지,2024-07-11,1586.67
함께같이요,2023-12-25,1560
이너슨,2024-07-15,1585
Luxury신화,2023-01-19,1430
심퐁,2023-12-24,1540
BBABsss,2024-07-14,1601.67
뿔늑대,2023-01-23,1415
휘설홍,2022-03-19,254.17
뫼일미소,2022-07-11,1432.5
리퍼는공주야,2021-03-27,1325
재주바보,2022-12-28,1500
봉제산무덕이,2022-11-04,520
반포동쉐닷녀,2024-07-14,1608.33
서폿지,2021-12-31,1302
마법소녀왕코코,2021-03-01,1345
만능슬리퍼,2024-07-14,1526.67
줭이가,2023-07-27,1498.33
먹담해,2023-08-27,1415
마늘츄,2021-01-21,1327.5
InSoul,2023-07-25,1493.33
비밥0,2024-07-14,1600
서머구미,2023-12-21,1555
감귤먹는자,2023-07-25,1490
이불에지도그림,2024-08-01,1571.67
이기야,2023-12-20,1460
다크알비온,2021-08-18,920
축복이따르기를,2024-07-11,1528.33
한지혜,2023-07-14,1560
질풍ist,2024-07-14,1600
위기부면,2023-10-15,70
서핑마렵네,2021-08-07,1430
물주먹봉봉,2021-07-09,1325
아이고포턴,2021-07-06,1325
뽀로로한정판,2023-12-22,1560
암은곰이다,2021-06-02,925
라피스팔시어,2023-01-19,1370
금색기와고양이,2021-04-28,526.67
문고리수리병,2024-08-30,1640
람각강지,2022-06-15,1445
쿠르잔낫잽이,2023-12-21,1580
별앨,2022-11-27,1590.83
좋아하게되서,2022-07-10,1340
펭귄스틱,2020-09-05,1362.5
테나푸,2024-03-24,1340
전략적팀전투의여신예니하,2024-03-20,1583.33
뽀뽀양단디,2020-08-23,915
알킬페놀,2022-01-30,1302
호주산얼룩소,2021-07-24,1370
땃쥐땃쥐땃쥐,2023-12-24,1460
김태한,2022-12-23,1460
당면요리,2023-07-19,1415
모태앵,2023-12-30,500
구삼삼삼,2022-09-29,1413.33
무호흡힐링의달인,2022-08-09,1415
운명의치킨,2024-08-07,1490
홍은동암살자,2024-07-14,1545
나는제일예쁜공주다,2022-09-27,1340
아이스뉴이어시트러스티,2022-01-04,200
챙술샤,2020-08-23,915
낭만사신김저승,2023-07-26,1493.33
마데카솔홀나,2024-07-19,1565
겨울글,2022-01-21,1317.5
지혜응,2024-07-22,1540
성전삭,2023-12-21,1530
시르에렌,2021-08-14,1302
사연있던사람,2023-01-29,1415
겨울은진짜좋아요,2023-05-06,1304
희1찬,2021-08-13,1332.5
슬의생사랑합니다,2023-12-25,1460
마리아데쳐,2022-07-17,1370
느린건못참지,2021-09-05,1410
안두인린스톰윈드의왕자지,2022-06-17,1540
HA아르,2023-03-13,1415
내가왜힐을줌,2021-08-27,1340
옆집게이,2022-02-19,1302
윤틸다,2023-12-21,151.67
솔레닉스,2023-12-25,1560
X301포대장,2021-12-19,1430
스티뷰,2024-07-11,1526.67
설청아,2023-12-22,1482.5
진아인파,2022-04-09,600
슈퍼우먼준규,2024-07-14,1533.33
희종이,2024-07-29,1545
싱그럽게익은과실,2023-10-16,63.33
도화꾸,2022-01-12,1360.83
스카커요미,2021-07-18,90
02얀,2022-01-18,1435
Larbong,2021-08-20,1445
립톤맛있다,2024-07-13,1540
이것은흔들리지않는탑승감,2022-12-28,1490
코망이의낫,2023-07-19,1511.67
탈퇴망치,2024-08-04,1598.33
금일은금요일아닌가요,2024-01-18,1100
YANGD바드,2022-01-24,1445
CBY,2024-08-30,1620
주엽동me친놈,2021-08-30,1430
머리빨간앤,2021-12-20,1325.83
시원한바람이부는어느날에,2022-01-21,1340
아기루이,2021-01-04,1335.83
FlexVolt,2024-07-21,1585.83
두리는기상,2023-07-14,1415
커브홀리,2023-09-12,805
반으로갈라져서죽어버려,2024-08-09,1610
낫놓고기억해봐,2024-08-02,1590
건슬SSUN,2023-12-21,1605
Breakable,2023-12-22,1540
사신제레온,2022-07-07,1415
뽀로로장난감도둑,2023-07-01,1420
효찬쨩,2023-07-23,1490
훈남워로드,2021-08-15,1302
스커시루,2022-06-23,1415
Fearless,2024-08-29,1521.67
레몬사이드,2024-07-12,1590.83
그냥하려는바드,2022-08-28,1415
악세주때요,2024-08-25,1595
뙗땷,2021-08-12,236.67
Aporkalpsl,2021-10-04,1340
츄카동,2024-07-19,1601.67
이권황,2023-12-20,1460
제가페인,2021-12-26,201.67
통밀또띠아,2023-02-28,190
tempura,2024-07-16,1520
소개팅했는데답장이없어요,2023-01-19,1500
슬레두루,2024-01-29,1580
YOUNHAHOLIC,2023-12-26,1540
빡Q,2020-08-23,990
브렉터,2024-07-15,1571.67
펀치로맴매맴매,2023-12-21,1546.67
꺾이지않는비버,2022-12-22,1460
대마도사P곤한펜리르,2021-08-11,1302
365일한가한기상술사,2022-07-10,1415
떼에에에에,2022-01-15,1373.33
준현시치,2023-12-24,1535
언니구슬믿지,2022-11-06,302
굥머판,2024-04-06,1365
디트동자,2022-05-21,1415
마엘잘써요버리지마세요,2022-02-10,1353.33
애키와니,2024-01-25,1480
쿡찔,2022-05-22,596.67
창갤주5,2021-09-07,1316.67
김후륵,2022-07-06,1341.67
소울리스민수,2024-07-15,1592.5
글글H,2022-07-14,1340
햅댄,2022-01-13,1370
대화가뽀워녕,2022-12-25,1512.5
파스쿠찌종이빨대도둑,2023-12-24,1553.33
유졍,2020-12-11,915
다르킨갈까요,2023-12-20,1482.5
끈적한문어,2023-08-04,1490
Ivy나비,2023-12-25,1540
멍청한사람일지도,2022-02-12,1325
근접원거리사냥꾼,2024-07-27,1540
도루메,2021-03-13,1336.67
뚱뚱커피,2023-01-07,1462.5
면죄부판매원,2022-10-31,1455
호크보다,2023-01-26,600
vackbec,2024-07-18,1550
우만동호랭이,2021-04-16,214.17
개짜우,2024-07-29,1605
체리스무디,2023-07-11,1495
넌죽지않는다,2021-07-06,1325
뀨몽잉,2024-04-01,960
이거어케하는건데요,2024-07-14,1540
앵애치,2022-01-10,1325
그저그런종말,2022-08-08,1440
맛있는감자,2023-12-30,1591.67
주용인,2023-12-22,1540
고삐아가,2022-01-21,1445
상급고대정령,2024-07-19,1576.67
낑굥,2021-05-15,1310
오라아다무다,2024-07-12,139.17
짱옆,2023-05-13,1407.5
윤설깅,2024-07-13,1595.83
아들문잠그고뭐해,2021-04-26,1389.17
x별이x,2022-01-31,1445
금빛칼피,2023-07-19,1460
버그데런,2023-07-23,1490
송화한방,2023-06-28,1482.5
복숭아아이스티2샷추가,2024-03-23,1460
눈와용,2020-08-22,900
일로와잇,2024-07-11,1595
내딸램도아가,2022-01-13,1445
컵라면은진라면순한맛,2021-04-06,1325
건슬상향좀제발,2021-04-05,925
스크린도화가열립니단,2023-12-21,1477.5
서윗한서익,2023-11-20,1520
장래희망풀피,2022-12-21,1495
타유니8,2023-12-20,1540
냥바타때문에인파하는사람,2021-04-12,1340
느리지만강하고묵직한한방,2021-03-30,1361.67
기분나쁜향기빰빰빠라밤,2023-12-24,1568.33
슈크림달곰,2022-09-23,1460
푼이랑,2024-03-13,635
돛대나이트,2020-08-23,833.67
코다리구이,2021-04-17,598.67
일딴살리고봄,2023-07-25,1415
미시충,2021-12-25,1417.5
흔한아크라시아기상캐스터,2022-07-09,460
뼉쓰,2024-07-11,1520
미스희코리아,2022-10-03,120.83
치로64,2020-08-23,1310
도하로로,2023-01-21,1340
뮬란양,2022-12-24,1490
아이고백스텝이슈,2023-11-01,1415
스윗샹,2024-07-15,1585
에코9L,2024-07-19,1590.83
설탕조각12,2022-04-13,960
비묻은멜론,2022-07-17,1100
우롱인데용,2024-03-28,1275
이터널리턴갓겜맞습니다,2023-12-21,1580
김상오,2023-12-20,1563.33
삼붕이는야웅,2022-09-18,960
미술됴구,2022-01-28,1324.17
기상캐스터주디,2022-07-08,1462.5
천상유향,2021-01-27,545
발목골절,2024-08-01,1593.33
댕댕홐홐,2021-07-10,1350.83
니츠하,2023-12-21,1543.33
끄배끄배야,2023-07-29,1415
테즈카,2020-09-14,375
빅아이스헤이즐,2022-01-27,1340
N사큰망치뫼르소,2023-07-01,1490
벤칸G,2022-12-22,1340
건들면날벼락,2022-07-21,1340
흑마시,2022-07-21,308.33
수라마망,2024-01-08,1561.67
무적도교관김옥동,2024-02-13,78.33
댕비,2024-06-26,1540
Egs,2024-01-02,1540
MeaUsa10,2024-07-15,1585
yellow어니,2022-07-19,1415
RoseAnjou,2023-12-17,1580
푸른색깔맞춤,2023-06-29,1487.5
울고있는까마귀,2024-07-11,1521.67
유얍이,2022-05-15,1432.5
서폿인권을살려줘,2023-07-20,1493.33
557번지,2022-02-14,1378.33
헤이아트,2022-12-22,1490
이름짓기가제일귀찮음,2022-06-07,1370
청랑권,2021-04-25,430
이슈리카,2024-07-14,1520
날카로운스윙,2023-01-09,1460
쁘브쁘,2024-03-06,1510
꼬마비애,2023-03-05,1340
구구1226,2024-07-11,1520
소서리슬슬,2024-01-20,1475
내일은이슬비내리는날,2024-07-16,1590.83
튜붸,2023-02-24,1460
발렌세피너스,2024-06-24,1595.83
대구서울,2020-11-19,941.67
재빠른광전사,2021-03-07,309.17
팜우산,2022-07-07,150
꿈에담긴지난추억,2022-09-29,55.83
잔혈탁,2024-03-21,1520
파란뚱땡이,2023-03-12,1460
누구를위하여만개를올리나,2023-12-23,1520
아가짱띠,2024-07-12,1520
치미슈키,2022-01-13,1445
헨타디붕,2024-07-12,1604.17
박춘삼인생최후최고의검무,2024-01-09,1536.67
아맞다샷건안챙겨왔다,2024-07-28,1600.83
아트레우스Holy,2022-07-10,460
장전놀이터,2022-04-08,802
베이글마스터,2024-02-12,1520
체술데빌,2022-03-08,1302
블래릴딘,2021-09-18,1350.83
닭둘기존맛,2022-02-28,1452.5
레레츠,2023-07-22,1415
준세에헴,2022-07-06,1440
초코모카모카,2020-08-22,913.33
세루부쵸,2024-07-21,1575
김할멈,2024-04-19,1520
마젠타의낫,2023-07-21,1470
놀이공원솜사탕,2022-04-09,302
사신흑염소,2023-07-19,1460
체험바드현장,2023-05-13,302
비열하게똥꼬만치는놈,2022-07-08,1415
호리미야무라,2023-11-25,1470
홀리나이트조교,2022-01-14,1302
구본좌디단단,2021-10-24,1340
시아베스타,2021-06-12,1420
독잇벰,2024-07-23,1600.83
엉H이,2024-07-28,1590
고화비예,2022-08-06,1465
땅콩분쇄기,2023-12-20,1545
루피사마,2022-08-15,1340
도탬,2021-03-17,1310
워로Toze,2021-09-30,1050
Elix1r,2023-12-20,1523.33
의판검승,2024-04-13,1540
단단묵직행,2023-09-24,167.5
머리좀쓰라고,2023-12-21,1543.33
퍼플아깅,2023-12-22,1460
아가야일하자,2022-01-21,1445
코페쉬,2024-04-17,1420
스페션,2024-07-14,1585
미뇽이와룰렛,2021-02-14,1350.83
원투쓰리포파이브씩세븐헨,2021-01-11,1050
204A,2023-10-30,1445
아기상어뚣뚜루뚜뚜,2024-07-18,86.67
초고속검사,2023-12-25,1540
합백냥,2024-07-06,1510
성자의숫자,2021-03-26,912.5
충똥데모닉,2021-05-13,526.67
장군이,2023-12-20,1460
망치BOOOOY,2022-01-22,1445
린다현,2023-12-22,1565
빡Joker,2022-06-23,1515
엄마가카드캡터체리,2024-07-11,1543.33
벚꽃믹스,2022-02-11,1370
한화식,2022-02-01,1302
72분,2020-09-19,1005
리만식,2022-05-16,302
세이크리아에서인정한남자,2022-11-10,1370
로생1회차도아가,2024-01-05,1475
홍자펀치,2022-07-31,1340
물렁물렁해,2022-08-01,1460
기며인이,2021-07-06,1335
망고다롱,2022-01-23,1505
오이민트구운파인애플,2022-09-10,1415
시간이많이지난후에도,2024-03-08,500
AmitaB,2021-03-20,1326.67
여름빛미소,2021-06-09,1050
강경진,2024-01-10,1536.67
구석기소년,2021-10-03,302
Cissol,2024-07-13,1525
졸린렉스,2023-03-08,1340
디노란,2021-09-27,1355
꿈을꾸는문어,2021-01-23,920
찹펑크,2023-07-25,1503.33
용당w,2021-04-24,103.33
이탈리아투어리즘,2024-07-11,1585
유유천황일,2023-07-17,500
베라최애요거트,2023-07-19,1415
옝노스,2022-01-06,1370
등짝스메싱브레이커,2023-12-20,107.5
건술돈유,2024-07-23,1592.5
용맹나이스,2023-07-19,1472.5
비트퓌레,2023-01-18,1340
규오반,2024-07-21,1548.33
쑤트븕,2024-07-10,1551.67
확정5,2020-09-04,997.5
도화가태환,2022-10-24,302
새콤공주,2022-12-25,1460
방패는간지,2022-02-21,1370
사사게특바드,2024-01-21,1490
우으산,2022-07-06,1490
하루꿀,2023-12-28,1460
기상술사요원,2022-07-24,1415
고창보단운석,2021-09-09,1302
창천수지,2022-07-14,1405
하늘을수호한다,2021-06-19,1325
암살1위,2024-07-12,1541.67
워로도닉,2023-09-25,1490
솜이텅,2023-10-15,1415
혜모찌,2024-06-24,88.33
띵춘,2024-08-30,1640
일남이네홀나,2023-01-01,1490
아프면빠지시던가,2021-03-27,1355.83
아하루비,2023-01-23,1490
d하니팜b,2024-07-12,1520
l쏭쥐l,2021-07-25,1340
재빠른피코,2024-08-20,1600
카단베일,2020-11-08,915
준읭,2023-01-20,1515
아에인워릳바웃잇롸잇나우,2022-09-06,1340
맹해이,2023-12-29,1520
최계춘,2022-05-15,1435
잘짖는사람,2024-03-12,1460
언제행복할려나,2023-10-08,1415
짐스님,2021-09-09,1430
유랑검술사,2021-04-25,248.33
미스릴테인,2024-08-01,1600
병기병기병기,2024-07-20,1600
고놈참잘생겼내,2024-07-14,1520
팔백조부자,2023-12-29,1475
히바크,2022-01-23,1445
자갈치기상술사,2022-12-22,1490
구오육,2024-07-14,1595
키키마댁이,2023-07-19,1425
우리팀리신,2024-01-16,1540
달뚠v,2023-12-21,1460
서형경,2022-07-06,1340
마운록,2022-02-14,214.17
맛보로,2022-01-25,1370
HUYS,2023-11-19,500
자고싶은고달픈곰,2021-12-26,118.33
뚠바드,2024-04-04,1540
나무꾼00,2023-07-31,1415
먹물맛봐라,2022-01-24,1400
수라수리마수리,2023-12-26,1540
낭만의검기,2023-09-14,500
구리구리몽몽,2023-12-26,1510
행복5번가,2023-12-24,1521.67
소울이터클라우드,2023-07-26,1495
베르니브,2022-02-21,1370
세계방패,2024-07-17,1520
망령의왕,2023-07-20,1490
길잃은홀리나이트,2021-06-29,61.67
진하에,2022-10-03,600
초코빵맛있오,2023-10-15,1415
김뚜르따르띠,2024-07-15,1543.33
너는쓸모가있을거야,2023-07-21,82.5
삐걱콩,2023-08-21,1467.5
비내린다주륵주륵,2022-07-07,1460
율전공돌이,2021-07-09,54.17
옆동네인퀴지터,2022-01-04,302
츄르무봣냐,2023-12-20,1510
우파다,2021-04-22,208.33
옆자리는제껍니다,2021-05-15,77.5
아베크,2023-12-23,1510
옆집개장수,2021-07-24,51.67
콩나물은햇빛보면안돼,2022-01-14,1415
워로드는하나,2021-12-24,1302
소우깅,2023-12-22,1581.67
저달각성저달각물저달,2024-07-14,1585
munyaa,2020-11-13,915
이게그렇게헛해,2023-12-21,1460
오시헨의민족,2024-08-06,1573.33
디누룽,2021-07-09,1390
킹갓섹시메가밀크탱,2024-01-09,1520
신인백,2023-12-22,91.67
순환소수는유리수,2023-12-23,1510
고하르,2021-08-30,1407.5
토끠넛프라페,2024-07-17,1490
최덕철,2020-11-12,586
악빙브커,2024-08-28,1620
제구슬막만지셧잖아요,2022-07-10,1430
MAGNIEATER,2023-07-21,1415
좌사장우민교,2021-03-16,1346.67
낫으로수확,2023-07-19,1490
미니스탑닭다리도둑,2022-01-21,460
냣실,2024-07-14,1590
당지영,2023-01-18,1340
메이탄,2024-07-25,1580
까까의삶1,2024-01-19,1561.67
카펠릭스,2023-12-23,1591.67
불타는토끼굴,2021-03-22,930
어둠속시련,2024-07-24,1580
페이샘,2022-12-26,1503.33
우사다임준혁,2023-09-30,1415
민I,2022-01-27,165
칠십육년,2024-07-13,1565
허악콩,2022-12-21,1462.5
대리석김대리,2022-05-10,433.33
낫상굥,2024-01-14,1500
메이넴,2021-09-09,1432.5
솜미령,2023-09-17,1545
V0001,2022-04-30,1389.17
상숑쇼,2024-06-22,1540
당연이떼엥,2023-11-17,1582.5
루멘아가,2023-12-24,1571.67
박카스원샷한데모닉,2020-08-23,1039.17
아이스더블MIIX,2021-07-13,1373.33
코코퀸,2021-04-12,1325
참곡검,2023-12-25,1460
동원참치하,2022-12-23,1360
연근마끼아또,2021-09-20,340.33
도아가는화가가될거야,2022-01-21,1447.5
얼마면되겟니,2022-01-21,1355
권우이,2024-07-12,1585
제리뽀이,2021-08-17,1370.83
피빛단검,2024-07-15,1595
난밤마다주먹으로울었다,2021-03-20,915
홀나랑바드도화가나요,2022-01-23,1336.67
junbong,2024-07-24,1590
해부링,2022-07-07,1460
아사카마,2022-12-27,1452.5
다목적휴대용포격장치,2022-03-01,1430
고델앤,2021-06-06,1000
남캐를왜키우지,2023-12-24,1553.33
날아가요오오옷,2023-05-27,1370
아이고로나야,2023-01-12,1460
힐안넣기마스터,2024-08-20,1605.83
옥짬뽕,2023-05-22,1460
삼성동김이터,2023-07-25,1460
세콘,2024-05-19,1053.33
스누피젤리,2023-12-21,1515
루페온와서만든캐릭,2021-03-02,900
복숭아케이크,2020-08-23,1323.33
서랑잡이,2024-07-21,1592.5
온순수라,2024-07-16,1561.67
머전불개미,2023-11-26,1490
벤즌,2024-07-12,1565
멀록찌르는칼,2022-01-23,1445
포식지,2023-01-18,1490
운율에시라소니박치기,2022-02-02,1447.5
굼벵이stab,2023-11-09,145
윤머희,2023-10-18,1462.5
미로영지,2023-06-24,1521.67
먹물사이에피어난장미,2024-02-18,1526.67
시무라,2023-12-27,1540
햇칫,2021-08-28,1375
manasitrana,2023-06-30,1432.5
솹굳,2020-09-05,920
더킹스웨이못해요,2024-02-16,73.33
저안죽었어요,2022-01-02,1302
선길술사,2022-07-21,1417.5
레세르네,2023-07-22,1477.5
처음이에요도화가,2022-01-27,1335
장송의FRIEREN,2024-07-12,1525
VonVoage,2023-01-29,1340
서폿왕홀나,2022-01-13,1462.5
딸기승현,2024-07-15,1585
아미퍄퍄,2023-12-22,1467.5
달서구쌍칼,2022-01-27,1302
우리신령,2024-01-05,1460
CentauriP,2022-07-15,53.33
19910902,2024-08-20,1594.17
사과주스쪽쪽,2021-08-11,1385
매운맛펭귄,2021-08-30,1370
초고교급낫쟁이,2023-07-20,1490
이리와블레,2021-12-23,94.17
진맹세이,2021-05-30,565.33
치헤,2024-03-21,1591.67
검은몸으로이루어져있다,2024-07-13,1568.33
건슬이월,2021-11-10,1370
뀨림,2022-07-22,1475
팝캔디,2023-12-20,1565
오늘나홀리해요,2021-07-21,1420
럭키벚꽃,2021-07-09,1302
금촌기,2020-10-13,990
산돼냥,2020-08-22,931.17
청개구리반,2023-06-24,260
먹물크림소스카레,2022-02-16,480
치즈밀,2021-07-15,1325
개삐,2024-08-27,1585
나쁜호드,2022-01-10,1355
PunchDDoo,2024-01-09,1535
이슬이슬기상,2024-07-13,1593.33
백합백화점옆백화백화점,2022-01-21,1477.5
CassCloud,2024-07-12,1600
V건슬,2023-08-24,1415
나랑지금장난해,2021-12-27,1056.67
anjfosl,2024-07-11,1540
공라이,2023-04-13,1307
홀리태화찡,2022-11-14,1495
노라하,2022-12-21,1415
낫성원,2024-07-07,1415
바드는할수있어요,2023-03-14,460
멍멍야옹삐약삐약,2024-08-05,1610
소울이터아님암튼아님,2023-07-23,1495
라임페더,2024-02-03,1485
류하애,2024-07-17,1600
피곤한밀리오,2023-12-01,500
계약이,2023-12-22,1580
30won,2021-03-25,1050
Terminators,2020-10-05,1343.33
안녕나는대게널대게좋아해,2022-07-07,1370
HolyMeow,2020-08-22,1027.5
가람질풍,2024-08-09,1597.5
팡이소울,2024-08-30,1640
자비로운남자박용우,2021-03-14,945
깨액깨액,2022-02-12,89.17
규믐달,2023-07-19,1490
황민영,2024-01-06,1516.67
블러드제인,2023-07-28,1501.67
쩨시양,2024-08-20,1585.83
꽁꽁얼어붙은우산위로걸어,2024-06-18,1520
예린이z,2023-11-21,1601.67
윤자림,2024-01-27,1600
콩콩송이,2023-10-07,1457.5
기토릿,2022-07-24,150
버서커인뎅,2022-12-22,1395.83
제식연섬,2023-10-24,1415
RoyalBO,2021-04-24,1330
ASK도악아2,2023-01-23,1392.5
젠뜨기,2021-03-21,1340.83
크리츠크리크,2021-08-05,1340
아르방씨,2020-10-29,1325
생선씨,2022-09-02,1475
3즌시크아트스로,2024-07-12,1520
뜨라인파이터,2020-10-02,1000
ArKaMiX,2021-12-19,1304.5
실보니,2024-02-19,1550
치채리,2024-07-18,1600
고장난수도꼭지,2024-07-14,1520
짱힌,2020-11-11,1325
여우비오는날엔,2022-07-07,94.17
타짜새분이,2023-01-24,1445
퀸커,2023-12-23,1460
눈떠보니피죤투,2023-08-31,1475
l갓난쟁이l,2024-07-21,1600
약실안불발탄,2021-07-01,61.67
달창면,2023-07-22,1508.33
로션맛,2021-12-24,1302
캐스팅군단장,2021-08-11,1302
황금빛골덕,2024-07-05,500
패블,2023-12-20,1460
싼워,2021-05-28,1376.67
찍먹장인김뇸뇸,2021-09-23,1370
담유혜,2023-07-20,1435
봄베이켓,2021-07-09,1329.17
바드는몰라레후,2024-01-08,1520
94세구덕춘의마지막체술,2023-12-16,70
융비비,2022-08-18,960
밥먹고가실까요,2022-07-19,256.67
꽁코코,2024-07-15,1561.67
온체리,2024-08-17,1340
쌀쌀아,2023-02-10,1415
선술권왕,2023-12-21,1465
방울서폿,2023-10-08,1492.5
극의지건,2021-03-20,1340
영혼을삼켜버릴,2023-08-13,1415
믹스Weather,2024-07-10,1526.67
로손실은손실,2024-07-13,1590
하재다3,2024-03-21,500
워류겐아도겐아따따뚜겐,2021-03-21,945
탱크뚱,2021-12-24,59.17
요사사,2023-02-27,51.67
슈야마,2024-07-12,1540
긍지높은규레이어,2023-01-19,1425
초코행복하다면야옹해,2024-08-02,1585
초승달아래서춤을,2023-07-20,805
진심뽠치,2024-07-11,1540
바냐나냐냐,2023-07-01,1490
먹어도맛없어요,2024-07-12,1592.5
알럽도도,2022-01-21,1370
창검술,2020-08-22,869.17
훈떵떵,2023-01-07,1503.33
나라서리,2024-07-14,1553.33
가지무침연근조림미역줄기,2024-08-30,1600.83
내나이97년생마지막도전,2023-12-20,1460
데런언우,2023-09-19,1415
느핑,2024-07-15,1590.83
하프도먹을수있나요,2023-10-06,1460
좋버그걸린털복숭아,2021-08-13,1325
꿀주먹차리,2024-01-30,1520
디부니,2024-08-19,1610
사이드초급반,2024-07-17,1605
1664,2023-12-08,1260
렘찍렘찍,2023-07-11,1490
아구낙지찜,2023-07-20,1475
MlJlKl,2022-03-21,1406.67
애어컨추워,2022-07-06,1380
뎀닉처럼,2021-12-25,92.5
티돌이x,2021-10-14,1415
새싹한자루,2022-07-07,1447.5
찌코리,2024-05-24,1540
황진웅,2023-01-25,1462.5
양자펀치,2024-07-17,1585
S한지수,2022-09-08,1394.17
흑방의새벽,2022-09-20,1470
잡Agam,2022-07-06,1460
초코야아프지마,2021-06-06,1325
평택아빠,2023-12-30,1545
뉴비가키우는기공,2023-12-08,1490
아이좀,2024-07-18,1610
사케낫또동,2024-07-14,1545
천궁건슬,2024-07-10,1520
딸기죠스바,2024-07-12,1600
금냥이s,2024-01-07,1580
카즈믿,2023-02-07,1381.67
힐o바드o세용,2020-09-25,900
돌아온갈증덴버,2024-07-15,1530
딸기맛솜구름,2022-07-10,1460
선택지1,2023-06-10,302
척당,2021-08-20,1415
우우시기,2023-12-21,1460
땋소,2022-04-14,1445
스톤깡,2022-01-25,224.17
띠링참깨스틱,2024-03-08,1510
팔문둔갑도우지,2024-05-06,1540
nogic,2021-04-04,1050
용맹못주는내입장도생각해,2024-07-18,1520
어쩔막내,2021-12-11,253.33
넬라워로둥,2023-10-20,1490
딩구넹,2022-01-21,1302
무야홀리나잍,2024-07-31,1605
진플릭스수제자,2023-12-22,1520
슥삭숑숑,2024-04-11,500
이세계용사강춘식,2022-09-14,1520
소울이터1996,2024-06-08,500
곡수유상,2023-09-20,1503.33
강타앙,2021-07-09,81.83
홀나랑이,2023-12-24,1460
유제넴,2021-03-02,1340
월섬난무,2021-03-07,1340.83
루싱블,2024-05-02,1460
김깡유,2024-08-30,1640
바닐라크림푸라푸치노,2023-07-02,1470
라핌의잘못된태생,2024-07-15,1530
서해현,2023-08-14,1415
작은아뜰리에,2024-07-14,1520
블레너무야캐요,2024-07-12,1462.5
분노의폭유통,2023-06-29,1490
리치피치슈가,2023-11-23,1365
율화백,2022-01-12,1490
칠면석빙고,2023-01-26,480
에일약국,2024-01-14,1560
Bardie,2024-07-19,1530
막시밀리안,2020-08-23,1329.17
성미로,2023-07-19,1500
바람이지나,2022-07-14,1445
소서해보든가,2024-07-13,1585.83
레드향요거트,2022-07-30,1465
미쏘서,2022-07-08,1415
그림자가나를일깨웠다,2024-07-15,1600
멈출수없는망치,2023-10-14,493.33
잉홀리쨋,2024-07-14,1593.33
엉금진,2021-03-22,1050
전직업다해본다,2024-07-15,1599.17
싯용뉴,2021-07-18,1325
NeoWind,2023-12-25,1475
흑주작,2022-06-14,1415
시노H,2020-12-20,479.5
스나라이플,2021-01-30,1325
꼬마돌엄종혁,2023-12-23,1551.67
영민이얌,2024-04-10,1540
흐냐응,2022-10-19,1370
호룡곡산박두창,2023-12-24,1460
넬휼,2021-08-12,1375.83
두동강냄,2021-07-09,130
먹톡기,2024-07-14,1525
수달좋아하는소서리스,2021-08-12,107.5
단팥붕어빵호호불어서먹자,2023-11-06,1585.83
HolyKnit,2023-06-29,1490
아리y,2024-07-14,1543.33
이비쟝,2021-09-03,1302
무스야,2021-12-15,1336.67
성가도,2022-08-12,1480
고양이가말려준차,2024-07-13,1601.67
스커쇼타임,2022-03-16,1302
창찌르기,2023-12-21,1518.33
강다우,2022-07-09,140
만지소서1,2022-02-14,1407.5
예서필체,2022-03-18,1378.33
베리원후라이드,2024-07-18,1595.83
그렇죠작치,2024-07-23,1550
갈증난곰,2024-07-15,1590
사신붐은올까,2024-08-05,1588.33
무브렐라,2022-07-06,1460
젖탄가드,2024-01-22,1520
MQMO,2024-07-19,1520
먹이영,2022-06-17,302
검은이빨남편,2023-05-14,960
16기통주먹,2024-02-18,1540
댕찔,2023-06-20,302
어퍼퍽,2024-06-06,500
싱아놈,2024-07-16,1540
술한잔바드,2024-08-04,1550
포핚,2023-01-23,1377.5
llLarsll,2024-01-03,1510
찌딤,2023-04-14,1475
원핸드덩크슛,2022-04-21,1490
느리덩,2022-12-22,1568.33
아깽이도둑,2024-07-10,1563.33
민타미야,2023-04-25,393.33
블루베zl,2020-08-23,1035
우리는서로가외로운사람들,2024-08-09,1585
우워붕진,2024-07-06,500
내가날씨를바꿔볼게,2022-07-07,1467.5
재난대처능력,2021-03-27,111.67
배낀콩,2024-03-08,1100
어서오세우,2021-04-05,61.67
블레는검이다섯개,2024-07-14,1600
묘로우도아,2022-01-21,1462.5
부각부가각,2022-02-13,1303.33
시몬박,2021-10-17,1415
이삭토스트햄스페셜,2023-02-04,1415
단단한두부가될거야,2023-07-25,1460
뵈햐,2023-10-30,1415
민트프레소S2,2024-08-30,1640
리퍼니퍼제니퍼,2021-02-28,1045
비오는날김굽기,2023-12-25,1460
짐바브웨흑인서폿,2021-08-23,1302
치명아터져줄래,2024-07-27,1601.67
아틀리에레이나,2021-07-11,1377.5
핏몬,2021-01-28,1338.33
은돌선생님,2024-02-11,1581.67
아미까,2020-10-13,915
빠메시현,2024-07-11,1602.5
토끼에겐깡도있고총도있다,2024-03-27,1610
야쿠자행님,2023-01-29,1445
이세계Gabriel,2023-07-20,1415
기사의마지막약속,2023-12-26,78.33
뜩학,2024-07-20,1520
밤과달빛,2024-07-14,1605
수호의결계,2024-06-22,500
지오나르도렁빈치,2024-03-16,1600
딱복으로만든소고기뭇국,2024-07-14,1525
파이널고라니,2022-02-17,1415
데빌헌터풍,2024-07-16,1523.33
뜌쉐,2022-01-21,1315.83
광기의치유사,2021-07-09,1350.83
일루와까꿍,2024-08-31,1640
우탁구,2023-12-02,103.33
임식이,2023-01-08,600
히녜얌,2024-08-20,1520
금손바라기,2024-05-12,500
낫든안이,2023-12-21,1536.67
신마레나,2024-07-14,1540
멀록은멍멍이다옳,2021-12-26,1302
깡약깡,2024-07-20,1520
천상이있어요,2024-07-14,1541.67
ESCANOR52,2022-11-10,1460
김참새도화가3호,2023-12-24,1520
브커천,2024-07-18,1545
그날그때그곳,2022-02-28,190.83
누야기,2024-07-18,1595
차포리,2023-12-23,1460
지술창,2023-12-20,1520
수라듀,2024-02-19,1340
물챙,2024-08-17,1540
도와주면치킨사주나,2022-08-23,146.67
친절한2B,2022-10-11,1415
선진희,2024-07-16,1600
헤이제리,2024-05-28,1275
별뎜,2023-08-28,1496.67
핀케이스,2021-07-22,130
아크라시아의전완근,2024-07-13,1592.5
힐안먹으면꿈에나옴,2024-03-21,1540
윌리키키,2024-07-19,1540
디아베르스타,2023-07-22,1508.33
묻고더블로가마음쿤,2023-03-18,1370.83
Shuatorin,2023-09-16,1415
워바홀말고,2022-01-21,1405
융땅땅,2022-12-21,1460
이쑤시개로칠게,2022-01-26,214.17
피치사탕구슬,2022-12-22,1340
아스라이세구빛,2023-01-31,1460
쓰농,2023-10-22,1490
태윤한사멸,2023-12-24,1467.5
하르풍,2022-07-18,1370
로엔아님,2024-07-12,1520
parktans,2022-07-06,1460
피그팜SS,2021-06-03,915
준묵직,2024-07-14,1526.67
로이는귀여워,2023-12-21,1556.67
잠자는심99,2023-11-26,1580
한들들,2024-07-12,1591.67
달콤시루,2022-07-08,1470
금연희,2021-01-28,985
루비드래곤,2024-07-14,1526.67
충남온양의검,2024-07-11,1540
마음을불태워라귀살대마린,2021-08-18,1302
래또밥,2023-08-28,1415
별별난소이,2023-07-20,1415
병거니우스의모험,2022-02-22,1100
달밤에내리는이슬비,2022-12-21,1477.5
제가대신딜할게요,2023-06-23,302
대충각각,2023-07-20,1460
히즈루,2022-01-16,1445
동동2nd,2021-09-03,1400.83
홀세키,2023-02-14,1415
먹물힐팩,2022-05-11,51.67
령혼아리,2024-07-23,1606.67
비취색의눈,2024-07-18,1589.17
용맹절구셔틀1,2023-08-14,1465
포기강화,2024-04-06,1520
머리를부드럽게만들어봐요,2024-07-17,1595
크레집사,2021-08-14,1325
뱜2호,2022-12-20,53.33
힘쎈꼬맹이,2023-12-20,1460
소소한호크,2022-12-26,52.5
신법황,2020-08-23,990
죽으면변명하는사람,2024-06-09,500
낭만장도화선생,2022-01-23,1415
폰퐁폰퐁,2023-01-26,1345
기상아가콩,2023-07-15,110
알파샷,2021-12-05,1447.5
핫쁘레,2023-12-21,1482.5
강한남자파워,2022-01-08,72.5
바아하드으흐,2021-10-10,57.5
가지제육무침,2023-09-19,1515
돌고,2021-08-16,1370
유양동,2022-01-05,1377.5
마스디스,2024-07-24,1520
허끔밥,2024-08-29,1607.5
활보단총이지,2024-04-29,1590.83
높은낮은,2023-12-21,1477.5
남쁭호,2024-07-21,1594.17
장미의서약,2023-07-21,1493.33
치적원하십니까,2024-04-06,1520
백설염,2022-09-25,214.17
아바톤,2021-03-27,1350
이터소울푸드,2024-07-22,1540
줄리엔공주,2022-10-28,1370
쥬나이트,2021-07-09,1432.5
뚝배기딱대슈,2021-08-12,1432.5
밬시완,2023-12-24,1555
다하루스커,2021-03-21,1341.67
살구싶다고말해,2024-07-12,1528.33
MARIANETTE,2022-07-18,51.67
사고치지말래찌,2023-11-23,1370
스켠2,2022-03-31,1370
미네랄스커,2024-07-10,1600
푸르포르,2023-02-14,1411.67
모코코서농,2024-01-24,1530
말랑쁘냥,2024-01-06,1515
하겐다즈화이트블레스,2024-01-19,1581.67
솔라스는싫었는데,2023-07-20,1415
시나노피치,2022-01-13,1370
힘다운,2023-12-25,1571.67
이로지로프로,2022-07-10,1470
EzreaI,2024-07-14,1586.67
사동사동,2022-04-07,500
창월아라,2021-04-27,1351.67
과자v,2020-10-03,1340.83
디트꽃똥,2020-08-22,985
곧접을캐릭임,2021-03-21,279.33
칠월육일날씨흐림,2022-07-10,1340
스커불맛곰,2021-05-17,1397.5
미스트리스메지카나,2022-07-08,1340
리퍼꽃똥,2021-03-22,1050
luga,2024-07-24,1551.67
지나가니,2023-07-24,1490
우산사냥,2024-06-18,500
교하원주민,2023-02-28,1406.67
파왕박세현,2024-02-01,1520
맛추,2020-09-12,1388.33
한국동서발전소,2023-12-23,205
훔친휠체어락카칠장인준식,2024-07-16,1573.33
미니약과한입,2022-12-24,1340
유령도시삼방동,2023-12-21,1558.33
로뿅,2022-03-01,1415
내피지컬못믿어,2023-12-22,1510
나닺반니,2023-11-08,1415
JongKnight,2023-12-23,1460
샤먼찍,2023-07-19,1500
반얀트리부산,2023-04-27,302
태닝아닙니다,2023-07-12,1430
에니그마,2023-12-23,1600
건슬리얼,2021-01-29,1347.5
띱콩,2024-06-06,1345
Wiirsc,2022-09-03,116.67
유니퐁,2024-07-10,1530
흐려유,2022-07-08,1490
브븝브브븝,2024-07-27,1590.83
강묵이,2024-07-12,1565
티모준위,2024-01-30,55
귀여운마님,2023-11-26,1462.5
안뽀잉,2022-01-21,1460
쨔스아가,2024-07-13,1520
금해맛,2024-08-31,1640
좋아서와준거아니거든,2021-09-18,1450
낫서린,2023-07-19,1490
사신의버블티,2023-07-20,1490
햇살바보,2024-07-12,1520
모닥불기사,2023-12-22,1485
공가온,2024-08-06,1571.67
폭주하는카즈,2021-09-06,1400
혀니디붕,2022-01-23,1302
유니뱌,2023-01-19,1415
먹물칙흰,2022-01-24,1445
카눈막걸리,2023-01-18,1490
쏘리또,2023-07-20,1510
헤드딜러는사실뒤가좋더라,2024-07-12,1585
우리모두하나,2021-08-12,51.67
전주풍년제과초코파이,2023-11-10,1490
생존멀티협동,2024-07-13,1560
아빠가쌀먹해요,2022-07-06,1462.5
영혼보면환장,2023-07-22,1510
관악산이쁜이,2021-12-03,1378.33
미잉파,2023-12-21,1580.83
김해김쓰,2021-06-17,83.33
후버토마토주스,2022-07-08,1490
흑하겸,2022-07-08,1445
Melt홀리나이트,2023-01-06,1340
유니바디저주파,2023-01-18,1340
얼음컵에콘트라베이스블랙,2022-11-04,1534.17
또지씨,2022-09-26,1561.67
에스더루우테란,2023-12-29,156.83
뀨우잇뀨잇,2021-11-28,1325
임팩트웨이포도맛,2022-01-22,1417.5
홀나님멈춰요,2021-08-22,506.67
흣제버섯커,2021-03-21,1325.83
억울한녀석,2023-12-20,1551.67
사토미즈키,2024-01-16,190
껌갓,2021-04-17,862.5
비상진주,2020-10-04,1325
바드는용맹,2022-12-31,1460
커픵,2024-07-10,1592.5
바드가랏,2021-09-13,1302
도화갸아,2024-03-03,1460
YJ꿈이IYJ,2024-07-12,137.5
킁격,2023-06-16,1590
하늘질풍,2022-07-12,1415
헬리츄,2022-11-20,302
뚝배기파이터,2023-12-22,1580
땅모깃,2024-01-27,1521.67
슈슉심,2022-07-21,76.67
구슬저달,2023-12-22,1533.33
정페데리코,2023-07-02,1465
켸살,2023-12-22,1540
매연속발사시스템,2024-07-11,1520
든치치,2022-12-28,1513.33
비내리는밤우산도둑,2022-07-07,1490
1995106,2024-07-14,1548.33
리바바리,2024-08-09,1540
제르오소,2024-07-14,1543.33
펭귄에샷추가,2022-08-02,259.17
살별까지,2024-04-11,1540
중앙동솜주먹,2023-12-23,1531.67
느플고기,2023-07-21,130
samuel26,2023-04-02,1482.5
세렌치,2023-11-27,1583.33
몽충생활,2024-07-11,1520
와잉쏘씨리어쓰,2023-07-19,1417.5
쿠로도화v,2023-06-30,1498.33
중앙동김멍멍,2022-08-06,1340
올레T,2020-12-29,915
인파이터가왜뒤통수만때려,2021-08-26,1370
수앤수,2021-05-04,1318.33
호호크크다다,2023-06-28,1462.5
아몬드하봉,2023-12-31,1580
믿고신뢰할수있는냥냥꼬치,2021-03-26,1050
기상기캐스터,2022-07-09,1460
배고플땐생선구이,2024-07-20,1603.33
나바꾸나바,2021-08-30,1440
호텔말포이,2023-12-22,1510
호날두발롱도르,2021-03-29,1340
승트리커,2022-07-07,1430
길드광대김하르,2021-07-06,1325
꽃주나,2021-08-12,1302
지라리욤,2024-08-29,1585
아주많이좋아해,2022-07-08,1422.5
공짜닉변권고맙고,2021-08-07,1415
일리노스,2023-11-10,500
찬레가,2024-01-07,1581.67
레틴v,2021-10-10,1555
메즈코,2024-02-17,1520
거절할래말래,2023-09-01,500
z사마유z,2022-07-09,1425
무사진,2024-07-27,635
타락한뿡뿡이,2023-09-26,74.17
조용하게게임만함,2023-07-01,1505
모찌로만든창,2022-02-10,1302
별별뼐,2023-11-25,1475
왔다니,2021-08-17,1302
홀나이쳐,2021-11-04,467
미루슬,2023-12-24,1587.5
지더뷰,2020-12-26,945
자몽빙수집착광,2022-12-22,1470
추오탕,2021-03-17,1032.5
짜미요,2020-08-22,915.83
몸색,2021-06-11,910.83
완창식,2023-06-30,1485
망치소머리,2021-08-07,425.33
나는나는망고,2023-09-18,1420
방토라면제조기,2022-07-22,1460
세루시엘,2022-07-17,71.67
내다버린15시간,2023-10-14,1480
트떡77,2022-01-21,1302
방굽바드,2023-09-05,1417.5
투레이어,2023-01-20,1490
용구절맹,2023-01-26,1460
뚱별사탕,2024-07-27,1543.33
건면왕뚜껑,2021-01-30,1308.67
헌금하세요카드도됩니다,2024-07-14,1560
도도게잔,2024-07-14,1540
황갑산,2021-04-12,1325
솔트레이크,2024-07-16,1602.5
Dopler,2021-06-22,1325
블덕이,2024-07-22,1520
OrangeEnding,2023-11-15,1546.67
폭주해린글스,2023-01-20,1425
멸공권,2024-07-11,1560
팀가투,2022-12-21,1500
딸기맛춘식이,2023-01-19,1460
겔겔헌,2021-12-23,1302
소딱귀슈야,2021-06-06,1370
됴냐냥,2023-09-21,1437.5
희망의봄,2022-06-30,1445
데모닉딸래미,2022-03-08,1302
슥까몬,2022-07-06,1340
국배달,2021-03-22,945
이그하엘,2023-10-07,1417.5
포브스선정파티선호도1위,2021-08-01,1327.5
남녀노소평등펀치,2023-12-21,1510
작은야옹0l,2022-01-21,1415
산그,2020-10-01,960
재수연,2024-07-11,1575
이반도,2024-01-08,500
얘들아바드가할말이있대,2024-08-20,1595
이안의그림자,2024-04-17,1520
은적사,2020-10-16,1005
스테나SZ,2023-07-21,1498.33
휠체어탄포도,2022-03-06,1302
진짜손,2023-12-30,1520
뿌드뜩,2022-07-13,1405
여비ss,2021-08-21,1460
숲속의율법,2023-05-13,302
남도훈,2024-01-07,1520
토시리퍼,2021-08-17,74.17
문담코씹흑탱,2024-07-17,1597.5
멍재형,2022-01-10,1417.5
사엘이,2020-09-19,407.5
오렌지향양말,2020-08-23,348.33
바드인건가,2021-03-27,1325
손탄다이캐릭,2024-01-05,1467.5
오색정령,2023-01-25,1462.5
간장초장쌈장,2022-08-28,1379.17
e리야,2021-04-04,1325
꼬챙B,2021-07-15,1370
매너둘,2021-04-05,925
귀엽게말해조,2022-01-14,1371.67
응애나아기뀨머너,2023-12-21,1533.33
미친낭만건슬링어,2022-11-11,1390
바나바나바나나우유,2023-07-25,1508.33
레드더스트확인하세요,2021-12-27,145
내일은월요일이다,2023-10-26,1427.5
또단단,2024-08-31,1640
빛나는암흑키위,2023-12-20,1460
총바꿀줄몰루,2022-03-28,1425
뒷구리,2024-07-11,1560
세이드엘,2023-12-20,1580
얼그레이공작,2021-08-21,1340
별을쏘는켈리,2023-12-24,1477.5
혜다라미,2021-03-21,1325
Seersucker,2024-07-14,1585
버린발,2021-03-17,925
히메컷이조아오,2024-04-19,500
어느봄날이쁘게차려입고,2021-05-24,1325
덩크로우코트퍼플,2023-07-22,1490
댄송,2024-06-29,1601.67
즤존홀나,2022-08-15,146.67
꿀주먹은나지,2023-12-08,1523.33
크로비아,2023-12-25,1465
노을빛솜사탕,2022-07-17,460
랭커포식,2023-07-05,51.67
조히덕,2023-07-18,1560
두번째도화링,2024-07-11,1540
하지메반장,2023-12-20,1460
홀리나이트기라성2호,2023-09-17,1420
ZALRAE,2021-05-09,1375
여호수아L,2021-06-21,214.17
딸기단또b,2022-12-23,1427.5
와앙떡,2024-07-13,1528.33
배펫,2021-11-18,1415
낫반,2023-07-20,1490
문덕일짱,2021-03-27,995
건슬전문오너,2023-09-08,1340
감주쫌줘,2022-01-31,340
별연욤,2023-07-20,1415
덕팡이,2024-02-21,1585
우산토실이,2022-09-18,1477.5
메아리빵,2021-04-02,1360
천방지축도르댕이,2024-03-09,1553.33
소주에물타기,2023-07-22,1415
콩이도못말려,2022-07-25,222.5
클렌징샤아,2023-06-29,1490
마라로제엽떡탕후루마카롱,2023-12-23,1568.33
니나브극특바드,2024-07-11,1520
힐데에슈트뷔,2022-08-20,1500
1000억어딨죠,2021-08-08,1370
태권부리부리,2024-08-20,1590
민트의홀리2,2023-03-07,1415
눈사람누운사람,2023-07-21,1415
잡기술레이어,2023-12-21,1566.67
사라진힐구슬,2024-07-14,1590.83
뉴케슬램,2024-07-13,1546.67
레몬고,2023-09-22,1445
김톤,2021-04-08,372.5
바람에날려떨어지는이슬,2022-07-20,140
매날리는사람,2023-10-28,153.33
도Or가는으른이야,2022-07-12,168.33
누가돌잡이때하프랑검잡음,2022-01-22,1460
디붕차디붕,2021-07-09,145
올리브영립스틱앞니빌런,2024-07-14,1585.83
배고파서잠이안와,2021-08-05,70
봉구리딱딱구리,2024-07-11,1531.67
신부동잉여왕,2024-07-10,1585
요리사임씨,2024-07-14,1520
쾌감이,2021-10-12,1325
몽환군단전문의무병,2022-07-07,1340
칸나임,2023-12-23,1485
큰갈매기,2022-10-08,600
대바끄,2024-07-14,1600
일리아칸의눈알사탕,2024-08-17,1595.83
그레이루마,2021-05-22,1330.83
라미베어,2022-11-27,460
곰먐미궁디팡팡,2023-01-21,1340
여친이만들었다,2021-12-28,1386.67
크아아앙크아아아앙,2021-11-27,460
GreatBaby,2022-12-29,1480
영와니전문의,2023-02-18,1541.67
v복숭아에이드v,2024-07-15,1585
FunnyReaper,2024-07-15,1520
연꽃다람쥐,2021-08-12,1415
설레는아티스트,2022-09-28,1415
거기아닌데뭐해,2024-07-15,1520
v자몽에이드v,2023-01-01,1460
영프린,2023-07-19,1490
곽점오,2024-07-15,1535
비아로123456,2024-08-31,1640
삼백안가쥬아,2022-03-13,1415
아롱이네,2023-07-19,1490
나는맹구,2022-11-16,1580
물총털이전과7범,2022-07-11,1340
오이얍마,2024-07-12,1550
잔아담,2024-08-31,1640
낙원상가주인,2022-12-26,960
매워황,2021-05-15,925
비빔박자에맞춰이랴,2021-12-23,1415
응애뉴비슬레이어,2023-01-23,1415
찌기콩,2024-07-15,1586.67
중력이밀어주는망치,2021-07-09,1334.17
패왕감자,2022-01-11,1500.83
휘진공주,2021-08-29,1302
방구탄도미사일,2022-04-24,302
최애의서,2023-11-30,1561.67
딸7l탕후루,2023-07-19,1415
혜지의솜주먹,2024-07-27,1553.33
치즈소프트콘,2023-08-05,1415
블래뇨쿤,2023-09-21,507.5
세이달,2023-06-29,130
환혼기상술사,2022-07-08,1460
뽀람둥,2022-07-11,1400
EIement,2022-11-16,1541.67
나이먹고겜하려니힘들구나,2024-08-25,1520
EstherLila,2021-12-31,1417.5
임동현,2023-07-22,1340
금자콩,2023-12-07,1600
둘링,2023-12-21,1467.5
존금,2021-10-03,1391.67
머리고정장인,2021-12-27,1302
두려운,2021-08-12,1420
asdf0227,2022-09-21,1505
내가그린기린은잘그린기린,2022-01-23,1313.17
p고구마p,2023-03-14,302
신들린소서,2021-09-03,1302
싼다넬라,2023-07-21,1540
감자25,2023-07-09,1490
에바목마름,2024-01-05,1460
송0I,2024-07-12,1520
돌방방,2022-01-13,1370
요즈만보면핥짝콘,2024-07-11,1520
님발밑에힐구슬있어요,2022-01-24,1415
엘린표,2023-12-25,1580.83
딘ol6,2023-02-18,960
소가합창하면집단소송,2024-07-11,1520
앜십,2022-01-23,1370
땅먼지,2022-07-19,1415
달빛서코,2022-03-19,1541.67
59스택에버스트터는시린,2024-07-23,1540
후긍,2022-01-23,1506.67
이제로아,2024-02-22,1526.67
소녀두팔,2024-07-14,1570
류끼요,2024-08-03,1520
사멸그만하고싶어요,2023-07-19,1415
소나기애오,2023-02-22,1457.5
므앵치,2024-06-02,1520
마라맛짜파구링,2021-07-16,95
악설백,2024-08-31,1640
러벨,2023-12-26,1485
칼이냐붓이냐,2024-01-15,1520
뤼베나,2021-02-27,925
팬티속피노키오,2022-07-14,1470
곰돌이권투,2023-12-27,1582.5
Lessas,2023-10-09,1506.67
워디워워워워,2023-07-11,500
에쿠스노래방서비스,2023-12-25,1340
SpLife,2023-12-23,1460
홍찬솔,2024-04-11,1610.83
잭팟마법,2024-03-29,1340
인화동면도칼,2023-05-29,58.33
쏘라닉,2023-01-30,1536.67
붓짱짱짱,2024-01-08,1460
대4,2023-02-13,1415
우사냥,2022-07-07,1340
X키는빼고해요,2024-02-13,1530
하와이하이머,2023-07-01,1445
써니아르카나,2023-09-06,1592.5
김치의신총각김치,2021-01-27,920
쿠로즈치네무,2024-01-08,1460
꾜로록,2024-07-21,1573.33
변님,2024-07-13,1590
재벌집막내딸뽀,2022-12-31,71.67
미닉띵,2022-02-24,1302
무다뱀,2024-06-29,500
카두세우스피드백,2021-11-12,1327.5
빤e,2023-02-07,1460
백갸,2023-07-07,1415
아퓨좌,2022-01-15,1340
달콤한플로랄,2023-09-08,1415
아냥,2020-08-23,990
연두친구탕탕이,2021-12-26,1370
나는홀붕이,2021-07-15,1415
기분Ol태도가되지않게,2024-02-26,1445
하코도아가,2022-01-21,1445
븝미딱,2021-12-27,1302
이새는제새가아닙니다만,2022-12-23,145
힌추,2023-12-25,1561.67
원투잽잽좌우로잽잽,2023-12-20,1576.67
디예블,2024-07-12,1520
들장미소녀마동석,2022-12-24,1472.5
공대소울이터,2023-07-25,1498.33
송두삼,2024-07-11,1520
쿠우는못참아,2021-04-25,965
선아봄,2023-06-28,1482.5
럽럽럽밤떨린네맘에,2024-08-20,1600
권채혁,2023-12-20,1485
워플펌,2021-05-24,915
과늄산수소나트륨,2023-05-19,1415
OnePone,2022-01-29,1313.33
영섭,2024-07-09,1580
산미린,2022-01-14,1460
프리떼,2023-08-07,1415
서거억,2024-01-15,1340
칼바람마스터이,2022-07-22,213.33
아이디는기상술사어울리죠,2024-07-11,1611.67
무냄태,2021-09-01,1302
낭만있는콩,2024-03-01,1543.33
리오레일,2021-09-12,1370
WOOGARI,2022-07-14,1415
설향햇딸기,2021-01-10,915
용맹코코,2023-12-26,1543.33
0관문도우미,2022-07-25,1370
참살이꿀막걸리,2021-01-30,1050
AHURA,2023-12-25,1563.33
린R메리,2024-07-15,1520
숯검댕이3,2024-07-15,1526.67
보라리커,2023-12-21,1535
태연한태연이,2023-05-03,1388.33
TodayWith,2024-08-04,1520
이토하룻,2024-07-31,1600
알탱불탱,2023-07-03,1490
미스터털보,2024-07-15,1585
밥팅이시베리안,2024-05-22,500
텐올아님,2023-09-10,1600
이응아빠,2023-03-06,1411.67
지켜줘딜하고싶은도아가,2022-01-22,1400
헤첼,2022-01-13,1302
흐리티걸,2024-07-13,1600
이렁심지,2023-12-21,1543.33
한손검휘두르는형,2021-08-15,1302
쪼구마,2023-12-25,1583.33
마지막영혼까지,2023-07-19,1490
라자흐,2020-08-22,1012.5
물몸배마,2023-12-24,1525
현실에타협한주랑,2022-04-06,1475
마루시엘라,2023-07-19,1490
에이스화가,2022-08-22,1430
안양기상청,2022-07-06,1460
조유곡,2022-01-12,1302
먹물나눔서비스,2023-07-24,1475
송혜솜,2023-07-06,230.83
환영의페르소나,2022-01-10,1325.83
냐옹이탱이,2021-05-08,1050
스이르,2023-12-22,1460
HeadBreker,2023-12-20,1477.5
아리따운쏭하,2023-07-11,1460
자두남우,2024-07-14,1600
심졸리에4,2022-07-11,1460
TORAZZANG,2022-01-14,1303.33
박한1,2023-09-30,1415
낫또우동,2024-07-14,1593.33
서울우유2L,2023-07-25,1506.67
취기를빌려요,2021-07-18,1325.83
착착한초코칩,2023-07-04,1490
BlueFlare,2022-01-09,1400
꾸홀,2021-12-23,1415
로이솔,2021-03-27,900
낭만터프가이,2024-07-20,1553.33
아르해연,2021-07-10,1302
임애교찌,2023-06-28,1415
뽀롱땅,2021-08-07,1100
핵타요,2020-10-07,915
예속잉,2023-12-25,1548.33
캐스크,2023-12-21,1561.67
민쵸쬬아,2024-07-11,1576.67
제비의모닥불,2023-07-04,1465
홍청망치,2021-07-29,1325
비읍히읗,2024-07-12,1596.67
밧드렁,2023-01-23,1460
아르고스같은련,2021-03-21,1331.67
황도먹자,2021-05-06,1399.17
다미디,2024-06-28,126.67
봄조히,2023-07-22,1490
죽순좋아하는팬더,2020-08-23,915
쇼피앙,2021-10-21,1420
노비팍,2022-05-19,302
홀리탑냥이,2022-01-26,1475
무구무구파,2024-07-12,1540
mutae25,2023-12-21,1580
콜라에빠진치킨건져먹기,2024-07-28,1600
두콩솜이,2024-07-10,500
나가옹,2023-12-22,1521.67
묘한망상,2021-12-19,543.33
미약한힐링토템,2021-09-18,1302
민지가제일좋아,2024-08-31,1640
낌낌상,2021-03-18,197.5
세우라제일격필살,2023-12-25,1568.33
텡텡,2022-02-08,1370
늅늅삼두사,2022-08-01,1340
시온워뇨,2023-11-05,1583.33
똑똑하지만바보같은,2023-07-24,960
Grace버서커,2021-04-28,1505
하매얀,2023-07-21,1490
독수리도아가,2022-01-12,1302
고죽,2024-08-04,1520
파아란윤슬,2022-07-18,1501.67
쉐기맹,2024-06-09,635
새침함있어요,2023-08-15,1415
내맘속스페셜리스트,2022-01-30,177.5
혹제조기,2023-12-24,1566.67
명치12연타,2024-07-15,1600
호미탱이,2023-12-27,1573.33
싸나이수라,2024-07-26,1520
최애의암살자,2023-07-21,1508.33
쌀킴,2021-03-21,1005
힐구슬이둥글둥글,2024-07-15,1587.5
아초원글램핑감성모닥불,2021-07-09,1302
은밀한기술,2021-04-09,1340
아그머라,2024-07-15,1555
라득창,2023-02-04,1460
처음부터내내좋아했어,2024-07-13,1540
헤으응꽃바,2023-06-10,600
자고사니,2021-09-02,1302
아리리아라,2023-12-21,1460
긔연아기상어,2023-03-19,1460
바드니유아,2021-09-02,220.83
싹뚝싺뚝,2022-07-15,1340
김어카15,2023-07-26,1508.33
이쁜이름이생각이안나네,2022-01-15,1445
이카하라,2022-07-18,60.83
루프메크로,2021-04-01,1375.83
냐앙냥냥냥,2021-08-14,1302
망고행성,2023-01-19,1340
안뇽요즘넌오또캐지냉,2021-08-30,75.83
단모델,2024-07-14,1592.5
조선공듀,2023-01-20,101
슈낭,2022-11-29,600
워장품,2023-10-14,635
클랫,2023-12-21,1571.67
안녕서현,2023-06-29,1415
부스터,2022-03-14,1584.17
오늘은슈쪽이를만날운명,2023-12-22,1551.67
SD해피,2023-12-26,1531.67
레몬맛이나,2023-11-08,120.83
니나브소나브,2023-07-24,1460
돌진하는벌레,2023-12-22,1510
밀림공주,2023-07-20,1498.33
블래스터교수,2020-08-22,915
J헤이스티나,2021-07-05,61.67
속블레,2024-07-15,1570
생성코드MSM,2024-07-15,1587.5
모엘화,2023-08-27,1470
히트브레이커,2023-12-20,1460
노아레디첼,2023-05-02,52.5
윤히니,2024-08-31,1640
arren0,2023-07-22,1540
신토독,2022-06-13,302
찍기전에생각했나요,2024-07-20,1585
YC소울이터,2023-07-22,1530
쏘하얀,2023-05-15,1531.67
아닉네임귀차낭,2023-12-25,1580
이깜뎅,2021-08-12,1302
로아로운하루,2023-08-08,206.67
zl존땀땀부린,2024-07-20,1600
다슬아종현이너무더워,2022-07-07,1457.5
노해봄,2024-08-03,1610.83
챙잽위,2020-09-09,960
참치마요찍먹,2023-12-23,1582.5
귀여운코딱지,2024-06-16,142.5
적귀후,2021-01-30,1005
꼬마문찌,2022-03-15,1373.33
문찌브레이커,2024-02-10,1460
단발검객,2024-08-31,1640
비오는날풍경소리,2023-08-12,1475
워붕좋아,2023-09-14,1415
홀리나이트6th,2023-08-31,1415
아가블루베리스뮤디,2022-01-23,1445
영아e,2022-07-19,1460
피패스,2024-07-13,1601.67
삼연일풍,2023-12-31,1460
힐원하면머쓱해요,2022-11-24,460
천서향,2023-12-28,1561.67
배트랙,2022-08-07,580
목캔디석류,2023-01-19,1498.33
지수제이,2023-12-21,1580
기공치료안마사,2021-10-07,1435
박금초,2023-12-28,1580
한떤해,2020-09-13,1035
별빛바다고래,2021-12-27,90.83
핫뜨거운걸,2023-01-19,1340
손인증,2023-01-22,1415
난그게좋아,2022-12-27,1460
겅소이,2023-07-23,1508.33
소울너무좋고,2024-07-13,1600
민지오뽜,2024-07-15,1520
브커함해봄,2023-12-24,1580
Puncher,2023-12-21,1540
김치덮밥맛있음,2024-07-15,1545
저스틴킬링,2021-08-16,71.67
지누진,2023-12-26,1581.67
묭리,2023-12-26,1540
후츄후츄냥냥,2022-07-10,1340
하프가아작나면바드득,2023-07-31,1415
꼬딱이,2023-04-22,53.33
근앙,2024-08-01,1540
별둘찡,2021-03-24,1343.33
세은뮤,2024-07-25,1540
RAKUEN,2024-08-31,1640
OscarKR,2024-07-30,1599.17
낭만의꿀주먹,2023-12-25,1540
해독주스,2023-12-25,635
디에이치제이,2021-03-31,1384.17
HAWKAS,2023-12-20,1460
스타일데헌,2023-06-29,1435
피빨강소울,2023-07-22,1460
아기슈크림,2024-07-15,1540
흘려멋처럼노란지폐,2023-07-22,1505
H76083569,2021-03-27,902.5
yami소울,2024-07-07,500
펠샨암,2023-07-20,1460
카드라이더치원,2024-07-15,1560
낫의장인마카,2023-07-20,1445
서포터대웅,2024-01-04,1540
내일때려칠거야,2020-08-23,990
멸종위기홀리,2021-07-09,1415
오레이커,2023-12-22,1460
힐바드려면놀자에몽,2021-12-27,1355
돌산흑구렁이,2022-09-17,600
초아상,2022-07-07,1460
한번키워보는건데요,2024-01-08,1496.67
체리지닝,2024-08-02,1520
밀키스맛배도라지,2024-07-19,1610
일가친척소서리스,2021-08-14,1340
쌈두한,2021-09-03,302
아랑빛하나,2023-09-16,109.33
별스타여신제나,2022-07-20,79.17
bnewrfw,2024-02-25,1520
슯곪밝,2024-07-13,1590.83
그고나해요,2024-01-06,1460
뿌기의여분등갑,2023-07-15,1587.5
뒤뜰소녀,2021-10-24,563.33
앵우당,2024-07-15,1590
달리기취미,2024-02-27,80.83
초연가,2022-08-22,1340
한너부리,2023-11-06,1595
하얀이주야,2024-03-14,96.67
골드벨럭,2024-07-15,1520
찰진호크아이,2023-07-22,1503.33
단시우,2022-07-19,1460
키엘하임,2022-01-16,140
한냥아,2023-12-22,1590
가을마파람,2023-09-18,1415
호빵식빵쭉빵,2023-12-22,1480
권샤샤,2022-01-15,1460
환상이터,2023-07-23,1510
비겁하게팩트폭행금지,2020-08-22,450
아니진짜그러니까그게정말,2024-01-02,1510
요맙땡,2024-07-14,1600
Mengsoon,2021-07-12,93.33
표브야,2024-08-31,1640
샹스,2024-02-06,1581.67
버서커에올인하려합니다,2023-01-19,1520
낫질하는코카곰,2024-07-25,1520
기분적적해요,2022-05-22,1370
리오라임,2023-12-25,1460
쪠시니,2024-08-31,1640
3버블검,2024-07-12,1585
히걔,2024-07-17,1585
하익은여기에,2022-09-04,1422.5
바드가없는정화24m궁,2022-12-23,1495
칼질에인생을건다,2021-10-20,600
애옹이패황권,2023-12-23,1561.67
나도신속캐하고싶어,2024-07-11,1520
양디아,2023-07-24,1516.67
구제로스,2024-07-15,1520
얌헨,2023-07-24,79.17
나혼자포탑산다,2024-07-14,1546.67
죽도동한석봉,2023-01-11,1445
클룹제로소다,2023-05-14,1385
리벤지퀸,2021-09-24,1400.83
주먹왕말리,2024-07-24,1540
암살메익절개,2024-04-12,1340
급타바드,2021-08-15,1490
박모달,2024-07-11,1520
월향신검,2020-09-12,1022.5
아가윙터,2022-07-14,1415
카드를뽑아라범부여,2024-06-11,500
SOo이터,2023-12-21,1475
희령아,2024-03-03,1520
대대헌헌헌,2024-07-12,1590.83
꽃지ya,2023-01-19,1340
인생산수화,2022-01-16,1370
문오프,2024-07-12,1600
Caturra,2024-07-11,1528.33
호려향,2022-12-22,1490
로켓동김하프,2021-07-12,57.5
다크초코버터쿠키,2024-03-02,500
버텨보든가,2024-07-14,1520
연또오,2022-01-27,1447.5
치유해줘용,2020-10-15,915
retelous,2023-07-20,1480
앗디붕,2022-09-28,1460
너무이뻐스나이뻐,2023-07-17,1415
말랑이설탕,2023-08-05,1415
사기꾸,2023-12-21,1460
살랑꼬리Fan,2022-01-28,1415
짭폿,2024-08-31,1640
민수상점,2021-08-06,1355
여든두번째동료,2023-01-30,960
밀레느아,2021-01-25,1340
배틀마라탕,2023-07-05,1490
크으다앗,2023-01-19,1445
아버지한테4드론쓰는효자,2024-06-04,500
김기훈맨,2021-04-05,208.33
스소참,2021-12-23,85
샬롬,2023-08-10,1415
신마이노,2023-12-09,173.33
윤신영1,2024-05-02,1405
맨무실,2024-01-26,500
구섬교,2023-12-27,1556.67
홀리님등장이욧,2021-09-18,413.67
청모기,2020-08-23,1350
멘토블,2023-12-27,1575
사과맛으로주세오,2022-01-21,1415
반갑다주민,2023-01-24,1340.83
그의뇌호격은뜨겁다,2024-07-13,1594.17
정화프,2023-07-06,1560
긴자료코돈까스존맛탱,2023-10-23,1490
카단의낫,2023-09-28,101.67
서아리터,2023-07-19,1490
마루밑브리에티,2024-07-15,1608.33
김쫄주,2023-12-25,1582.5
간큰미인,2022-03-15,1302
케리어스S,2021-03-21,1050
데모닉양갱,2020-08-22,1358.33
약지만,2021-04-24,1363.33
손실은언제든일어날수있다,2024-07-13,1600
요망한신성검,2024-07-01,1610.83
melwin,2023-08-31,1415
드론이이상해요성부좀요,2023-06-07,1370
아미잉파,2021-07-10,1302
크리햣,2024-01-01,1540
루루황제님,2021-07-09,1355
소고기는언제나맞아,2021-07-09,600
그대에게쉴드를,2021-04-04,1359.17
워로두로두,2020-12-26,915
이세계창술사1호,2024-06-18,91.67
제마제마해,2024-03-11,1584.17
브뤠이이커어어,2023-12-20,1472.5
이세계쭈르르,2023-09-17,1581.67
완전초럭키비키니시티잔앙,2024-07-13,1598.33
버서커살려내라띠바놈들아,2020-12-27,915
민식이는블래하는중,2022-02-10,55.83
또아땅아만세만세만만세,2023-12-26,1531.67
도믿맨프니,2022-01-21,1460
만월쓰는소울이터,2023-07-20,1490
우주네카드작,2021-10-01,1370
아브링의초코롤,2023-01-13,1513.33
SoulEpie,2023-08-13,1490
뿌봉셔봉,2023-12-29,1540
첫여검사,2024-07-13,1581.67
초보반도화가,2023-07-02,1493.33
적낭화,2023-11-01,500
FA이전사원,2024-07-28,1607.5
월드하임,2024-07-15,1521.67
엘드곰,2024-07-24,1535
알칼리지너스리포라이티큠,2020-08-23,900
백문아,2024-07-12,1589.17
바닐라어피치,2023-12-24,1541.67
내맘속소울이터,2023-07-22,635
스페로다이트,2023-06-30,1505
Maxlv날다람쥐,2022-01-21,1340
초롱이뱀뱀이마루,2024-08-31,1640
팥생크림붕어빵,2024-08-20,1550
감삼듀,2024-08-06,1540
중곡4동홀리나이트,2023-07-04,1440
삽딱딱,2024-08-31,1640
조사헤단미카사아커만,2023-08-26,500
준민디,2024-07-11,1600
이온탄산음료,2020-10-14,915
이거왜뒤로뛰니,2022-03-17,1430
할라피뇨만두,2022-07-14,1447.5
은하반,2023-01-18,1490
이슬꽃만개,2023-10-24,155.17
응애애기두둠칫,2024-08-31,1640
백미는하프켜,2023-10-22,500
술먹다가체한체술,2024-07-16,1585
행복할꺼야,2020-10-10,900
리믈레테느,2023-07-23,1430
할로윈알바,2023-11-10,1415
마리린침대,2024-07-24,1540
서포터아닙니당,2024-08-18,1608.33
xodn123456,2022-01-21,1445
비니비니,2022-04-09,1000
오구리터,2023-07-25,1415
파괴왕김진홍,2023-12-22,1553.33
슈모익빠커,2023-07-19,1475
일안하고로아중,2024-07-24,1556.67
음연화,2023-11-15,1609.17
스케워붕이,2022-01-07,1447.5
주린배,2024-07-14,1540
기고옹,2022-03-29,1480
머리돌림,2021-03-17,990
고기동사스쾃치,2022-07-12,190.83
연한애,2023-07-20,1490
나라사랑디트사랑,2023-03-07,1386.67
부드러운힐러,2021-07-11,1370
콩토디,2024-04-11,500
TheEnviska,2021-08-11,1370
우산든짱구,2022-07-18,1460
만보월,2023-12-22,1580
정왕동고수,2020-12-25,1348.33
기상이일어나면기상기상,2022-07-07,1475
와깐다와이쀼,2024-02-22,1580
황모,2024-07-19,1560
점서리스,2024-07-14,1533.33
bambamg,2023-07-19,1490
낭만글러브,2024-07-13,1543.33
꽹꽹가리,2022-05-21,802
슬뤠이이엉,2024-07-20,1563.33
8월11일만든캐릭,2021-09-26,1450
초소울이터,2023-07-20,112.5
비리디스,2023-12-21,1520
근굥IO,2023-12-21,1535
맨오브에로우,2021-09-06,1302
썸라,2021-09-18,1325
포뽈,2021-08-05,1302
띨빵하제,2023-10-02,1543.33
딜버프주세요,2023-11-18,1415
202100509,2021-10-16,960
아쁘신,2022-01-12,1445
응우옌똥푸드득,2023-04-26,1370
아가구슬먹어줘,2024-07-28,1593.33
쪽빛오르골,2021-08-12,1302
STAROT,2022-08-29,167.5
신화급요즈가살아가는법,2024-06-16,55
팡팡신,2020-12-08,960
휠체어타고여행을,2024-06-14,1490
내가그린목이길어슬픈기린,2024-06-14,1340
망겜퍼먹는중,2021-07-24,70.83
늑대의춤,2024-06-10,1490
강별솔,2022-10-11,1460
달빛의망령,2024-02-19,155
강통수,2024-07-11,1600
리비쿠스,2023-02-28,302
알고싶어,2024-03-21,1520
화자주먹,2023-12-21,1551.67
안산정강지,2024-07-25,1553.33
남궁상대협,2024-01-12,1540
홀성,2023-12-21,1580
삼검사랑,2024-07-31,1588.33
강마크,2021-03-15,1340.83
심쿵하게만드는워붕이,2024-07-12,1520
Grace동겸,2021-04-23,1452.5
루치니크,2021-07-19,1336.67
야아워붕,2022-03-09,1302
별나라공듀,2021-08-13,1324.33
우산이네모네,2022-07-08,960
잦냐,2022-12-22,1490
부계정카루요,2023-12-23,1482.5
사신솔이,2023-07-21,1495
더투구,2024-07-15,1585
트루베르펭귄,2024-07-10,1560
창꽐라,2023-03-26,1302
파슬리카,2021-08-29,1345
메리드린,2024-06-20,1415
가유호세,2024-07-11,1594.17
룩오이,2021-09-12,1401.67
아가뱁째,2022-01-23,1460
잔나찌이,2022-12-27,150
가지고싶은워로드,2022-01-22,1540
참깨소스,2022-01-13,1470
박폴라,2021-08-22,1302
브켸,2024-07-01,500
낫흑흑,2024-08-02,1590.83
인형사5,2021-12-06,576.67
브뤸,2023-12-25,1590
오카모토케이주,2023-12-22,138.33
장마철Siuuuu주의보,2023-12-25,1460
정은짓,2023-09-20,1582.5
로아초보빌런,2021-03-27,400
도운소울,2023-07-20,1490
덤벨수집광,2023-12-25,1582.5
하프아영,2023-06-17,1415
비내리던날의감성,2024-07-14,1585.83
짱색,2023-08-04,1415
순화란,2024-01-21,1546.67
꾸꾸라니,2024-08-05,1585
최강불법,2021-12-24,1422.5
이슬빗,2023-12-27,1582.5
블랙버블티라떼,2024-07-13,1540
딸기얼그레이스무디,2023-08-10,1415
액션본능,2023-12-20,1580
금메이,2022-12-25,55.83
하프만믿으라구,2023-10-02,1387.5
초토화작전집행,2024-07-15,1600.83
반증배마,2022-03-15,1302
오나의신부,2021-07-20,1351.67
솔문하,2023-07-21,1510
이든마루,2023-12-20,1460
팬티속중화기보유남,2024-04-01,107.5
워브럼,2023-11-09,1415
블레이드의마지막잎새,2020-10-01,915
워롯형,2021-03-06,61.67
이렇게패면대나요,2024-07-15,1560
물보라돌이,2024-07-14,1540
왼손은슬립오른손은데스,2023-12-26,1563.33
캬컄캬로드,2023-06-30,1490
미노무스메,2022-07-17,1510
제3의형사랑고양이소나기,2023-06-30,1510
룡검치네디스트로이어,2021-12-28,54.17
Horrormaker,2023-04-06,247.5
곤륜인형,2021-05-02,1310
맛있는녀석들이십끼,2022-05-07,86.67
신성페이,2023-09-25,1541.67
정말멋지다네,2023-07-04,1420
아가는말안두뤄,2022-07-07,1445
애용빵,2023-07-20,1508.33
힐링홀란,2024-07-11,1585
농루메아,2024-07-13,1540
카피믹스,2021-04-22,900
태권도장검은띠도둑김갑환,2021-03-27,900
LightGuarder,2022-02-19,1445
세가지마법,2021-08-12,1302
브레이커의별빛교향곡,2023-12-23,1460
정도태,2023-08-09,1500
무사창수리,2023-06-16,75.83
오비창,2022-12-23,460
앆땅,2021-10-05,460
카툰렌더링,2022-07-19,1340
몸동훈,2023-07-20,1490
어이그앞은지옥이다그만둬,2020-09-10,880
하늘아가술사,2022-07-10,1460
이덕춘할아버지의안면강타,2023-12-22,1536.67
구매화,2024-07-10,1520
띠리띠리띠리리,2022-10-01,302
수묵담채화마스터,2022-01-24,1472.5
겨울치,2024-07-17,1585
비오는날만날래요,2022-07-12,1340
코코모어택땅,2024-07-16,960
챳콩,2022-02-04,1415
별빛은행,2021-07-14,1340
확실한보라,2024-01-10,1460
조아쩌,2024-07-10,1520
엥왜요,2024-07-15,1540
보잉리,2024-07-13,1520
도화가혈후,2022-01-24,1370
맘마컹,2023-12-20,1482.5
준어신,2022-12-23,1460
붕붕붕꽃향기를맡으면,2021-02-11,995
일어나기싫어,2023-01-20,1340
눈나떼마시,2021-08-12,1370
아츠실종,2021-07-09,440
눈에담은기억,2022-07-19,1500.83
YNZERO,2022-04-08,1325
민별이커,2023-12-25,63.33
데난도,2024-07-15,1570
사랑시,2024-07-12,1520
발차기없어요,2021-03-21,1340
다크초콜릿베리쿠키,2024-07-11,1520
물텀뱅이,2020-08-22,900
소가못서먼소서리스,2021-08-12,1302
떡두만국,2021-06-26,64.17
네쓰퀵,2021-06-14,526.67
골목두목,2024-07-25,1585
나두애니츠,2024-03-31,1340
훔아가,2022-01-25,1302
버스트빗나갔다도르블레,2024-07-12,1528.33
LOTTODAY,2021-03-28,1325
그농민,2023-07-19,1415
먼치킨렉돌노르웨이,2024-07-21,1536.67
Ba선생,2021-04-25,1325
기루시루,2022-07-16,1460
Etga,2021-05-19,967.5
Lanivia05,2024-07-16,1541.67
티아c,2021-11-21,1445
설이검사,2021-03-07,70
조선제일궁3매폭죽습호크,2024-07-14,1540
ElsaBeth,2021-08-16,1420
레종슬레,2023-02-02,1043.33
서폿맞아용,2023-12-22,1580
그대를알고,2023-12-20,1580.83
쇌미,2024-07-10,1595
시라히메유카,2023-07-26,1490
슈포도,2021-01-30,900
미분법공식,2021-07-06,1325
히로한이,2022-04-19,1550
발메다르,2021-09-18,1370.83
codk,2021-02-21,1340
암선미호,2021-01-02,1325
귀신들린돌리,2024-03-03,1387.5
비돌sr,2024-05-31,500
섵냥,2022-10-17,1535
빵댕이흔드록바,2023-12-21,1578.33
마니스울이가,2024-05-30,500
맘대루햐,2020-08-23,938.33
쿡콘,2023-03-09,1445
그리핀도르의레인,2024-08-31,1640
소서리스아줌마요,2023-08-06,1415
호낰,2020-08-22,942.5
몬스팅,2021-05-15,1007.5
엘레뉴,2023-07-25,1490
퇴계이황율곡이이세종대왕,2021-08-02,1430
onoyi,2023-01-01,1422.5
검은색우산못보셨나요,2022-07-07,1460
브영이어,2023-01-19,1340
편의점에카드두고옴제길,2022-12-21,130
소서소안,2024-06-22,500
꽝수o,2022-07-06,1435
첫눈의이슬,2023-05-28,802
쉰우,2022-12-17,302
호잇따잇둘리,2023-07-01,1482.5
내가낳은알을먹어줘,2023-09-19,1415
전설의듀얼리스트김지원,2022-07-16,1465
낫을든늑대,2023-07-23,1415
성규12,2023-02-06,1385
핫매콤반,2021-08-12,1302
윤호권용,2023-12-27,1485
플필서머너,2021-05-02,1325.83
밥두미,2023-01-21,1417.5
ASS급암살자,2024-01-17,1520
동돼까스,2022-12-22,1460
Soranghozen,2021-09-10,1302
셀믹,2022-01-23,1355.83
코헤이교단베로니카,2023-07-22,1505
폭풍의소환사,2021-01-05,1310
누누소울,2023-08-17,1467.5
리듬사냥꾼,2021-08-25,1425
신포챠,2021-07-09,1302
마법사팬돌이,2024-07-15,1578.33
개로개로리,2024-07-23,1587.5
아만의득구형,2022-12-24,1415
거묵이,2023-12-25,1465
오륙도,2023-12-20,1580
palette이지금,2020-12-08,915
바드를키우고싶어요,2024-07-15,1520
여름휴가는한달,2021-07-10,1370
핸들이고장난에잇톤건틀릿,2024-01-28,1490
Playe,2021-12-24,55
choki쵸키,2024-07-17,1600
고운son,2021-07-10,51.67
홍콩행민트초코송이,2020-09-08,915
효우,2022-05-06,1415
어뜰,2021-08-03,171.67
SillianInFa,2022-03-02,1371.67
솥뚜껑뽀식이,2021-08-15,1302
모코코씨앗김치,2021-04-05,550
southreshW01,2024-07-15,1594.17
가족사진나오게해주세여,2024-07-15,1585.83
블련이,2024-07-17,130
꼼마곰,2022-01-26,1415
카운터는안되요,2022-12-25,158.33
길보라,2024-08-31,1640
번개의숨결,2022-03-10,1327.5
바디페인팅해드립니다,2022-01-14,1475
여니네아가,2022-07-03,54.17
청은영,2021-04-16,1351.67
골목대장수라,2024-05-31,500
페를로드,2024-08-05,1490
06년개띠로드,2022-02-01,1370
선명이,2022-06-18,1013.33
회복연주,2024-08-08,1521.67
전장으로전장으로,2023-12-29,1450
dimon42,2024-08-02,1573.33
어허기상,2023-12-23,1531.67
솜사탕멍멍,2023-04-25,1302
빼빼고등어,2022-01-27,1415
엘랑세,2024-07-15,1540
SeeThroU,2020-08-22,1022.5
북면정착민,2021-05-15,1360.83
한채채,2024-01-17,1460
고양이를보면짖는개,2023-07-20,1490
귤련아,2024-03-15,1415
바하리보,2024-07-12,1585
비낫혼,2023-07-20,1498.33
닌사르,2021-08-13,78.33
데런누낫,2023-12-20,1580
가기전에한방정돈괜찮잖아,2021-05-25,1314.17
급혼,2023-07-20,1520
겉바속초마쉬멜로우,2023-11-26,500
슬레이어미드,2023-01-18,1525
전사는역시워로드,2023-07-20,1445
믈랑블레,2023-11-05,1415
창공의소리,2020-08-23,910
등골브레이커뺏김,2023-12-28,1520
허걱슥박구,2024-08-18,1605.83
내꿈은점성술사,2022-07-07,1496.67
해피깐돌이,2024-04-18,1610
홀나인가요,2024-08-31,1640
시나몬밀크티,2024-07-15,1545
아이고내영혼,2023-07-20,1520
말랑말랑한거,2024-08-31,1640
코코넛타로버블티,2023-12-20,1475
신방맹,2024-02-04,1520
륜이건,2023-12-20,1580
헷포장,2023-07-10,1415
달콤유은,2023-07-21,1415
호올리롸이트,2021-12-23,1302
내손맛은냐미,2023-07-05,1415
2쁜2민아,2021-08-11,1395
체력을정상화시키는중,2024-08-08,1600
모코코줍는해리,2024-07-26,1520
고무찰흑,2023-10-24,1503.33
퓨마양,2022-07-08,70.83
망고코끼리,2023-01-09,61.67
흐노니1214,2023-07-21,1490
준영이딸내미,2022-01-27,1370
pu씨,2024-08-20,1611.67
해나땅,2023-01-01,83.33
채유니음층묵고간데이,2021-07-15,1340
꽃집알바나정,2023-12-27,1475
파푸니카니아마을브레이커,2023-12-26,1580
차가운낙수,2023-02-10,1460
하늘징,2023-10-25,1415
에키드마,2024-02-17,1581.67
민쿡새,2024-07-25,1520
상급홀리나이트,2024-01-05,1475
폭신한면,2023-11-21,1496.67
나는버어어드,2021-03-27,1341.67
뽕끄,2024-01-28,1520
카이배마,2020-08-23,903.33
WarlordDie02,2024-03-07,1520
한우변신캐,2023-07-02,1460
반야성하,2021-05-30,1403.33
격투부체대생,2024-07-12,1520
단블리누나,2024-07-06,500
일격큐직사,2021-12-25,57.5
냥냥버스트567,2022-12-25,1501.67
마알감독,2024-04-12,1580
Harpa,2022-03-08,1563.33
이서아22,2021-12-23,1302
그냥죽일게,2024-07-12,1588.33
됴아가에몽,2022-01-23,1325
이브아스터,2023-07-26,1506.67
비둘기과자먹자,2023-07-05,1462.5
폴아우욷,2023-12-24,1460
보떼아크,2024-01-03,1580
처쌤,2023-08-13,1415
콩하빵,2021-10-11,1430
퉁퉁이의엄마이름은모퉁이,2023-12-21,1472.5
쵸렐라,2021-07-08,1370
마시멜로랑사랑에빠진우유,2020-09-18,960
여름은서머너,2024-07-15,1523.33
진심으로감사,2023-07-26,567.5
엔돌핀가이,2024-07-15,1521.67
애니원7,2021-10-27,1447.5
왕앙,2020-11-16,722.83
슽래깅,2022-04-12,960
밍구기발목,2023-07-12,1415
단추아빠,2022-12-08,58.33
해블레요,2022-07-17,1460
띠리로라리,2024-07-15,1596.67
김바또,2023-02-26,51.67
즉사한번,2020-09-24,1311.67
뜩딱,2024-07-23,1566.67
모코코짱구,2023-08-29,1550
피터빡커,2023-03-27,1460
텐텐먹고3m까지크자,2022-05-15,1347.5
구친구친,2023-12-24,1560
브레이커의왕,2023-12-20,1555
조운봉선,2021-04-26,1415
보떼키스,2024-07-13,1600
소울마스터척준경,2024-07-12,1585
스커화얀,2023-07-03,1492.5
랑거닝,2021-08-25,1430
슬레이어점핑중,2023-08-08,1340
숙취가심한편,2024-07-24,1555
분노주머니임,2024-07-15,1540
포이쥬,2020-10-08,917.5
바반그릇,2021-05-01,870
밀크아슈큼,2022-03-26,1467.5
에일러트뮤엘,2023-07-22,1500
으뜸케어,2023-12-27,1531.67
함열깡패,2021-07-02,1382.5
두번째옷걸이,2022-07-07,198.33
마라탕맛단검,2024-05-14,530
롤호노아조로,2021-09-01,1385
은채씨,2021-05-31,74.17
금효량,2020-10-04,915
묽연,2021-09-03,171
아리공방,2021-03-27,171.67
시무딘,2023-07-22,1470
힝싸이,2024-07-24,1591.67
제법무아인,2024-07-13,1573.33
아이보리아쿠아마린,2023-07-19,1415
핼탕,2021-01-31,915
아무르주,2024-07-11,1521.67
광림사주지,2020-08-23,1005
등골브레이커200년,2023-12-23,1555
숙코방지턱,2022-12-29,1405
아가꼬꼬,2024-01-27,1540
화가친구1,2022-07-08,1445
마법구스,2022-01-23,1370
구원자등장,2022-01-24,1302
브렉ker,2023-12-22,1460
커이유,2023-12-20,1460
맞딜로드,2021-03-30,1325
필쑥,2022-01-19,1460
곤지암이왜무서운곤지암,2023-12-26,1591.67
쌈조a,2024-07-15,1528.33
세구수라,2024-07-10,1528.33
흥분한수수씨,2021-10-31,79.17
당신이기다린홀맨,2021-09-01,1345
구로구눈나,2023-01-19,1475
95대장묘식팔,2023-12-20,1460
암살지은,2022-07-17,1415
우리마리린은사람을찢어욧,2024-04-05,1528.33
고양이한스푼,2022-01-30,1370
빼곰슬레이어,2023-01-19,1460
달순망,2020-09-29,915
핫한붕권,2023-12-21,1520
0혈우0,2023-12-24,1472.5
설다아린,2022-07-08,1445
딤딤리,2022-02-01,1361.67
뜌땨뜌우땨이뜌땨땨우땨,2024-07-15,1540
열약한뇌호격,2022-07-14,1460
월향하백,2023-09-17,1415
댄싱걸,2022-03-13,1415
패닝스트링,2021-04-03,1341.67
사과레인,2023-12-22,1520
눈꽃예쁘다,2024-02-27,1523.33
한방무라마,2024-07-20,1520
팡성우,2021-09-25,1302
신구리,2024-07-15,1575
카리나로켓Puncher,2024-07-27,1543.33
너네다배마,2022-03-08,1302
파이데드,2021-04-12,1385
홍디의서늘한망치,2021-07-22,1415
워싕싀,2023-12-28,1510
아름다운선율의하프,2021-06-08,100.83
우랆,2023-01-19,1490
쿠암,2024-08-31,1640
문현동불개미,2022-07-17,1370
페이탈클마,2024-08-31,1640
바닥조심,2024-01-15,1580
라따뚜이샌드위치,2023-01-21,1490
도봉구정찬성,2022-12-05,460
문앰준,2024-07-11,1600
천준이,2021-12-18,1415
핑꾸물곰,2023-07-07,1430
인간형모닥불,2021-04-18,599.83
0neFineDay,2020-10-10,960
기공사마,2024-02-04,1531.67
법황설리반,2021-06-17,181.67
fldtkdfk,2021-09-10,1370
팬지연화,2024-07-17,1526.67
펭레오,2021-07-08,1370
황황후루후루,2024-06-06,500
돈쓰는건즐거워,2022-12-31,1395.83
판다곰소울킹,2024-06-16,1540
검후유리,2022-04-07,1445
걸어봐위엄like라이언,2023-11-05,1415
F1R2GUN,2021-12-25,173.33
펜대신낫질,2024-07-18,1586.67
이걸못피하고앉았네,2021-04-25,1310
단철근,2021-05-09,520.33
남탓마스터a,2024-07-13,1275
로굴바,2022-09-17,125
금방태닝실린,2024-02-16,1485
돗망,2021-01-04,975
넨우비,2022-07-07,1480
종띠,2023-12-20,1590
이만수양준혁이승엽오승환,2024-07-18,1520
Alca홀리나이트,2021-08-12,1302
말랑모찌민찌율,2024-08-31,1640
추팝팝,2021-08-20,80
도화가조쿤,2024-05-06,1460
livinnnn,2022-10-23,1525
리사미아,2022-02-01,1470
흥천사성가대지휘자,2024-07-24,1601.67
붓따핸섬,2022-06-25,1492.5
바르페,2024-01-02,1520
모래마을,2021-04-04,152.5
화려한붓터치,2022-06-09,302
뎅구르를,2022-06-28,1325
르르르코코코,2023-08-17,1472.5
피아노,2020-08-28,862.5
람기사,2021-07-10,1326.67
재순술사,2022-07-15,1482.5
영혼이사라지는마술,2023-07-20,1540
므앍,2024-07-11,1588.33
한심한탱커,2022-12-30,1413.33
담양죽돌이,2020-12-09,985
광전사광진이,2024-01-12,1510
스듀비,2021-03-07,1425
보다듬,2021-10-11,1415
웡워잉,2024-07-12,1585
뭉무링,2021-12-26,63.33
춘식이어무니,2024-08-20,1601.67
울트라이승현,2021-01-22,181.67
옹모바,2023-07-21,1445
이그제스트,2021-06-10,1325
떠업,2021-05-08,354.17
번개공,2021-07-11,1302
아임낫스티치,2023-07-22,1500
솜사탕해장국,2023-01-20,1460
금색의낫,2023-07-21,1500
끝까지따라다녀,2021-04-28,250
노가다인파이터,2021-08-12,1415
너를닮은이시린가을이오면,2023-07-07,1601.67
브렌스,2020-08-23,1050
한럭스,2021-09-24,600
CruellaDeViI,2022-07-01,52.5
아재창술이,2021-07-05,67.5
캔모아무한리필식빵,2021-08-12,1326.67
나는상디,2023-02-10,600
환타보단콜라,2024-07-13,1540
드모닝,2022-01-13,1310
JJent,2020-10-17,592
운이불,2023-07-24,1417.5
원한살인멍뭉,2023-01-23,1470
장옆집,2022-12-21,1365.83
라디오로보틱,2024-08-25,1598.33
minono03,2021-12-06,1415
혼파편,2021-03-21,1050
와로두2,2021-04-25,1394.17
탱비브라토,2024-08-31,1640
에키드나니,2024-07-12,1543.33
버섴단점,2021-03-25,935
시럽바닐라,2023-10-19,1432.5
갯마을차,2021-09-13,1354.17
습관성회피증후군,2024-07-11,1540
루피아티스트,2023-06-29,1477.5
다정한오리,2022-01-21,1475
울산원소재비,2021-11-29,1060
워츄고나두,2021-07-16,1430
BSRD,2021-09-01,1302
천고마비의계절,2021-03-22,1302
별수호자자야,2024-07-15,1601.67
힐링머신1호,2022-03-03,223.33
gans356,2024-07-22,1600
바드님절구하러오셨군영,2024-07-11,1520
코류,2023-12-20,1536.67
양코법사,2024-08-31,1640
블레쓔,2023-12-20,1470
블루람지,2021-08-02,1302
창짱E,2024-08-25,1594.17
일어난도깨비,2022-02-05,1330
잠자는치코리타,2022-01-16,1432.5
돈달산펀치킹,2024-07-13,1553.33
바람궁수쿠키의마법사탕,2022-07-07,1415
힐링좋아8,2024-07-13,1560
가장듬직한심장이되드리지,2022-03-22,563.33
큐천,2023-03-14,1340
킬로토아,2021-08-24,1302
말안듣는먐미,2022-07-06,1375
응용회계,2023-01-22,1340
부파스킬적어요,2021-12-27,1445
마법소녀박끝순,2023-11-27,1585
원펀맹구,2024-07-18,1535
쌍검런,2021-03-07,1050
mc디붕디붕,2021-11-26,853.33
펭귄파이,2021-01-28,955
시즈낭자,2023-02-21,1490
코딩못함,2023-05-28,1543.33
폭로전,2024-07-13,1540
나의네번째홀리나이트,2023-07-23,1415
실리안바드,2021-03-27,1340
바그세용,2023-12-28,1460
담양죽빵한사발,2020-10-12,962.5
난우서라고하네,2021-07-13,1340
전굯,2024-06-27,500
Voute,2021-05-27,76.67
저녘비,2023-08-22,1415
더워롯,2022-07-18,1472.5
그분과함께인기상이,2023-07-22,1490
만개줘뿌에엥,2024-01-03,1467.5
돌고돌아도화가,2022-03-02,1370
루오즈,2023-11-13,1415
무슨붓을써서그러야할까,2022-01-14,1445
날라가버린내우산,2024-07-29,1585
강남TOPCLASS,2021-03-05,945
낫배드낫,2023-07-21,1509.17
아가는도구,2022-01-14,1460
믿어야게찌,2023-12-03,1540
훅섬,2022-01-14,1460
정대개막내딸,2022-02-05,1445
의존이,2022-01-21,600
피자나라치즈,2022-07-22,114.17
쥐어박는돌,2023-12-21,1460
축오는X,2023-12-22,1551.67
권왕클라쓰,2023-12-21,1580
주악구옥주휘,2024-07-12,1543.33
한손에수갑,2024-08-31,1640
골코코,2021-03-23,1340
투창하는니달리,2023-02-11,600
수령동지의적화통일,2021-04-12,1315
인간수라,2024-07-12,1540
PHONYONll,2021-03-18,1325
이비수염,2024-08-31,1640
리튬전지퍼버벙,2022-07-07,140.17
보나노떼,2023-07-20,1540
몽환의아브렐슈트,2021-09-06,130
삐꺄암,2023-07-19,1415
승묘한아이돌,2023-12-25,1540
로거니다,2024-02-19,1340
망치학게론,2021-07-12,83.33
쨈브레이커,2023-12-21,1580
굽네고블링소스외노자암내,2022-07-31,70.83
니들보단덜아파,2021-10-10,1415
욕망군단장아가,2023-12-25,1530
Spieke,2023-07-16,1450
난강해져야해,2022-01-02,1415
혼자있는대,2023-01-02,1490
낫을든야옹이,2023-07-19,1440
아오건빵시치,2023-12-23,1568.33
피엘티,2024-07-15,1600
외력과내력의싸움,2020-08-22,1359.17
무개쁨,2024-08-20,1605
뽀대완댜,2021-01-01,915
오냣,2021-04-10,900
30각붓,2022-01-22,1450
청록빛은하수,2023-02-14,1460
속죄의홀나,2023-09-02,1490
7월20일생,2023-07-21,1460
낫소릿,2023-07-22,1415
뚠꼬마,2022-01-31,1467.5
롄스,2024-07-11,1520
욱s블레이드,2022-02-18,1445
두한킴,2022-03-08,109.17
헤테르,2020-08-23,932.5
햄열무,2024-03-14,1520
youio,2024-07-14,1513.33
차강서,2022-12-26,1506.67
둬줘,2023-01-21,1490
HYNN물감,2023-01-04,1370
뒷말,2023-12-21,1580
1월의기상술사,2024-01-25,1460
앙금떡좋아,2023-12-24,1530
지소쿠리,2024-04-05,500
본점,2021-08-13,1445
공편집,2024-01-14,1460
갤럭시K15,2023-12-21,1571.67
미니언9,2022-12-25,1422.5
노봉순,2023-12-22,1540
홓홓홓흫홓홓흫홓홓흫홓홓,2023-12-24,1520
수라레이커,2023-12-23,1475
챼원임,2024-07-11,1590.83
wszedx,2021-08-23,1359.17
양우기사,2022-07-23,190.83
달빛이밝은날,2024-07-25,1585
목탁서커,2021-08-19,1354.17
미네는언니야,2023-10-13,1553.33
비오면죽고싶음,2022-07-08,1387.5
Nathroo,2023-02-15,1551.67
경고한다냥,2021-05-30,1325
또먹고자,2023-07-06,1490
좀늦었습니다,2023-09-19,500
gayooii,2022-07-06,1460
포켓몬보고섭니다,2023-12-29,1531.67
J만개도화가,2024-04-01,263.33
귀여운IZOA,2022-01-31,222.5
쌩쎙,2022-07-07,1415
아이코스피고싶어요,2022-08-08,1430
맛만보자브레릅,2023-12-22,1460
냄새묻힌퓨마,2021-12-23,1302
배하슬,2022-10-08,302
리리스커,2021-10-01,51.67
그린다람쥐,2022-04-11,960
이고영,2021-02-28,945
lidsa,2022-02-03,1370
츠무기의여름방학,2024-07-12,1546.67
메리베리마카롱,2022-02-18,1302
OneToo,2024-07-28,1520
스타쥬시브레이커,2023-12-23,1580
안녕하세요저는홀나입니다,2023-08-07,1415
빙고잼드,2023-07-03,1415
LostSE,2023-07-20,1515
악마는루시,2022-12-04,71.67
영찬님,2024-06-22,805
붓질할래요,2022-02-15,1302
성메르카스3세,2020-08-23,1020
B무력,2024-03-09,500
먹무르뿌릴게,2023-03-28,1553.33
N카단JG,2023-12-26,1510
또곤띠,2023-07-19,1490
찍먹소이,2023-07-20,1462.5
A19890224,2021-09-03,1415
무스펠헤임,2024-08-31,1640
바들바들부들바드,2023-02-07,1455
가디언스피어,2021-07-18,802
가디언할로우,2021-07-18,1302
떡뵦이오는중,2022-12-21,94.17
l베차l,2024-07-13,1590
데헌대맨,2022-06-15,302
호준이와산책,2024-07-11,1576.67
야브레이크,2023-12-22,1551.67
이름가문서머너,2024-07-19,1540
보리모찡,2022-12-22,1340
델라소울,2023-07-23,1490
말랑매끈탱탱,2023-12-21,1530
결국다시여기로,2021-08-20,1302
일단내말이다맞아,2023-12-21,1520
HFFF,2021-07-09,1302
개시브레이커,2023-12-26,1590
오도뺑구,2023-12-22,1550
도화갸연,2022-01-14,1379.17
다오이터,2023-08-22,1470
bosomi456,2022-06-20,540
봉동맨,2024-07-20,1534.17
황금항서,2021-02-15,1372.5
안녕하세요화이팅해봐요,2023-07-23,1417.5
영석존,2022-05-27,560
김녹채,2023-12-22,1568.33
딘디딩,2022-12-22,1492.5
뭉맹두,2021-01-21,892.5
삐꺄시,2023-01-19,1487.5
해딱바,2022-04-04,600
아이스민트핫초코,2022-12-22,1492.5
온라인브커,2023-12-21,1538.33
낭만가득리퍼,2024-07-11,1602.5
기운센우산,2022-07-26,139.17
핫핑쿠키,2023-10-14,1520
나는리퍼야,2024-06-20,425
힐받고죽어줘,2022-09-01,141.67
표층,2020-11-24,1005
운전병이민규,2024-07-14,1533.33
Violentt,2022-03-23,1340.83
해조라,2021-03-22,1005
쌀캐는마리린,2023-01-18,1368.33
낫호미곡괭이,2023-07-20,1490
전투이펙트표시절대끄지마,2023-12-30,1460
솜사탕전사,2024-08-28,1620
명란계란,2024-07-28,1587.5
조통,2020-09-26,870
이세계기상술사님,2022-07-06,1425
이퀄드가여,2024-07-16,1597.5
예핑이I,2024-07-17,1571.67
LuFeIn,2021-02-26,1393.33
누레가라스,2021-04-24,1315
나이트미네,2024-08-04,1520
오즈홀리,2020-11-10,915
의미있네,2024-07-16,1610.83
우산동앨리스,2022-07-11,1501.67
정으시,2023-09-30,1610
지하깡패,2024-07-11,1541.67
혬레이커,2024-07-12,1600
필헌,2023-12-25,1580.83
감자튀김fan,2022-06-27,302
주인공이추방한용사짐꾼형,2023-01-25,1460
전만구,2022-02-26,1378.33
인파이터김선생님,2022-12-21,72.5
항아리빚는뿔인간,2024-07-25,1548.33
인사안받으면심판자킬게요,2023-12-04,1460
생명가능지대,2023-07-21,1505
HEX3,2024-07-11,1520
개미75,2024-07-24,1591.67
날씨의뿡치,2023-09-14,145
후슨풀크,2024-05-30,51.67
킹콘치즈,2022-01-16,1415
탑승블래스터,2023-12-21,976.67
마가레콩,2023-12-21,1580
서루안,2023-12-26,1546.67
바드사랑애용,2021-03-07,1050
스응권,2024-07-25,1585
슬레맛라떼,2023-01-18,1475
길냥이브레이커,2023-12-21,1460
Lenaka,2022-07-06,1490
별내린하늘,2021-09-10,53.33
신적귀,2021-03-27,534.17
세크라손,2020-12-05,1020
춘보스,2023-08-11,1460
소리딜러,2022-02-13,1302
이한세,2023-09-29,260
Windmake,2021-03-07,333.33
아리냥냥펀치,2024-05-20,500
주노단검,2024-07-10,1540
랏날,2023-12-25,178.33
귤프앵깅단장,2023-07-29,1447.5
가운의런처,2021-07-26,1415
양봉락,2020-09-15,915
뜬탱,2024-08-31,1640
핑크링,2021-09-19,223.33
셋캉,2021-03-27,1340
사료,2024-08-31,1640
축사,2023-01-23,1540
내곡동이쑤시개킬러강인혁,2024-02-04,1605
로순이사랑꾼,2024-08-02,1520
피씨방네넴띤,2024-04-02,1460
시온요우,2022-07-30,1460
햇빛리퍼,2024-07-17,1560
민트초코프로마쥬,2022-08-11,1460
삼숭동브레이커,2024-02-19,1485
내창이제일작아,2023-11-20,1490
명륜진사발탄,2022-12-28,148.33
설화만홍,2021-09-03,1325
무니뇽,2024-01-02,1560
권왕임상현,2023-12-20,1531.67
귀염뽀짝소악마,2022-01-21,1370
KC인증받은정품블레이드,2024-07-10,1585
DK56,2022-12-27,1415
에포나배마,2021-03-26,915
솜사탕꿀주먹,2024-07-11,1600
메리미엘,2022-01-21,1450
내측경골스트레스증후군,2024-05-29,500
유유천황이,2023-08-10,500
우마이포도,2024-07-07,59.17
블레즈파스칼,2024-05-25,167.5
폭파했누,2021-01-30,900
SymbolicZero,2022-01-13,1445
간지령,2021-03-21,1330
촉새,2023-12-20,118.33
슈hwang,2022-01-27,1437.5
쿠수부수,2024-08-31,1640
포항초무침,2024-07-12,1610
낫플,2023-12-20,1510
에릭테임즈,2022-05-03,1415
수영삐,2024-07-12,1540
권무월,2024-08-25,1602.5
깃포,2023-07-21,1415
억울보스,2023-09-18,1525
지상최강의퐁퐁이,2022-10-29,360
넉울울히,2021-08-16,1358.33
12군단장,2021-12-23,1302
성북구타이슨,2023-12-22,1477.5
하양파랑,2021-03-13,1356.67
구타는답을알고있다,2024-08-31,1605
날렵한해머,2022-08-17,1400
군단의칸,2020-10-09,930
펭수a,2021-04-24,1385
도아가봇,2022-01-16,1460
뿅뿅스,2023-03-23,1385
1월15일보름달,2024-07-11,1585
애기목화,2024-08-03,1600.83
나작바해달래서키움,2022-12-31,55.83
초띡,2022-01-27,1445
혀눅깅2,2021-11-18,420
조타륜,2022-01-28,1445
권예향,2024-02-12,1510
도곰돌이,2024-08-21,1610
어후또한다,2021-05-10,1370.83
사신체라,2023-12-25,1560
홀닥불의오라,2022-07-08,1452.5
문딸딸배,2023-12-26,1460
Baker말고Faker,2023-07-19,1420
루비앙,2021-12-26,1445
오라오라오라라오라라,2024-06-18,500
너굴탱,2021-10-10,1415
어때내얼굴,2023-08-01,1415
떄도때바,2023-03-14,1340
워로냥꽁,2024-07-16,1575
귀여운도아가잉,2024-08-04,1601.67
오랜만에슬레이어,2023-02-09,1340
아퍼함,2021-05-04,1035
꽃이만개하는계절,2022-12-09,302
나니커,2022-12-18,302
소울이터점핑,2024-08-01,1588.33
겅겅미,2023-12-21,1482.5
토레타에여,2023-06-29,1447.5
역사상최고의사기캐릭터,2024-08-09,1600
헬프레네,2021-05-16,1415
리망진창,2024-08-18,1575
문초봄,2023-08-13,1415
CHPHM,2023-07-13,1490
슬깋,2021-07-17,1362.5
기철남,2024-02-24,1520
꿀보라,2021-08-12,1302
극락천둥호랑이,2024-07-05,672.5
광일,2021-09-30,1415
모코코고추장장아찌,2024-02-05,500
봍탱이,2021-03-20,1408.33
네마음속의퍼스,2024-08-31,1640
공릉쿠마,2023-12-20,1490
내쫌친다안카드나,2022-12-11,1460
말랑한꿀벌,2022-07-12,1370
연보라색물감붓,2024-06-11,995
에버랜드아마존,2023-07-22,1503.33
타락한인파,2021-01-03,1325
옹로롱,2023-03-29,446.67
묵병아리,2022-01-24,1445
카멘가고접,2023-07-02,1495
호크님파티나가주세요,2021-06-07,61.67
베이지choco,2021-12-23,1370
핀베리,2022-01-28,1302
로데이어,2023-01-18,1490
간장깻잎장아찌,2021-11-28,1415
폭주조절안함,2023-01-18,1500
메비숍출신,2021-12-31,1304
5degree,2022-07-21,1460
아마란스F,2024-07-11,1523.33
츠리스마스,2023-02-28,1383.33
화려한내공,2022-09-22,1392.5
치킨시킨개방훈,2024-06-21,51.67
피뢰기소울,2023-07-20,1490
낄푸,2022-01-14,1445
켈루시안,2024-07-14,1563.33
퐁퐁이의눈물,2020-08-22,1005
Reiya,2021-10-18,576.67
화공수,2023-12-21,1545
바비희성,2020-10-05,952.5
크림로제오이무침,2023-12-23,1538.33
잠만쌀먹좀,2021-07-10,57.5
신은가장위대하시다,2023-12-22,1556.67
니맘만있냐내맘도있지,2022-01-11,1370
히셀린,2023-12-23,1573.33
은신쓰다뒷목탁,2022-12-24,1340
문경돈까스사장님,2024-07-15,1540
제발이제그만,2022-02-24,1100
소년등과,2020-08-23,900
철권할줄몰라요,2023-10-31,1415
오른손황천길왼손은수면재,2024-07-20,1540
FIN4LE,2024-07-15,1597.5
크림퐁당이,2024-07-11,60.83
리신싱,2022-02-11,1302
아옵,2024-07-11,1520
키ab,2023-12-24,1583.33
SongHayoon,2023-03-03,1345
냉혹함,2024-06-02,1520
귀여움담당,2021-08-11,1430
달빛필,2022-01-24,1445
강냉이,2021-01-23,550
복사꽃열매,2022-07-18,1340
달다나,2022-07-07,1460
메테오박아,2021-09-02,1415
인파드리,2021-02-05,225
꿀주먹21,2021-10-18,66.67
바드가말대꾸으,2024-08-31,1640
마지막소고기국밥,2021-11-19,1400.83
다래랑냥냥해,2022-12-22,1460
홀리면안되요,2021-07-09,1370
맨날왜그래에이에이,2022-07-07,1460
점화퀸당,2024-05-28,500
민첩한동쪽의사자,2023-12-04,1460
TripStory,2023-02-02,1503.33
호롱불등,2022-12-22,1490
Saikyo,2022-12-22,1395.83
해피할로윈,2024-08-09,1596.67
공감악마,2024-02-03,140.83
마법소녀원춘이,2024-03-20,1585.83
아가찡찡나나,2023-07-11,1415
힐데르크,2024-01-02,1460
바로그홀리,2024-08-31,1640
씨약,2021-11-15,1370.83
전설카드주세용,2021-07-20,1325
거니똥방구쟁이,2024-02-08,1533.33
애나키드,2023-12-26,1580
앗뜨거불타용,2022-04-23,1460
어이없브렐라,2022-07-09,1460
시천객,2023-07-20,1490
버틱,2024-07-02,500
뇨뇽쓰,2020-12-21,400
보떼그레이,2023-12-29,1460
이고바,2021-11-11,480
gusdnr,2024-07-14,1536.67
피부미용에좋은먹물,2024-07-26,1520
사제학,2023-02-21,1460
님들이거봐요저엄청빨라요,2024-07-12,1520
단맛약,2021-05-09,1351.67
신형만만년계장,2022-08-13,55.83
슬쩍아잉,2021-07-10,130
박쭈냑,2022-01-12,1500
슈핔,2021-03-27,75.83
하일면,2021-10-30,137.5
민채도아가,2024-07-22,1595
기빵민,2021-12-24,1302
홍홍냥이,2024-07-12,1600
독수리수리창수리,2022-02-20,1355
송퍼드,2021-09-12,1302
일일시호일,2023-12-25,1583.33
나도바드가더좋아,2021-10-11,1100
성동구시민,2023-12-23,1460
TriumphBrush,2022-12-25,1490
알리아슈,2022-06-08,1430
마지막관문수문장,2021-01-21,907.5
네힐안해여,2020-10-14,915
망이엄마,2024-08-21,1570
쁘렐리온,2021-04-24,1030
꿈을찾는여행,2022-07-07,1455
헤뤼미온느,2021-08-14,1400
유규큐슈,2022-12-30,1480
잉파토야,2022-09-25,1376.67
바롱아,2023-12-24,1460
유이스나,2022-09-03,1360
장마개싫어,2022-07-09,1475
하프는신이고나는무적이다,2021-05-06,275
콩나낭,2024-03-10,1460
김조잉,2021-07-12,1302
하익련,2021-04-15,1390.83
노인베기,2024-07-11,1575
환류일까요,2022-07-10,1413.33
김두삼,2023-12-21,1475
낫예지,2023-12-24,1460
말랑콩떡예슈화,2022-07-07,1470
햇댕,2022-01-05,325
브레이커일까용,2023-12-21,1580
냉동보관용,2023-07-20,1490
난너좋아서만나,2021-08-27,260
체체블,2022-02-05,1302
블레이즤,2022-03-17,1340
a늑도리a,2020-08-22,927.5
민초는맛잘알이다,2021-08-10,1331.67
퓔릴리홀리개굴,2022-12-28,62.5
어떻게하프가무기앙,2022-11-22,1583.33
똥싼꼬마굿,2024-04-25,1601.67
딜교는소울해,2024-06-09,500
새침한이유,2023-07-19,1472.5
문슬레어,2023-01-18,1445
떠제,2024-06-10,74.17
라무르엘,2020-09-21,1022.5
델허니,2023-11-06,1460
남치는교감,2023-11-08,151
먼가다르다,2021-02-21,1325
패브레이커,2023-12-24,1521.67
홬앜코,2023-07-03,1450
떼구르르김준붕,2023-11-11,1477.5
싹싹비샴,2021-12-23,1325
디스준용,2021-09-24,960
바드님갑니다,2024-01-09,1490
빠친,2023-01-20,1520
이건우산이란다,2023-12-28,1520
꿀밤주먹모코코,2024-07-30,1585
zl존홀란,2024-07-13,1520
허냥설헌,2022-01-13,1460
바스티안의비밀친구,2021-07-09,1415
댜치,2024-07-24,1600
대낫와플,2024-07-12,108.5
뉴탱탱,2021-01-18,915
체리비니,2022-07-06,1475
아름다은풀님,2023-03-08,1340
타요타욥,2021-03-25,1349.17
바줌마아니라구,2023-01-21,1340
이쁜만월씨,2024-07-14,1595
블래다한,2021-07-18,1415
여심도발남,2022-04-12,302
중리동1호로팡걸,2023-09-11,1415
화이콩,2022-07-07,260
내붓돌려줘,2022-04-03,600
숙코는블튜브,2023-12-22,1576.67
잣의털,2024-07-12,1540
집착성애정증후군,2021-07-07,53.33
Astartyn,2021-08-12,1302
옐롱,2023-12-21,1520
맞기전에때릴게요,2022-04-16,1370
입각착래,2024-07-10,1607.5
주유소s,2021-01-03,1312.5
지훈소서,2021-08-12,1370
주먹쓰는도깨비,2024-01-13,1553.33
영쮠,2024-08-31,1640
원딜이에염,2021-09-12,1302
싸앜의아픈손가락,2024-01-15,1460
a라비,2024-07-19,1585
전국오피걸,2021-03-27,333.33
앙대핑,2023-12-22,1480
사멸기습블레이드,2021-12-23,1302
점멸의화무십일홍,2024-07-13,1600
블랑소울,2023-07-20,1525
스페는호다닥,2023-11-19,500
플루웃,2021-09-27,1302
브브후은,2024-01-08,1525
루세라핑,2023-07-02,1490
LifeSaver,2022-01-30,1445
또해배마,2024-08-23,1523.33
늘세느,2023-12-23,1533.33
솜솜붓,2024-08-31,1640
NamY01,2021-04-12,1325.83
카드는실력으로뽑는다,2021-04-24,400
스물다섯번째밧,2021-11-24,107.5
라연붕붕권,2023-12-20,1573.33
90B,2020-10-28,990
춘식숙코,2024-04-11,500
가을에내리는여우비,2023-07-29,1415
시에폰제라스,2023-07-22,1415
비룡검109,2024-07-14,1590
엘리셔잉,2023-02-14,1460
아기뽀둥이,2024-07-28,1540
딜마카세,2024-07-14,1561.67
각진빵댕이,2022-06-22,75.83
연주바람,2024-07-26,1615
소쌉,2024-08-31,1640
신성기사빵태,2022-06-29,1370
농사꾼이야,2024-08-31,1640
한용심,2023-07-11,1415
김따냑,2022-07-19,407.67
생소이터,2023-12-23,1485
초코쿠키도화가,2024-08-05,1595
호재팍,2021-12-31,1385
작은시작,2024-07-14,1520
비바람은,2022-07-06,1460
철사장,2023-12-21,1541.67
리퍼강철곰,2021-12-27,1495
갈라테아스,2021-06-21,1345
루크지,2021-07-11,1340
체라민투,2021-01-23,1325
애완남만노립니다,2024-08-31,1640
쇽쇽쇽샤샷,2021-05-13,1344.17
Solaw,2022-01-05,1370
령죠아,2023-07-19,1415
붓으로사람만때려요,2023-03-06,1415
혈지온,2021-05-02,1325
R리호,2022-02-18,1385
우산검도,2023-02-15,1475
켈스님,2021-08-17,1355
호엥2호기,2021-11-22,1100
Druggy,2020-08-22,1335
아란로시아,2023-12-21,1536.67
에스짱,2022-06-25,1570
만수동피바라기,2023-12-20,1556.67
티모서포트,2021-08-12,400
백리비,2021-05-13,1350.83
사신의카리나,2023-10-30,1415
난지기,2022-07-09,1460
쏘살구,2024-07-14,1536.67
호크니모,2023-07-21,1490
TickTacks,2022-04-02,1302
하큐브,2023-07-20,1422.5
송헤지,2023-02-15,1490
라멘땅,2020-11-06,1005
총넣을게,2021-03-06,1334.17
바드가봐드,2021-04-10,1345.83
pinyut,2020-10-10,380
디냐,2023-07-10,1550
ONEHoLy,2020-08-22,916.67
론멍,2022-11-23,1563.33
전덕후,2023-03-06,1435
하나히에,2023-07-30,1460
석씨계고략,2024-07-14,1590.83
시온아안아줘,2023-12-03,1415
도기스타일버스트,2024-07-15,1596.67
꼬마마법사래비,2024-07-26,1588.33
범인은내가아니라고,2021-12-11,1325
로잉소서,2021-09-04,1346.67
홀엉엉,2023-01-22,1475
극진로로,2023-12-22,1540
힐구슬제꺼에욧,2022-01-22,1475
주먹왕피령,2024-01-28,1520
a3pf0llfhg,2021-08-26,1335
채리로,2022-07-09,1378.33
꼬미츄르,2022-07-28,179.17
스테노린차,2022-10-13,1385.83
수령동지의마지막삼륜차,2023-05-18,51.67
려예곤듀,2022-09-17,380
루씨태리,2023-07-20,1490
고성호랑이,2023-02-06,1415
태산디붕,2022-12-09,1561.67
옵티머스프람,2021-08-12,1302
Hokys,2024-07-13,1520
뎌희,2021-03-07,61.67
주먹으로뒷통수팡팡,2024-07-12,1571.67
워94,2024-08-31,1640
촤마리,2024-07-22,1600
여니주니,2024-07-14,1600
저런세차를깔끔히하셨군요,2022-07-08,1414.17
햇살맛알사탕,2023-11-20,1581.67
화났개,2023-12-24,1580
주디천사,2024-07-28,1620
넌내마음을몰라,2022-07-10,1415
르르렌,2024-07-11,1521.67
승시배마,2023-07-07,1506.67
회색빛검,2023-09-04,1430
WolfofRivia,2024-03-26,1580
겨울을그리며,2022-01-23,1325
귀여운창술사꿈나무,2021-09-15,1361.67
온리민초홀리,2021-08-12,1302
여름이전용캔따개,2022-01-27,1445
천명의격투가,2023-12-21,1460
파나리나,2021-09-12,302
백호망침,2021-07-05,1327.5
폭주한비늘이,2023-07-09,1415
난입소나,2021-03-26,1325
페퍼로니피자썹,2021-08-12,1352.5
폭신폭신파비코리,2023-12-29,1598.33
맥켄지포이,2021-09-03,1415
쓰레쉬떠날까,2021-11-17,151.67
세데레,2024-07-16,1543.33
염하연,2021-09-27,960
첨어,2020-08-23,907.5
BZ슈터,2024-08-29,1614.17
눈비바람그리고하늘,2022-07-06,1490
이름뭐로정하지,2024-08-04,1592.5
CHOGATH,2021-03-29,397.5
솔라시레도아가,2022-01-17,1445
더도화가,2023-12-24,50.83
RoHoly,2021-09-18,177.5
아파서누운거야,2023-01-19,1498.33
Bllanccha,2021-07-09,1417.5
제가좀도화드릴까요,2022-02-15,1327.5
푸틴저격,2023-04-15,1523.33
주먹침,2021-10-22,960
찌나의작은바드,2024-05-22,500
깡지네고명딸,2022-12-27,1477.5
미움받지않기,2022-02-03,1302
평범한묘지기,2024-07-13,1520
신사소울이터,2024-07-15,1553.33
동가드,2023-01-15,1340
모코코잔뿌리,2024-05-31,1545
김곰웅,2023-12-27,1528.33
여기등아니야,2023-12-28,1511.67
엉덩이때려주는리퍼,2021-08-09,1302
별빛피크닉,2023-07-21,1493.33
b동,2020-08-22,955
낫부랭이,2023-07-26,1500
요링이의디트,2021-12-18,1415
이터힛,2023-07-24,1508.33
하별이요,2022-07-07,1340
남냥스피어,2020-08-23,1327.5
블브레이커스,2023-12-27,1586.67
퀸오브,2020-08-23,915
기사남,2023-12-20,1540
덩키에요,2023-01-23,1343.33
설봄달,2024-07-15,1521.67
아르카나를골라버린나,2022-06-22,580
온츄리,2023-06-29,1447.5
아산백호랭이,2024-01-04,1545
급식도화,2022-01-13,1475
앵두파이,2024-01-29,1526.67
힐을주러왔소,2024-01-15,1460
양손잡이의사우스포,2023-12-22,1580.83
경기도하남시덕풍동우철식,2023-12-28,1460
쇼우루,2023-12-23,1521.67
모목지,2023-12-23,1580
ArtistSIA,2022-01-24,1370
남캐키우기싫다고,2023-07-24,1415
킹윤돌,2022-04-19,600
블루센티넬,2022-07-28,573.33
꽃다혜,2021-08-13,1364.17
악녀령,2021-05-02,1341.67
탕할라,2023-01-18,1490
낮잠잘래요,2022-01-13,1445
나랑드사이다zero,2024-07-28,1610.83
여심브레이커곽득춘,2024-01-29,1460
코비츄,2022-01-21,1415
품빛,2023-12-21,1520
시르프이나,2021-09-27,302
꼬앙v,2023-07-24,191.67
브라엘,2024-05-06,1540
안양냥냥펀치,2023-01-06,90.83
녹여먹은사탕속에바퀴벌레,2021-12-23,1325.83
네메시온,2023-07-19,1457.5
노래하는칼과방패,2023-07-09,1415
모코코챔프,2023-12-28,1586.67
주먹안열정과패기,2023-12-25,1510
홑리쉿나이트,2022-01-26,460
핑에절구있음,2021-07-09,1370
아픈건질색이니까,2024-04-04,1100
매장이,2022-04-28,1445
개이상술사,2023-11-12,1590.83
엔듀,2024-03-18,1520
빛의티리온,2023-02-22,1415
창바호,2021-07-09,1370
ys1102,2024-07-20,1597.5
흑바프,2021-04-05,1375
승기승,2021-03-14,203.33
주랑이터,2023-07-19,1487.5
절구드실분,2021-08-12,1302
elenise,2021-11-27,378
애옹증후군,2022-03-17,1415
성스러운홀순이,2024-08-31,1640
제루고,2023-12-24,1543.33
실뜨기장인,2024-04-09,805
화가책장,2023-07-25,1415
대명동방패도둑,2024-08-04,1543.33
의사가왔도다,2020-10-02,915
백십,2022-12-27,88.33
쿨러몬스터,2020-08-22,415
표코바,2023-10-07,1225
상급호뱍,2023-01-24,1515
쏘으뜸,2023-08-02,1490
쿠르잔강태공,2024-07-16,1585.83
휴대용그립톡,2021-07-22,802
괭이콕콕,2024-07-30,1584.17
큼직한아이,2022-04-18,72.5
기역미음,2023-12-21,1570
사신클라쓰,2023-07-20,1415
총쏘는고양이삼쒹이,2023-06-29,1490
채채스,2022-10-30,960
고양이와야옹야옹,2023-11-18,1415
귤까먹는모코코,2024-08-07,1600
브루더,2024-07-08,500
예쁜허수아비,2024-07-14,1600.83
곽준민,2024-08-31,1640
아꼬와배코,2024-06-15,52.5
나라가허락한유일한하프,2024-06-08,500
TYPHOONRULER,2022-09-03,77.5
진웅디트,2022-03-08,1302
뀨악꺄악,2021-08-19,1415
아케미란,2023-08-03,1415
잭더푸딩,2024-07-10,1566.67
붕어빵맛있오,2021-07-09,1385
자뭉라임홍차,2024-07-12,1585
겟주,2024-05-19,1520
힐진짜열심히할게요,2023-02-20,1340
붓스더도화가,2022-01-23,1475
10mm스패너,2020-10-26,1361.67
김리를사랑한최골라스,2021-08-14,1302
연약한친구에요,2022-07-18,1100
시즈율,2021-08-08,1415
워로드숑,2020-08-23,967.5
까를이커,2023-12-20,1580
가스통H,2022-07-31,1460
김상우의죽창,2023-09-28,1460
텔파01호,2022-01-21,1445
븣렟잋컻,2024-03-07,1460
문디를버려라,2024-07-19,1609.17
영혼먹는냥이,2023-12-20,1556.67
커피맛다이제,2023-12-20,1540
말레커스,2021-09-29,1342.5
민동파워1,2021-10-19,1355
설화계승,2023-09-25,1460
프리츠폰슈트로하임,2024-02-11,1485
브레이커와바박,2023-12-26,1585
스르화,2022-12-26,1475
브커오링,2024-07-16,1526.67
연하룬,2024-07-16,1600.83
모감자,2023-12-24,98.33
초코즙모코코,2023-12-25,1460
능력만월,2023-07-22,90.83
센까,2024-07-15,1546.67
JustDoWar,2021-03-26,61.67
금맡는두더지,2023-11-27,1467.5
쳐막지마,2021-08-09,1096.67
뮤누아,2023-08-14,1415
저녁대용김밥,2020-09-04,1000
슈모익바드,2024-07-10,1531.67
왕우아한기공사,2022-06-30,446.67
자장가람,2022-07-19,1000
젤라리스,2024-07-13,1545
골드카단,2023-07-29,1490
맛퉹홀나,2023-09-12,1460
아리말리,2024-07-19,1546.67
IoIllI,2021-06-07,1050
슈퍼마켓아아오에,2024-07-15,1600
망고레몬샤베트,2024-07-19,1533.33
녹의나츠,2020-10-05,915
영혼냠냐암,2023-07-22,1490
현석설,2024-07-05,60.83
이소각,2021-08-18,1310
도발방깎넬라백헤드,2024-07-16,1589.17
한수쾅,2024-07-16,1530
오만하다,2022-09-14,51.67
Galaxy임팩트,2024-07-13,1603.33
까꿍이욧,2021-12-01,302
파천철권,2024-07-17,1525
오시카크림,2021-09-12,1302
판정판정회광,2023-12-27,1543.33
내원기옥돌려줘요,2022-08-03,1370
최두일,2021-09-11,1355
더월드히키킹,2024-07-07,1540
포식이치킨,2023-06-29,1457.5
부웃책을검색합니다,2022-12-25,1430
초코크런치롤케이크,2022-07-22,1415
코난fan,2024-01-05,1535
부바캐드,2021-04-04,900
야호아가,2022-01-31,1302
폐지줍는할매등에버스트,2023-12-21,1560
투사슴,2023-12-16,500
우산들고개패기,2024-07-18,1533.33
하늘의소녀,2021-07-09,1302
ID맹들기귀찮타,2023-07-02,1495
아인샤브,2024-08-31,1640
도아갸갸갸걋,2024-07-17,1589.17
nohatred,2021-03-19,1350
적호랑풍,2024-07-12,1525
킹로이,2023-12-21,1546.67
바얜,2024-08-31,1640
제임스신부,2020-10-01,927.5
켐프파이어,2024-07-28,1540
울산구급2,2021-08-15,1367.5
딘엘,2023-12-21,1568.33
쩌는용상,2021-09-09,171.67
홀리딩딩,2022-12-27,1397.5
Dokr,2021-09-11,1370
환하게웃자스마일,2024-07-11,1520
베카데트,2021-07-05,74.17
투lN형,2022-12-09,302
리냐에몽,2021-12-10,1345
솔Th,2023-12-29,1545
카제브커상,2023-12-23,1580
워로드가먼저다,2023-02-05,1340
힐컨지,2021-05-18,1338.33
서폿말랑,2023-12-22,1582.5
나비계곡M,2023-12-24,1485
마린도롱,2024-07-12,1540
스톼벅스,2022-03-19,1370
쭈터의환생,2024-03-25,1580
바닷물이샘물,2022-05-27,774.67
포패,2023-01-24,1365
구수한라떼,2023-12-21,1580
S데헌2,2024-07-11,1536.67
강서구붓쟁이,2022-01-21,1370
피나무알콜라다,2022-07-06,94.17
고자창술,2021-09-09,460
그웬돌린크리스티,2022-12-23,1340
포도향Lips,2024-08-02,1589.17
잠잠점점쭈,2021-11-12,1370
아7I7I사,2022-01-21,132.5
달흣,2024-07-12,1599.17
뚜새로이,2020-08-23,1020
와바두,2021-03-13,1340.83
쉐도우트렙,2024-07-10,1520
널위한힐러,2024-08-31,1640
넣루루,2021-04-20,1325
도화가의희망,2022-05-17,254.17
찰진로리,2024-08-31,1640
퍼로퍼로1,2023-12-23,1415
아울리트,2021-08-27,1370.83
가족사진나오게해주세유,2024-07-13,1586.67
화가화가1,2022-07-08,1445
범범우산,2023-04-03,1302
븤커,2023-12-20,1580
탕탕후루루룹,2024-07-14,1520
바빅스,2024-08-13,1602.5
골드라이언,2020-10-10,1340.83
박제철,2024-08-21,1611.67
사과맛아이싱,2023-12-21,1540
채연비,2024-08-31,1640
해탈한호랭이,2024-07-13,1585
겨울대게잡이,2021-08-22,1080
레이레도,2021-08-20,1325
디스뜨루이아,2022-03-19,302
블주림,2024-05-02,1340
다모여먹칠해버릴라,2022-01-24,1445
홐홐망구,2021-12-25,1447.5
배고픈데감자탕먹을까,2024-02-03,1516.67
항상도도,2024-07-01,78.33
레나코코,2023-01-22,1490
파바치,2023-02-08,1588.33
신경오함마,2022-12-24,1460
혈소하,2024-07-26,1520
매점의수난,2021-09-25,1340
헌터베틀,2022-05-15,1349.17
제가아,2024-07-12,1540
킴용연,2022-06-18,1566.67
도아가무개,2022-01-29,1415
즈뷘,2023-03-28,302
기공의대가IV,2021-06-03,1050
에이스검,2023-01-24,1460
오이블랙,2022-03-20,1376.67
탕탕한미,2023-03-11,1415
생강수박,2021-12-06,1355
엄마엄마하고놀랄걸,2024-07-12,1570
오금례,2024-07-13,1520
오피머신김꽃순,2022-03-03,1370
홐크닭,2024-01-30,1591.67
무지성응꼬붙기,2022-07-15,1460
너프되기전까지만,2021-05-31,1325
하나도안익은찰옥수수,2024-07-31,1600
ASK도화가3,2023-01-26,1480
느리지만쿨한과학,2022-01-27,1415
가벼운권왕,2024-02-20,1520
어둠로,2023-07-21,1415
헤즐넛즐헤,2022-07-23,480
사나이무식한주먹,2023-12-30,1511.67
고발콥터,2024-01-29,1600.83
단단한칼이야,2023-11-19,1415
머영씨,2021-08-21,1350.83
돼지toRL삼형제,2023-11-27,1415
누뽀또,2024-01-15,1545
더락과드웨인존슨,2024-09-01,1640
헤에에에윀,2021-08-11,1406.67
우럭의검까활,2023-12-23,1530
소울카노르,2023-07-22,1415
소울챌,2023-12-23,1583.33
민지글,2023-07-23,1500
코니얌,2021-01-13,1325
화창한날엔돼지가을비,2023-09-16,1490
레이미스테리오의619,2024-09-01,1640
흑인전용바드,2024-09-01,1640
버서커안쌔요,2021-08-21,1355
로밍갔다올게요,2021-08-16,1417.5
소서리스베베,2021-08-15,1415
초심맞니,2023-01-21,1460
저길바윤,2023-10-23,1544.17
흔이네가장,2023-12-29,1530
홅놔,2024-02-09,1480
파라사다,2022-12-26,1490
힘의각성,2024-07-05,1445
불싸,2023-12-28,52.5
점핑햇뚜,2022-07-10,1406.67
바드은지얌,2023-07-07,1300
클립클리프,2023-12-22,1516.67
치명적인수라결,2024-07-13,1592.5
사슴아물어,2024-01-30,91.67
겁행자의짐,2021-11-16,460
뿅따잇,2021-05-11,935
록리님,2024-02-29,1521.67
마르맬로,2022-07-06,1387.5
김도현쓰레기,2022-01-21,51.67
트위터의아들,2024-07-13,1595
안반하,2021-08-16,1307.33
Tama66,2022-01-14,1460
스아저아,2021-07-20,140.83
유진걸,2021-12-26,1445
토키네우산,2024-07-22,1540
저도사실님쪼아해요,2024-07-19,1600
앆앆아,2023-12-17,140
풍신류,2024-07-28,1605.83
잔재ivy,2023-10-24,1415
원기오옿,2023-09-14,1415
뿌딸깍딸깍끝,2023-12-23,1511.67
서지우1,2023-01-21,1410
꿀o,2024-07-23,1535
네이버의아들,2020-09-29,915
연꽃향찾아간다,2023-12-30,1540
담갱브커,2024-07-12,1591.67
비번재설정,2023-08-31,1490
송콥,2024-06-24,1415
서폿땅콩,2021-12-13,1460
규또붕이,2024-07-14,1540
구글의아들,2020-10-16,915
영등동호식이,2023-12-04,1100
퇴근의달인,2024-04-02,1585.83
요구르트먹고스케일링,2021-11-04,51.67
디렉터의아들,2024-07-20,1600
코어프로틴,2024-09-01,1640
잔재맹,2022-03-16,1302
나상민아,2022-06-05,600
고0H신,2023-07-21,1531.67
연썬빵,2023-08-11,1415
압구정30년손맛,2024-09-01,1640
재도약,2020-08-22,930
탱글형남,2022-07-26,1417.5
근토피아,2022-08-30,1415
샤사로랑,2021-01-30,970
롯트,2023-01-25,1520
살구행님,2023-12-21,1580
HalfOP,2020-09-21,377.5
소울챠,2023-07-19,1490
탁꼬북,2024-07-15,1595.83
뚜듕커,2024-01-08,1582.5
Orbin오르빈,2022-07-03,75
햇쌀덕구,2022-01-29,1302
맑은소금,2023-10-22,254.17
수구하셨습니당,2023-10-06,191.67
리미티드H,2021-06-26,111.67
됴우미,2022-04-12,600
프로검은소,2021-03-28,1328.33
지존최강정지원,2024-07-12,1536.67
딜러성순,2023-01-19,1435
블레이드첫플레이,2021-07-26,105
당근루팡,2022-11-14,302
멜라시스,2023-01-21,1340
함박스테이크,2024-06-29,1340
라그랑주함수,2023-08-30,1605
아르모니르,2021-07-22,1417.5
설유뱅임,2024-08-13,1601.67
끌기루,2021-11-15,380
하프굽기,2023-11-06,1583.33
성실하고활기차게,2021-04-02,1350
줄끊어진하프,2023-12-20,1530
성고뚜,2023-12-28,1485
홀나찍먹하는중,2021-07-09,1370
받아라치유의마법뾰로롱,2021-11-08,1445
카던세스코,2022-09-02,1457.5
라그네이드,2023-01-21,1460
소프트케어,2022-07-16,1460
양쌈쨩,2023-08-07,1415
진짜졸라멋진폭격맨,2022-06-13,1493.33
앵그리불닭짜파게티,2022-02-15,1427.5
김쿠르잔,2024-01-20,1340
브레스트리토프스크,2024-07-13,1560
광시아,2023-01-19,1415
NEOON,2021-12-28,1302
꿈나라우산,2022-07-08,1467.5
맞다이로드로와,2024-08-07,1602.5
지금가용,2024-07-13,1600
슈퍼모코코대장,2023-12-29,1580
진가를발휘해보시게,2022-07-07,1460
챱쳡쳡츕,2023-02-26,802
신필레이아가,2024-07-24,1606.67
자몽향숲속,2021-07-14,1302
타닥타닥냥냥,2023-07-21,1415
츄르녀,2023-11-10,1250
요이바드,2021-08-08,413.33
탱크윤찬,2023-12-21,1540
히히나힐러,2023-06-30,1425
허브도리,2021-07-09,1340
아르투리아펜드래곤,2022-09-17,460
빅딜,2020-08-22,1340
여춘,2024-08-19,1600
도스예리어,2024-07-27,1540
블루레몬하이볼,2021-09-18,1340
스떼스떼,2024-07-14,1585
비섬머너,2021-09-12,105.83
화련한찌릿도치,2024-04-06,635
MARMORATA01,2022-07-09,192.5
힙노틱,2024-07-14,1520
꿍꿍심,2022-02-18,1370
이하프가식기전에,2021-06-08,1329.17
국궁소년히세안,2021-07-08,1338.33
베유진,2024-07-20,1585
레이커석,2023-12-21,1582.5
두꺼운이불이좋아,2021-05-13,477.5
94422,2024-07-15,1520
른앙,2021-05-09,826.17
닉네임닉네임닉네임,2024-07-12,1565
AmyRose,2023-12-20,1533.33
공증이안비는홀나,2024-08-30,1615.83
H4XAR,2021-09-18,1377.5
술써리,2024-07-27,1587.5
레몬맛마이구미,2023-01-20,1340
머브베리스무디,2023-12-23,1580.83
breakerz,2023-12-26,1580
힐러의슬픔,2024-09-01,1640
총류의층지정사서느앙,2024-07-11,1548.33
복싱하지렁,2024-01-03,1528.33
실앤41,2021-12-23,1302
수라로키울휴강,2023-12-20,1540
이세계로가면,2022-06-29,150.83
파랑라면,2023-12-22,1465
맑은손지,2021-08-02,251.67
돌돌이빵빵,2022-09-20,1370
야마여친,2022-02-01,1310
qwe2231s,2021-09-20,1372.5
대머리뿡,2023-09-11,1447.5
홀나집에가,2023-12-25,1530
길예준,2023-02-01,1460
힐과딜증을동시에,2024-07-13,1585
수라천월,2023-12-25,1460
새하얀snow,2024-07-14,1553.33
리우입니다,2022-01-22,1405.83
괴수삼쩜오호,2024-07-11,1525
Honeys,2024-07-12,1540
난리스부르스,2024-07-13,1520
이끌든가따르든가비키든가,2024-02-15,500
야무진피자,2024-07-12,1528.33
킴버라이트,2022-07-14,1410
상말랑,2024-07-20,1593.33
금연홍보대사Mrs말보루,2021-06-04,112.5
이나홀리,2022-06-15,460
전탄발사,2021-08-14,1490
하프로세상을움켜쥔너구리,2021-05-18,1325.83
틀린통닭,2023-12-23,1460
에어컨과함께하는,2022-07-07,1340
은꿈여우,2020-12-04,1358.33
로아창고,2023-08-12,254.17
v급소가격v,2024-02-03,1580
눈꽃계곡,2020-08-23,952.5
소서파,2022-08-21,600
사모예드는사실중형견이다,2023-09-10,1415
민락동불꽃낭만,2022-01-12,1415
꿀르미,2021-08-14,1302
계란주는힐러,2023-04-12,980
에그라이팅,2022-01-16,1447.5
Genova,2023-12-29,1585
라노라랑,2021-08-02,1430
하화청연도,2024-07-15,1593.33
가치보존,2024-08-18,1590
선배만찬사주세요,2024-07-12,1520
블랙래이즌맛쿠키,2021-05-09,66.67
쿠꼬,2022-02-23,1465
디아하려다로아함,2021-09-30,1302
싸알먹현우,2023-01-29,1405
붓블린,2022-03-25,1100
사과맛입술H,2024-07-26,1590.83
영혼은살안쪄요,2023-07-24,1520
한우국밥24시,2022-02-15,1100
닭바타낀홀나,2021-09-26,1395
낫들고팰거야,2024-01-30,1511.67
여신무아,2021-02-28,550
쫑띡,2024-08-18,1585
나카밀,2021-04-29,900
첫소절,2024-02-23,1460
학홀나,2022-12-22,1477.5
루엘르나,2024-07-17,1520
김뿌쎠,2024-01-06,1581.67
히든이커,2024-01-19,1490
래나로,2023-08-05,151.67
뒤로창넣는게좋은도영이,2024-07-11,1550
포카칩안녕,2024-07-16,1530
말랑한가희,2024-02-17,1536.67
싸이언스맨,2021-07-05,1344.17
체리시루,2021-06-08,1392.5
서울이틀,2023-07-22,1490
명가필보,2022-01-26,1462.5
날씨의장난,2022-07-06,1432.5
NoviceU,2022-07-17,1496.67
약하면많이때릴수있다,2021-04-24,1328.33
암살할머니리즈시절,2024-04-01,1520
쓰리번트아웃,2024-02-26,500
치맥삼쏘,2024-02-22,1551.67
관대한도치,2021-12-13,600
후켄,2021-07-03,1325
알파연,2024-07-11,1520
버터스트로베리트로피칼,2024-07-18,1600
기상미호,2022-07-10,1460
빗방울베기,2022-07-18,211.67
그랑피아,2021-07-09,1370.83
복숭아를닮은두뺨,2021-10-25,460
시르하시림,2023-03-17,1340
신진빵,2024-07-12,1520
소서리스인가영,2023-01-18,255.83
문암주,2024-07-13,1540
슈샤이어캠프파이어,2021-07-07,1310
눈보라아래,2022-06-03,1325
달달구름솜사탕,2022-07-21,1370
bimu,2021-04-20,1380
영필이누나,2023-07-05,1493.33
반야예요,2022-07-07,1475
불꼬기버거,2022-10-21,1465
PeterFischer,2023-07-07,137.5
이노센스프리지아,2023-07-08,1490
신의재이,2023-12-27,1585
낫낯,2023-07-19,1490
광끼마루,2023-08-29,1586.67
차녁김,2024-07-13,1533.33
그저기본만,2022-07-09,1467.5
허니달링디아,2023-01-05,1447.5
와라컴,2022-07-22,466.67
잔잔물결,2021-03-30,1340
브레이커까지는게이아닌듯,2023-12-24,1591.67
불주먹또르,2024-01-07,1510
홀리샤낼크리스,2024-01-11,1472.5
날씨짱,2022-07-07,1465
김모림,2024-07-12,1585
민이소,2022-01-23,1370
이쪽도힘으로간다,2024-01-06,1530
로헨델마법학교수석졸업생,2023-01-03,1340
리즈꺼,2024-03-05,1520
도아주세용,2023-12-22,1541.67
올겡겡이,2022-05-31,1415
냥냥라키,2023-11-26,500
지건맞고싶은사람,2021-08-07,1442.5
스커0101,2022-12-29,1340
환상시대,2024-05-20,500
궁현곰,2024-02-05,1510
슈퍼모코코2,2024-03-24,1600.83
아가엽이,2023-01-21,1445
다믹아르카낭,2023-07-20,1460
핵스터,2021-09-09,1415
기생나비,2023-03-13,1340
칼든따찐이,2022-08-05,105.83
떨떠름한인파,2021-08-02,600
타투이스트소신,2024-07-01,500
치킨과피자사이,2022-01-09,131.67
211017도화가,2022-01-12,1370
제대까지3점핑,2024-07-30,1590
농담의아이유,2022-10-10,1580.83
유기다욤,2024-03-14,1340
탈주닌자조워니,2020-12-22,915
화암엘마,2021-08-12,1432.5
딸기맛있어요,2021-03-14,1390
프아령,2023-07-21,1490
도화맛쿠키,2022-01-13,1415
건슬의수호신,2023-09-22,1415
영혼줍는소녀,2023-07-20,1540
9쿠쿠3,2020-08-22,1312
전설시작워로드,2021-07-22,1415
세러데이홀리나이트,2021-08-12,1302
Os런처,2021-06-08,1345.83
홀나쿠약,2024-07-10,1530
기상없다,2022-07-10,1422.5
카알라킨,2022-06-27,51.67
엉망창자,2021-11-20,1385
애국혈귀,2024-02-05,1602.5
작별이다범부여,2023-11-19,1475
쓩샤,2022-07-06,1460
여슬레0l어,2023-01-18,1460
만인사,2024-07-17,960
이슬처럼깨끗하게,2023-04-12,583.33
하나정돈있어야지,2022-08-08,1475
이백맨구독좋아요,2024-07-21,1543.33
햄구리구리,2024-07-17,1595.83
본OI,2023-11-28,1422.5
도럇,2022-01-21,1415
광대너구리,2024-08-08,1520
피어샤즈,2024-07-30,1560
통디붕,2021-08-08,1417.5
붓잡이원재,2022-10-18,140
어느새부터멋진도아가,2022-01-13,1460
LAMERE,2021-03-21,1311.67
도리묘,2023-07-22,1510
아리아스터,2023-08-07,500
아쿠코요,2022-07-10,211.67
진사이야,2022-01-31,166.67
꾸홀나이트,2022-07-08,1455
은화설붕,2023-06-29,1415
항상행복하고건강하세요,2021-07-13,1302
웨이딩,2020-11-18,915
Braum만미드라구,2023-11-18,500
벌랭,2021-01-02,1385
남겨진바드의젙규,2021-08-21,460
작은혜지,2022-01-24,1445
힐시렁,2021-04-05,1325
서양제일검,2023-11-12,1415
진짜황당해,2021-05-14,1042.5
구할게,2020-08-23,1034.17
여이빈,2024-01-24,100
쟁반짜장3,2022-02-07,90
썌콤,2024-07-12,1540
창참치,2024-09-01,1640
꼬아킥,2021-03-22,1050
가시얼음꽃,2022-12-29,124.17
합격기원합니다,2023-07-29,1475
인혜율,2024-07-12,1536.67
안심술,2022-02-17,1370
쁘띠여솔,2024-07-15,1611.67
oUvUo,2023-03-09,85
진로중꼬리,2023-12-20,1580
타로광,2023-12-21,1546.67
뚜이유,2024-08-04,1526.67
안솜이,2024-09-01,1640
미술신,2022-02-18,1457.5
푸콰카쾅,2021-09-01,81.67
냉동귤,2024-07-12,1545
TR0PE,2022-03-21,1373.33
레피시엘,2021-05-09,1325
미모의힙냥이,2022-12-21,1490
지지마세류,2024-07-11,130
미소울프,2023-07-29,1490
퍼팩트소울,2023-07-27,1490
쥐바타입고있는배마,2024-09-01,1640
딜러잘챙겨주는홀나,2022-07-08,1460
HeadUp,2024-07-20,1604.17
과과누,2022-01-30,1370
유리라엘,2021-09-23,1302
지원성빈보름,2024-07-15,1520
무투대원,2021-09-13,1302
계란안먹으면붓으로때린다,2024-07-15,1560
실린더스,2021-08-20,1302
원래수라는이게맞아,2024-07-06,500
쌋신,2023-03-14,190.83
황코의피,2021-03-14,400
에리티엘,2021-08-16,1370
치킨랑랑랑,2022-02-06,1445
로티니에,2021-08-02,1355
구마유딘,2024-07-13,1536.67
상처받아요,2024-09-01,1640
종종블레누이,2024-07-21,85.83
고추잎빌런,2022-01-22,960
도시락싸주는여친,2024-09-01,1640
썰렸네,2023-09-15,1490
배고픈리린,2022-10-31,1432.5
착살단소울이터,2024-07-10,1525
모든걸다주니까떠난다는,2024-07-12,845
내동생숑이,2022-01-12,1385
랑드샤커피,2024-07-21,1600
봉래산마을,2023-08-22,1460
장검으로말벌잡기,2024-05-01,500
마교,2023-12-20,1570
섭외자,2023-08-11,223.33
깡네2,2024-09-01,1640
눈내리면우산,2023-12-21,1556.67
별의대천사,2021-08-11,1370
죽창카록,2021-04-22,1325
랏폿의봄,2024-07-31,1530
머흐냐,2021-09-05,1415
동동정,2022-01-20,1445
얼음곤듀강미미,2023-12-11,51.67
뚜리잇,2022-01-13,1370
갇냥,2022-07-24,960
니꺼바드,2021-09-14,510.33
슬이와추억만들기,2023-03-14,1536.67
계남선,2024-07-17,1590
렘홀나나,2024-09-01,1640
옥종철,2024-05-25,500
판다가땅을판다,2023-09-14,1490
브레이튼,2023-12-23,1460
대학교늦깎이,2023-01-30,1340
리타마라,2024-07-21,1585
풀수없는수수께끼,2023-07-24,1490
암살자특화,2024-02-12,71.67
꼬마챤,2024-01-10,1460
xenzo,2022-12-21,1370
랏바드놀아요,2020-10-19,921.67
귀살대이승민,2021-03-06,1341.67
대세강,2024-07-11,1556.67
꼬장등골브레이커,2023-12-31,1543.33
홀나도좀바드세요,2024-08-31,1593.33
한손검과책,2020-08-22,857.5
도토리커,2021-03-21,925
다팸,2024-07-17,1546.67
차슈동,2024-08-31,1610
실드는엔비꺼,2022-01-21,1340
로켓배송다용도고무망치,2022-12-21,1390
난격성,2023-12-30,960
뇌광장막,2021-05-13,915
진인사대천명을움켜쥔자,2023-12-22,1460
힐장판저만쓸게요,2021-06-24,1378.33
붓아갸,2024-07-13,1600.83
종환이낸내할꺼야,2021-12-23,1370.83
화신의전사,2022-12-25,130
I에이든I,2023-12-27,1548.33
윤아눈나,2024-07-13,1550
eTerHg,2022-07-12,1415
아맞다우산까먹음,2023-02-26,1445
S2우비소녀S2,2022-07-11,1490
소재빵,2021-07-27,109.17
Jity,2023-06-28,1462.5
닉네임을길게하면뭐주나요,2021-03-23,1340
다크앤시크,2024-06-17,1610
야간스텔스검투장방패닦이,2021-06-17,1349.17
도아간데옹,2024-07-11,1525
바닐라쿠림콜드브루,2021-01-28,900
화가잔응,2022-01-22,209.17
오함망칠,2021-07-19,1385
벌레사랑단,2024-07-13,1551.67
절대망치면안돼,2023-12-30,1545
효뚱땡,2022-07-07,1457.5
날먹킹워로드3,2024-08-09,1570
IllHYBRID,2022-03-13,1340
하사밍,2021-04-05,61.67
하칸권,2023-02-07,1513.33
포장용품입니다,2020-12-31,975
프렝도아,2022-01-23,1450
묵직뿡,2024-07-16,1533.33
에긋,2022-09-04,1370.83
불멸아디,2022-01-16,1445
메론빵킬러,2022-06-25,302
쭈뼝,2022-03-24,600
후추슬레,2023-12-24,1531.67
손킬라,2022-10-19,1467.5
벨가젤리,2024-07-04,500
환경지킴이,2024-07-14,1546.67
띠루리루,2024-07-09,1580
Ahsoora,2024-07-12,1521.67
초록꼬부기,2024-07-14,1545
세봄이,2024-03-10,1580
젭신,2024-07-17,1540
이새아,2021-10-18,1496.67
레모나다,2024-07-18,1540
붓으로놀아요,2022-01-12,1330.83
카페라떼민트,2024-07-30,1540
백만치는참치,2024-07-09,1275
홀리코박터월,2024-07-14,1540
소나기싫어함,2022-07-08,76.67
홀낙불맛고기,2022-09-06,1462.5
손광현,2021-03-23,1340
피타낭,2023-03-14,1340
진섭이오빠,2021-04-24,1373.33
아리스타궁,2024-07-12,1540
Serem,2021-07-06,65.83
홀나인거임,2022-05-20,583.33
장재토리,2023-08-01,1470
면접관바드,2023-07-19,1460
허졉밑에깔리는구슬,2023-11-13,1490
스커간당,2022-04-29,51.67
마법소녀김지녕,2024-06-20,500
IdolaCircus,2022-01-02,802
모염린,2022-04-22,900
미사일드르르륵,2024-08-12,1610.83
대파씹는파오리,2021-09-03,71.67
주히스님,2023-12-29,1460
작귀용,2024-09-01,1640
국화향지필묵,2022-01-16,1407.5
어둠귤단장,2022-03-07,1490
브레이커뿌셔,2024-06-25,1601.67
버블은모시깽이,2024-07-23,1520
희미한달빛수놓아진별빛,2024-02-01,1530
무민푸릴리,2023-12-22,1560
BMTH,2024-08-01,1536.67
페미니스트김유민,2023-09-28,1465
바람은극복하는거얌,2023-07-03,1216.67
Jaejung,2022-03-04,1337.5
안냐하여,2022-07-06,1460
샤O,2023-11-13,1580
리싼브레,2023-12-22,1531.67
머쉬룸샐러드,2022-07-06,1404.17
갈증룽,2024-07-14,1556.67
슬갤,2024-07-13,1520
빛의거지,2022-12-22,1472.5
드닐,2024-07-17,635
잔나의계절풍,2022-07-20,302
단단한고뚜,2024-03-13,1580
카카로트R,2023-05-18,302
우힝우힝우힝힝,2021-08-19,251.67
도안라,2022-01-22,1460
갈증후,2024-01-29,515
케어하는도아가,2023-01-02,1445
흑제나,2022-01-21,1472.5
내일은행복했으면좋겠어요,2024-08-03,1612.5
라즈그리프,2020-12-28,1344.17
홍다빈fan,2021-09-01,302
으나수모닉,2023-03-08,1550
도축장꿀미남,2023-12-24,1526.67
치우추,2021-01-21,1400
콩콩이씨,2022-01-13,1460
군뭉,2021-03-07,915
0I히,2022-12-26,198.33
SixSenses,2022-06-09,1415
Louisvuittan,2023-10-04,1490
노주넝,2023-12-22,1576.67
불속성몽둥이,2024-01-06,1460
비버수라,2024-01-27,960
화방녀아나스타샤,2020-10-12,865
카말로이,2023-01-19,302
깡총깡총뛰어서어디가,2023-03-13,1340
불근요정,2023-09-16,1415
매일아침이새로워,2024-08-10,1540
흑랑기사,2021-04-03,1370
치약계란빵,2021-08-15,1302
햄민,2023-12-21,1460
햇살담은하푸,2022-07-20,1340
뱁뜌,2022-01-25,1370
시계태엽무다무다무다,2023-12-21,1510
또니쓰따크,2021-04-16,1330.83
순백의맹금체이스,2023-12-25,1540
에키드나좀낑기드나,2023-12-26,1570
설탕조각22,2022-02-16,1302
김주환김주환,2024-06-21,500
딴딴힐,2021-05-23,1335.83
리퍼스토어,2021-04-11,1325
퍼덍,2022-10-16,563.33
벚꽃모콩콩,2022-06-30,51.67
로션바른리퍼,2022-03-17,1302.67
stea0,2022-07-07,1475
샤이릴드로우,2023-07-02,1500
글로리에트,2022-07-21,208.33
사십프로,2023-04-09,1405
서머너하즈아,2024-04-04,1540
미소앙녀,2021-07-09,1302
무신앙마,2021-04-24,1325
번개앙마,2021-10-21,1415
영혼먹는쭈냄,2023-07-21,1503.33
베오니드,2024-07-18,1605
붓부붓붓붓,2022-01-26,1370
은빛화지,2022-01-30,1370
두번은못하겠어요,2023-12-28,191.67
보통우산,2022-07-10,1530.83
아기엽,2022-07-12,1500
핸솜이,2023-08-14,757.5
수채화로그려봐요,2022-01-26,1302
아가라이뮤,2022-12-22,1475
35777,2021-01-28,200.83
고운말쓰는사람,2020-08-22,1007.5
잘치는황태희,2021-07-22,1340
2단투로이화창,2023-12-21,1520
까망규리,2024-02-24,1520
천선아기,2023-07-19,1447.5
엄치부인,2023-12-22,1518.33
쭌파,2022-11-12,197.5
아이디결정하는게젤힘들어,2022-05-23,600
조뚜치,2024-07-13,1540
오리공작,2021-03-26,1325
패턴잘몰라요,2021-03-26,1326.67
텐리,2023-04-02,1560
이리스z,2024-07-10,1520
ChonaP,2023-01-21,95.83
MBF2,2024-02-20,1462.5
환생했더니무영창대마법사,2021-09-18,1334.17
미눅아가,2022-07-14,600
쌋다로이어,2024-07-12,1536.67
HMiru,2022-06-01,546.67
에오씨,2024-06-07,500
저녁코끠릐,2023-12-24,1460
네멋대로해라,2024-07-12,1533.33
하얀고양2,2024-07-14,1585
아라라기찬,2021-08-12,1435
응애쏘울맘마줘,2023-07-27,1415
드론조종자격보유중,2023-12-21,1580
나도잔혈먹을래,2023-12-09,106.67
양주시김홍도,2022-09-07,1460
moon서리스,2021-09-06,184.17
볶밥,2024-07-12,1585.83
휠체어톡톡이장인황삐딱,2024-07-13,1550
월향선녀,2023-12-20,1600.83
여기저기브레이크,2024-07-16,1520
일걸,2024-08-05,1541.67
사따리장카단,2023-12-28,1460
넛츠베리피낭시에,2024-07-24,1585
불판나오면설거지는내몫,2022-01-13,1430
화가나영,2021-07-18,166.67
뽀라도리야그니,2023-02-24,1340
이십사메다,2022-03-22,1302
건랜스하던몬난민나야나,2021-10-10,1325
하나육이배마,2023-06-29,1457.5
검진결과,2021-08-18,1430
말릴수없는코난,2024-01-30,190.83
몽소울이터,2023-07-20,1415
까단블레이드,2024-06-04,1580
아랑소녀,2024-01-04,1465
저점수호자2,2024-07-12,1585
실버티,2023-05-17,1590
황금알을낳는토끼,2022-01-27,1370
말로예보하는사람,2024-07-11,1600
함수포,2022-12-23,1415
계란먹어버린아가,2024-06-28,1490
혈액관리부,2022-08-03,1360
아커아,2023-07-05,1415
코이츠힐받기싫은wwww,2022-03-17,1302
반달곰댄쓰,2024-08-21,1610
리치퍼플,2024-04-21,72.5
리퍼블릭오브육영완,2024-07-13,1561.67
간단한볶음밥,2023-09-01,1480
흡열,2024-07-22,1550
해운대대모,2023-01-24,1340
핵펀치강림,2022-02-16,1325
조아곰돌이,2023-08-31,1442.5
애오야놀자,2023-08-15,1490
거꾸로된유산,2023-12-22,1535
개빡치게하는년,2023-12-20,1580
메타모루모루쉑,2022-01-25,1347.5
소울이양말좀주세요,2023-12-20,1518.33
구슬먹을때까지구슬만뽑음,2023-12-20,1510
노모홀나,2021-12-24,123.33
무적별사탕1,2022-11-24,150
황금송이만개,2024-07-14,1551.67
안맞을거같은그런느낌,2022-05-07,72.5
두번째삶은내실라이프,2024-01-26,135
례르하,2022-07-12,166.67
이게그런의미야,2021-01-28,1050
커피여운,2024-07-16,1603.33
어징오갑,2024-07-10,1531.67
Orwn,2023-02-01,1457.5
깍지,2020-10-26,1042.5
만다리인,2024-07-16,1540
밑장빼기엠퍼러,2023-07-02,1250
브수진,2023-12-21,1460
GuanYu,2024-07-12,1520
뎌킹,2023-12-26,1460
가리봉동인7세,2022-02-04,1430
마리린은잘못있어,2023-04-15,1460
은송합니다구리,2024-08-01,1585
우화전,2021-05-16,1050
버서커라부끄러워요,2021-07-06,1325
세레브로즈,2024-02-21,1590.83
이슬Pumkin,2024-07-06,500
쿠소가키멘헤라,2023-01-18,1520.83
흑절정,2021-12-24,1302
빨간맛주사위,2023-12-23,1520
햄진냥,2024-09-01,1640
썬쉽,2021-01-15,1325
녹차주의보,2023-07-18,76.67
냥숨니,2024-07-12,1520
퀸박예라,2022-12-22,1432.5
소울이터는처음인데,2023-07-23,1487.5
꿈희망전진전진,2022-09-23,95
박우림,2021-06-21,370
먐멤묨,2023-12-22,1545
프리이어,2023-12-22,1510
꿈빛조각,2022-07-07,1480
양배알카,2023-09-03,1490
불운s,2021-08-12,1302
오레하유물헌터,2023-01-19,1370
치킨의미학,2023-07-04,1496.67
파마닝,2024-07-12,1595
감자양파고구마깡,2022-02-26,1430
치카노111,2023-03-16,302
아지는잉낑낑해서아지낑,2023-06-29,1490
칼테이나,2023-08-06,1500
어느새내뒤에명예,2024-07-12,1585
정춘향단,2021-04-05,1327.5
스벅바닐라라떼,2024-07-02,500
소울니처,2023-12-31,1580
이힘은뭐지,2021-04-24,1340
두부돟,2022-03-06,1302
김망모,2023-12-21,1561.67
염령이,2023-01-22,1388.33
동글뭉글구름,2022-07-16,1460
기술스따,2024-07-14,1590
매실용바,2024-07-18,1585.83
도원경장패드팔아요,2023-10-08,1493.33
듄나이트,2023-04-02,52.5
놈페이,2021-08-20,1351.67
솔직한민카롱,2024-03-25,1540
달님반블랙리스트,2024-03-03,1460
장대대모닉,2021-11-05,52.5
VRoxsanne,2021-07-09,55
홀닥불로불멍때리기,2023-01-31,1415
백록미술학원,2023-09-13,1420
랜권,2021-03-21,1045
SoulsRoar,2024-08-13,1585
대파써는괭이,2023-01-19,1500
모기근성,2021-08-30,714.17
치킨나라여왕님,2022-07-11,87.5
니가어제두고내린우산,2022-07-10,1455
가을하늘높고구름도없다,2021-02-05,1325
그믐밤,2024-03-08,1510
잠이왐,2023-01-19,1490
앉아머너서머너,2021-04-28,102.5
비에기상,2022-07-06,1460
유물헌터1,2023-06-30,1415
옥룡각,2024-07-12,1590
요즈족구슬싸개,2022-01-16,1417.5
마카롱캐는중,2024-03-25,1573.33
HolyJJI,2020-08-22,972.5
바미닝,2024-07-22,1520
뭉디디잉,2021-03-15,1340
바지적삼,2024-01-03,1511.67
H포슬H,2024-01-07,168.33
뇰드J,2024-04-10,500
길구이,2021-09-21,600
디트뱅뭉,2021-03-21,1340
오르티,2024-07-16,1600
프레첼의원소,2023-10-14,1563.33
헤견리,2024-07-11,1520
미소간장보리소미,2022-10-17,1462.5
언제나화창한하루,2022-09-26,1340
asd도아가,2022-01-21,1365.83
으니몽이,2022-10-22,460
엘라제인바드,2021-01-30,1050
l시긴l,2021-03-22,915
이세계처단자,2023-01-20,1490
홀나게이야,2021-10-07,1417.5
왜그러시낫,2024-07-16,1540
아크컬렉터,2021-07-06,1325
두만덕,2024-01-01,1561.67
B하이,2023-12-13,1585
북두의,2023-12-22,191.67
콩콩이귀여움원툴,2024-08-10,1604.17
새히다,2021-02-22,1448.33
쪽빠,2020-10-07,500
상대원고독한기사휘붕쿤,2023-12-21,105.83
치고빠지고돌려차고사망,2023-12-24,1582.5
징해르,2023-02-21,1430
1L통큰에이드,2023-01-18,1340
냥유연,2022-01-23,1415
소비랑,2021-08-21,1325
내가그린무기그림,2024-01-03,1462.5
주식대박훈이,2021-07-09,1302
봬앵,2023-12-21,1540
샤랑해z,2023-09-23,1495
브커훈부리,2024-07-13,1585.83
11weed11,2024-07-22,1585.83
솜맛사탕,2022-01-30,1302.33
대포라이언,2021-09-30,1305
하프궁,2024-02-29,1520
바닐라피칸,2021-08-21,1340
건방진유라,2023-01-20,1440
ZZIZZI구무이,2024-07-15,1520
홀너,2022-12-21,1340
보리고양이소미,2023-01-02,1422.5
혜랑화,2022-01-29,1370
Holyseal,2022-01-03,256.83
CloiDohwa,2022-01-27,1415
딜안하고있어요,2024-07-12,1540
자야맨,2021-09-08,1422.5
하늖,2024-07-13,1540
사실진짜모코코는나야,2023-12-25,1513.33
천년빈,2022-12-27,1490
루Cl,2021-06-30,61.67
생낑,2022-12-23,1543.33
캄북,2024-04-22,1490
망령보리,2023-10-14,1480
친절한창수리,2023-01-23,1340
유유천황육,2023-07-05,500
Urbanegirl,2024-01-21,1580
녕토끼,2021-08-12,1302
니코마케,2023-01-19,1340
건슬네,2021-05-26,111.67
퍼펙트를기대할게,2023-12-20,1460
붓미사,2023-01-18,1390
서폿모닥불,2024-06-14,500
꺼멍냥,2021-07-05,61.67
남득구형님,2022-12-28,1422.5
제꼬리를막만졌잖아요,2024-07-17,1585
들어주세요,2023-12-24,140
찬현,2024-07-20,1533.33
홀차나차차,2021-04-12,900
스피어와플,2021-07-09,1415
또화가뭐야,2023-12-27,1566.67
닿았음,2024-01-19,1571.67
작은나만의도화가,2022-01-21,1415
손오공옆반친구,2022-05-05,460
거북이혜민,2024-04-15,1405
왜화벌이,2023-12-21,1528.33
조봉직,2023-07-23,1467.5
엘프홍,2023-07-03,1425
D를스무번하면스무디,2022-07-28,1460
클라리시드,2023-07-01,1415
해그려쏘,2023-12-26,1555
사과주주세요,2023-12-23,1510
나달꼬,2024-01-09,1460
동매양,2022-03-15,1302
빈데런,2021-07-09,1376.67
보법이달라얘는,2023-07-21,1415
굴라비갱,2021-01-21,1325
찐동쀼,2023-07-21,1490
서포터는재미없어,2022-01-26,1460
어딘가의고아,2024-07-12,1520
밤스댕,2023-01-18,1430
딸기맛엘릭서,2021-06-02,1337.5
카유링,2021-09-13,190
찌개두부,2024-07-12,1531.67
츠디레,2024-05-13,1590
축복을받을래,2023-07-07,1325
데모닉띠띤,2023-07-23,1490
람건,2024-07-16,1563.33
카니2,2021-08-16,1302
봄리을,2022-07-18,1415
폰땅스,2023-07-19,1480
새벽층,2024-01-12,1510
와우바링,2023-05-29,1472.5
만개석,2024-08-22,1540
은곰미,2024-07-30,1520
뿡뽀니,2023-11-08,1610
델라세,2023-01-22,1340
거점수비대3번대장,2021-07-09,1370
잠깐거기있어볼래,2021-10-17,473.33
수작카츠,2023-10-23,1475
티카의질풍,2023-08-13,1467.5
극난타,2023-12-21,1460
붓진스,2023-10-29,1490
우산을파팡팡,2022-07-12,1470
v스코티쉬폴드냥이v,2023-01-21,59.17
알카인성수준,2023-06-29,1490
김두람,2023-11-05,500
로쩡,2023-06-28,1490
워로디아로,2021-01-30,1317.5
H0v0H,2021-05-02,1325
카타크인,2021-05-02,61.67
대또니,2021-11-13,302
베테랑트레이너쪼림,2022-01-15,1460
진짜간절한사람,2024-07-13,1540
우주최강경준,2024-02-15,1553.33
세라탠크레디,2020-08-23,1312.33
키클,2024-07-14,1595
삼석n,2020-10-03,915
ARTISTKYO,2022-01-22,1452.5
순결한젤리,2023-10-30,155
홀앱,2021-03-19,900
서포터는재미없어요,2022-05-21,302
악의여단트페,2021-12-15,1396.67
혀가거짓말하면전혀아님,2023-07-11,1490
돌진만보면도발하는노예,2021-07-15,1310
요망다리,2023-09-30,1467.5
찍먹으로폿,2024-05-30,1490
맛지아,2023-07-08,1467.5
이2,2023-10-12,1415
하늘에서눈이와유,2022-07-07,1415
CAYDEUK,2021-05-10,1327.5
블루Rock,2022-10-19,600
말협지,2024-07-13,1540
루테란성휠체어도둑,2023-12-18,1526.67
매천동티리엘,2023-06-29,1475
권왕천파닭,2023-12-21,1460
OH니츠,2021-03-21,317.83
봄꽃의영약,2024-01-01,1510
해골소서,2021-09-19,1370
세늑,2021-07-09,1302
바드라이아,2023-06-29,1490
송천동천사,2020-08-23,1007.5
경호실장하제,2021-12-24,1302
책읽는홀나,2022-09-27,1460
리아녀,2022-12-25,1460
아라드의야그리,2021-05-09,169.17
AbsoI,2021-01-29,1050
몸땅,2024-09-01,1640
건슬정점고수,2021-08-19,600
진송눈나,2023-12-20,1540
원펀치the강냉이,2024-07-27,1520
퇴사가꿈이터,2023-12-21,1460
뭉뀨미,2022-04-16,1504.17
오늘은바주카포,2023-08-04,70.83
프레이창,2022-10-14,1415
언니의소울,2023-07-23,1415
파폭안던진범인,2021-08-12,1370
하쿠c,2021-04-22,61.67
Renovatio66,2021-07-09,128.33
등골뽑는호롤,2023-12-22,1580
빡딜갑니둥,2023-06-28,1445
아린배마,2021-07-09,71.67
마느브리,2024-06-30,500
잘해버린다,2023-12-23,1560
용맹주까힐주까골라,2021-12-30,1370
AP디붕,2021-08-14,1370
묘리퍼,2021-03-21,1357.5
마법숟가락,2024-07-13,1595.83
나이스용,2024-03-01,1533.33
sss급회귀바드배혜지,2024-08-07,1528.33
드드득드득,2021-03-14,1340
레이드공부언제할수있지,2024-07-16,1100
한재미나리삼겹살,2021-12-25,1302
든든한맛쌀과자,2021-04-05,229.17
우리고기한우,2021-08-13,1302
알수없는쩁쨉이,2023-12-20,1580
홀카로트,2021-08-14,1370
월하단절,2024-07-12,1533.33
바드를꿈꾸는,2021-08-05,1408.33
안녕하루방,2022-10-09,1340
쫑님,2021-06-07,1370.83
프시케엘,2023-07-21,1508.33
순두부제왕,2024-07-16,1560
헤르마이온느,2021-09-25,1386.67
낫선쇼녀,2023-07-19,1435
Torogao,2023-09-29,1460
무릉산다람지,2024-07-14,1520
쿠폰홀나,2023-11-16,1415
보노보노당,2022-03-24,1370
댄싱도베르,2024-01-20,1520
진구세주전설북두의권,2024-01-06,1460
우지인,2024-04-16,1490
유니시유니,2024-07-11,1540
공간통계,2020-09-06,1370.83
Katleitte,2022-12-27,460
연유크림샌드,2022-11-18,826.67
서폿구하누,2023-09-19,1250
진짜리퍼였조완,2024-07-15,1538.33
첫번째앞발,2024-07-19,1521.67
뜌이읭,2021-04-08,1325
빠뭬띠,2022-01-25,1342.5
꼼힐,2020-10-28,932.5
캐스터다솜이,2024-08-27,1611.67
집행자르흥흥,2021-08-17,1415
이런바드는첨이지,2020-08-22,918.33
콜트다이아몬드백,2024-07-16,1590.83
한석봉여동생한설봉,2022-01-27,1369.17
안녕하실까요,2024-07-26,1612.5
오버잡이,2021-12-02,1370
소또미,2021-08-17,1302
우리집매가말을안들어요,2023-07-27,1422.5
디비아저씨일까,2023-07-09,1415
짱빗,2021-07-09,1302
배마얍,2024-07-02,500
바람의포효,2024-02-17,1540
홀리파킹,2022-07-19,90.83
완벽주의범고래,2021-06-07,1325
충모닉이본캐,2021-07-09,1415
카즈윈,2024-06-26,61.67
이쁜요즈,2023-10-27,1490
아니또잠,2021-03-22,1318.33
잘생긴복서,2024-07-11,1555
냐리히,2024-07-19,1587.5
짧은소서,2024-07-13,1540
자츰,2021-12-30,1475
카이제희,2022-04-20,1445
데드키퍼,2021-07-22,1385
조력자바줌마,2024-07-22,1603.33
스태틱카이사,2024-07-25,1588.33
배랑마,2021-02-27,915
뿡댕이,2021-08-18,1396.67
프레쳇,2021-07-13,1302
한라왁혼,2024-04-14,500
헴스,2021-01-21,945
현콩빈,2024-07-13,1528.33
다이소우산1500원,2023-03-30,1540
투심수,2022-07-19,1370
블도레,2024-07-11,1530
동편마을11,2023-12-21,1580
스트라이커OMG,2022-03-17,1302
혜시아가,2023-07-20,1490
블리자드사장딸,2024-05-18,500
브리지스톤,2023-12-26,113.33
Zireaelll,2021-07-06,1032.5
부캐마자,2023-12-14,1585
아3단계내공나나는못참지,2022-09-25,1540
오잉버그,2023-07-22,1460
관광지잡상인,2023-07-10,1415
투명드래곤e,2022-01-25,1302
별밤스커,2024-08-27,1594.17
대검양갱이,2023-01-19,1445
안녕하세요기상입니다,2024-01-10,1520
무니훈,2021-08-23,1355
집밥이나먹어,2023-01-18,1417.5
밤나무그늘,2024-03-12,1523.33
Crowder,2024-07-12,1591.67
커츠D,2023-01-18,1460
LighterMoon,2021-08-14,1360.83
DARK유우,2023-07-29,1490
알루로닉,2024-07-16,1540
워로롱롱,2021-07-08,1415
도아가아크,2022-01-26,1460
도도잉양,2023-12-26,1540
마법므릿,2024-07-13,1565
낭만콤팡,2021-12-23,1392.5
로마의저녁,2020-09-25,78.33
당도없는망고,2024-07-11,1535
규봉이어,2023-01-18,1490
오늘의날씨는저도몰라요,2022-07-17,1460
깡꺙,2024-07-16,1526.67
오빠오늘비온대우산갖고가,2022-07-06,130
정발루루,2022-08-27,302
붓을든만지고,2022-01-25,1505
베간,2023-07-24,1531.67
참교육망치따궈,2024-06-29,204.17
샤느디아,2022-07-21,70.83
인파키위,2021-02-12,157.5
제이나라,2020-08-23,960
LimHyuntaek,2024-07-12,1528.33
미호정령,2022-01-25,1410.83
뽀쯰,2024-07-29,1596.67
부계정에서는화를내지말자,2023-12-20,1460
I초에3번,2023-12-24,1580
렝가,2020-10-06,308.17
레나담,2024-01-02,1506.67
새카만구름,2022-07-22,1410
굿잡이에요,2022-08-15,1340
떨링a,2024-07-16,1595
에그타르트마시쩡,2023-12-24,1548.33
머신건steR,2023-01-31,1430
귀신구경,2023-09-01,1496.67
삥슬레,2023-01-20,1415
아레와우소다,2024-07-16,1543.33
호오오오오온돈,2022-09-23,460
헤비급세계챔피언,2024-07-19,1530
연아청려도동,2023-07-22,1496.67
마링밤,2022-11-13,460
텅구리는뼈다귀,2021-07-09,1370
이게그렇게재밌다는데,2021-07-10,55.83
나도슈샤라구,2023-01-18,210
고통의낙원,2023-09-19,1415
애기푸들정금,2022-01-17,1460
허브솔트서머,2023-12-19,1445
범돌z,2023-12-21,1510
Or까,2021-05-14,1355.83
베반버그우트레드,2022-03-16,1415
한요정,2022-01-30,1302
이것도데용,2024-06-29,635
비그나,2020-10-06,995
쥬아비,2024-06-16,1460
텐됴,2022-08-28,1340
야따코이라요,2021-08-22,1450
버스트안좋음,2021-12-24,1380.83
희미꼬,2023-09-05,1535
츈리,2020-09-28,930
까꿍슈,2022-12-21,1460
유넴넴,2024-07-16,1540
안줄게,2023-12-20,1460
엘라진이,2021-03-21,1340
볼딱지브레이커,2023-12-23,1518.33
리레롱,2022-01-13,1350.83
칼슘먹어요,2024-02-10,1583.33
달젤피,2020-08-23,1340
리코이스,2020-08-23,933.33
룹타,2022-12-24,1383.33
아피이,2023-02-23,1340
업둥전문단하,2024-07-12,1573.33
홍헬로,2024-03-15,1475
웃는마카롱,2024-01-10,1516.67
티르마탁,2024-02-07,1415
들어줄게,2022-07-10,1472.5
달이뜨지않고네가뜨는밤,2023-12-23,1556.67
옴붕,2023-07-03,1508.33
하프켜는카넬레,2024-07-14,1595
용과요구르트,2024-01-07,1526.67
숙스러운그놈,2023-07-20,1415
서올리,2024-08-07,1556.67
캄소설,2021-09-23,543.33
슈드디,2024-06-17,1520
교전수칙,2022-12-29,1445
애기은설,2022-07-17,1370
아니저길로틴내꺼아니라고,2023-07-25,1508.33
그린어니언은대파,2023-12-23,1576.67
요스아퍼,2022-07-07,109.17
세라니다,2024-07-07,500
젱장악,2021-03-31,1325
배마가쓰레기라갈아탄다,2021-03-18,900
대표캐릭터,2023-03-11,802
메뚝이터,2023-07-20,1500
넬라만보는블래,2022-05-23,116.67
붓질하는레밍,2023-10-04,1447.5
베스밤언니,2024-07-12,1520
딸깍딸깍딸깍딸각,2024-07-15,1566.67
막내딸하기싫냐,2022-01-27,1462.5
마라탕건두부,2021-01-30,1040
김뽁쑹,2021-03-22,1318.33
낚신마,2021-04-25,1369.17
권왕연주,2024-07-08,500
투펀욱,2024-07-12,1520
헬전용기,2023-04-23,526.67
우리가족잔소리왕,2020-09-15,850
비주류좋아하는변태,2021-08-17,1302
본캐가알카라마나트포빼요,2023-09-10,1415
러브왈츠,2021-11-20,1540
베융,2024-07-20,1590
묵글씨,2022-01-24,1302
가랏덕구몬,2024-07-11,1600
반지하의대왕,2023-07-25,1415
매일의고백,2020-08-23,400
껨지1,2023-12-25,1582.5
rabidPuppy,2020-10-29,967.5
소울이냥,2023-07-20,1502.5
나응애소서리스,2021-09-05,1325
뇸뇸OI뇸뇸,2023-06-28,1475
다디졌트,2021-06-27,61.67
해쥣,2023-07-21,1415
청서한,2024-01-02,1520
홍소나,2024-01-08,1100
처뇟,2024-08-13,1614.17
면상치러왔어요,2023-12-22,1462.5
복돌이핵주먹,2024-07-12,1520
포박사,2024-07-18,1600
퓨어배틀마스터,2021-08-22,1100
가위대신우산,2022-07-15,203.33
천공검하늘베기,2021-04-27,1342.5
뚠뚠돼지김치찌개,2024-07-16,1536.67
킴미카엘,2024-07-16,1571.67
먹에빠진왈라비,2024-07-14,1595.83
보떼소드,2023-01-20,1340
총무창고,2024-07-14,1530
레전드워로드,2020-09-15,191.67
극츠야,2023-07-21,1490
사계절공룡탈,2023-09-15,1523.33
장검들고진격,2023-01-20,1340
주댕이요,2022-07-11,1467.5
Re바이병장은위험합니다,2024-07-12,1540
태운쟝,2020-09-07,945
은잠이남푠,2024-07-26,1593.33
손떠는갱년기아줌마,2022-11-15,1417.5
남겨진바황의절규,2024-07-19,1597.5
l밤톨l,2020-08-22,915
섬뜩할꺼야,2022-11-21,302
노량진시장,2024-02-27,1580
검술은못해도호흡은잘하지,2022-07-12,1475
제로참격,2024-01-16,52.5
고구마묵국,2024-08-22,1605.83
봉황면,2020-10-26,1330.83
천상의기사김정관교수,2024-07-14,1611.67
맥주공급병,2020-12-25,1340.83
Lunarikan,2024-02-10,1520
마법체제,2021-11-27,1415
풍성한내모발,2022-01-19,1302
환타에몽3,2022-08-07,302
프리셋도화,2022-01-22,1460
앤기스,2024-08-02,1600
초록빛청포도,2021-04-25,915
내운명캔슬,2024-07-15,1575
제로콜라는인정이지,2021-01-30,1050
쌀먹주입기,2023-02-20,1340
예청아,2023-10-08,1580
주먹꽉쥔남자,2023-12-22,1565
차돌박이파스타,2024-07-12,1585
루버제인,2024-07-13,1590.83
불운캐,2021-04-12,1325
카운터좋아하는홀나,2023-02-24,986.67
컨트롤Z,2023-06-29,1490
하늘람지,2022-12-24,1340
공략은팔차선,2023-12-29,1525
하나검셋,2021-12-22,1325
대머리는강함의상징,2021-07-09,1302
유드로,2022-05-14,460
아큐웨더,2022-07-07,1465
혼자네,2023-12-23,1565
도화가한번해봅시다,2022-01-28,1340
유루유리혜지마루요,2021-10-09,1470
물만먹고벌크업,2023-02-21,71.67
고니붑,2023-12-21,110
켜검,2023-11-04,75
루시현,2024-05-30,1525
만개염,2022-01-25,1370
영수의여름,2022-07-08,1465
하늘이끄물끄물,2022-07-14,1340
태풍33호,2023-07-23,1490
너크르,2023-12-24,1580
낫든너굴맨,2023-07-25,1475
일귀,2023-06-26,302
윱띠,2021-08-30,1370
하빵이얀,2023-07-24,1490
데바이어,2022-02-06,1302
돌뗑이팬더,2024-07-15,1591.67
2Tory,2023-12-24,1540
육덕마망,2022-04-22,1540
한라고속트레이더스,2021-06-04,940
달컵,2022-07-07,1340
개굴남,2021-03-27,766.67
도화가부르셨어요,2023-08-25,1460
여름은너무덥다,2021-07-09,1415
별무리의낫,2023-07-20,1490
모코코맥궁학,2024-07-23,1595
슴폭발,2024-02-10,1460
봄이빅바드,2022-12-31,1490
솜소령,2024-04-27,1520
학그,2022-10-23,1507.5
한알삼백원서른알팔천원,2024-03-24,1583.33
김취권,2023-12-22,1540
빛이날,2024-07-14,1620
소울Hz,2023-07-20,1490
대검으로뙇,2023-01-20,1340
오이시히잉,2023-01-01,1415
균형의절대신,2023-02-25,1568.33
작은난민,2024-07-12,1540
근면상실,2023-07-21,1415
은혜갚은민국,2023-11-11,1475
슈로롬,2024-08-05,1540
기상오클,2022-12-02,1460
BRXESS,2024-07-11,1565
명치강타전문가,2021-03-21,1015
국술비,2024-08-01,1610.83
멈처를외처주세요,2021-03-20,1050
반했쑤,2023-07-20,1520
블문비,2023-11-09,1477.5
작은예찌,2022-01-23,1417.5
체리자몽슈빌레,2022-03-25,1425
도붕1,2024-07-18,1593.33
검은콩제로콜라,2022-01-12,1415
렐슈타프,2024-05-06,1600
하인결,2023-11-11,1580
수라둥둥이,2024-07-22,1585
온화한구렁이,2022-07-07,1340
당도네,2022-12-30,1580
아류,2024-09-01,1640
I무월I,2020-10-06,870
신성제사,2023-12-23,1582.5
쨰쨰뇽,2023-06-03,302
648205,2021-02-20,960
불주먹생융,2024-01-07,500
루테란정복중,2021-05-24,61.67
레가씌스까우럴,2023-06-30,1493.33
짓앙잉,2022-07-08,1380
아잇홀리,2021-11-06,1304
지난회상의끝에서,2021-05-17,534.17
고찬두,2024-07-15,1563.33
유유천황칠,2023-09-25,500
진자림,2021-01-09,1334.17
핑크빛쌍검,2021-07-20,125
기상매,2022-07-08,1398.33
슈쾅레카,2023-12-23,1555
밤수빈,2022-09-08,1550
Touct,2021-05-01,375.83
박리야,2023-10-25,1415
홀리놀리과카몰리,2021-09-21,1302
다비다비,2024-01-04,1585.83
솔새운,2024-07-12,1525
쪼른,2021-03-06,1343.33
빽쑤시개,2024-07-13,1588.33
adamoz,2021-08-12,1302
노라달라,2022-05-11,840
잼존,2023-12-25,1460
작금이에요,2021-10-10,460
최강주먹곽두팔,2023-03-03,260
이거장난감우산이야,2022-07-07,1490
꽃아강,2022-12-25,1490
원펀치돼지바,2024-01-01,1540
디잉동,2024-07-08,500
마레올리오,2022-07-07,1440
l자두l,2021-07-16,1325
고고학챌린저,2023-01-21,1370
윈터는겨울입니다,2024-01-06,1555
내가그린곰그림은망치빠샤,2022-01-16,1302
악마인겨사람인겨,2020-08-28,899.17
그럴리가요분명스쳤는데,2022-12-27,380
돌아다니는배틀아이템,2023-08-31,1415
낫깨비,2023-07-19,1415
밤의쏘울,2023-07-25,1490
노빠꾸남,2020-11-13,915
연우꽁,2023-07-19,1505
자칼의심장,2023-07-20,1508.33
호크G아이,2021-09-13,1310
퍼닝닝,2022-12-27,89.17
소울덕빵,2023-07-20,1531.67
월하x바드,2023-12-30,1460
새우가,2020-08-22,1005
주먹쥐면사망,2023-12-24,55
제발한대만제발,2021-07-09,149.33
연우유수,2022-07-07,1460
소낫뒤,2023-07-19,1417.5
왜나만보는거야,2022-10-31,966.67
구성동모지리,2023-08-06,1445
권투선수주먹보다강한건보,2024-07-11,1533.33
아이코퍼,2023-11-14,190.83
커피쉐이크맛슬레임,2023-10-24,1490
저주걸린악마,2024-07-17,1605.83
하얗게피어난얼음꽃루엘,2020-11-03,932.5
김리덕,2023-11-12,1587.5
디딕도,2024-04-07,122.5
슈또잔,2023-06-30,1415
녹아버린인절미,2023-12-25,1540
마왕롯,2020-08-22,1360
베로낭,2023-03-23,1510.83
쿠피루,2021-01-02,980
보랏빛그린비,2023-10-01,1496.67
모콩구,2021-02-03,1340
섭창신,2024-07-16,1585.83
산들신들,2024-09-01,1640
봄포롱,2022-12-24,1506.67
하v유리,2022-01-28,1302
레카씨,2022-07-06,1425
소서또리,2021-08-15,1432.5
좌도철,2024-07-14,1540
해리포터와태양의기사단,2021-08-12,51.67
내꿈은기상청동네태풍예보,2024-04-12,1250
돌깎다노망난노인,2021-07-19,1415
내가누군지알까,2021-01-21,1325
라그나로스브로크v,2021-03-22,1415
인파공푸,2021-08-23,172.5
서머너짭,2021-08-18,1370
케릭이너무많은데또만들어,2023-07-11,1415
흑동백꽃,2023-01-19,1465
블랙커피맛창술사,2023-07-01,167.5
네모공간,2022-09-28,1477.5
이도류연무리,2023-12-09,1415
HZ잼레이커,2024-07-14,1585
Tolchas,2022-09-25,1340
냥냥댕이,2024-07-27,1585
축복인척심판,2024-03-28,1590
숑키3,2021-01-04,1325
초록머실,2021-04-25,945
체리수박멜론,2024-09-01,1640
기분안좋은기상술사,2022-07-18,1462.5
대구무쇠다리요원최인석,2021-03-26,100
망치든떠이,2023-10-27,1415
매우불만상태,2024-01-27,1515
임뚜덩,2024-08-22,1594.17
오만조,2023-12-22,1460
소림사불화살,2023-09-16,1415
조이데빌,2024-07-18,1596.67
유아삼,2024-02-29,1460
숨어있는황제펭귄,2022-02-10,1445
김민지귀여워,2024-07-16,1556.67
싱싱홀리,2022-03-03,1302
목욕후엔참이슬,2021-07-25,1415
마이스트라,2023-07-04,151.67
톨기스투,2021-01-31,1338.33
BJ도아가,2022-01-24,1302
호슈탱,2024-07-17,1590
레드타르트,2024-07-20,1590
세종대표성순경,2023-01-05,1482.5
버터브레이커,2023-12-24,1575
제주감귤드레싱,2021-02-02,1035
아가는나다,2024-01-07,507.5
리버룽,2024-08-07,1601.67
실력빵점귀여움원툴,2023-02-04,1594.17
어쩌다암살콩,2023-07-18,74.17
히리미야,2021-05-31,526.67
포크찍기장인,2024-07-16,1586.67
서양복실이,2023-11-16,1595
난신괴,2023-07-29,1447.5
브래이커고장난8톤트럭,2023-12-21,1571.67
아이루메라루,2021-09-12,1445
묘나낫,2024-07-21,1589.17
소울친구얌,2023-12-25,1543.33
쿠아띠,2023-11-03,1415
소주는Jinlo,2023-08-01,1490
뿅망치든서멍이,2020-08-23,902.5
달려라무늬,2023-10-03,1415
군주회,2021-12-24,1340
항상민첩하게,2021-07-13,111.67
퓽리,2024-07-14,1556.67
블래도련님과검은메이드,2023-09-14,1472.5
황심혹,2020-10-03,1326.67
뉴워띠,2023-01-01,85.83
왈왈귀여움,2023-12-22,1475
뎨묘익,2024-09-01,1640
월루블,2021-11-16,560
어려운이름정하기,2021-09-04,1430
비가그치길,2022-12-21,1381.67
소다맛제로,2023-12-21,1566.67
모시턴스2,2023-12-23,1561.67
따짐,2023-12-29,1543.33
잘나고멋진사람,2023-07-19,1472.5
상소s,2023-02-06,1340
MILLANOo,2022-01-18,1375
냐댕이,2021-08-12,1302
PoHyls,2024-01-14,1470
동네개이름,2023-12-25,1540
다시시작되는생명의순환,2024-01-15,1590.83
NASA기상캐스터,2023-01-28,1460
몽글찰떡,2023-12-31,1585.83
프로하미,2024-07-28,1561.67
스놀레린,2022-09-15,1430
쵸코곰z,2022-05-03,1425
갓뎅,2021-02-12,487
니나블링크,2023-04-07,1475
요즈는기상술사지,2023-01-22,1445
못참는녀석,2023-01-30,1406.67
헤이수트,2024-03-22,1088.33
형됼,2021-10-06,98.33
징버거셋트,2022-09-14,1370
Lawman,2023-12-20,1580
이세계무투가켄,2023-12-24,1520
헤으응네즈코,2021-05-27,1340
그믐달을주세요,2023-12-25,1520
슈베블,2024-06-23,55
소리의언덕,2022-02-11,1430
멜랑클레아,2021-12-23,92.5
퐁퐁총총,2022-01-22,1370
힌코,2024-07-11,1520
라즈베리맛탄산수,2022-01-14,1302
지으닝뇨,2021-07-05,61.67
씯따,2023-11-13,1601.67
디붕쨩,2021-05-28,83.33
버거퀸리퍼,2021-04-21,1035
뭐없,2023-12-24,1560
힐안준다니까,2021-11-17,1415
돌고래는연주가,2021-05-15,1310
기상피바람,2024-07-31,1607.5
기상니콘,2024-07-13,125.83
내아님다,2023-12-23,1566.67
스커린나,2021-03-18,1347.5
작안의황녀,2023-01-24,197.5
맹조,2023-12-28,1582.5
수집용ll,2023-01-24,600
거울속훈남,2023-11-30,62.5
대기업이직,2021-10-04,70
광두횟집,2024-01-18,1460
헌혈팩,2021-11-05,1430
힐지온,2024-01-10,1460
너를그리다하루가가고,2023-12-24,1487.5
S0L0Queen,2022-02-13,386.67
후추앤치즈,2023-01-18,1340
hi에이치아이,2024-01-12,1477.5
레몬케이브77,2024-07-26,1520
경로당트월킹마스터이덕선,2023-10-24,1277.5
에레나블라디미로브나,2021-08-23,1340
가물가물헌터,2022-07-19,1462.5
밤은깊다,2024-02-22,72.5
느린거북이형님,2023-04-27,1460
만두무,2024-01-07,1565
응애캐리해주세요,2022-02-03,1430
별을품은아가,2022-07-21,1475
압승,2023-12-21,1460
횡성흑우,2021-08-15,1485
붐펀맨,2020-10-06,1007.5
퀸즈,2023-12-21,1520
블레익혀먹어,2024-07-17,1593.33
스위스인도인이용이역삼역,2022-07-09,1415
물렁가볍,2024-01-07,1482.5
솔나시안,2023-07-24,1510
콩만한콩순이,2021-01-02,1325
성복동타이슨,2021-03-27,415
적다합류가나는,2024-02-08,1580
너만의위대한워로드,2022-09-12,1460
BrokenSpearR,2024-06-26,268.33
Magar2t,2023-10-05,1460
박준영v5,2023-02-16,1407.5
참새아,2024-07-16,1550
달달한피s,2020-10-09,950
진다슬비,2022-11-19,1430
교양대학,2021-05-21,74.17
라떼포도,2023-09-02,1437.5
찹쌀떡고길동,2022-08-04,1462.5
구암습,2024-07-18,1585
낫는솔로,2024-09-01,1640
다들조금만도와줘,2022-12-22,1460
악마노년,2024-09-01,1640
로나움,2022-09-22,1370
순고기,2023-10-09,1467.5
밀크초코커피,2022-12-25,1425
스타킹수련자,2022-08-25,87.5
진야조,2023-07-21,1490
슴파고,2023-10-15,1415
나의애교를받아라,2021-07-13,55
키먹,2024-07-24,1585.83
도화가o3ov,2022-12-24,1465
애우향,2024-06-15,635
복뿡이,2022-09-13,208.33
호랄류,2023-12-08,1581.67
니하프좋더라,2022-01-23,1302
이히빵,2022-02-10,58.33
비버는비버비버,2024-07-18,1585.83
치매노인김철수,2023-11-06,1540
이런사람생겼으면,2022-07-08,1365.83
라임맛코코,2022-12-30,1598.33
검사의하루,2020-08-23,1331.67
화끈하게가보자,2023-02-26,1490
점심에기상해,2024-07-19,1543.33
낭만탱커,2021-03-11,1345
낭만에취해버린사람,2022-07-26,1472.5
경이로운딩딩이,2024-07-21,1548.33
김처단,2022-04-10,480
한밍몽,2023-12-26,1475
월넛쿠키,2024-07-06,635
인력착취,2022-09-05,1375.83
정밀단도워로드,2024-07-11,1520
josia,2024-07-21,1600
건틀릿위에핀물망울꽃,2023-05-31,1415
구양나나,2020-09-25,933.33
잠실기상술사,2022-07-21,192.5
엘레미나스,2022-07-21,1472.5
버스기사낭심브레이커길순,2023-12-22,1580
충단하고싶다,2024-07-19,1565
내화련,2022-07-20,1340
린드제,2021-03-26,1092
슈팡이,2024-07-16,1477.5
요즈보다는슬레,2024-07-11,1571.67
종달새2호,2022-06-20,1345
비리븐,2023-02-05,1340
최달프,2021-08-12,1303.83
수상한화가,2022-03-07,1370
뇨무라이스,2023-09-08,1475
흑새0호기,2024-08-21,1563.33
Top리퍼,2021-01-06,1340
출교,2021-07-28,1368.33
벽화알바,2024-05-17,1540
아가플로,2022-12-29,70.83
단아군,2024-03-23,1503.33
수족냉증의수면양말,2022-12-23,1372.5
민트향소서,2022-04-20,1370
펜테포,2023-01-23,1465
양곰찡,2021-08-19,72.5
코크슬레,2023-01-18,1340
무테키노아이도루,2023-06-30,1500
안파이터3,2024-07-16,1550
로스파이터,2021-03-19,1370
에이샹,2022-11-03,600
소울뱀,2023-08-03,118.33
내이름은로오사,2024-02-15,500
승아비,2024-08-04,1580
조리퐁냠냠,2021-04-24,1368.33
김라귤,2021-08-23,1302
밈맘멤뭄,2024-02-21,1520
캐럿망고디펜더,2024-07-14,1601.67
정승규,2021-01-31,1310
dislis,2021-05-24,372.5
흙뭉치,2024-07-12,1541.67
엘헬비,2024-01-30,1250
뫄기몽,2023-03-04,1340
흑백안개,2024-07-27,1575
쩡이가요,2024-01-25,1518.33
JTIS,2024-08-13,1600
체날라,2021-09-24,1420
근멸남,2024-07-14,1578.33
무도가는핑계고,2024-07-31,1528.33
에일지,2020-08-23,990
Fluon,2021-08-29,1128.33
끌레도르쿠키앤초코,2022-12-25,1460
백설기화가,2024-09-01,1640
니팀원버려,2020-09-28,1329.17
냥냥스틱,2022-06-29,960
땅브레이커,2024-07-15,1543.33
대굴이딱콩,2024-01-05,1580
수프린,2022-07-15,85.83
섭섭하네용,2024-07-20,1585
Reflecti,2021-08-22,1355
쿵푸티,2024-07-20,1600
뿌시님의발닦개,2024-07-30,1520
로또안사는데당첨되고싶당,2024-08-04,1587.5
거품적당히눈덮인맥주처럼,2023-07-01,1415
비올론,2024-07-10,1543.33
도하름,2022-01-31,1370
미리내1,2024-02-09,1541.67
힐받아라앗,2024-07-17,1523.33
김홐빈,2023-06-30,1415
꿀돼지토끼,2023-11-29,1430
절화행,2024-07-14,145
커마예뻐요,2024-02-08,63.33
허리피면3센티,2022-03-04,1370
노엘하트,2021-11-17,106.67
바람질풍,2024-07-26,1540
요뫄하하하하핱브레이커,2023-12-27,1460
샤트리슬,2023-11-23,1415
성이닷,2020-08-23,945
세번째심수,2021-08-12,1302
어서켜,2023-01-20,1475
바줌마도아가홀저씨,2022-01-29,1415
크루피자,2022-03-30,802
VanGer워로드,2024-07-16,1595
카타기리나나세,2023-07-23,1508.33
버서커채치,2020-09-29,950
v캡짱이v,2021-09-10,1415
기노민의서전트점프,2024-07-16,1600
꿋콩,2024-04-11,813.33
승기권,2023-12-22,1510
검로드,2020-08-23,990
맛있는만개,2024-09-01,1640
김도근,2023-12-22,1540
해누리꼬미,2024-07-12,1520
잠깐시간될까용,2023-07-05,1472.5
이제광대는웃지않는다,2023-12-21,1482.5
Sipahi,2021-04-05,61.67
아이스낫,2024-09-01,1640
싸제면도기,2023-01-18,1477.5
졸려도숙제는해야지,2024-07-16,1340
햄스폐셜이삭토스트2개,2022-01-05,1422.5
외화벌이요니,2023-12-28,1521.67
동탄쫄보,2020-08-23,965
Logic소울,2023-07-19,1500
뽀리뜨,2023-12-16,1415
홉스피제리아,2023-08-03,1415
먕묭먄,2023-11-14,1490
역대최고괴물공격수,2023-12-21,500
바보꼬냥이,2022-01-22,1335
독도가두개면뚂뚀,2024-09-01,1640
람민우,2024-08-19,1609.17
쿠키는못말령,2024-09-01,1640
바드와하프,2021-07-02,870
빨리빨리따라와,2024-02-12,500
MADER,2021-03-27,408.33
여우벼리,2022-01-28,1415
뉴비그만괴롭혀,2023-01-26,1340
꼬꼬마뷔,2023-05-08,1460
꼬마비뉨,2023-03-05,1415
무면허드론봇,2021-09-09,151.67
메탈론,2024-07-18,1523.33
귀욤악녀,2021-01-30,1040
슬픈령,2023-05-08,1462.5
천뇌여왕,2023-12-24,1460
사이락,2020-08-23,936.67
하남슬레,2023-01-19,1340
자유시간보다는핫브레이커,2024-06-24,114.17
힐드릴게용,2024-01-19,1482.5
광기배력1,2022-07-06,1425
하니물개,2023-12-22,52.5
이번엔단발,2021-08-13,51.67
샤넬팜므,2020-08-23,1020
망겜의계란술사,2023-07-24,917.5
호감형소서리스,2022-07-14,1477.5
가던동,2022-03-11,1302
우린충모닉,2021-09-17,1375
바이세화,2022-06-06,600
한국라이플마스터,2024-07-21,1590
Keydory,2024-07-12,1540
하프부서진바드,2022-08-15,1415
레저렉션까지만한다,2024-09-01,1640
도구뚝,2022-07-07,1340
념냥킨치,2023-12-09,1322.5
선택장애바드고민중,2023-08-01,1415
힘세고강한성기사,2021-05-23,1345.83
지나가욧,2024-07-26,1546.67
옼반지,2022-10-18,608.33
지평생이,2023-01-07,1340
부루스마루스,2020-09-22,1325
봉황란,2023-02-02,1415
우장산꿀주먹,2024-07-16,1553.33
권두부에디션,2023-12-24,1460
워붕하세원,2021-08-12,1304
신묘령기,2021-07-08,1302
만렙건슬급,2024-04-26,1520
도동동호크,2023-07-22,1415
냐루담,2023-07-03,1506.67
지금부터서로비벼라,2024-07-12,1553.33
지뇨는아가,2024-08-30,1620
대쿠이,2023-08-03,1490
우리집이쁜셋째,2022-08-14,1415
소울이터고고혓,2024-05-11,1600.83
타닥럼,2022-05-25,1377.5
서나뽀,2024-01-05,1601.67
당냉,2021-06-07,370
손들어움직이면싼다,2024-07-18,1573.33
HYAOP,2022-02-17,1070
순라면,2024-01-07,1460
공항도둑비니훔치는엄준식,2021-02-03,1340
날고싶은리퍼,2021-03-26,900
홀리나트퉁퉁임,2023-07-21,1415
쩨펀치,2024-07-26,1520
빠밤빠빠밤빰빠라밤빰빰빰,2022-07-10,55.83
세라부,2023-12-23,1580
흙탱,2021-08-26,1370
천사랑구원,2023-07-21,1420
우리반장소서리스,2024-07-28,1595.83
플라데일,2024-06-28,500
아직엘리트,2023-12-22,1541.67
마음도아가,2022-01-27,1370
m슈퍼맨m,2020-09-04,1329.17
전구동,2024-07-12,1600
아동노동법,2022-09-28,1490
아랫집아저씨친구,2022-07-08,127.5
이달의저점수호자,2024-07-21,1585
생성코드ASE,2023-07-21,1457.5
단단펀치,2023-12-20,1580
오빤꽂사슴내맘을녹용,2023-12-25,1580
내가오늘비온다고했지,2022-07-07,1415
킹덤,2023-10-16,1505
붓마스터희동이,2022-04-27,1377.5
Orcaa,2023-12-24,1525
연산동콩콩이,2024-08-06,1600
멸천대라제x,2024-07-25,1540
삐쳤냥,2021-09-13,1415
과카몰리프라푸치노,2024-02-15,1340
차칸홀리,2020-12-28,1355
로맨틱카푸치노,2021-03-17,900
오늘도빨래는안하겠지,2022-07-06,1457.5
붓이칼보다강할껄,2023-06-29,1487.5
ARK폭룡,2022-05-12,1445
건서청연,2023-12-20,1460
몰봐요,2024-02-18,1523.33
하울의무빙이개오지는섬,2021-04-17,1495
솜방망이민지,2023-12-25,1540
아가테라,2022-07-07,1475
인자기솔녀,2022-01-24,1460
코코9493,2024-01-11,1462.5
애리집사,2024-07-21,1536.67
도아가는하나도몰루,2022-01-26,1302
그우산은내꺼야,2022-07-09,81.67
그림자스텝,2024-08-12,1611.67
희섬,2021-06-19,1360
넴넴술사,2023-01-06,1440
탕순잇,2021-02-02,1042.5
원빈현빈핑크빈,2021-02-20,1325
식뿌,2022-12-23,1340
수라의뱅,2024-01-04,1548.33
뵤드,2023-09-21,1511.67
불친절한러기씨,2023-11-20,191.67
축복을주리라,2023-08-19,1440
망치든여우,2021-07-30,60.83
시한부마법사,2021-08-13,1302
목골자먹,2024-07-10,1528.33
츄츄는도롱도롱,2024-07-12,1540
질척이넹,2023-07-04,1415
카마인유끼,2024-01-17,1100
연차요정모찌,2022-08-16,1510.83
비닐우산왕,2024-06-01,1417.5
빡세님워로드,2022-01-22,1302
예림이내공도둑김사원,2024-07-14,1587.5
율똥율똥,2024-07-25,1520
머리에먹물흠뻑,2022-09-30,1432.5
비안오지,2021-02-12,1340
아롱곤듀,2021-09-09,1375
롤폿,2023-12-20,1516.67
아이스바닐라라떼투샷,2022-09-24,150
망겜1234,2023-08-15,75.83
띤빵,2023-12-25,1571.67
다섯번째워붕이,2022-08-02,1432.5
달감건,2024-07-19,1593.33
풍선알바,2021-07-05,135
여니초심,2024-01-13,1520
모코코찾는마리린,2024-08-03,1528.33
비뢰격에받피증있어요,2023-12-23,1460
소해무리,2024-04-23,1297.5
24년1월8일산모코코,2024-01-18,1573.33
펄추가안돼요,2022-01-26,1450
청달이,2023-12-20,1581.67
수유리싸움꾼,2023-06-29,1415
이강이터,2024-07-14,1610.83
육소담,2023-01-02,1340
앤티텀,2021-07-09,122.5
엘마누나,2024-07-14,1560
미로3관문,2022-07-12,1460
1일은할까,2021-08-05,1379.17
홀나는진짜키우기싫었는데,2023-09-03,1490
소설가구보씨의리틀보이,2021-07-05,61.67
전문약사바드,2022-02-13,1330
전어구이,2021-05-15,1506.67
너는블래스터,2021-08-06,55
I잉애쉬I,2021-12-07,1326.67
여의샤,2023-07-10,1465
뽀지유,2022-08-04,1581.67
떙커,2021-03-23,1325
3이었나,2024-07-31,1540
충파민,2024-07-20,1520
스바당,2022-01-30,1306
황보서희,2022-01-30,1480
엉금카나,2024-07-16,1585.83
내일의날씨는모름,2024-07-11,1520
멀리서구경하는중입니다,2021-03-22,1005
쿤힐몽,2022-01-29,1302
지아린,2024-07-11,1555
캐릭터이름열주자까지가능,2021-05-18,1325
봉샥샥,2021-12-30,1400
한방잭팟,2024-07-14,1586.67
올랑지,2024-07-10,1600
로스트먼데이,2021-12-30,89.17
재민양,2023-08-19,960
킴죽딜,2022-12-22,1482.5
앙수쿵야,2021-12-24,1302
어떤오리의금서목록,2021-08-15,1395
붸이븨님,2021-07-19,1302.83
새파란별빛,2022-02-14,1415
고심해서만든이름,2023-07-19,1477.5
여신심제,2021-06-08,1325
섬유용녀,2023-12-08,1012.5
데서페라도,2023-12-20,1540
아크라시아촉법소녀,2022-07-09,1460
너만의작은홀닥불,2021-09-23,1348.33
음애기,2022-02-09,1445
블래스단,2022-07-10,1390.83
붉은숲유화,2021-07-13,1302
작안,2023-12-20,1510
루페온이시여또한명갑니다,2021-09-12,302
우마르카봇,2021-01-10,61.67
디붕이지나간다,2022-08-07,53.33
littletrip,2024-07-26,1520
용과바,2023-09-18,1415
먹화빈,2024-07-11,1560
Roxfield,2021-09-01,1302
봐롱,2021-07-09,1345
금강법혼,2021-09-18,1432.5
당신은누구,2022-01-23,1370
궁댕이슬레이어,2023-01-28,1415
으쩌라고에베베,2024-07-30,1604.17
왯뀨,2023-12-20,1525
노날라,2024-07-14,1558.33
늙고병든아이,2024-01-28,1540
호랑이기운솔솔,2021-03-30,1402.5
Dominaailey,2020-09-14,321.67
검은빛의인도자,2023-07-21,1510
바줌벌레,2023-12-23,1460
브레레렐,2024-07-25,1610
신입귀살대,2021-03-17,915
생감자양,2021-08-07,1415
젬민E,2022-01-27,1314.83
송강a,2022-01-13,1450
힘센애,2024-07-10,1540
따끈한냉면,2024-07-14,1535
공릉동마법지팡이,2021-08-29,466.67
짱얼음,2023-12-28,1526.67
전라도아가,2022-01-14,1302
고재미,2021-07-13,1303.17
바드이왜이,2021-07-11,1325
문명필,2022-07-11,1370
Daisies,2022-07-19,460
설은원,2024-07-14,1585.83
아섬순,2023-11-30,1496.67
잘해또,2021-07-09,1420
맑은섐뮬,2023-12-25,1548.33
막내늑대,2021-10-13,52.5
홍밤식,2021-09-04,1415
흐까,2023-12-26,1580
훠르드,2023-11-11,1560
CLAIN707,2022-12-31,1465
최강알탕,2021-10-04,1349.17
절구맛만,2024-08-20,1590
웃길,2024-06-24,1541.67
도아밀,2024-04-12,1606.67
개화난사람,2023-07-09,1475
캠프파이어부싯돌,2023-12-22,1510
와플대학첫번째메뉴,2024-07-26,1540
권왕정권,2024-07-15,1526.67
이름할게있나,2023-09-20,1415
권바퍄,2022-07-16,1475
삼도류횟집,2024-07-11,1520
스스슬레이어엇,2023-01-21,1445
펌핑치약,2024-07-13,1530
랏바드찬스,2022-07-21,1386.67
우우워워어어어,2023-06-08,302
겨란남기지마세요,2023-07-02,1490
0써클마법사,2021-02-15,1340
달빛절단기,2024-07-05,500
곤듀꽃돼지,2024-07-21,1568.33
NoblePainter,2022-01-21,130
대둔근워로드,2021-08-13,1370
절대의권,2023-12-22,1582.5
뮨기폭주,2023-01-20,1490
타대망겜,2023-06-29,1490
드롭킥대부,2023-01-20,77.5
니혓바닥아래연가시,2021-09-18,1415
달리파고,2022-11-19,1580
청사현,2024-05-18,500
실찬,2023-12-09,1583.33
김고비,2022-12-23,1440
버거킹앵그리트러플프라이,2022-02-22,1302
암살한누누,2024-07-10,1543.33
포항시홍보대사슬레이어,2023-01-20,1340
희릅,2023-08-15,1462.5
딸깍딸깍악마,2024-01-04,77.5
임프몬,2023-12-21,1563.33
최종방가활,2024-07-13,1606.67
제이노,2021-05-02,1325
연응애,2020-10-21,915
안죽으면바드림,2023-06-30,1415
조강현1,2024-07-11,1530
노인와사바리털기,2024-09-01,1640
소울오리이,2023-07-20,1490
마지막방패,2024-06-06,52.5
서두동,2023-02-26,1340
니엘,2024-07-16,1605
블랙핑구,2021-05-24,1325
루크세인,2024-07-21,1590.83
마음은박서준,2024-07-16,1560
선도보이,2024-08-06,1580
블레참외씨,2021-03-24,99.17
잼잼앙,2024-01-10,222.5
Reney,2024-06-17,1592.5
아주뭐니,2022-11-13,1382.5
섬무운,2023-12-23,1540
합사백원,2021-12-23,1370
브커대둔,2023-12-22,1460
여우점,2022-07-29,1340
난마늘,2023-12-22,1510
타닥타닥따듯하당,2023-11-06,1526.67
산타맛여우,2023-03-02,1340
악몽의왕의한조각이여,2022-02-05,1370
닭과계란,2024-07-29,1543.33
배달오토바이브레이커,2023-12-22,1580
3버블있어영,2021-08-22,1325
갈증리퍼zs,2023-11-19,1415
둠둠펀치,2021-11-18,1430
칼잡이태,2024-04-13,1590.83
4쩌뮈,2022-08-18,913.33
지금도컨딸림,2021-08-18,1415
모닥불보다힐잘함,2021-09-04,1302
무드릭맘,2024-01-10,57.5
이두비귀여워,2024-07-12,1610.83
PRI잘하는사람,2022-11-09,1347.5
소울살롱,2024-07-11,1528.33
큰붓든상자,2023-11-22,1100
이이토리,2024-07-22,1561.67
외계에서온자슥,2023-03-19,1340
레나옹,2022-07-07,1380.83
피자스쿨potato,2023-12-25,1583.33
장더,2021-07-22,70.83
묵실,2023-01-19,1490
할머니리어카뛰어넘기장인,2023-06-28,1490
지저귀는곰,2024-08-22,1600
서울고이재현,2023-05-05,1501.67
별이달이,2023-12-25,1510
지에치소울,2023-12-26,1580
하드빌런,2024-07-11,1568.33
서묘닐,2024-07-15,1528.33
쫀득한렌씨,2024-01-29,151.67
Grab,2024-07-13,1585.83
Nefas,2024-07-16,1600
Asterea,2024-07-12,1566.67
동데헌,2022-12-22,1506.67
물약말고힐싸개를챙기세요,2021-08-03,1435
꽃솔솔,2022-08-15,1465
하키담,2021-06-27,1340.83
불씨만남은홀닥불,2021-07-09,1370
국가대표쌈장도둑,2022-05-05,1358.33
낼플,2024-02-07,500
불닭에포테이토피자,2024-07-14,1540
검은색필멸자,2021-10-30,1073.33
검은당근,2023-12-20,1541.67
쿵크앙,2022-07-22,600
드레드록스,2024-07-11,1561.67
GOSEGUGOSEGU,2021-12-24,1302
q신p,2023-09-07,1415
블렛고,2021-05-16,1343.33
벽휴,2023-01-13,1397.5
권재필,2024-03-23,1520
데레리리,2024-07-16,1525
짙은도화지,2023-06-28,1499.17
보리는억울해,2023-06-28,59.17
저는새벽입니다,2022-03-17,105
엣지있게가장,2023-06-28,302
호카이안,2021-12-26,1415
민동댕댕,2022-05-16,50.83
소빵야빵야,2022-12-22,1340
집이무너질까무서워요,2022-07-06,1447.5
가락주민,2023-07-19,1415
개노답브레이커,2023-12-26,1510
샤아가,2022-01-22,1417.5
첼라시나,2023-12-25,1490
기영이의잃어버린BF대검,2023-01-21,1340
블레이드하연,2021-12-23,1302
야마뜩빔,2023-07-01,1490
소울수원산,2023-07-19,1509.17
코코모소울이터,2023-07-24,142.5
책든후,2021-08-18,1385.83
마흔살개백수,2022-05-19,1445
이젤라임,2022-04-04,460
기뿐챠,2022-12-27,1460
밍밍달,2024-06-24,500
식용스카,2021-12-24,93.33
하에놔드,2021-03-21,1005
쿤복맘,2024-09-01,1640
추매이,2024-03-04,1520
야룰배마,2024-07-16,1585
아매일,2023-12-22,1525
박츄쁠,2024-07-10,1520
화포커,2021-09-02,170
살법사신무v,2024-07-25,1560
산책요정,2023-07-04,1490
홀지터,2021-12-21,1460
감기걸린거같아,2022-07-07,1415
고메즈,2024-07-11,1553.33
필라테스가기싫은날,2023-12-22,1540
까프파이어,2023-06-29,1415
가브엘,2023-12-24,1460
알코올참아,2021-11-24,1370
파이리리리,2021-07-22,260
라라델,2024-07-20,1600
건슬찍먹쿠,2023-01-23,1395.83
나는타짜,2024-07-11,1550
예고살인중,2023-07-21,1492.5
고처기터,2023-07-21,1493.33
봄봉2,2024-08-31,1585
콩나물육회간장비빔밥,2023-10-28,1490
페르스베츠,2022-12-22,1340
흑야오령,2021-12-20,1415
건슬이눈나헤으응,2021-02-20,1325
잉여인력되고파,2022-07-24,1370
롤릴릴,2024-01-08,1460
라시핀,2022-07-17,1445
와플칸,2021-11-13,600
점화쌤,2022-07-07,1417.5
잔나브,2022-04-11,1370
유즈드맨,2024-07-20,1565
옥자one,2024-04-16,460.83
너무구운새우,2024-07-13,56.67
우꼬딱,2021-01-04,1340.83
듀오만해,2021-03-23,1042.5
돈까스랑냉모밀,2023-07-01,1490
아해랑,2023-09-20,1490
슬악동,2023-01-22,1521.67
모모카에,2022-09-15,1417.5
떵강아지냥,2022-06-12,566.67
나만댕댕이나만고양이없어,2023-11-29,1415
홐빡유,2021-05-22,86.67
능곡동솜주먹,2023-02-26,1340
갈증펜음,2022-10-30,960
종오의호흡,2021-03-27,1340
밴소유,2024-01-08,1521.67
두두두띵,2023-12-29,1415
돈가스매장,2021-07-13,1425
입금하세요2,2024-07-26,1585
샤카부족데모닉,2021-08-29,1302
모슬레이,2023-01-22,1465
꾹눈나,2022-12-22,1490
번개그루,2021-08-27,1340
호크두식,2023-09-08,1415
속보예수내일부활,2024-09-01,1640
누누야이리와,2021-12-23,1370
천륜사키,2024-07-18,1520
흑수소년,2021-05-28,61.67
inisfree,2020-12-22,1032.5
날치김치옥수수,2022-01-23,213.33
힐받아요싫음말구,2022-03-20,90
슈퍼모코코도아가짱귀요미,2024-07-29,1531.67
뒤로해수라,2024-07-13,1592.5
Bardpeter,2024-07-11,1526.67
By베베공주,2022-04-03,1384.17
애기에융,2022-01-26,1302
탄이공쥬,2021-07-09,1420
황룡연대,2023-12-25,1460
리건알을조심해,2021-08-12,1302
불두겅,2024-07-20,1538.33
잔재하는버스트,2023-12-21,1470
반숙계란이좋아,2022-12-23,1415
붉은십자군샐리화이트메인,2022-01-27,1302
용옴,2024-07-16,1520
쎈아가님,2024-05-08,1560
죠니닛,2024-07-13,1520
천계문,2023-07-19,1427.5
HLMinatoAqua,2022-04-08,960
2팟바드,2022-11-20,1503.33
블레는무거워,2024-08-21,1602.5
홀리담비,2022-12-26,1411.67
루이아나,2021-11-15,1422.5
S급섹시미녀,2024-02-08,1520
모험의나라로오세요,2021-12-24,72.5
그냥이소울해,2023-11-18,1503.33
응비B,2021-07-23,1377.5
Agilent,2024-08-02,1526.67
소울구딕,2024-07-18,1566.67
노는아갓,2023-07-29,1415
단단한메기,2022-03-27,1330
라엘람,2022-02-08,1302
근의왕,2024-07-12,1520
금희월,2022-07-17,1526.67
모타보겨울,2024-07-21,1585
고무고무스크류,2024-07-19,1520
드림하이고혜미,2021-01-30,1050
붓들고쟈늬,2023-02-22,1420
용와왐,2021-01-29,1260
I배마설냥I,2024-07-13,1599.17
로아한잔해,2023-12-21,1535
끄앙맨,2022-02-08,52.5
만멘탈,2024-07-15,1610.83
유자막걸리구슬,2024-07-18,1540
카제로스애완견,2023-12-23,1460
슬레큥,2024-02-27,95
Ekidnna,2023-12-20,1553.33
트하가,2023-01-06,1340
캐릭터이름힘들게다채웠다,2024-07-13,1600
홀나미침,2022-07-07,1460
파괴의신1,2023-12-15,1415
ZERO체리,2024-06-28,500
사방신검,2023-01-17,1445
꾱정해,2024-06-01,1520
미녀엘린,2022-12-21,1340
도기경,2023-12-26,1538.33
콩렌치파이,2023-07-20,1415
아콩맨,2024-07-13,1520
로젼,2023-12-24,1460
기울은블레,2024-06-16,1355
이프하프,2024-08-08,1520
아가쑤,2021-08-12,1422.5
VamPa,2023-12-24,1460
S갈증,2024-07-10,1520
파푸니카바닷가,2024-06-25,1520
밤하늘에빛나는별처럼G,2023-07-22,1415
모미9,2024-08-19,1608.33
행운을불러오는검은고양이,2022-03-07,1302
PomPuTa,2024-07-09,1580
힐없는니달리,2024-08-02,1595
쿠나룰루,2024-01-21,1540
좋소마스터,2024-05-15,1485
누나여기풀좀짤라줘,2023-07-20,1415
크리가안터져요,2021-11-11,1415
브레이커의곰,2023-12-20,1580
나의곶휴,2022-01-07,1335.83
말랑옴비,2024-06-28,1584.17
꼬마메이별,2022-02-26,133.33
브러쉬아티스트,2024-07-13,1520
대리화가,2022-01-14,1337.5
기상기상기사기,2024-07-12,1520
만월쥰,2024-04-23,1521.67
라드이,2021-03-22,802
이건배럭일뿐이야,2021-05-23,505
레드앰버,2023-06-22,302
은요혜,2021-05-05,870
후덕함덕후,2022-07-20,1467.5
렌고쿠쿄주로상,2023-11-04,1460
오늘날씨는천둥번개,2022-07-06,1349.17
달다연,2023-02-09,1566.67
재연큥,2024-04-30,1531.67
시라소니매니아,2020-08-22,1017.5
소파에서낮잠,2023-11-08,1496.67
아리송합니당,2024-07-12,1610
오의배마는초심을찾고싶어,2024-06-06,500
아쿠아파크,2023-07-23,1462.5
하즈키시오리,2022-03-21,1006.67
날씨덥마요,2022-07-10,57.5
바밤바맛농약,2022-07-10,1460
솔시알,2024-06-16,500
쿵뗙,2024-07-02,500
무르냥냥,2024-07-13,1540
뾰롱부추,2023-05-30,302
힘빠진싸움꾼,2024-07-13,1570
시스템가동중,2023-04-08,1460
주먹선표,2024-09-01,1640
고흐프시리,2022-01-21,960
순사나리,2024-01-04,1520
아퍠,2023-12-24,1475
구좋바드,2022-11-14,302
유리알파,2024-07-16,1540
법사동동쓰,2023-01-25,1340
올해는좋은일만가득하길,2021-12-27,79.17
Aqu서아,2024-03-18,1460
한달째화남,2023-06-29,1415
동네누낫,2024-02-17,1460
도화지에그린도야지그림,2022-01-13,1415
초리리퍼퍼,2024-07-12,1540
24년여름소울,2024-07-18,1590
마법사뚱이,2024-07-16,1600
등케네,2023-12-21,1540
응애난아기브커,2024-07-26,1600.83
아키르의대군주,2021-12-23,1325
희윤아,2023-12-24,1541.67
으리쌤,2020-08-22,915
나한봄,2023-04-16,1370
짜쓰쿵더쿵,2022-03-01,1325
홀나만두,2021-03-24,123.33
Nunbora,2022-06-02,1515
호두마루도화가,2022-01-22,1475
꿍잇,2020-08-22,992.5
권윤지,2024-09-01,1640
악뫙,2024-07-12,1541.67
스앤미,2022-01-03,1302
정화l,2020-10-14,1010
잔별풍,2024-03-26,1600.83
연주하는머머리,2021-10-27,302
세상의끝에서갈망을외치다,2023-02-23,70
수리눈깔,2024-07-17,1540
두차이햄,2022-12-23,1508.33
장난없는신성모독,2024-07-04,500
에어빙수,2021-04-10,1325
약초줍는샷샤,2021-08-21,200
오돌뼈닭발주먹밥,2021-01-29,970
애뽀링,2024-08-06,1600.83
이직확인서,2022-07-07,1340
이카루이드,2021-09-18,1435
써니머너,2021-03-22,1344.17
암살고양이에호,2020-08-31,982.5
경이99,2024-07-11,1590
해를그려볼까달을그려볼까,2023-01-19,1340
하잉반갑,2022-01-25,1445
72시간무수면,2024-01-14,1475
o하얀서리o,2022-02-10,1388.33
탱복뚱이,2023-12-27,1521.67
뽕땅꾸,2022-12-22,1490
이자즈,2021-09-18,1415
여일월,2023-09-13,1477.5
국슬,2023-12-24,1543.33
부쉬에핑크와드,2024-07-12,1523.33
김송연,2022-03-21,1370
쑥앙꼬가래떡,2023-02-25,1480
상구아가,2023-10-09,1415
색칠원툴,2022-02-13,1302
피루연,2021-04-05,1340
마미1,2022-12-29,1490
임설령,2023-01-29,1490
태민초,2021-03-22,1050
홀화산불,2021-08-12,1303.33
파워머너,2023-07-11,1415
정소앤,2023-07-22,1540
버건디위스키,2023-01-18,1460
별카드뜨면안함,2023-07-05,1475
투사만하는사람,2023-07-20,1490
창천제일천명,2023-12-22,1480
좋은향기가소울소울,2023-07-21,1415
도아가도화가에요,2022-01-20,1460
뀜군,2020-10-03,1340.83
829소서리스,2021-08-29,61.67
레어라이플,2022-05-05,1556.67
응애현이는아가야맘마조,2023-01-23,1340
인파이터래,2021-06-11,925
오의냉국혐오자,2022-12-21,1490
정세찬,2024-04-30,1540
본계원렙300남바30,2023-06-20,302
한방물리치료,2023-12-21,1487.5
당신가만안도,2021-09-05,1302
로민현,2021-06-06,1035
권규나,2023-07-22,1415
잔잉여,2024-07-30,1605
원하는게별이라면,2024-07-27,1540
분망예수다영,2024-07-12,1570
화우피후,2021-12-24,1302
멸쇼,2023-11-10,1427.5
쎆씨르,2022-01-02,1417.5
절레이어,2023-12-25,1581.67
벌카너,2024-07-13,1585.83
솜살바드,2021-08-12,1302
선검운,2023-12-27,1580
암행어사박문수,2021-06-08,1350
봉필스,2023-06-29,1496.67
꽃믬,2023-07-02,108.33
RiraIkuta,2024-07-12,1520
일진좌,2022-04-04,460
마윤진,2024-07-16,1541.67
차돌만두육개장,2024-07-11,1585
닝닝이이익,2024-08-22,1610
봇치찬,2023-09-27,1475
놀이터청소,2022-10-20,57.5
49살김보현의로아탐방,2022-04-29,1325
머머리주인,2024-08-31,1618.33
풍비스,2022-12-27,155.83
애벌레스프,2024-07-25,1520
유삐콩,2023-07-19,1505
낫든밥도둑,2023-07-23,1500
진짜루중화비빔밥,2024-07-14,1600
하앗폿,2024-03-08,1550
둠수령,2023-12-21,1482.5
더스프링,2022-07-08,1475
아직도화가나는데,2022-01-13,1370
아이템검색,2023-10-17,1503.33
리격탄,2024-07-11,1573.33
타즈스커,2021-12-28,1302
불주먹블커,2023-12-23,1581.67
호으잇차,2022-02-07,1440
파천아드,2023-12-30,1520
브례끼,2024-07-13,1573.33
빈꿀오소리,2023-10-20,1585
힐줘엣큥,2024-07-12,1528.33
묘충,2021-08-10,172.5
리은빈,2021-02-20,1356.67
맛바소환,2022-12-23,1508.33
휴별이,2023-03-07,1340
검성돌리,2023-09-20,1460
찐스스트라이커,2023-03-21,1442.5
쌀은서폿,2024-08-09,1540
카리나대사부,2022-12-31,198.33
블래터렛님,2021-01-01,1037.5
카와이제티,2023-06-29,1490
윤봄인싸,2022-01-13,1460
불주먹이슨찬,2023-12-24,1540
헤농몬,2022-01-27,1445
너도집에가야지,2024-01-12,500
혓바닥요정,2023-10-25,1475
츠루찌,2021-07-09,1415
태민아가,2024-01-16,1530
자학이,2024-07-12,1530
심플슬로우,2024-02-03,1520
뜨끈한돼지불백,2024-08-27,1600
디트향,2024-07-15,1600
흑곰파돌격대장,2021-12-23,1302
철권박재흠,2024-07-12,1603.33
바젤3걍하자,2023-12-24,1580
왕밤빵좋아하시나요,2023-07-19,1460
슈퍼파워권,2024-07-10,1530
곧비담,2023-09-28,1546.67
소서에오오,2022-07-27,1415
노제SE,2023-07-22,1498.33
땅걸,2023-07-28,1447.5
라이어화가,2023-07-03,1500
프리마루,2023-01-21,1340
나푸른,2022-04-04,109.17
종말의냥이,2024-07-13,1560
아가달기,2024-04-28,1100
꿀맛방맹이,2024-07-12,1566.67
소말리아백병전참전용사,2023-03-02,1520
미니피그,2021-11-29,1415
현숑,2024-03-19,1605
겸뽀쨕,2022-02-02,1370
골든포메라니안,2021-02-12,630
저이쁜가요,2022-06-30,1560
지누션과지누,2024-07-12,1553.33
꼬마폭렬마,2021-08-29,1420
등군0,2023-07-22,1415
안활잡이,2023-07-03,1503.33
키귿,2021-04-04,1345
또가스2,2023-12-23,1460
꾸로화가,2022-06-01,1370
은밀하게리퍼,2022-07-08,1411.67
우얘준,2021-08-03,302
멍뭉이귀여워,2021-08-21,1370
갑골문,2023-12-21,1561.67
진화빈,2021-05-12,114.17
기하슥,2024-07-20,1563.33
쿠무담,2023-12-20,1545
너무햄쩌,2024-07-10,1555
뷰냔,2022-09-20,302
RedWineSoul,2023-07-19,1513.33
타갯,2023-12-20,1573.33
핑셩이,2024-07-10,1607.5
우짜라고멍청아,2024-07-04,107.5
NEGONGYEONSO,2024-07-13,1609.17
두릅쉐이크,2021-05-16,1348.33
청주유부남,2023-07-30,1480
풀리맛배마,2022-09-03,1417.5
빽중독,2023-06-30,1508.33
댕소넬,2022-01-13,1445
준붕레이커,2023-12-24,1580
유그랗다,2023-08-06,1415
상인동손용록,2024-07-12,1533.33
람무스트라이커,2023-12-20,1560
기린목에올라타,2024-07-12,1545
프랑키피움,2024-07-15,1570
모카모카주세욘,2021-09-09,1302
71510918,2024-07-18,1520
됴아가됴앗,2024-01-13,1540
펀칭마스터,2023-12-23,1520
로레루,2021-09-09,600
깍쏜,2022-07-27,563.33
딲뙦땼땪땎떘,2023-09-26,1540
내가떠나바람되어그대를,2023-01-21,1496.67
뺑흐,2024-09-01,1640
닉뭐로고를까,2023-07-23,1490
UwU찍,2023-12-21,1573.33
우산1트,2022-07-13,1493.33
최종병기혼수상태,2023-07-25,1440
상어는영어로샼샼,2021-04-24,1341.67
오의어시,2024-08-17,1613.33
산포,2024-05-19,1580
걸어다니는난타싸게,2023-12-28,1551.67
주가로장난치지말랬잖아,2022-07-19,1437.5
인버터컴프레서,2024-07-26,1600
미카쨘,2022-01-27,1445
아잠시만같이가요,2021-12-23,1370
냥군리퍼,2023-06-17,302
MiyeokGukbab,2024-07-11,1540
홀나노보,2021-12-30,460
망조의짐승,2020-08-22,450
나무꽃향기,2022-01-13,1395
어몽어스,2024-07-15,1520
매얼,2023-07-05,1477.5
이르루,2024-07-20,1540
낫든디붕이,2023-07-25,1531.67
초보리퍼입니다,2024-07-20,1600.83
내고양이콩이,2024-08-25,1595.83
연속펀치,2021-08-14,1302
SE키마리스,2023-07-21,110
멋진맛돌이,2021-08-26,1415
고더디스턴스,2023-12-22,1540
용잉용잉,2024-07-14,1591.67
레이저뿅뿅쏘는아이언덕이,2023-10-09,1583.33
햐주사,2024-07-13,1535
생명을파괴하는,2021-03-29,1340
아울디트,2022-12-23,1490
버스트하나믿고감,2021-12-26,1302
FM홀리나이트,2022-01-12,1345.83
AeroMancella,2022-07-06,1465
Lavenderpink,2022-11-16,302
수백개,2024-07-15,1588.33
칠성제로사이다라임맛,2023-07-05,1415
소울워커는살아있다,2021-08-16,1340
체리마루씨,2022-12-24,1340
미니별꽃,2023-05-15,1480
인피니티사과,2022-03-13,1370
서초동전동휠체어,2023-07-01,1490
비란치,2023-12-21,92.5
송악산임팔라,2023-03-16,115.83
하얀무생채,2021-06-11,1370
식전마수에까마귀우는소리,2022-12-22,1465
헤드Breaker,2023-12-27,1520
우산꼭챙겨,2022-07-06,1445
천마실린,2023-12-24,1460
벞슝,2021-05-21,171.67
하얀눈이내려오면추워,2022-12-28,51.67
앱린e,2021-03-02,1327.5
레트크엘,2024-08-27,1600
버닝썬여왕님,2022-12-27,172.5
쌍문동망치남고길동,2022-01-29,1302
새로입력,2023-01-30,1340
을느,2021-08-15,1460
코하루미오,2024-03-10,1556.67
독도디트,2022-07-06,1415
시즌2운영클라스,2020-11-23,972.5
대검맛모코코,2023-01-19,1490
쿠베라미르하,2022-07-16,1415
Runalia,2021-01-30,61.67
쌈무순이,2020-11-28,1025.83
연세대동양화과,2024-08-28,1600
낫똥,2021-07-09,1372.5
청은백작,2023-07-22,1415
무지개퐁퐁,2021-01-18,1050
보호기오류,2022-08-30,1370
빙세,2023-12-21,1510
신사BOX,2024-07-05,1548.33
팬텀메이지Z,2024-03-12,179.17
젠스가리옷,2023-11-09,537.5
천하통일atoz,2023-10-30,1487.5
기분안좋네요,2024-07-16,1585
앵무생,2024-08-30,1520
수둥이,2024-07-13,1520
아담한마카롱,2022-01-23,1500
목쫄라삐,2024-07-16,1578.33
단무지담당일진,2021-10-18,460
v냥펀치,2020-12-01,920
discernment,2024-09-02,1640
변호하는변호좌,2021-08-02,1342.5
카뤠감자,2024-03-12,1553.33
뉴겜플,2024-09-02,1640
홀리나이트곰이,2022-08-06,1385
버캐팡팡,2021-05-12,375
개삭쿠,2021-08-29,1302
광견e,2020-10-28,325
카일레드,2024-07-11,1520
내꺼야내놔,2022-07-07,1400
반피홀,2021-12-01,1430
꿈에도나오지말아줄래,2021-12-03,1319.17
퍼스피하면대머리,2021-09-12,52.5
부르근자르지,2021-10-08,600
응애아가건슬힐줘벅벅,2021-05-23,1370
바다의왕송사리,2021-05-09,1340
아리아플레르,2021-07-09,1302
단풍란,2022-07-07,201.67
사우명치소녀,2023-08-31,1342.5
너와나의연결바드,2021-04-23,915
이키리엔,2023-12-23,1545
오늘은지진,2024-01-17,1460
츄르서리꾼망고,2024-07-19,90.83
서승우,2024-07-20,1613.33
에스더카노유라,2022-10-08,1528.33
해에서비낀노을,2023-12-29,1541.67
닉킹,2024-07-15,1490
이터없어,2023-07-19,1415
갱얼쥐슬레,2024-08-05,1600
티세르신,2022-06-24,600
견천,2024-01-14,1584.17
갱얼쥐서머,2024-09-02,1640
